municipality,uniqueid,section,year,month,PRI,PAN,PRD,PT,PVEM,Partido_Democrata,PSN,PC,PAS,PCDT,PJS,total,valid,listanominal,STATE,turnout,PRI_PVEM,PT_PCDT_PJS,PCDT_PJS,PT_PCDT,PT_PJS,PAN_PAC,PANAL,PS,PRI_PVEM_PS,PAN_PANAL,PRI_PST,PRD_PT_PC,PRD_PC,PRD_PT,PT_PC,PST,PAC,PP,PLT,PPT,type,MC,no registrados,PAC_PS,PT_PAC,CASILLA,MORENA,PES,PRI_PANAL,PRI_PVEM_PANAL_PS,CI_1,CI_2,CI_3,PRI_PANAL_PS,PRI_PS,CI_4,PRI_PT,PRI_PVEM_PANAL,PVEM_PS,PEST,PISS,RSP,FXM,CI_5,CI_6,CI_7,CI_8,CI_9,CI_10,CI_11,CI_12,CI_13,CI_14,CI_15,CI_16,CI_17,CI_18,CI_19,CI_20,CI_21,CI_22,CI_23,CI_24,CI_25,CI_26,CI_27,CI_28,CI_29,CI_30,CI_31,CI_32,CI_33,CI_34,CI_35,no_reg,nulos,PAN_PRI,MORENA_RSP_PANAL,MORENA_PANAL,MORENA_RSP,RSP_PANAL
ACUAMANALA DE MIGUEL HIDALGO,29022,309,2001,November,132,72,157,15,0,0,0,56,0,0,0,461,432,814,TLAXCALA,0.566339066339066,,,,,,,,,,,,,,,,,,,,,,,,,,,,,,,,,,,,,,,,,,,,,,,,,,,,,,,,,,,,,,,,,,,,,,,,,,,,,,,,,
ACUAMANALA DE MIGUEL HIDALGO,29022,310,2001,November,80,206,210,17,0,0,0,4,0,0,0,518,517,817,TLAXCALA,0.634026927784578,,,,,,,,,,,,,,,,,,,,,,,,,,,,,,,,,,,,,,,,,,,,,,,,,,,,,,,,,,,,,,,,,,,,,,,,,,,,,,,,,
ACUAMANALA DE MIGUEL HIDALGO,29022,311,2001,November,80,181,125,15,0,0,0,94,0,0,0,514,495,634,TLAXCALA,0.810725552050473,,,,,,,,,,,,,,,,,,,,,,,,,,,,,,,,,,,,,,,,,,,,,,,,,,,,,,,,,,,,,,,,,,,,,,,,,,,,,,,,,
ACUAMANALA DE MIGUEL HIDALGO,29022,312,2001,November,24,87,81,6,0,0,0,32,0,0,0,231,230,351,TLAXCALA,0.658119658119658,,,,,,,,,,,,,,,,,,,,,,,,,,,,,,,,,,,,,,,,,,,,,,,,,,,,,,,,,,,,,,,,,,,,,,,,,,,,,,,,,
ATLTZAYANCA,29004,59,2001,November,184,207,56,7,0,0,0,19,0,6,0,505,479,756,TLAXCALA,0.667989417989418,,,,,,,,,,,,,,,,,,,,,,,,,,,,,,,,,,,,,,,,,,,,,,,,,,,,,,,,,,,,,,,,,,,,,,,,,,,,,,,,,
ATLTZAYANCA,29004,60,2001,November,139,82,36,30,0,0,0,12,0,8,0,329,307,441,TLAXCALA,0.746031746031746,,,,,,,,,,,,,,,,,,,,,,,,,,,,,,,,,,,,,,,,,,,,,,,,,,,,,,,,,,,,,,,,,,,,,,,,,,,,,,,,,
ATLTZAYANCA,29004,61,2001,November,43,98,30,12,0,0,0,20,0,1,1,222,205,402,TLAXCALA,0.552238805970149,,,,,,,,,,,,,,,,,,,,,,,,,,,,,,,,,,,,,,,,,,,,,,,,,,,,,,,,,,,,,,,,,,,,,,,,,,,,,,,,,
ATLTZAYANCA,29004,62,2001,November,34,65,20,4,0,0,0,5,0,0,0,136,128,218,TLAXCALA,0.623853211009174,,,,,,,,,,,,,,,,,,,,,,,,,,,,,,,,,,,,,,,,,,,,,,,,,,,,,,,,,,,,,,,,,,,,,,,,,,,,,,,,,
ATLTZAYANCA,29004,63,2001,November,28,94,16,5,0,0,0,6,0,1,0,164,150,218,TLAXCALA,0.752293577981651,,,,,,,,,,,,,,,,,,,,,,,,,,,,,,,,,,,,,,,,,,,,,,,,,,,,,,,,,,,,,,,,,,,,,,,,,,,,,,,,,
ATLTZAYANCA,29004,64,2001,November,14,54,5,30,0,0,0,0,0,0,1,113,104,178,TLAXCALA,0.634831460674157,,,,,,,,,,,,,,,,,,,,,,,,,,,,,,,,,,,,,,,,,,,,,,,,,,,,,,,,,,,,,,,,,,,,,,,,,,,,,,,,,
ATLTZAYANCA,29004,65,2001,November,30,60,5,24,0,0,0,2,0,0,0,123,121,170,TLAXCALA,0.723529411764706,,,,,,,,,,,,,,,,,,,,,,,,,,,,,,,,,,,,,,,,,,,,,,,,,,,,,,,,,,,,,,,,,,,,,,,,,,,,,,,,,
ATLTZAYANCA,29004,66,2001,November,41,105,24,21,0,0,0,4,0,0,2,206,197,327,TLAXCALA,0.629969418960245,,,,,,,,,,,,,,,,,,,,,,,,,,,,,,,,,,,,,,,,,,,,,,,,,,,,,,,,,,,,,,,,,,,,,,,,,,,,,,,,,
ATLTZAYANCA,29004,67,2001,November,9,27,47,30,0,0,0,4,0,0,3,124,120,165,TLAXCALA,0.751515151515152,,,,,,,,,,,,,,,,,,,,,,,,,,,,,,,,,,,,,,,,,,,,,,,,,,,,,,,,,,,,,,,,,,,,,,,,,,,,,,,,,
ATLTZAYANCA,29004,68,2001,November,87,220,42,100,0,0,0,176,0,3,0,691,628,1183,TLAXCALA,0.584108199492815,,,,,,,,,,,,,,,,,,,,,,,,,,,,,,,,,,,,,,,,,,,,,,,,,,,,,,,,,,,,,,,,,,,,,,,,,,,,,,,,,
ATLTZAYANCA,29004,69,2001,November,93,106,54,15,0,0,0,69,0,32,4,389,373,569,TLAXCALA,0.68365553602812,,,,,,,,,,,,,,,,,,,,,,,,,,,,,,,,,,,,,,,,,,,,,,,,,,,,,,,,,,,,,,,,,,,,,,,,,,,,,,,,,
ATLTZAYANCA,29004,70,2001,November,52,137,28,18,0,0,0,13,0,5,0,276,253,399,TLAXCALA,0.691729323308271,,,,,,,,,,,,,,,,,,,,,,,,,,,,,,,,,,,,,,,,,,,,,,,,,,,,,,,,,,,,,,,,,,,,,,,,,,,,,,,,,
ATLTZAYANCA,29004,71,2001,November,17,148,111,42,0,0,0,7,0,6,1,345,332,581,TLAXCALA,0.593803786574871,,,,,,,,,,,,,,,,,,,,,,,,,,,,,,,,,,,,,,,,,,,,,,,,,,,,,,,,,,,,,,,,,,,,,,,,,,,,,,,,,
ATLTZAYANCA,29004,72,2001,November,53,83,31,19,0,0,0,18,0,0,1,236,205,385,TLAXCALA,0.612987012987013,,,,,,,,,,,,,,,,,,,,,,,,,,,,,,,,,,,,,,,,,,,,,,,,,,,,,,,,,,,,,,,,,,,,,,,,,,,,,,,,,
ATLTZAYANCA,29004,73,2001,November,11,36,11,43,0,0,0,1,0,2,1,109,105,144,TLAXCALA,0.756944444444445,,,,,,,,,,,,,,,,,,,,,,,,,,,,,,,,,,,,,,,,,,,,,,,,,,,,,,,,,,,,,,,,,,,,,,,,,,,,,,,,,
ATLTZAYANCA,29004,74,2001,November,77,133,50,40,0,0,0,43,0,1,1,358,345,620,TLAXCALA,0.57741935483871,,,,,,,,,,,,,,,,,,,,,,,,,,,,,,,,,,,,,,,,,,,,,,,,,,,,,,,,,,,,,,,,,,,,,,,,,,,,,,,,,
ATLTZAYANCA,29004,75,2001,November,18,45,56,13,0,0,0,20,0,0,1,163,153,242,TLAXCALA,0.673553719008265,,,,,,,,,,,,,,,,,,,,,,,,,,,,,,,,,,,,,,,,,,,,,,,,,,,,,,,,,,,,,,,,,,,,,,,,,,,,,,,,,
ATLTZAYANCA,29004,76,2001,November,6,44,47,6,0,0,0,1,0,0,0,112,104,154,TLAXCALA,0.727272727272727,,,,,,,,,,,,,,,,,,,,,,,,,,,,,,,,,,,,,,,,,,,,,,,,,,,,,,,,,,,,,,,,,,,,,,,,,,,,,,,,,
ATLTZAYANCA,29004,77,2001,November,194,262,44,6,0,0,0,14,0,13,0,561,533,867,TLAXCALA,0.647058823529412,,,,,,,,,,,,,,,,,,,,,,,,,,,,,,,,,,,,,,,,,,,,,,,,,,,,,,,,,,,,,,,,,,,,,,,,,,,,,,,,,
AMAXAC DE GUERRERO,29001,1,2001,November,66,110,229,34,0,0,0,6,0,0,0,455,445,639,TLAXCALA,0.712050078247261,,,,,,,,,,,,,,,,,,,,,,,,,,,,,,,,,,,,,,,,,,,,,,,,,,,,,,,,,,,,,,,,,,,,,,,,,,,,,,,,,
AMAXAC DE GUERRERO,29001,2,2001,November,375,388,414,36,0,0,0,62,0,0,0,1304,1275,1972,TLAXCALA,0.661257606490872,,,,,,,,,,,,,,,,,,,,,,,,,,,,,,,,,,,,,,,,,,,,,,,,,,,,,,,,,,,,,,,,,,,,,,,,,,,,,,,,,
AMAXAC DE GUERRERO,29001,3,2001,November,302,418,420,85,0,0,0,35,0,0,0,1275,1260,2012,TLAXCALA,0.633697813121272,,,,,,,,,,,,,,,,,,,,,,,,,,,,,,,,,,,,,,,,,,,,,,,,,,,,,,,,,,,,,,,,,,,,,,,,,,,,,,,,,
AMAXAC DE GUERRERO,29001,4,2001,November,20,103,99,31,0,0,0,0,0,0,0,260,253,357,TLAXCALA,0.728291316526611,,,,,,,,,,,,,,,,,,,,,,,,,,,,,,,,,,,,,,,,,,,,,,,,,,,,,,,,,,,,,,,,,,,,,,,,,,,,,,,,,
APETATITLAN DE ANTONIO CARVAJAL,29002,5,2001,November,223,420,353,7,0,0,0,0,0,20,0,1051,1023,1567,TLAXCALA,0.670708359923421,,,,,,,,,,,,,,,,,,,,,,,,,,,,,,,,,,,,,,,,,,,,,,,,,,,,,,,,,,,,,,,,,,,,,,,,,,,,,,,,,
APETATITLAN DE ANTONIO CARVAJAL,29002,6,2001,November,159,154,46,2,0,0,0,0,0,30,0,405,391,758,TLAXCALA,0.534300791556728,,,,,,,,,,,,,,,,,,,,,,,,,,,,,,,,,,,,,,,,,,,,,,,,,,,,,,,,,,,,,,,,,,,,,,,,,,,,,,,,,
APETATITLAN DE ANTONIO CARVAJAL,29002,7,2001,November,57,56,8,3,0,0,0,0,0,12,0,137,136,277,TLAXCALA,0.494584837545126,,,,,,,,,,,,,,,,,,,,,,,,,,,,,,,,,,,,,,,,,,,,,,,,,,,,,,,,,,,,,,,,,,,,,,,,,,,,,,,,,
APETATITLAN DE ANTONIO CARVAJAL,29002,8,2001,November,373,309,151,15,0,0,0,0,0,88,0,955,936,1655,TLAXCALA,0.577039274924471,,,,,,,,,,,,,,,,,,,,,,,,,,,,,,,,,,,,,,,,,,,,,,,,,,,,,,,,,,,,,,,,,,,,,,,,,,,,,,,,,
APETATITLAN DE ANTONIO CARVAJAL,29002,9,2001,November,303,276,148,26,0,0,0,0,0,71,0,853,824,1325,TLAXCALA,0.64377358490566,,,,,,,,,,,,,,,,,,,,,,,,,,,,,,,,,,,,,,,,,,,,,,,,,,,,,,,,,,,,,,,,,,,,,,,,,,,,,,,,,
APETATITLAN DE ANTONIO CARVAJAL,29002,10,2001,November,765,173,69,13,0,0,0,0,0,6,0,1045,1026,1516,TLAXCALA,0.689313984168865,,,,,,,,,,,,,,,,,,,,,,,,,,,,,,,,,,,,,,,,,,,,,,,,,,,,,,,,,,,,,,,,,,,,,,,,,,,,,,,,,
APETATITLAN DE ANTONIO CARVAJAL,29002,11,2001,November,115,173,48,6,0,0,0,0,0,11,0,364,353,515,TLAXCALA,0.706796116504854,,,,,,,,,,,,,,,,,,,,,,,,,,,,,,,,,,,,,,,,,,,,,,,,,,,,,,,,,,,,,,,,,,,,,,,,,,,,,,,,,
APIZACO,29005,12,2001,November,88,150,266,31,23,0,0,0,0,41,8,639,607,1306,TLAXCALA,0.489280245022971,,,,,,,,,,,,,,,,,,,,,,,,,,,,,,,,,,,,,,,,,,,,,,,,,,,,,,,,,,,,,,,,,,,,,,,,,,,,,,,,,
APIZACO,29005,13,2001,November,124,255,258,89,33,0,0,0,0,36,6,820,801,1494,TLAXCALA,0.548862115127175,,,,,,,,,,,,,,,,,,,,,,,,,,,,,,,,,,,,,,,,,,,,,,,,,,,,,,,,,,,,,,,,,,,,,,,,,,,,,,,,,
APIZACO,29005,14,2001,November,184,200,379,128,46,0,0,0,0,34,2,992,973,1916,TLAXCALA,0.517745302713987,,,,,,,,,,,,,,,,,,,,,,,,,,,,,,,,,,,,,,,,,,,,,,,,,,,,,,,,,,,,,,,,,,,,,,,,,,,,,,,,,
APIZACO,29005,15,2001,November,71,143,284,77,24,0,0,0,0,28,14,656,641,1259,TLAXCALA,0.521048451151708,,,,,,,,,,,,,,,,,,,,,,,,,,,,,,,,,,,,,,,,,,,,,,,,,,,,,,,,,,,,,,,,,,,,,,,,,,,,,,,,,
APIZACO,29005,16,2001,November,84,125,189,41,22,0,0,0,0,14,22,510,497,1160,TLAXCALA,0.439655172413793,,,,,,,,,,,,,,,,,,,,,,,,,,,,,,,,,,,,,,,,,,,,,,,,,,,,,,,,,,,,,,,,,,,,,,,,,,,,,,,,,
APIZACO,29005,17,2001,November,97,272,361,23,17,0,0,0,0,27,9,833,806,1537,TLAXCALA,0.541964866623292,,,,,,,,,,,,,,,,,,,,,,,,,,,,,,,,,,,,,,,,,,,,,,,,,,,,,,,,,,,,,,,,,,,,,,,,,,,,,,,,,
APIZACO,29005,18,2001,November,122,220,296,32,15,0,0,0,0,21,6,737,712,1266,TLAXCALA,0.582148499210111,,,,,,,,,,,,,,,,,,,,,,,,,,,,,,,,,,,,,,,,,,,,,,,,,,,,,,,,,,,,,,,,,,,,,,,,,,,,,,,,,
APIZACO,29005,19,2001,November,102,183,224,41,6,0,0,0,0,29,4,607,589,1182,TLAXCALA,0.513536379018612,,,,,,,,,,,,,,,,,,,,,,,,,,,,,,,,,,,,,,,,,,,,,,,,,,,,,,,,,,,,,,,,,,,,,,,,,,,,,,,,,
APIZACO,29005,20,2001,November,47,80,101,36,18,0,0,0,0,21,1,314,304,632,TLAXCALA,0.496835443037975,,,,,,,,,,,,,,,,,,,,,,,,,,,,,,,,,,,,,,,,,,,,,,,,,,,,,,,,,,,,,,,,,,,,,,,,,,,,,,,,,
APIZACO,29005,21,2001,November,29,51,81,9,5,0,0,0,0,3,0,181,178,344,TLAXCALA,0.526162790697675,,,,,,,,,,,,,,,,,,,,,,,,,,,,,,,,,,,,,,,,,,,,,,,,,,,,,,,,,,,,,,,,,,,,,,,,,,,,,,,,,
APIZACO,29005,22,2001,November,104,289,340,29,13,0,0,0,0,22,4,813,801,1595,TLAXCALA,0.509717868338558,,,,,,,,,,,,,,,,,,,,,,,,,,,,,,,,,,,,,,,,,,,,,,,,,,,,,,,,,,,,,,,,,,,,,,,,,,,,,,,,,
APIZACO,29005,23,2001,November,48,141,190,17,3,0,0,0,0,9,23,447,431,818,TLAXCALA,0.546454767726161,,,,,,,,,,,,,,,,,,,,,,,,,,,,,,,,,,,,,,,,,,,,,,,,,,,,,,,,,,,,,,,,,,,,,,,,,,,,,,,,,
APIZACO,29005,24,2001,November,61,135,243,20,22,0,0,0,0,22,2,528,505,1034,TLAXCALA,0.51063829787234,,,,,,,,,,,,,,,,,,,,,,,,,,,,,,,,,,,,,,,,,,,,,,,,,,,,,,,,,,,,,,,,,,,,,,,,,,,,,,,,,
APIZACO,29005,25,2001,November,95,186,291,38,43,0,0,0,0,38,7,723,698,1349,TLAXCALA,0.535952557449963,,,,,,,,,,,,,,,,,,,,,,,,,,,,,,,,,,,,,,,,,,,,,,,,,,,,,,,,,,,,,,,,,,,,,,,,,,,,,,,,,
APIZACO,29005,26,2001,November,96,100,287,38,19,0,0,0,0,31,10,596,581,1228,TLAXCALA,0.485342019543974,,,,,,,,,,,,,,,,,,,,,,,,,,,,,,,,,,,,,,,,,,,,,,,,,,,,,,,,,,,,,,,,,,,,,,,,,,,,,,,,,
APIZACO,29005,27,2001,November,123,215,341,60,21,0,0,0,0,21,5,820,786,1790,TLAXCALA,0.458100558659218,,,,,,,,,,,,,,,,,,,,,,,,,,,,,,,,,,,,,,,,,,,,,,,,,,,,,,,,,,,,,,,,,,,,,,,,,,,,,,,,,
APIZACO,29005,28,2001,November,92,183,350,55,18,0,0,0,0,41,3,780,742,1774,TLAXCALA,0.439684329199549,,,,,,,,,,,,,,,,,,,,,,,,,,,,,,,,,,,,,,,,,,,,,,,,,,,,,,,,,,,,,,,,,,,,,,,,,,,,,,,,,
APIZACO,29005,29,2001,November,151,269,309,37,27,0,0,0,0,23,14,857,830,1757,TLAXCALA,0.487763232783153,,,,,,,,,,,,,,,,,,,,,,,,,,,,,,,,,,,,,,,,,,,,,,,,,,,,,,,,,,,,,,,,,,,,,,,,,,,,,,,,,
APIZACO,29005,30,2001,November,131,244,393,39,27,0,0,0,0,33,7,897,874,1932,TLAXCALA,0.464285714285714,,,,,,,,,,,,,,,,,,,,,,,,,,,,,,,,,,,,,,,,,,,,,,,,,,,,,,,,,,,,,,,,,,,,,,,,,,,,,,,,,
APIZACO,29005,31,2001,November,113,270,366,69,27,0,0,0,0,31,3,907,879,1941,TLAXCALA,0.467284904688305,,,,,,,,,,,,,,,,,,,,,,,,,,,,,,,,,,,,,,,,,,,,,,,,,,,,,,,,,,,,,,,,,,,,,,,,,,,,,,,,,
APIZACO,29005,32,2001,November,98,163,328,73,19,0,0,0,0,21,8,742,710,1673,TLAXCALA,0.443514644351464,,,,,,,,,,,,,,,,,,,,,,,,,,,,,,,,,,,,,,,,,,,,,,,,,,,,,,,,,,,,,,,,,,,,,,,,,,,,,,,,,
APIZACO,29005,33,2001,November,131,188,272,31,30,0,0,0,0,26,9,706,687,1615,TLAXCALA,0.437151702786378,,,,,,,,,,,,,,,,,,,,,,,,,,,,,,,,,,,,,,,,,,,,,,,,,,,,,,,,,,,,,,,,,,,,,,,,,,,,,,,,,
APIZACO,29005,34,2001,November,146,167,297,43,10,0,0,0,0,21,2,699,686,1373,TLAXCALA,0.509104151493081,,,,,,,,,,,,,,,,,,,,,,,,,,,,,,,,,,,,,,,,,,,,,,,,,,,,,,,,,,,,,,,,,,,,,,,,,,,,,,,,,
APIZACO,29005,35,2001,November,78,115,194,33,15,0,0,0,0,27,9,489,471,1039,TLAXCALA,0.470644850818094,,,,,,,,,,,,,,,,,,,,,,,,,,,,,,,,,,,,,,,,,,,,,,,,,,,,,,,,,,,,,,,,,,,,,,,,,,,,,,,,,
APIZACO,29005,36,2001,November,105,166,301,37,24,0,0,0,0,47,2,709,682,1484,TLAXCALA,0.477762803234501,,,,,,,,,,,,,,,,,,,,,,,,,,,,,,,,,,,,,,,,,,,,,,,,,,,,,,,,,,,,,,,,,,,,,,,,,,,,,,,,,
APIZACO,29005,37,2001,November,114,133,284,25,22,0,0,0,0,34,3,628,615,1195,TLAXCALA,0.525523012552301,,,,,,,,,,,,,,,,,,,,,,,,,,,,,,,,,,,,,,,,,,,,,,,,,,,,,,,,,,,,,,,,,,,,,,,,,,,,,,,,,
APIZACO,29005,38,2001,November,7,142,165,43,6,0,0,0,0,23,6,415,392,602,TLAXCALA,0.68936877076412,,,,,,,,,,,,,,,,,,,,,,,,,,,,,,,,,,,,,,,,,,,,,,,,,,,,,,,,,,,,,,,,,,,,,,,,,,,,,,,,,
APIZACO,29005,39,2001,November,46,188,128,33,14,0,0,0,0,3,10,445,422,610,TLAXCALA,0.729508196721312,,,,,,,,,,,,,,,,,,,,,,,,,,,,,,,,,,,,,,,,,,,,,,,,,,,,,,,,,,,,,,,,,,,,,,,,,,,,,,,,,
APIZACO,29005,40,2001,November,86,320,374,121,25,0,0,0,0,49,6,1033,981,1692,TLAXCALA,0.610520094562648,,,,,,,,,,,,,,,,,,,,,,,,,,,,,,,,,,,,,,,,,,,,,,,,,,,,,,,,,,,,,,,,,,,,,,,,,,,,,,,,,
APIZACO,29005,41,2001,November,96,212,427,187,22,0,0,0,0,77,6,1088,1027,1708,TLAXCALA,0.637002341920375,,,,,,,,,,,,,,,,,,,,,,,,,,,,,,,,,,,,,,,,,,,,,,,,,,,,,,,,,,,,,,,,,,,,,,,,,,,,,,,,,
APIZACO,29005,42,2001,November,17,43,55,5,3,0,0,0,0,3,0,126,126,270,TLAXCALA,0.466666666666667,,,,,,,,,,,,,,,,,,,,,,,,,,,,,,,,,,,,,,,,,,,,,,,,,,,,,,,,,,,,,,,,,,,,,,,,,,,,,,,,,
APIZACO,29005,43,2001,November,126,218,269,33,27,0,0,0,0,8,2,721,683,1418,TLAXCALA,0.508462623413258,,,,,,,,,,,,,,,,,,,,,,,,,,,,,,,,,,,,,,,,,,,,,,,,,,,,,,,,,,,,,,,,,,,,,,,,,,,,,,,,,
APIZACO,29005,44,2001,November,101,174,263,31,21,0,0,0,0,13,2,652,605,1005,TLAXCALA,0.648756218905473,,,,,,,,,,,,,,,,,,,,,,,,,,,,,,,,,,,,,,,,,,,,,,,,,,,,,,,,,,,,,,,,,,,,,,,,,,,,,,,,,
APIZACO,29005,45,2001,November,18,35,43,2,3,0,0,0,0,2,2,115,105,220,TLAXCALA,0.522727272727273,,,,,,,,,,,,,,,,,,,,,,,,,,,,,,,,,,,,,,,,,,,,,,,,,,,,,,,,,,,,,,,,,,,,,,,,,,,,,,,,,
APIZACO,29005,46,2001,November,61,116,238,63,10,0,0,0,0,25,8,549,521,811,TLAXCALA,0.676942046855734,,,,,,,,,,,,,,,,,,,,,,,,,,,,,,,,,,,,,,,,,,,,,,,,,,,,,,,,,,,,,,,,,,,,,,,,,,,,,,,,,
APIZACO,29005,47,2001,November,53,177,169,32,8,0,0,0,0,21,8,488,468,1007,TLAXCALA,0.484607745779543,,,,,,,,,,,,,,,,,,,,,,,,,,,,,,,,,,,,,,,,,,,,,,,,,,,,,,,,,,,,,,,,,,,,,,,,,,,,,,,,,
APIZACO,29005,48,2001,November,25,108,85,6,14,0,0,0,0,7,2,247,247,421,TLAXCALA,0.586698337292162,,,,,,,,,,,,,,,,,,,,,,,,,,,,,,,,,,,,,,,,,,,,,,,,,,,,,,,,,,,,,,,,,,,,,,,,,,,,,,,,,
ATLANGATEPEC,29003,49,2001,November,77,87,174,5,0,0,0,0,0,0,0,355,343,515,TLAXCALA,0.689320388349515,,,,,,,,,,,,,,,,,,,,,,,,,,,,,,,,,,,,,,,,,,,,,,,,,,,,,,,,,,,,,,,,,,,,,,,,,,,,,,,,,
ATLANGATEPEC,29003,50,2001,November,21,41,92,1,0,0,0,0,0,0,0,155,155,225,TLAXCALA,0.688888888888889,,,,,,,,,,,,,,,,,,,,,,,,,,,,,,,,,,,,,,,,,,,,,,,,,,,,,,,,,,,,,,,,,,,,,,,,,,,,,,,,,
ATLANGATEPEC,29003,51,2001,November,34,18,101,1,0,0,0,0,0,1,0,168,155,213,TLAXCALA,0.788732394366197,,,,,,,,,,,,,,,,,,,,,,,,,,,,,,,,,,,,,,,,,,,,,,,,,,,,,,,,,,,,,,,,,,,,,,,,,,,,,,,,,
ATLANGATEPEC,29003,52,2001,November,6,13,25,0,0,0,0,0,0,0,0,44,44,64,TLAXCALA,0.6875,,,,,,,,,,,,,,,,,,,,,,,,,,,,,,,,,,,,,,,,,,,,,,,,,,,,,,,,,,,,,,,,,,,,,,,,,,,,,,,,,
ATLANGATEPEC,29003,53,2001,November,195,96,236,9,0,0,0,0,0,1,0,554,537,792,TLAXCALA,0.69949494949495,,,,,,,,,,,,,,,,,,,,,,,,,,,,,,,,,,,,,,,,,,,,,,,,,,,,,,,,,,,,,,,,,,,,,,,,,,,,,,,,,
ATLANGATEPEC,29003,54,2001,November,82,90,19,1,0,0,0,0,0,0,0,196,192,266,TLAXCALA,0.736842105263158,,,,,,,,,,,,,,,,,,,,,,,,,,,,,,,,,,,,,,,,,,,,,,,,,,,,,,,,,,,,,,,,,,,,,,,,,,,,,,,,,
ATLANGATEPEC,29003,55,2001,November,61,67,35,0,0,0,0,0,0,0,0,167,163,214,TLAXCALA,0.780373831775701,,,,,,,,,,,,,,,,,,,,,,,,,,,,,,,,,,,,,,,,,,,,,,,,,,,,,,,,,,,,,,,,,,,,,,,,,,,,,,,,,
ATLANGATEPEC,29003,56,2001,November,56,435,47,3,0,0,0,0,0,1,0,560,542,727,TLAXCALA,0.770288858321871,,,,,,,,,,,,,,,,,,,,,,,,,,,,,,,,,,,,,,,,,,,,,,,,,,,,,,,,,,,,,,,,,,,,,,,,,,,,,,,,,
ATLANGATEPEC,29003,57,2001,November,47,67,21,1,0,0,0,0,0,0,0,143,136,235,TLAXCALA,0.608510638297872,,,,,,,,,,,,,,,,,,,,,,,,,,,,,,,,,,,,,,,,,,,,,,,,,,,,,,,,,,,,,,,,,,,,,,,,,,,,,,,,,
ATLANGATEPEC,29003,58,2001,November,0,9,5,0,0,0,0,0,0,0,0,14,14,24,TLAXCALA,0.583333333333333,,,,,,,,,,,,,,,,,,,,,,,,,,,,,,,,,,,,,,,,,,,,,,,,,,,,,,,,,,,,,,,,,,,,,,,,,,,,,,,,,
BENITO JUAREZ,29045,295,2001,November,169,371,263,267,47,0,0,0,0,0,0,1135,1117,1675,TLAXCALA,0.677611940298507,,,,,,,,,,,,,,,,,,,,,,,,,,,,,,,,,,,,,,,,,,,,,,,,,,,,,,,,,,,,,,,,,,,,,,,,,,,,,,,,,
BENITO JUAREZ,29045,296,2001,November,82,278,216,196,43,0,0,0,0,0,0,830,815,1172,TLAXCALA,0.708191126279863,,,,,,,,,,,,,,,,,,,,,,,,,,,,,,,,,,,,,,,,,,,,,,,,,,,,,,,,,,,,,,,,,,,,,,,,,,,,,,,,,
CALPULALPAN,29006,78,2001,November,42,154,148,42,105,348,0,12,0,18,15,1035,884,2001,TLAXCALA,0.517241379310345,,,,,,,,,,,,,,,,,,,,,,,,,,,,,,,,,,,,,,,,,,,,,,,,,,,,,,,,,,,,,,,,,,,,,,,,,,,,,,,,,
CALPULALPAN,29006,79,2001,November,48,104,167,41,211,358,0,9,0,33,12,1019,983,1697,TLAXCALA,0.600471420153212,,,,,,,,,,,,,,,,,,,,,,,,,,,,,,,,,,,,,,,,,,,,,,,,,,,,,,,,,,,,,,,,,,,,,,,,,,,,,,,,,
CALPULALPAN,29006,80,2001,November,38,70,125,23,141,344,0,10,0,11,6,803,768,1306,TLAXCALA,0.614854517611026,,,,,,,,,,,,,,,,,,,,,,,,,,,,,,,,,,,,,,,,,,,,,,,,,,,,,,,,,,,,,,,,,,,,,,,,,,,,,,,,,
CALPULALPAN,29006,81,2001,November,29,57,121,32,126,238,0,30,0,28,4,716,665,1253,TLAXCALA,0.571428571428571,,,,,,,,,,,,,,,,,,,,,,,,,,,,,,,,,,,,,,,,,,,,,,,,,,,,,,,,,,,,,,,,,,,,,,,,,,,,,,,,,
CALPULALPAN,29006,82,2001,November,37,65,70,13,107,200,0,14,0,8,4,539,518,1001,TLAXCALA,0.538461538461538,,,,,,,,,,,,,,,,,,,,,,,,,,,,,,,,,,,,,,,,,,,,,,,,,,,,,,,,,,,,,,,,,,,,,,,,,,,,,,,,,
CALPULALPAN,29006,83,2001,November,61,172,157,28,114,378,0,26,0,35,9,1025,980,1869,TLAXCALA,0.548421615837346,,,,,,,,,,,,,,,,,,,,,,,,,,,,,,,,,,,,,,,,,,,,,,,,,,,,,,,,,,,,,,,,,,,,,,,,,,,,,,,,,
CALPULALPAN,29006,84,2001,November,18,73,78,42,79,176,0,13,0,14,2,523,495,825,TLAXCALA,0.633939393939394,,,,,,,,,,,,,,,,,,,,,,,,,,,,,,,,,,,,,,,,,,,,,,,,,,,,,,,,,,,,,,,,,,,,,,,,,,,,,,,,,
CALPULALPAN,29006,85,2001,November,67,150,166,39,124,349,0,6,0,9,44,1015,954,1575,TLAXCALA,0.644444444444445,,,,,,,,,,,,,,,,,,,,,,,,,,,,,,,,,,,,,,,,,,,,,,,,,,,,,,,,,,,,,,,,,,,,,,,,,,,,,,,,,
CALPULALPAN,29006,86,2001,November,22,128,113,25,92,284,0,14,0,11,44,771,733,1098,TLAXCALA,0.702185792349727,,,,,,,,,,,,,,,,,,,,,,,,,,,,,,,,,,,,,,,,,,,,,,,,,,,,,,,,,,,,,,,,,,,,,,,,,,,,,,,,,
CALPULALPAN,29006,87,2001,November,27,39,50,13,90,238,0,7,0,4,25,493,493,893,TLAXCALA,0.552071668533035,,,,,,,,,,,,,,,,,,,,,,,,,,,,,,,,,,,,,,,,,,,,,,,,,,,,,,,,,,,,,,,,,,,,,,,,,,,,,,,,,
CALPULALPAN,29006,88,2001,November,67,58,91,12,71,298,0,17,0,54,4,717,672,1251,TLAXCALA,0.573141486810552,,,,,,,,,,,,,,,,,,,,,,,,,,,,,,,,,,,,,,,,,,,,,,,,,,,,,,,,,,,,,,,,,,,,,,,,,,,,,,,,,
CALPULALPAN,29006,89,2001,November,43,79,87,12,110,345,0,59,0,13,7,775,755,1382,TLAXCALA,0.560781476121563,,,,,,,,,,,,,,,,,,,,,,,,,,,,,,,,,,,,,,,,,,,,,,,,,,,,,,,,,,,,,,,,,,,,,,,,,,,,,,,,,
CALPULALPAN,29006,90,2001,November,22,44,77,17,81,241,0,32,0,16,6,572,536,987,TLAXCALA,0.579533941236069,,,,,,,,,,,,,,,,,,,,,,,,,,,,,,,,,,,,,,,,,,,,,,,,,,,,,,,,,,,,,,,,,,,,,,,,,,,,,,,,,
CALPULALPAN,29006,91,2001,November,3,27,122,11,9,168,0,2,0,4,5,362,351,456,TLAXCALA,0.793859649122807,,,,,,,,,,,,,,,,,,,,,,,,,,,,,,,,,,,,,,,,,,,,,,,,,,,,,,,,,,,,,,,,,,,,,,,,,,,,,,,,,
CALPULALPAN,29006,92,2001,November,46,17,102,130,201,143,0,12,0,5,32,722,688,1162,TLAXCALA,0.621342512908778,,,,,,,,,,,,,,,,,,,,,,,,,,,,,,,,,,,,,,,,,,,,,,,,,,,,,,,,,,,,,,,,,,,,,,,,,,,,,,,,,
CALPULALPAN,29006,93,2001,November,34,52,113,52,40,151,0,19,0,8,29,520,498,870,TLAXCALA,0.597701149425287,,,,,,,,,,,,,,,,,,,,,,,,,,,,,,,,,,,,,,,,,,,,,,,,,,,,,,,,,,,,,,,,,,,,,,,,,,,,,,,,,
CALPULALPAN,29006,94,2001,November,25,46,67,36,45,206,0,4,0,4,12,478,445,702,TLAXCALA,0.680911680911681,,,,,,,,,,,,,,,,,,,,,,,,,,,,,,,,,,,,,,,,,,,,,,,,,,,,,,,,,,,,,,,,,,,,,,,,,,,,,,,,,
CALPULALPAN,29006,95,2001,November,5,25,36,6,10,17,0,1,0,38,1,155,139,275,TLAXCALA,0.563636363636364,,,,,,,,,,,,,,,,,,,,,,,,,,,,,,,,,,,,,,,,,,,,,,,,,,,,,,,,,,,,,,,,,,,,,,,,,,,,,,,,,
CALPULALPAN,29006,96,2001,November,5,11,41,74,45,58,0,0,0,8,4,246,246,375,TLAXCALA,0.656,,,,,,,,,,,,,,,,,,,,,,,,,,,,,,,,,,,,,,,,,,,,,,,,,,,,,,,,,,,,,,,,,,,,,,,,,,,,,,,,,
CALPULALPAN,29006,97,2001,November,1,62,134,27,14,77,0,3,0,3,19,362,340,517,TLAXCALA,0.700193423597679,,,,,,,,,,,,,,,,,,,,,,,,,,,,,,,,,,,,,,,,,,,,,,,,,,,,,,,,,,,,,,,,,,,,,,,,,,,,,,,,,
CALPULALPAN,29006,98,2001,November,70,111,103,24,75,107,0,14,0,21,24,589,549,1098,TLAXCALA,0.536429872495446,,,,,,,,,,,,,,,,,,,,,,,,,,,,,,,,,,,,,,,,,,,,,,,,,,,,,,,,,,,,,,,,,,,,,,,,,,,,,,,,,
CALPULALPAN,29006,99,2001,November,2,11,25,1,1,2,0,0,0,0,0,46,42,61,TLAXCALA,0.754098360655738,,,,,,,,,,,,,,,,,,,,,,,,,,,,,,,,,,,,,,,,,,,,,,,,,,,,,,,,,,,,,,,,,,,,,,,,,,,,,,,,,
CHIAUTEMPAN,29010,122,2001,November,147,144,90,316,0,0,0,0,0,9,2,733,708,1176,TLAXCALA,0.623299319727891,,,,,,,,,,,,,,,,,,,,,,,,,,,,,,,,,,,,,,,,,,,,,,,,,,,,,,,,,,,,,,,,,,,,,,,,,,,,,,,,,
CHIAUTEMPAN,29010,123,2001,November,133,126,80,318,0,0,0,0,0,12,3,683,672,1182,TLAXCALA,0.577834179357022,,,,,,,,,,,,,,,,,,,,,,,,,,,,,,,,,,,,,,,,,,,,,,,,,,,,,,,,,,,,,,,,,,,,,,,,,,,,,,,,,
CHIAUTEMPAN,29010,124,2001,November,226,124,83,93,0,0,0,0,0,20,2,594,548,1232,TLAXCALA,0.482142857142857,,,,,,,,,,,,,,,,,,,,,,,,,,,,,,,,,,,,,,,,,,,,,,,,,,,,,,,,,,,,,,,,,,,,,,,,,,,,,,,,,
CHIAUTEMPAN,29010,125,2001,November,211,195,93,108,0,0,0,0,0,22,3,675,632,1224,TLAXCALA,0.551470588235294,,,,,,,,,,,,,,,,,,,,,,,,,,,,,,,,,,,,,,,,,,,,,,,,,,,,,,,,,,,,,,,,,,,,,,,,,,,,,,,,,
CHIAUTEMPAN,29010,126,2001,November,86,187,206,197,0,0,0,0,0,37,3,737,716,1175,TLAXCALA,0.627234042553192,,,,,,,,,,,,,,,,,,,,,,,,,,,,,,,,,,,,,,,,,,,,,,,,,,,,,,,,,,,,,,,,,,,,,,,,,,,,,,,,,
CHIAUTEMPAN,29010,127,2001,November,178,170,197,388,0,0,0,0,0,26,5,992,964,1776,TLAXCALA,0.558558558558559,,,,,,,,,,,,,,,,,,,,,,,,,,,,,,,,,,,,,,,,,,,,,,,,,,,,,,,,,,,,,,,,,,,,,,,,,,,,,,,,,
CHIAUTEMPAN,29010,128,2001,November,117,86,88,169,0,0,0,0,0,8,0,490,468,1085,TLAXCALA,0.451612903225806,,,,,,,,,,,,,,,,,,,,,,,,,,,,,,,,,,,,,,,,,,,,,,,,,,,,,,,,,,,,,,,,,,,,,,,,,,,,,,,,,
CHIAUTEMPAN,29010,129,2001,November,113,141,69,265,0,0,0,0,0,9,3,621,600,1098,TLAXCALA,0.565573770491803,,,,,,,,,,,,,,,,,,,,,,,,,,,,,,,,,,,,,,,,,,,,,,,,,,,,,,,,,,,,,,,,,,,,,,,,,,,,,,,,,
CHIAUTEMPAN,29010,130,2001,November,166,96,62,232,0,0,0,0,0,12,2,577,570,895,TLAXCALA,0.644692737430168,,,,,,,,,,,,,,,,,,,,,,,,,,,,,,,,,,,,,,,,,,,,,,,,,,,,,,,,,,,,,,,,,,,,,,,,,,,,,,,,,
CHIAUTEMPAN,29010,131,2001,November,119,278,132,209,0,0,0,0,0,17,0,771,755,1244,TLAXCALA,0.619774919614148,,,,,,,,,,,,,,,,,,,,,,,,,,,,,,,,,,,,,,,,,,,,,,,,,,,,,,,,,,,,,,,,,,,,,,,,,,,,,,,,,
CHIAUTEMPAN,29010,132,2001,November,138,170,96,187,0,0,0,0,0,15,1,631,607,1081,TLAXCALA,0.583718778908418,,,,,,,,,,,,,,,,,,,,,,,,,,,,,,,,,,,,,,,,,,,,,,,,,,,,,,,,,,,,,,,,,,,,,,,,,,,,,,,,,
CHIAUTEMPAN,29010,133,2001,November,147,178,66,175,0,0,0,0,0,16,3,606,585,1014,TLAXCALA,0.597633136094675,,,,,,,,,,,,,,,,,,,,,,,,,,,,,,,,,,,,,,,,,,,,,,,,,,,,,,,,,,,,,,,,,,,,,,,,,,,,,,,,,
CHIAUTEMPAN,29010,134,2001,November,92,152,90,47,0,0,0,0,0,7,2,410,390,927,TLAXCALA,0.442286947141316,,,,,,,,,,,,,,,,,,,,,,,,,,,,,,,,,,,,,,,,,,,,,,,,,,,,,,,,,,,,,,,,,,,,,,,,,,,,,,,,,
CHIAUTEMPAN,29010,135,2001,November,88,184,99,49,0,0,0,0,0,9,0,443,429,994,TLAXCALA,0.445674044265594,,,,,,,,,,,,,,,,,,,,,,,,,,,,,,,,,,,,,,,,,,,,,,,,,,,,,,,,,,,,,,,,,,,,,,,,,,,,,,,,,
CHIAUTEMPAN,29010,136,2001,November,63,74,33,49,0,0,0,0,0,1,0,230,220,432,TLAXCALA,0.532407407407407,,,,,,,,,,,,,,,,,,,,,,,,,,,,,,,,,,,,,,,,,,,,,,,,,,,,,,,,,,,,,,,,,,,,,,,,,,,,,,,,,
CHIAUTEMPAN,29010,137,2001,November,157,303,150,187,0,0,0,0,0,40,11,899,848,1504,TLAXCALA,0.597739361702128,,,,,,,,,,,,,,,,,,,,,,,,,,,,,,,,,,,,,,,,,,,,,,,,,,,,,,,,,,,,,,,,,,,,,,,,,,,,,,,,,
CHIAUTEMPAN,29010,138,2001,November,188,176,90,165,0,0,0,0,0,38,1,686,658,1224,TLAXCALA,0.560457516339869,,,,,,,,,,,,,,,,,,,,,,,,,,,,,,,,,,,,,,,,,,,,,,,,,,,,,,,,,,,,,,,,,,,,,,,,,,,,,,,,,
CHIAUTEMPAN,29010,139,2001,November,333,205,175,461,0,0,0,0,0,113,7,1336,1294,2378,TLAXCALA,0.561816652649285,,,,,,,,,,,,,,,,,,,,,,,,,,,,,,,,,,,,,,,,,,,,,,,,,,,,,,,,,,,,,,,,,,,,,,,,,,,,,,,,,
CHIAUTEMPAN,29010,140,2001,November,125,97,78,220,0,0,0,0,0,19,2,559,541,1046,TLAXCALA,0.534416826003824,,,,,,,,,,,,,,,,,,,,,,,,,,,,,,,,,,,,,,,,,,,,,,,,,,,,,,,,,,,,,,,,,,,,,,,,,,,,,,,,,
CHIAUTEMPAN,29010,141,2001,November,257,341,235,432,0,0,0,0,0,112,13,1485,1390,2573,TLAXCALA,0.577147298872911,,,,,,,,,,,,,,,,,,,,,,,,,,,,,,,,,,,,,,,,,,,,,,,,,,,,,,,,,,,,,,,,,,,,,,,,,,,,,,,,,
CHIAUTEMPAN,29010,142,2001,November,107,103,110,242,0,0,0,0,0,38,4,632,604,1019,TLAXCALA,0.620215897939156,,,,,,,,,,,,,,,,,,,,,,,,,,,,,,,,,,,,,,,,,,,,,,,,,,,,,,,,,,,,,,,,,,,,,,,,,,,,,,,,,
CHIAUTEMPAN,29010,143,2001,November,124,118,116,231,0,0,0,0,0,44,3,678,636,1269,TLAXCALA,0.534278959810875,,,,,,,,,,,,,,,,,,,,,,,,,,,,,,,,,,,,,,,,,,,,,,,,,,,,,,,,,,,,,,,,,,,,,,,,,,,,,,,,,
CHIAUTEMPAN,29010,144,2001,November,175,271,131,187,0,0,0,0,0,30,2,832,796,1443,TLAXCALA,0.576576576576577,,,,,,,,,,,,,,,,,,,,,,,,,,,,,,,,,,,,,,,,,,,,,,,,,,,,,,,,,,,,,,,,,,,,,,,,,,,,,,,,,
CHIAUTEMPAN,29010,145,2001,November,75,156,261,44,0,0,0,0,0,90,1,668,627,1064,TLAXCALA,0.627819548872181,,,,,,,,,,,,,,,,,,,,,,,,,,,,,,,,,,,,,,,,,,,,,,,,,,,,,,,,,,,,,,,,,,,,,,,,,,,,,,,,,
CHIAUTEMPAN,29010,146,2001,November,206,211,170,51,0,0,0,0,0,28,11,711,677,1192,TLAXCALA,0.596476510067114,,,,,,,,,,,,,,,,,,,,,,,,,,,,,,,,,,,,,,,,,,,,,,,,,,,,,,,,,,,,,,,,,,,,,,,,,,,,,,,,,
CHIAUTEMPAN,29010,147,2001,November,80,109,75,118,0,0,0,0,0,46,2,444,430,1033,TLAXCALA,0.429816069699903,,,,,,,,,,,,,,,,,,,,,,,,,,,,,,,,,,,,,,,,,,,,,,,,,,,,,,,,,,,,,,,,,,,,,,,,,,,,,,,,,
CHIAUTEMPAN,29010,148,2001,November,54,160,43,93,0,0,0,0,0,17,1,384,368,873,TLAXCALA,0.439862542955327,,,,,,,,,,,,,,,,,,,,,,,,,,,,,,,,,,,,,,,,,,,,,,,,,,,,,,,,,,,,,,,,,,,,,,,,,,,,,,,,,
CHIAUTEMPAN,29010,149,2001,November,214,225,125,165,0,0,0,0,0,7,40,797,776,1912,TLAXCALA,0.4168410041841,,,,,,,,,,,,,,,,,,,,,,,,,,,,,,,,,,,,,,,,,,,,,,,,,,,,,,,,,,,,,,,,,,,,,,,,,,,,,,,,,
CHIAUTEMPAN,29010,150,2001,November,63,140,17,12,0,0,0,0,0,2,0,235,234,606,TLAXCALA,0.387788778877888,,,,,,,,,,,,,,,,,,,,,,,,,,,,,,,,,,,,,,,,,,,,,,,,,,,,,,,,,,,,,,,,,,,,,,,,,,,,,,,,,
CHIAUTEMPAN,29010,156,2001,November,104,153,141,74,0,0,0,0,0,13,0,493,485,971,TLAXCALA,0.507723995880536,,,,,,,,,,,,,,,,,,,,,,,,,,,,,,,,,,,,,,,,,,,,,,,,,,,,,,,,,,,,,,,,,,,,,,,,,,,,,,,,,
CHIAUTEMPAN,29010,157,2001,November,84,105,81,40,0,0,0,0,0,14,0,345,324,683,TLAXCALA,0.505124450951684,,,,,,,,,,,,,,,,,,,,,,,,,,,,,,,,,,,,,,,,,,,,,,,,,,,,,,,,,,,,,,,,,,,,,,,,,,,,,,,,,
CONTLA DE JUAN CUAMATZI,29018,267,2001,November,237,230,133,55,83,0,0,54,0,3,0,813,795,1225,TLAXCALA,0.663673469387755,,,,,,,,,,,,,,,,,,,,,,,,,,,,,,,,,,,,,,,,,,,,,,,,,,,,,,,,,,,,,,,,,,,,,,,,,,,,,,,,,
CONTLA DE JUAN CUAMATZI,29018,268,2001,November,273,280,105,28,83,0,0,10,0,7,0,802,786,1427,TLAXCALA,0.562018220042046,,,,,,,,,,,,,,,,,,,,,,,,,,,,,,,,,,,,,,,,,,,,,,,,,,,,,,,,,,,,,,,,,,,,,,,,,,,,,,,,,
CONTLA DE JUAN CUAMATZI,29018,269,2001,November,184,218,114,36,82,0,0,24,0,16,0,684,674,1273,TLAXCALA,0.537313432835821,,,,,,,,,,,,,,,,,,,,,,,,,,,,,,,,,,,,,,,,,,,,,,,,,,,,,,,,,,,,,,,,,,,,,,,,,,,,,,,,,
CONTLA DE JUAN CUAMATZI,29018,270,2001,November,118,103,82,13,51,0,0,10,0,3,0,395,380,706,TLAXCALA,0.559490084985836,,,,,,,,,,,,,,,,,,,,,,,,,,,,,,,,,,,,,,,,,,,,,,,,,,,,,,,,,,,,,,,,,,,,,,,,,,,,,,,,,
CONTLA DE JUAN CUAMATZI,29018,271,2001,November,230,266,94,45,101,0,0,39,0,15,0,811,790,1382,TLAXCALA,0.586830680173661,,,,,,,,,,,,,,,,,,,,,,,,,,,,,,,,,,,,,,,,,,,,,,,,,,,,,,,,,,,,,,,,,,,,,,,,,,,,,,,,,
CONTLA DE JUAN CUAMATZI,29018,272,2001,November,294,333,347,47,163,0,0,53,0,2,0,1278,1239,2055,TLAXCALA,0.621897810218978,,,,,,,,,,,,,,,,,,,,,,,,,,,,,,,,,,,,,,,,,,,,,,,,,,,,,,,,,,,,,,,,,,,,,,,,,,,,,,,,,
CONTLA DE JUAN CUAMATZI,29018,273,2001,November,376,256,145,19,56,0,0,41,0,0,0,917,893,1411,TLAXCALA,0.649893692416726,,,,,,,,,,,,,,,,,,,,,,,,,,,,,,,,,,,,,,,,,,,,,,,,,,,,,,,,,,,,,,,,,,,,,,,,,,,,,,,,,
CONTLA DE JUAN CUAMATZI,29018,274,2001,November,102,159,130,31,106,0,0,48,0,7,0,598,583,784,TLAXCALA,0.762755102040816,,,,,,,,,,,,,,,,,,,,,,,,,,,,,,,,,,,,,,,,,,,,,,,,,,,,,,,,,,,,,,,,,,,,,,,,,,,,,,,,,
CONTLA DE JUAN CUAMATZI,29018,275,2001,November,183,153,79,26,60,0,0,33,0,16,0,579,550,1052,TLAXCALA,0.550380228136882,,,,,,,,,,,,,,,,,,,,,,,,,,,,,,,,,,,,,,,,,,,,,,,,,,,,,,,,,,,,,,,,,,,,,,,,,,,,,,,,,
CONTLA DE JUAN CUAMATZI,29018,276,2001,November,213,166,93,37,66,0,0,25,0,23,0,650,623,1127,TLAXCALA,0.576752440106477,,,,,,,,,,,,,,,,,,,,,,,,,,,,,,,,,,,,,,,,,,,,,,,,,,,,,,,,,,,,,,,,,,,,,,,,,,,,,,,,,
CONTLA DE JUAN CUAMATZI,29018,277,2001,November,67,71,8,11,20,0,0,0,0,0,0,192,177,265,TLAXCALA,0.724528301886792,,,,,,,,,,,,,,,,,,,,,,,,,,,,,,,,,,,,,,,,,,,,,,,,,,,,,,,,,,,,,,,,,,,,,,,,,,,,,,,,,
CONTLA DE JUAN CUAMATZI,29018,278,2001,November,77,43,54,8,17,0,0,4,0,0,0,210,203,328,TLAXCALA,0.640243902439024,,,,,,,,,,,,,,,,,,,,,,,,,,,,,,,,,,,,,,,,,,,,,,,,,,,,,,,,,,,,,,,,,,,,,,,,,,,,,,,,,
CONTLA DE JUAN CUAMATZI,29018,279,2001,November,112,295,190,30,36,0,0,15,0,0,0,684,678,1183,TLAXCALA,0.578191039729501,,,,,,,,,,,,,,,,,,,,,,,,,,,,,,,,,,,,,,,,,,,,,,,,,,,,,,,,,,,,,,,,,,,,,,,,,,,,,,,,,
CONTLA DE JUAN CUAMATZI,29018,280,2001,November,40,76,18,8,14,0,0,11,0,1,0,174,168,319,TLAXCALA,0.545454545454545,,,,,,,,,,,,,,,,,,,,,,,,,,,,,,,,,,,,,,,,,,,,,,,,,,,,,,,,,,,,,,,,,,,,,,,,,,,,,,,,,
CONTLA DE JUAN CUAMATZI,29018,281,2001,November,262,195,88,20,33,0,0,8,0,1,0,619,607,1281,TLAXCALA,0.483216237314598,,,,,,,,,,,,,,,,,,,,,,,,,,,,,,,,,,,,,,,,,,,,,,,,,,,,,,,,,,,,,,,,,,,,,,,,,,,,,,,,,
CONTLA DE JUAN CUAMATZI,29018,282,2001,November,26,49,22,12,7,0,0,1,0,2,0,119,119,269,TLAXCALA,0.442379182156134,,,,,,,,,,,,,,,,,,,,,,,,,,,,,,,,,,,,,,,,,,,,,,,,,,,,,,,,,,,,,,,,,,,,,,,,,,,,,,,,,
CONTLA DE JUAN CUAMATZI,29018,283,2001,November,193,140,80,9,98,0,0,36,0,0,0,564,556,972,TLAXCALA,0.580246913580247,,,,,,,,,,,,,,,,,,,,,,,,,,,,,,,,,,,,,,,,,,,,,,,,,,,,,,,,,,,,,,,,,,,,,,,,,,,,,,,,,
CUAPIAXTLA,29008,107,2001,November,37,452,482,152,0,0,0,0,0,12,1,1145,1136,1587,TLAXCALA,0.721487082545684,,,,,,,,,,,,,,,,,,,,,,,,,,,,,,,,,,,,,,,,,,,,,,,,,,,,,,,,,,,,,,,,,,,,,,,,,,,,,,,,,
CUAPIAXTLA,29008,108,2001,November,19,284,189,236,0,0,0,0,0,13,0,759,741,1067,TLAXCALA,0.711340206185567,,,,,,,,,,,,,,,,,,,,,,,,,,,,,,,,,,,,,,,,,,,,,,,,,,,,,,,,,,,,,,,,,,,,,,,,,,,,,,,,,
CUAPIAXTLA,29008,109,2001,November,18,344,307,243,0,0,0,0,0,26,0,983,938,1376,TLAXCALA,0.714389534883721,,,,,,,,,,,,,,,,,,,,,,,,,,,,,,,,,,,,,,,,,,,,,,,,,,,,,,,,,,,,,,,,,,,,,,,,,,,,,,,,,
CUAPIAXTLA,29008,110,2001,November,14,259,145,143,0,0,0,0,0,4,0,610,565,859,TLAXCALA,0.710128055878929,,,,,,,,,,,,,,,,,,,,,,,,,,,,,,,,,,,,,,,,,,,,,,,,,,,,,,,,,,,,,,,,,,,,,,,,,,,,,,,,,
CUAPIAXTLA,29008,111,2001,November,2,62,57,12,0,0,0,0,0,0,0,135,133,156,TLAXCALA,0.865384615384615,,,,,,,,,,,,,,,,,,,,,,,,,,,,,,,,,,,,,,,,,,,,,,,,,,,,,,,,,,,,,,,,,,,,,,,,,,,,,,,,,
CUAPIAXTLA,29008,112,2001,November,2,51,7,17,0,0,0,0,0,1,0,78,78,97,TLAXCALA,0.804123711340206,,,,,,,,,,,,,,,,,,,,,,,,,,,,,,,,,,,,,,,,,,,,,,,,,,,,,,,,,,,,,,,,,,,,,,,,,,,,,,,,,
CUAPIAXTLA,29008,113,2001,November,4,57,53,31,0,0,0,0,0,1,0,153,146,184,TLAXCALA,0.831521739130435,,,,,,,,,,,,,,,,,,,,,,,,,,,,,,,,,,,,,,,,,,,,,,,,,,,,,,,,,,,,,,,,,,,,,,,,,,,,,,,,,
CUAPIAXTLA,29008,114,2001,November,3,158,84,90,0,0,0,0,0,1,1,337,337,448,TLAXCALA,0.752232142857143,,,,,,,,,,,,,,,,,,,,,,,,,,,,,,,,,,,,,,,,,,,,,,,,,,,,,,,,,,,,,,,,,,,,,,,,,,,,,,,,,
CUAPIAXTLA,29008,115,2001,November,2,67,48,60,0,0,0,0,0,0,0,177,177,246,TLAXCALA,0.719512195121951,,,,,,,,,,,,,,,,,,,,,,,,,,,,,,,,,,,,,,,,,,,,,,,,,,,,,,,,,,,,,,,,,,,,,,,,,,,,,,,,,
CUAPIAXTLA,29008,116,2001,November,1,62,71,61,0,0,0,0,0,0,0,202,195,220,TLAXCALA,0.918181818181818,,,,,,,,,,,,,,,,,,,,,,,,,,,,,,,,,,,,,,,,,,,,,,,,,,,,,,,,,,,,,,,,,,,,,,,,,,,,,,,,,
CUAXOMULCO,29009,117,2001,November,364,136,119,0,0,0,0,0,0,4,34,673,657,915,TLAXCALA,0.73551912568306,,,,,,,,,,,,,,,,,,,,,,,,,,,,,,,,,,,,,,,,,,,,,,,,,,,,,,,,,,,,,,,,,,,,,,,,,,,,,,,,,
CUAXOMULCO,29009,118,2001,November,103,190,180,0,0,0,0,0,0,0,59,540,532,687,TLAXCALA,0.786026200873362,,,,,,,,,,,,,,,,,,,,,,,,,,,,,,,,,,,,,,,,,,,,,,,,,,,,,,,,,,,,,,,,,,,,,,,,,,,,,,,,,
CUAXOMULCO,29009,119,2001,November,19,87,136,0,0,0,0,0,0,0,5,253,247,330,TLAXCALA,0.766666666666667,,,,,,,,,,,,,,,,,,,,,,,,,,,,,,,,,,,,,,,,,,,,,,,,,,,,,,,,,,,,,,,,,,,,,,,,,,,,,,,,,
CUAXOMULCO,29009,120,2001,November,5,44,47,0,0,0,0,0,0,1,26,125,123,144,TLAXCALA,0.868055555555556,,,,,,,,,,,,,,,,,,,,,,,,,,,,,,,,,,,,,,,,,,,,,,,,,,,,,,,,,,,,,,,,,,,,,,,,,,,,,,,,,
CUAXOMULCO,29009,121,2001,November,214,159,66,0,0,0,0,0,0,1,73,540,513,699,TLAXCALA,0.772532188841202,,,,,,,,,,,,,,,,,,,,,,,,,,,,,,,,,,,,,,,,,,,,,,,,,,,,,,,,,,,,,,,,,,,,,,,,,,,,,,,,,
EL CARMEN TEQUEXQUITLA,29007,100,2001,November,7,400,88,164,0,0,0,349,0,0,0,1059,1008,1818,TLAXCALA,0.582508250825083,,,,,,,,,,,,,,,,,,,,,,,,,,,,,,,,,,,,,,,,,,,,,,,,,,,,,,,,,,,,,,,,,,,,,,,,,,,,,,,,,
EL CARMEN TEQUEXQUITLA,29007,101,2001,November,16,438,52,183,0,0,0,269,0,0,0,999,958,1593,TLAXCALA,0.627118644067797,,,,,,,,,,,,,,,,,,,,,,,,,,,,,,,,,,,,,,,,,,,,,,,,,,,,,,,,,,,,,,,,,,,,,,,,,,,,,,,,,
EL CARMEN TEQUEXQUITLA,29007,102,2001,November,9,502,70,89,0,0,0,345,0,0,0,1072,1015,1659,TLAXCALA,0.646172393007836,,,,,,,,,,,,,,,,,,,,,,,,,,,,,,,,,,,,,,,,,,,,,,,,,,,,,,,,,,,,,,,,,,,,,,,,,,,,,,,,,
EL CARMEN TEQUEXQUITLA,29007,103,2001,November,6,133,37,44,0,0,0,231,0,0,0,479,451,797,TLAXCALA,0.601003764115433,,,,,,,,,,,,,,,,,,,,,,,,,,,,,,,,,,,,,,,,,,,,,,,,,,,,,,,,,,,,,,,,,,,,,,,,,,,,,,,,,
EL CARMEN TEQUEXQUITLA,29007,104,2001,November,13,177,65,119,0,0,0,274,0,0,0,688,648,1025,TLAXCALA,0.671219512195122,,,,,,,,,,,,,,,,,,,,,,,,,,,,,,,,,,,,,,,,,,,,,,,,,,,,,,,,,,,,,,,,,,,,,,,,,,,,,,,,,
EL CARMEN TEQUEXQUITLA,29007,105,2001,November,2,45,49,30,0,0,0,43,0,0,0,170,169,226,TLAXCALA,0.752212389380531,,,,,,,,,,,,,,,,,,,,,,,,,,,,,,,,,,,,,,,,,,,,,,,,,,,,,,,,,,,,,,,,,,,,,,,,,,,,,,,,,
EL CARMEN TEQUEXQUITLA,29007,106,2001,November,0,33,12,31,0,0,0,14,0,0,0,96,90,133,TLAXCALA,0.721804511278195,,,,,,,,,,,,,,,,,,,,,,,,,,,,,,,,,,,,,,,,,,,,,,,,,,,,,,,,,,,,,,,,,,,,,,,,,,,,,,,,,
EMILIANO ZAPATA,29046,400,2001,November,1,37,4,12,0,0,0,0,0,1,0,57,55,71,TLAXCALA,0.802816901408451,,,,,,,,,,,,,,,,,,,,,,,,,,,,,,,,,,,,,,,,,,,,,,,,,,,,,,,,,,,,,,,,,,,,,,,,,,,,,,,,,
EMILIANO ZAPATA,29046,401,2001,November,8,75,5,13,0,0,0,0,0,1,0,104,102,123,TLAXCALA,0.845528455284553,,,,,,,,,,,,,,,,,,,,,,,,,,,,,,,,,,,,,,,,,,,,,,,,,,,,,,,,,,,,,,,,,,,,,,,,,,,,,,,,,
EMILIANO ZAPATA,29046,607,2001,November,138,609,69,97,0,0,0,0,0,48,0,1003,961,1333,TLAXCALA,0.752438109527382,,,,,,,,,,,,,,,,,,,,,,,,,,,,,,,,,,,,,,,,,,,,,,,,,,,,,,,,,,,,,,,,,,,,,,,,,,,,,,,,,
EMILIANO ZAPATA,29046,608,2001,November,1,119,4,181,0,0,0,0,0,0,0,319,305,386,TLAXCALA,0.826424870466321,,,,,,,,,,,,,,,,,,,,,,,,,,,,,,,,,,,,,,,,,,,,,,,,,,,,,,,,,,,,,,,,,,,,,,,,,,,,,,,,,
ESPANITA,29012,165,2001,November,19,251,194,266,0,0,0,0,0,9,4,757,743,1293,TLAXCALA,0.585460170146945,,,,,,,,,,,,,,,,,,,,,,,,,,,,,,,,,,,,,,,,,,,,,,,,,,,,,,,,,,,,,,,,,,,,,,,,,,,,,,,,,
ESPANITA,29012,166,2001,November,5,16,4,6,0,0,0,0,0,0,0,31,31,50,TLAXCALA,0.62,,,,,,,,,,,,,,,,,,,,,,,,,,,,,,,,,,,,,,,,,,,,,,,,,,,,,,,,,,,,,,,,,,,,,,,,,,,,,,,,,
ESPANITA,29012,167,2001,November,12,85,35,6,0,0,0,0,0,0,0,141,138,235,TLAXCALA,0.6,,,,,,,,,,,,,,,,,,,,,,,,,,,,,,,,,,,,,,,,,,,,,,,,,,,,,,,,,,,,,,,,,,,,,,,,,,,,,,,,,
ESPANITA,29012,168,2001,November,26,184,28,14,0,0,0,0,0,2,9,274,263,451,TLAXCALA,0.607538802660754,,,,,,,,,,,,,,,,,,,,,,,,,,,,,,,,,,,,,,,,,,,,,,,,,,,,,,,,,,,,,,,,,,,,,,,,,,,,,,,,,
ESPANITA,29012,169,2001,November,6,61,19,11,0,0,0,0,0,2,1,108,100,159,TLAXCALA,0.679245283018868,,,,,,,,,,,,,,,,,,,,,,,,,,,,,,,,,,,,,,,,,,,,,,,,,,,,,,,,,,,,,,,,,,,,,,,,,,,,,,,,,
ESPANITA,29012,170,2001,November,156,59,33,16,0,0,0,0,0,2,1,282,267,541,TLAXCALA,0.521256931608133,,,,,,,,,,,,,,,,,,,,,,,,,,,,,,,,,,,,,,,,,,,,,,,,,,,,,,,,,,,,,,,,,,,,,,,,,,,,,,,,,
ESPANITA,29012,171,2001,November,20,69,20,9,0,0,0,0,0,1,0,125,119,209,TLAXCALA,0.598086124401914,,,,,,,,,,,,,,,,,,,,,,,,,,,,,,,,,,,,,,,,,,,,,,,,,,,,,,,,,,,,,,,,,,,,,,,,,,,,,,,,,
ESPANITA,29012,172,2001,November,2,33,77,16,0,0,0,0,0,0,0,132,128,199,TLAXCALA,0.663316582914573,,,,,,,,,,,,,,,,,,,,,,,,,,,,,,,,,,,,,,,,,,,,,,,,,,,,,,,,,,,,,,,,,,,,,,,,,,,,,,,,,
ESPANITA,29012,173,2001,November,5,53,17,13,0,0,0,0,0,2,0,90,90,186,TLAXCALA,0.483870967741936,,,,,,,,,,,,,,,,,,,,,,,,,,,,,,,,,,,,,,,,,,,,,,,,,,,,,,,,,,,,,,,,,,,,,,,,,,,,,,,,,
ESPANITA,29012,174,2001,November,5,19,42,6,0,0,0,0,0,1,0,75,73,135,TLAXCALA,0.555555555555556,,,,,,,,,,,,,,,,,,,,,,,,,,,,,,,,,,,,,,,,,,,,,,,,,,,,,,,,,,,,,,,,,,,,,,,,,,,,,,,,,
ESPANITA,29012,175,2001,November,54,77,67,27,0,0,0,0,0,0,0,230,225,346,TLAXCALA,0.664739884393064,,,,,,,,,,,,,,,,,,,,,,,,,,,,,,,,,,,,,,,,,,,,,,,,,,,,,,,,,,,,,,,,,,,,,,,,,,,,,,,,,
ESPANITA,29012,176,2001,November,33,94,39,26,0,0,0,0,0,0,3,196,195,344,TLAXCALA,0.569767441860465,,,,,,,,,,,,,,,,,,,,,,,,,,,,,,,,,,,,,,,,,,,,,,,,,,,,,,,,,,,,,,,,,,,,,,,,,,,,,,,,,
ESPANITA,29012,177,2001,November,16,19,31,44,0,0,0,0,0,11,1,140,122,233,TLAXCALA,0.600858369098713,,,,,,,,,,,,,,,,,,,,,,,,,,,,,,,,,,,,,,,,,,,,,,,,,,,,,,,,,,,,,,,,,,,,,,,,,,,,,,,,,
HUAMANTLA,29013,178,2001,November,603,174,366,24,45,0,0,0,0,5,1,1255,1218,2089,TLAXCALA,0.600765916706558,,,,,,,,,,,,,,,,,,,,,,,,,,,,,,,,,,,,,,,,,,,,,,,,,,,,,,,,,,,,,,,,,,,,,,,,,,,,,,,,,
HUAMANTLA,29013,179,2001,November,544,142,363,30,37,0,0,0,0,1,3,1150,1120,2024,TLAXCALA,0.568181818181818,,,,,,,,,,,,,,,,,,,,,,,,,,,,,,,,,,,,,,,,,,,,,,,,,,,,,,,,,,,,,,,,,,,,,,,,,,,,,,,,,
HUAMANTLA,29013,180,2001,November,471,133,122,41,28,0,0,0,0,1,1,841,797,1431,TLAXCALA,0.587700908455625,,,,,,,,,,,,,,,,,,,,,,,,,,,,,,,,,,,,,,,,,,,,,,,,,,,,,,,,,,,,,,,,,,,,,,,,,,,,,,,,,
HUAMANTLA,29013,181,2001,November,643,170,245,38,45,0,0,0,0,15,2,1198,1158,1944,TLAXCALA,0.616255144032922,,,,,,,,,,,,,,,,,,,,,,,,,,,,,,,,,,,,,,,,,,,,,,,,,,,,,,,,,,,,,,,,,,,,,,,,,,,,,,,,,
HUAMANTLA,29013,182,2001,November,285,50,154,20,81,0,0,0,0,2,1,612,593,1048,TLAXCALA,0.583969465648855,,,,,,,,,,,,,,,,,,,,,,,,,,,,,,,,,,,,,,,,,,,,,,,,,,,,,,,,,,,,,,,,,,,,,,,,,,,,,,,,,
HUAMANTLA,29013,183,2001,November,264,75,167,8,52,0,0,0,0,1,0,575,567,934,TLAXCALA,0.615631691648822,,,,,,,,,,,,,,,,,,,,,,,,,,,,,,,,,,,,,,,,,,,,,,,,,,,,,,,,,,,,,,,,,,,,,,,,,,,,,,,,,
HUAMANTLA,29013,184,2001,November,126,111,115,13,15,0,0,0,0,1,1,403,382,624,TLAXCALA,0.645833333333333,,,,,,,,,,,,,,,,,,,,,,,,,,,,,,,,,,,,,,,,,,,,,,,,,,,,,,,,,,,,,,,,,,,,,,,,,,,,,,,,,
HUAMANTLA,29013,185,2001,November,292,80,229,10,24,0,0,0,0,4,1,663,640,1236,TLAXCALA,0.536407766990291,,,,,,,,,,,,,,,,,,,,,,,,,,,,,,,,,,,,,,,,,,,,,,,,,,,,,,,,,,,,,,,,,,,,,,,,,,,,,,,,,
HUAMANTLA,29013,186,2001,November,400,92,271,14,34,0,0,0,0,4,1,836,816,1321,TLAXCALA,0.632853898561696,,,,,,,,,,,,,,,,,,,,,,,,,,,,,,,,,,,,,,,,,,,,,,,,,,,,,,,,,,,,,,,,,,,,,,,,,,,,,,,,,
HUAMANTLA,29013,187,2001,November,666,134,212,11,32,0,0,0,0,3,3,1099,1061,1857,TLAXCALA,0.591814754981153,,,,,,,,,,,,,,,,,,,,,,,,,,,,,,,,,,,,,,,,,,,,,,,,,,,,,,,,,,,,,,,,,,,,,,,,,,,,,,,,,
HUAMANTLA,29013,188,2001,November,410,113,193,9,37,0,0,0,0,1,2,787,765,1455,TLAXCALA,0.540893470790378,,,,,,,,,,,,,,,,,,,,,,,,,,,,,,,,,,,,,,,,,,,,,,,,,,,,,,,,,,,,,,,,,,,,,,,,,,,,,,,,,
HUAMANTLA,29013,189,2001,November,417,158,201,11,31,0,0,0,0,7,1,850,826,1536,TLAXCALA,0.553385416666667,,,,,,,,,,,,,,,,,,,,,,,,,,,,,,,,,,,,,,,,,,,,,,,,,,,,,,,,,,,,,,,,,,,,,,,,,,,,,,,,,
HUAMANTLA,29013,190,2001,November,271,64,135,15,19,0,0,0,0,0,0,520,504,960,TLAXCALA,0.541666666666667,,,,,,,,,,,,,,,,,,,,,,,,,,,,,,,,,,,,,,,,,,,,,,,,,,,,,,,,,,,,,,,,,,,,,,,,,,,,,,,,,
HUAMANTLA,29013,191,2001,November,302,69,175,19,19,0,0,0,0,2,1,609,587,1064,TLAXCALA,0.572368421052632,,,,,,,,,,,,,,,,,,,,,,,,,,,,,,,,,,,,,,,,,,,,,,,,,,,,,,,,,,,,,,,,,,,,,,,,,,,,,,,,,
HUAMANTLA,29013,192,2001,November,432,99,205,23,51,0,0,0,0,1,0,822,811,1390,TLAXCALA,0.59136690647482,,,,,,,,,,,,,,,,,,,,,,,,,,,,,,,,,,,,,,,,,,,,,,,,,,,,,,,,,,,,,,,,,,,,,,,,,,,,,,,,,
HUAMANTLA,29013,193,2001,November,53,111,92,5,10,0,0,0,0,0,1,298,272,499,TLAXCALA,0.597194388777555,,,,,,,,,,,,,,,,,,,,,,,,,,,,,,,,,,,,,,,,,,,,,,,,,,,,,,,,,,,,,,,,,,,,,,,,,,,,,,,,,
HUAMANTLA,29013,194,2001,November,482,117,259,16,34,0,0,0,0,3,3,961,914,1591,TLAXCALA,0.604022627278441,,,,,,,,,,,,,,,,,,,,,,,,,,,,,,,,,,,,,,,,,,,,,,,,,,,,,,,,,,,,,,,,,,,,,,,,,,,,,,,,,
HUAMANTLA,29013,195,2001,November,294,56,91,22,27,0,0,0,0,3,2,523,495,913,TLAXCALA,0.572836801752465,,,,,,,,,,,,,,,,,,,,,,,,,,,,,,,,,,,,,,,,,,,,,,,,,,,,,,,,,,,,,,,,,,,,,,,,,,,,,,,,,
HUAMANTLA,29013,196,2001,November,41,125,83,7,7,0,0,0,0,0,0,264,263,635,TLAXCALA,0.415748031496063,,,,,,,,,,,,,,,,,,,,,,,,,,,,,,,,,,,,,,,,,,,,,,,,,,,,,,,,,,,,,,,,,,,,,,,,,,,,,,,,,
HUAMANTLA,29013,197,2001,November,24,31,45,2,1,0,0,0,0,0,0,105,103,138,TLAXCALA,0.760869565217391,,,,,,,,,,,,,,,,,,,,,,,,,,,,,,,,,,,,,,,,,,,,,,,,,,,,,,,,,,,,,,,,,,,,,,,,,,,,,,,,,
HUAMANTLA,29013,198,2001,November,78,34,69,1,6,0,0,0,0,0,0,197,188,301,TLAXCALA,0.654485049833887,,,,,,,,,,,,,,,,,,,,,,,,,,,,,,,,,,,,,,,,,,,,,,,,,,,,,,,,,,,,,,,,,,,,,,,,,,,,,,,,,
HUAMANTLA,29013,199,2001,November,73,66,148,15,12,0,0,0,0,0,0,323,314,380,TLAXCALA,0.85,,,,,,,,,,,,,,,,,,,,,,,,,,,,,,,,,,,,,,,,,,,,,,,,,,,,,,,,,,,,,,,,,,,,,,,,,,,,,,,,,
HUAMANTLA,29013,200,2001,November,146,170,276,8,21,0,0,0,0,0,1,656,622,912,TLAXCALA,0.719298245614035,,,,,,,,,,,,,,,,,,,,,,,,,,,,,,,,,,,,,,,,,,,,,,,,,,,,,,,,,,,,,,,,,,,,,,,,,,,,,,,,,
HUAMANTLA,29013,201,2001,November,305,434,297,133,28,0,0,0,0,0,10,1278,1207,1867,TLAXCALA,0.684520621317622,,,,,,,,,,,,,,,,,,,,,,,,,,,,,,,,,,,,,,,,,,,,,,,,,,,,,,,,,,,,,,,,,,,,,,,,,,,,,,,,,
HUAMANTLA,29013,202,2001,November,105,46,31,25,1,0,0,0,0,0,0,228,208,323,TLAXCALA,0.705882352941177,,,,,,,,,,,,,,,,,,,,,,,,,,,,,,,,,,,,,,,,,,,,,,,,,,,,,,,,,,,,,,,,,,,,,,,,,,,,,,,,,
HUAMANTLA,29013,203,2001,November,235,239,210,145,32,0,0,0,0,0,0,925,861,1377,TLAXCALA,0.671750181554103,,,,,,,,,,,,,,,,,,,,,,,,,,,,,,,,,,,,,,,,,,,,,,,,,,,,,,,,,,,,,,,,,,,,,,,,,,,,,,,,,
HUAMANTLA,29013,204,2001,November,108,151,160,77,30,0,0,0,0,0,0,617,526,870,TLAXCALA,0.709195402298851,,,,,,,,,,,,,,,,,,,,,,,,,,,,,,,,,,,,,,,,,,,,,,,,,,,,,,,,,,,,,,,,,,,,,,,,,,,,,,,,,
HUAMANTLA,29013,205,2001,November,12,37,59,3,2,0,0,0,0,0,0,113,113,147,TLAXCALA,0.768707482993197,,,,,,,,,,,,,,,,,,,,,,,,,,,,,,,,,,,,,,,,,,,,,,,,,,,,,,,,,,,,,,,,,,,,,,,,,,,,,,,,,
HUAMANTLA,29013,206,2001,November,70,199,129,9,1,0,0,0,0,0,0,408,408,530,TLAXCALA,0.769811320754717,,,,,,,,,,,,,,,,,,,,,,,,,,,,,,,,,,,,,,,,,,,,,,,,,,,,,,,,,,,,,,,,,,,,,,,,,,,,,,,,,
HUAMANTLA,29013,207,2001,November,62,123,104,11,10,0,0,0,0,0,0,312,310,473,TLAXCALA,0.659619450317125,,,,,,,,,,,,,,,,,,,,,,,,,,,,,,,,,,,,,,,,,,,,,,,,,,,,,,,,,,,,,,,,,,,,,,,,,,,,,,,,,
HUAMANTLA,29013,208,2001,November,99,76,75,2,20,0,0,0,0,0,0,272,272,465,TLAXCALA,0.58494623655914,,,,,,,,,,,,,,,,,,,,,,,,,,,,,,,,,,,,,,,,,,,,,,,,,,,,,,,,,,,,,,,,,,,,,,,,,,,,,,,,,
HUAMANTLA,29013,209,2001,November,77,88,122,4,4,0,0,0,0,6,0,318,301,478,TLAXCALA,0.665271966527197,,,,,,,,,,,,,,,,,,,,,,,,,,,,,,,,,,,,,,,,,,,,,,,,,,,,,,,,,,,,,,,,,,,,,,,,,,,,,,,,,
HUAMANTLA,29013,210,2001,November,16,54,18,1,4,0,0,0,0,0,0,93,93,122,TLAXCALA,0.762295081967213,,,,,,,,,,,,,,,,,,,,,,,,,,,,,,,,,,,,,,,,,,,,,,,,,,,,,,,,,,,,,,,,,,,,,,,,,,,,,,,,,
HUAMANTLA,29013,211,2001,November,47,142,192,2,8,0,0,0,0,4,0,395,395,599,TLAXCALA,0.659432387312187,,,,,,,,,,,,,,,,,,,,,,,,,,,,,,,,,,,,,,,,,,,,,,,,,,,,,,,,,,,,,,,,,,,,,,,,,,,,,,,,,
HUAMANTLA,29013,212,2001,November,28,56,14,10,9,0,0,0,0,0,0,156,117,270,TLAXCALA,0.577777777777778,,,,,,,,,,,,,,,,,,,,,,,,,,,,,,,,,,,,,,,,,,,,,,,,,,,,,,,,,,,,,,,,,,,,,,,,,,,,,,,,,
HUAMANTLA,29013,213,2001,November,411,272,267,58,10,0,0,0,0,14,2,1047,1034,1615,TLAXCALA,0.648297213622291,,,,,,,,,,,,,,,,,,,,,,,,,,,,,,,,,,,,,,,,,,,,,,,,,,,,,,,,,,,,,,,,,,,,,,,,,,,,,,,,,
HUAMANTLA,29013,214,2001,November,217,259,244,18,13,0,0,0,0,9,1,808,761,1179,TLAXCALA,0.685326547921968,,,,,,,,,,,,,,,,,,,,,,,,,,,,,,,,,,,,,,,,,,,,,,,,,,,,,,,,,,,,,,,,,,,,,,,,,,,,,,,,,
HUAMANTLA,29013,215,2001,November,6,42,22,23,4,0,0,0,0,0,0,117,97,150,TLAXCALA,0.78,,,,,,,,,,,,,,,,,,,,,,,,,,,,,,,,,,,,,,,,,,,,,,,,,,,,,,,,,,,,,,,,,,,,,,,,,,,,,,,,,
HUAMANTLA,29013,216,2001,November,29,88,145,4,4,0,0,0,0,0,1,286,271,485,TLAXCALA,0.589690721649485,,,,,,,,,,,,,,,,,,,,,,,,,,,,,,,,,,,,,,,,,,,,,,,,,,,,,,,,,,,,,,,,,,,,,,,,,,,,,,,,,
HUAMANTLA,29013,217,2001,November,85,46,98,3,24,0,0,0,0,0,0,264,256,406,TLAXCALA,0.650246305418719,,,,,,,,,,,,,,,,,,,,,,,,,,,,,,,,,,,,,,,,,,,,,,,,,,,,,,,,,,,,,,,,,,,,,,,,,,,,,,,,,
HUAMANTLA,29013,218,2001,November,50,79,84,10,13,0,0,0,0,0,0,237,236,397,TLAXCALA,0.596977329974811,,,,,,,,,,,,,,,,,,,,,,,,,,,,,,,,,,,,,,,,,,,,,,,,,,,,,,,,,,,,,,,,,,,,,,,,,,,,,,,,,
HUAMANTLA,29013,219,2001,November,63,117,81,22,6,0,0,0,0,0,0,299,289,494,TLAXCALA,0.605263157894737,,,,,,,,,,,,,,,,,,,,,,,,,,,,,,,,,,,,,,,,,,,,,,,,,,,,,,,,,,,,,,,,,,,,,,,,,,,,,,,,,
HUEYOTLIPAN,29014,220,2001,November,436,298,63,12,3,0,0,0,0,48,0,910,860,1397,TLAXCALA,0.651395848246242,,,,,,,,,,,,,,,,,,,,,,,,,,,,,,,,,,,,,,,,,,,,,,,,,,,,,,,,,,,,,,,,,,,,,,,,,,,,,,,,,
HUEYOTLIPAN,29014,221,2001,November,456,366,66,21,4,0,0,0,0,17,1,962,931,1520,TLAXCALA,0.632894736842105,,,,,,,,,,,,,,,,,,,,,,,,,,,,,,,,,,,,,,,,,,,,,,,,,,,,,,,,,,,,,,,,,,,,,,,,,,,,,,,,,
HUEYOTLIPAN,29014,222,2001,November,79,128,102,73,0,0,0,0,0,0,0,382,382,634,TLAXCALA,0.602523659305994,,,,,,,,,,,,,,,,,,,,,,,,,,,,,,,,,,,,,,,,,,,,,,,,,,,,,,,,,,,,,,,,,,,,,,,,,,,,,,,,,
HUEYOTLIPAN,29014,223,2001,November,27,42,44,16,1,0,0,0,0,20,0,167,150,258,TLAXCALA,0.647286821705426,,,,,,,,,,,,,,,,,,,,,,,,,,,,,,,,,,,,,,,,,,,,,,,,,,,,,,,,,,,,,,,,,,,,,,,,,,,,,,,,,
HUEYOTLIPAN,29014,224,2001,November,54,30,121,60,3,0,0,0,0,9,0,300,277,411,TLAXCALA,0.72992700729927,,,,,,,,,,,,,,,,,,,,,,,,,,,,,,,,,,,,,,,,,,,,,,,,,,,,,,,,,,,,,,,,,,,,,,,,,,,,,,,,,
HUEYOTLIPAN,29014,225,2001,November,19,25,38,9,15,0,0,0,0,2,0,111,108,216,TLAXCALA,0.513888888888889,,,,,,,,,,,,,,,,,,,,,,,,,,,,,,,,,,,,,,,,,,,,,,,,,,,,,,,,,,,,,,,,,,,,,,,,,,,,,,,,,
HUEYOTLIPAN,29014,226,2001,November,15,33,127,13,1,0,0,0,0,11,0,216,200,323,TLAXCALA,0.668730650154799,,,,,,,,,,,,,,,,,,,,,,,,,,,,,,,,,,,,,,,,,,,,,,,,,,,,,,,,,,,,,,,,,,,,,,,,,,,,,,,,,
HUEYOTLIPAN,29014,227,2001,November,39,62,165,23,1,0,0,0,0,7,0,313,297,442,TLAXCALA,0.708144796380091,,,,,,,,,,,,,,,,,,,,,,,,,,,,,,,,,,,,,,,,,,,,,,,,,,,,,,,,,,,,,,,,,,,,,,,,,,,,,,,,,
HUEYOTLIPAN,29014,228,2001,November,28,117,882,10,4,0,0,0,0,27,1,1180,1069,2054,TLAXCALA,0.574488802336904,,,,,,,,,,,,,,,,,,,,,,,,,,,,,,,,,,,,,,,,,,,,,,,,,,,,,,,,,,,,,,,,,,,,,,,,,,,,,,,,,
HUEYOTLIPAN,29014,229,2001,November,18,23,17,0,0,0,0,0,0,11,0,74,69,94,TLAXCALA,0.787234042553192,,,,,,,,,,,,,,,,,,,,,,,,,,,,,,,,,,,,,,,,,,,,,,,,,,,,,,,,,,,,,,,,,,,,,,,,,,,,,,,,,
HUEYOTLIPAN,29014,230,2001,November,75,45,143,9,1,0,0,0,0,0,0,305,273,454,TLAXCALA,0.671806167400881,,,,,,,,,,,,,,,,,,,,,,,,,,,,,,,,,,,,,,,,,,,,,,,,,,,,,,,,,,,,,,,,,,,,,,,,,,,,,,,,,
HUEYOTLIPAN,29014,231,2001,November,31,9,33,9,4,0,0,0,0,3,0,89,89,227,TLAXCALA,0.392070484581498,,,,,,,,,,,,,,,,,,,,,,,,,,,,,,,,,,,,,,,,,,,,,,,,,,,,,,,,,,,,,,,,,,,,,,,,,,,,,,,,,
IXTACUIXTLA DE MARIANO MATAMOROS,29015,232,2001,November,22,161,429,25,0,0,0,0,0,2,0,688,639,1131,TLAXCALA,0.608311229000884,,,,,,,,,,,,,,,,,,,,,,,,,,,,,,,,,,,,,,,,,,,,,,,,,,,,,,,,,,,,,,,,,,,,,,,,,,,,,,,,,
IXTACUIXTLA DE MARIANO MATAMOROS,29015,233,2001,November,11,184,558,23,0,0,0,0,0,13,0,819,789,1324,TLAXCALA,0.618580060422961,,,,,,,,,,,,,,,,,,,,,,,,,,,,,,,,,,,,,,,,,,,,,,,,,,,,,,,,,,,,,,,,,,,,,,,,,,,,,,,,,
IXTACUIXTLA DE MARIANO MATAMOROS,29015,234,2001,November,18,109,464,24,0,0,0,0,0,2,0,633,617,968,TLAXCALA,0.653925619834711,,,,,,,,,,,,,,,,,,,,,,,,,,,,,,,,,,,,,,,,,,,,,,,,,,,,,,,,,,,,,,,,,,,,,,,,,,,,,,,,,
IXTACUIXTLA DE MARIANO MATAMOROS,29015,235,2001,November,2,48,28,16,0,0,0,0,0,1,0,108,95,148,TLAXCALA,0.72972972972973,,,,,,,,,,,,,,,,,,,,,,,,,,,,,,,,,,,,,,,,,,,,,,,,,,,,,,,,,,,,,,,,,,,,,,,,,,,,,,,,,
IXTACUIXTLA DE MARIANO MATAMOROS,29015,236,2001,November,1,35,83,7,0,0,0,0,0,2,0,128,128,225,TLAXCALA,0.568888888888889,,,,,,,,,,,,,,,,,,,,,,,,,,,,,,,,,,,,,,,,,,,,,,,,,,,,,,,,,,,,,,,,,,,,,,,,,,,,,,,,,
IXTACUIXTLA DE MARIANO MATAMOROS,29015,237,2001,November,2,40,64,8,0,0,0,0,0,0,0,121,114,287,TLAXCALA,0.421602787456446,,,,,,,,,,,,,,,,,,,,,,,,,,,,,,,,,,,,,,,,,,,,,,,,,,,,,,,,,,,,,,,,,,,,,,,,,,,,,,,,,
IXTACUIXTLA DE MARIANO MATAMOROS,29015,238,2001,November,0,55,39,15,0,0,0,0,0,0,0,110,109,252,TLAXCALA,0.436507936507937,,,,,,,,,,,,,,,,,,,,,,,,,,,,,,,,,,,,,,,,,,,,,,,,,,,,,,,,,,,,,,,,,,,,,,,,,,,,,,,,,
IXTACUIXTLA DE MARIANO MATAMOROS,29015,239,2001,November,3,78,64,8,0,0,0,0,0,2,0,159,155,389,TLAXCALA,0.408740359897172,,,,,,,,,,,,,,,,,,,,,,,,,,,,,,,,,,,,,,,,,,,,,,,,,,,,,,,,,,,,,,,,,,,,,,,,,,,,,,,,,
IXTACUIXTLA DE MARIANO MATAMOROS,29015,240,2001,November,10,79,122,8,0,0,0,0,0,34,0,270,253,533,TLAXCALA,0.50656660412758,,,,,,,,,,,,,,,,,,,,,,,,,,,,,,,,,,,,,,,,,,,,,,,,,,,,,,,,,,,,,,,,,,,,,,,,,,,,,,,,,
IXTACUIXTLA DE MARIANO MATAMOROS,29015,241,2001,November,63,171,245,34,0,0,0,0,0,32,0,584,545,1145,TLAXCALA,0.510043668122271,,,,,,,,,,,,,,,,,,,,,,,,,,,,,,,,,,,,,,,,,,,,,,,,,,,,,,,,,,,,,,,,,,,,,,,,,,,,,,,,,
IXTACUIXTLA DE MARIANO MATAMOROS,29015,242,2001,November,55,188,130,12,0,0,0,0,0,13,0,419,398,945,TLAXCALA,0.443386243386243,,,,,,,,,,,,,,,,,,,,,,,,,,,,,,,,,,,,,,,,,,,,,,,,,,,,,,,,,,,,,,,,,,,,,,,,,,,,,,,,,
IXTACUIXTLA DE MARIANO MATAMOROS,29015,243,2001,November,5,64,60,11,0,0,0,0,0,0,0,147,140,223,TLAXCALA,0.659192825112108,,,,,,,,,,,,,,,,,,,,,,,,,,,,,,,,,,,,,,,,,,,,,,,,,,,,,,,,,,,,,,,,,,,,,,,,,,,,,,,,,
IXTACUIXTLA DE MARIANO MATAMOROS,29015,244,2001,November,2,78,97,3,0,0,0,0,0,18,0,222,198,403,TLAXCALA,0.550868486352357,,,,,,,,,,,,,,,,,,,,,,,,,,,,,,,,,,,,,,,,,,,,,,,,,,,,,,,,,,,,,,,,,,,,,,,,,,,,,,,,,
IXTACUIXTLA DE MARIANO MATAMOROS,29015,245,2001,November,31,749,235,17,0,0,0,0,0,13,0,1138,1045,1615,TLAXCALA,0.704643962848297,,,,,,,,,,,,,,,,,,,,,,,,,,,,,,,,,,,,,,,,,,,,,,,,,,,,,,,,,,,,,,,,,,,,,,,,,,,,,,,,,
IXTACUIXTLA DE MARIANO MATAMOROS,29015,246,2001,November,2,146,154,2,0,0,0,0,0,12,0,323,316,459,TLAXCALA,0.703703703703704,,,,,,,,,,,,,,,,,,,,,,,,,,,,,,,,,,,,,,,,,,,,,,,,,,,,,,,,,,,,,,,,,,,,,,,,,,,,,,,,,
IXTACUIXTLA DE MARIANO MATAMOROS,29015,247,2001,November,47,173,414,22,0,0,0,0,0,18,0,704,674,1162,TLAXCALA,0.605851979345955,,,,,,,,,,,,,,,,,,,,,,,,,,,,,,,,,,,,,,,,,,,,,,,,,,,,,,,,,,,,,,,,,,,,,,,,,,,,,,,,,
IXTACUIXTLA DE MARIANO MATAMOROS,29015,248,2001,November,40,156,289,46,0,0,0,0,0,6,0,578,537,869,TLAXCALA,0.665132336018412,,,,,,,,,,,,,,,,,,,,,,,,,,,,,,,,,,,,,,,,,,,,,,,,,,,,,,,,,,,,,,,,,,,,,,,,,,,,,,,,,
IXTACUIXTLA DE MARIANO MATAMOROS,29015,249,2001,November,18,50,90,20,0,0,0,0,0,9,0,220,187,405,TLAXCALA,0.54320987654321,,,,,,,,,,,,,,,,,,,,,,,,,,,,,,,,,,,,,,,,,,,,,,,,,,,,,,,,,,,,,,,,,,,,,,,,,,,,,,,,,
IXTACUIXTLA DE MARIANO MATAMOROS,29015,250,2001,November,19,122,231,30,0,0,0,0,0,4,0,429,406,636,TLAXCALA,0.674528301886793,,,,,,,,,,,,,,,,,,,,,,,,,,,,,,,,,,,,,,,,,,,,,,,,,,,,,,,,,,,,,,,,,,,,,,,,,,,,,,,,,
IXTACUIXTLA DE MARIANO MATAMOROS,29015,251,2001,November,221,431,321,25,0,0,0,0,0,22,0,1068,1020,1892,TLAXCALA,0.564482029598309,,,,,,,,,,,,,,,,,,,,,,,,,,,,,,,,,,,,,,,,,,,,,,,,,,,,,,,,,,,,,,,,,,,,,,,,,,,,,,,,,
IXTACUIXTLA DE MARIANO MATAMOROS,29015,252,2001,November,13,214,239,22,0,0,0,0,0,18,0,518,506,1159,TLAXCALA,0.446937014667817,,,,,,,,,,,,,,,,,,,,,,,,,,,,,,,,,,,,,,,,,,,,,,,,,,,,,,,,,,,,,,,,,,,,,,,,,,,,,,,,,
IXTACUIXTLA DE MARIANO MATAMOROS,29015,253,2001,November,18,174,260,37,0,0,0,0,0,31,0,537,520,1234,TLAXCALA,0.43517017828201,,,,,,,,,,,,,,,,,,,,,,,,,,,,,,,,,,,,,,,,,,,,,,,,,,,,,,,,,,,,,,,,,,,,,,,,,,,,,,,,,
IXTACUIXTLA DE MARIANO MATAMOROS,29015,256,2001,November,57,121,139,11,0,0,0,0,0,139,0,520,467,1043,TLAXCALA,0.49856184084372,,,,,,,,,,,,,,,,,,,,,,,,,,,,,,,,,,,,,,,,,,,,,,,,,,,,,,,,,,,,,,,,,,,,,,,,,,,,,,,,,
IXTACUIXTLA DE MARIANO MATAMOROS,29015,257,2001,November,20,105,49,6,0,0,0,0,0,110,0,336,290,682,TLAXCALA,0.49266862170088,,,,,,,,,,,,,,,,,,,,,,,,,,,,,,,,,,,,,,,,,,,,,,,,,,,,,,,,,,,,,,,,,,,,,,,,,,,,,,,,,
IXTACUIXTLA DE MARIANO MATAMOROS,29015,258,2001,November,16,55,106,7,0,0,0,0,0,0,0,186,184,378,TLAXCALA,0.492063492063492,,,,,,,,,,,,,,,,,,,,,,,,,,,,,,,,,,,,,,,,,,,,,,,,,,,,,,,,,,,,,,,,,,,,,,,,,,,,,,,,,
IXTENCO,29016,259,2001,November,59,198,96,63,22,0,0,133,8,0,126,754,705,1154,TLAXCALA,0.653379549393414,,,,,,,,,,,,,,,,,,,,,,,,,,,,,,,,,,,,,,,,,,,,,,,,,,,,,,,,,,,,,,,,,,,,,,,,,,,,,,,,,
IXTENCO,29016,260,2001,November,31,162,93,67,17,0,0,77,9,0,149,617,605,1006,TLAXCALA,0.613320079522863,,,,,,,,,,,,,,,,,,,,,,,,,,,,,,,,,,,,,,,,,,,,,,,,,,,,,,,,,,,,,,,,,,,,,,,,,,,,,,,,,
IXTENCO,29016,261,2001,November,14,191,119,147,21,0,0,117,8,0,124,754,741,1224,TLAXCALA,0.616013071895425,,,,,,,,,,,,,,,,,,,,,,,,,,,,,,,,,,,,,,,,,,,,,,,,,,,,,,,,,,,,,,,,,,,,,,,,,,,,,,,,,
IXTENCO,29016,262,2001,November,25,83,52,65,27,0,0,62,20,0,72,437,406,716,TLAXCALA,0.610335195530726,,,,,,,,,,,,,,,,,,,,,,,,,,,,,,,,,,,,,,,,,,,,,,,,,,,,,,,,,,,,,,,,,,,,,,,,,,,,,,,,,
LA MAGDALENA TLALTELULCO,29048,150,2001,November,19,7,87,17,30,0,0,3,0,2,0,165,165,606,TLAXCALA,0.272277227722772,,,,,,,,,,,,,,,,,,,,,,,,,,,,,,,,,,,,,,,,,,,,,,,,,,,,,,,,,,,,,,,,,,,,,,,,,,,,,,,,,
LA MAGDALENA TLALTELULCO,29048,151,2001,November,518,329,321,203,111,0,0,25,0,68,0,1619,1575,2411,TLAXCALA,0.671505599336375,,,,,,,,,,,,,,,,,,,,,,,,,,,,,,,,,,,,,,,,,,,,,,,,,,,,,,,,,,,,,,,,,,,,,,,,,,,,,,,,,
LA MAGDALENA TLALTELULCO,29048,152,2001,November,158,463,188,55,105,0,0,4,0,10,0,1001,983,1473,TLAXCALA,0.679565512559403,,,,,,,,,,,,,,,,,,,,,,,,,,,,,,,,,,,,,,,,,,,,,,,,,,,,,,,,,,,,,,,,,,,,,,,,,,,,,,,,,
LA MAGDALENA TLALTELULCO,29048,153,2001,November,109,162,100,52,137,0,0,8,0,3,0,592,571,898,TLAXCALA,0.65924276169265,,,,,,,,,,,,,,,,,,,,,,,,,,,,,,,,,,,,,,,,,,,,,,,,,,,,,,,,,,,,,,,,,,,,,,,,,,,,,,,,,
LA MAGDALENA TLALTELULCO,29048,154,2001,November,217,131,97,43,132,0,0,25,0,24,0,674,669,1045,TLAXCALA,0.644976076555024,,,,,,,,,,,,,,,,,,,,,,,,,,,,,,,,,,,,,,,,,,,,,,,,,,,,,,,,,,,,,,,,,,,,,,,,,,,,,,,,,
LA MAGDALENA TLALTELULCO,29048,155,2001,November,147,145,86,65,158,0,0,15,0,13,0,640,629,1003,TLAXCALA,0.638085742771685,,,,,,,,,,,,,,,,,,,,,,,,,,,,,,,,,,,,,,,,,,,,,,,,,,,,,,,,,,,,,,,,,,,,,,,,,,,,,,,,,
LAZARO CARDENAS,29047,402,2001,November,3,60,38,41,0,0,0,0,0,2,0,147,144,176,TLAXCALA,0.835227272727273,,,,,,,,,,,,,,,,,,,,,,,,,,,,,,,,,,,,,,,,,,,,,,,,,,,,,,,,,,,,,,,,,,,,,,,,,,,,,,,,,
LAZARO CARDENAS,29047,606,2001,November,93,354,333,74,0,0,0,0,0,40,0,912,894,1192,TLAXCALA,0.76510067114094,,,,,,,,,,,,,,,,,,,,,,,,,,,,,,,,,,,,,,,,,,,,,,,,,,,,,,,,,,,,,,,,,,,,,,,,,,,,,,,,,
MAZATECOCHCO DE JOSE MARIA MORELOS,29017,263,2001,November,407,270,176,15,0,0,0,0,0,0,1,898,869,1276,TLAXCALA,0.703761755485893,,,,,,,,,,,,,,,,,,,,,,,,,,,,,,,,,,,,,,,,,,,,,,,,,,,,,,,,,,,,,,,,,,,,,,,,,,,,,,,,,
MAZATECOCHCO DE JOSE MARIA MORELOS,29017,264,2001,November,173,286,237,14,0,0,0,0,0,0,0,732,710,1062,TLAXCALA,0.689265536723164,,,,,,,,,,,,,,,,,,,,,,,,,,,,,,,,,,,,,,,,,,,,,,,,,,,,,,,,,,,,,,,,,,,,,,,,,,,,,,,,,
MAZATECOCHCO DE JOSE MARIA MORELOS,29017,265,2001,November,71,188,402,22,0,0,0,0,0,0,0,696,683,1031,TLAXCALA,0.675072744907856,,,,,,,,,,,,,,,,,,,,,,,,,,,,,,,,,,,,,,,,,,,,,,,,,,,,,,,,,,,,,,,,,,,,,,,,,,,,,,,,,
MAZATECOCHCO DE JOSE MARIA MORELOS,29017,266,2001,November,168,293,309,27,0,0,0,0,0,0,6,824,803,1188,TLAXCALA,0.693602693602694,,,,,,,,,,,,,,,,,,,,,,,,,,,,,,,,,,,,,,,,,,,,,,,,,,,,,,,,,,,,,,,,,,,,,,,,,,,,,,,,,
MUNOZ DE DOMINGO ARENAS,29011,161,2001,November,102,208,244,248,0,0,0,0,0,69,0,887,871,1219,TLAXCALA,0.727645611156686,,,,,,,,,,,,,,,,,,,,,,,,,,,,,,,,,,,,,,,,,,,,,,,,,,,,,,,,,,,,,,,,,,,,,,,,,,,,,,,,,
MUNOZ DE DOMINGO ARENAS,29011,162,2001,November,293,59,26,35,0,0,0,0,0,8,0,471,421,718,TLAXCALA,0.655988857938719,,,,,,,,,,,,,,,,,,,,,,,,,,,,,,,,,,,,,,,,,,,,,,,,,,,,,,,,,,,,,,,,,,,,,,,,,,,,,,,,,
MUNOZ DE DOMINGO ARENAS,29011,163,2001,November,49,34,18,96,0,0,0,0,0,14,0,211,211,299,TLAXCALA,0.705685618729097,,,,,,,,,,,,,,,,,,,,,,,,,,,,,,,,,,,,,,,,,,,,,,,,,,,,,,,,,,,,,,,,,,,,,,,,,,,,,,,,,
MUNOZ DE DOMINGO ARENAS,29011,164,2001,November,6,43,18,49,0,0,0,0,0,8,0,124,124,149,TLAXCALA,0.832214765100671,,,,,,,,,,,,,,,,,,,,,,,,,,,,,,,,,,,,,,,,,,,,,,,,,,,,,,,,,,,,,,,,,,,,,,,,,,,,,,,,,
NANACAMILPA DE MARIANO ARISTA,29021,299,2001,November,65,230,182,342,14,0,0,17,0,10,30,910,890,1641,TLAXCALA,0.554539914686167,,,,,,,,,,,,,,,,,,,,,,,,,,,,,,,,,,,,,,,,,,,,,,,,,,,,,,,,,,,,,,,,,,,,,,,,,,,,,,,,,
NANACAMILPA DE MARIANO ARISTA,29021,300,2001,November,79,201,68,157,24,0,0,20,0,1,81,653,631,1146,TLAXCALA,0.569808027923211,,,,,,,,,,,,,,,,,,,,,,,,,,,,,,,,,,,,,,,,,,,,,,,,,,,,,,,,,,,,,,,,,,,,,,,,,,,,,,,,,
NANACAMILPA DE MARIANO ARISTA,29021,301,2001,November,129,490,161,175,17,0,0,13,0,0,37,1043,1022,1841,TLAXCALA,0.566539923954373,,,,,,,,,,,,,,,,,,,,,,,,,,,,,,,,,,,,,,,,,,,,,,,,,,,,,,,,,,,,,,,,,,,,,,,,,,,,,,,,,
NANACAMILPA DE MARIANO ARISTA,29021,302,2001,November,118,360,226,172,22,0,0,36,0,1,22,976,957,1798,TLAXCALA,0.542825361512792,,,,,,,,,,,,,,,,,,,,,,,,,,,,,,,,,,,,,,,,,,,,,,,,,,,,,,,,,,,,,,,,,,,,,,,,,,,,,,,,,
NANACAMILPA DE MARIANO ARISTA,29021,303,2001,November,43,235,66,125,3,0,0,3,0,0,30,509,505,862,TLAXCALA,0.590487238979118,,,,,,,,,,,,,,,,,,,,,,,,,,,,,,,,,,,,,,,,,,,,,,,,,,,,,,,,,,,,,,,,,,,,,,,,,,,,,,,,,
NANACAMILPA DE MARIANO ARISTA,29021,304,2001,November,20,121,100,40,5,0,0,11,0,0,40,345,337,730,TLAXCALA,0.472602739726027,,,,,,,,,,,,,,,,,,,,,,,,,,,,,,,,,,,,,,,,,,,,,,,,,,,,,,,,,,,,,,,,,,,,,,,,,,,,,,,,,
NANACAMILPA DE MARIANO ARISTA,29021,305,2001,November,26,67,47,8,0,0,0,9,0,1,9,170,167,258,TLAXCALA,0.658914728682171,,,,,,,,,,,,,,,,,,,,,,,,,,,,,,,,,,,,,,,,,,,,,,,,,,,,,,,,,,,,,,,,,,,,,,,,,,,,,,,,,
NANACAMILPA DE MARIANO ARISTA,29021,306,2001,November,2,30,36,2,0,0,0,3,0,0,6,80,79,88,TLAXCALA,0.909090909090909,,,,,,,,,,,,,,,,,,,,,,,,,,,,,,,,,,,,,,,,,,,,,,,,,,,,,,,,,,,,,,,,,,,,,,,,,,,,,,,,,
NANACAMILPA DE MARIANO ARISTA,29021,307,2001,November,5,87,42,30,2,0,0,3,0,1,4,185,174,337,TLAXCALA,0.548961424332344,,,,,,,,,,,,,,,,,,,,,,,,,,,,,,,,,,,,,,,,,,,,,,,,,,,,,,,,,,,,,,,,,,,,,,,,,,,,,,,,,
NANACAMILPA DE MARIANO ARISTA,29021,308,2001,November,64,169,226,66,1,0,0,3,0,0,2,541,531,754,TLAXCALA,0.717506631299735,,,,,,,,,,,,,,,,,,,,,,,,,,,,,,,,,,,,,,,,,,,,,,,,,,,,,,,,,,,,,,,,,,,,,,,,,,,,,,,,,
NATIVITAS,29023,318,2001,November,156,91,18,58,31,0,0,51,36,14,0,464,455,752,TLAXCALA,0.617021276595745,,,,,,,,,,,,,,,,,,,,,,,,,,,,,,,,,,,,,,,,,,,,,,,,,,,,,,,,,,,,,,,,,,,,,,,,,,,,,,,,,
NATIVITAS,29023,319,2001,November,266,218,40,226,89,0,0,162,45,11,0,1099,1057,1919,TLAXCALA,0.572694111516415,,,,,,,,,,,,,,,,,,,,,,,,,,,,,,,,,,,,,,,,,,,,,,,,,,,,,,,,,,,,,,,,,,,,,,,,,,,,,,,,,
NATIVITAS,29023,320,2001,November,56,82,15,79,12,0,0,31,0,3,0,292,278,425,TLAXCALA,0.687058823529412,,,,,,,,,,,,,,,,,,,,,,,,,,,,,,,,,,,,,,,,,,,,,,,,,,,,,,,,,,,,,,,,,,,,,,,,,,,,,,,,,
NATIVITAS,29023,321,2001,November,21,83,3,40,21,0,0,44,7,15,0,249,234,465,TLAXCALA,0.535483870967742,,,,,,,,,,,,,,,,,,,,,,,,,,,,,,,,,,,,,,,,,,,,,,,,,,,,,,,,,,,,,,,,,,,,,,,,,,,,,,,,,
NATIVITAS,29023,322,2001,November,120,90,20,107,32,0,0,83,13,2,0,493,467,758,TLAXCALA,0.650395778364116,,,,,,,,,,,,,,,,,,,,,,,,,,,,,,,,,,,,,,,,,,,,,,,,,,,,,,,,,,,,,,,,,,,,,,,,,,,,,,,,,
NATIVITAS,29023,323,2001,November,134,142,232,43,30,0,0,62,8,5,0,681,656,1307,TLAXCALA,0.521040550879878,,,,,,,,,,,,,,,,,,,,,,,,,,,,,,,,,,,,,,,,,,,,,,,,,,,,,,,,,,,,,,,,,,,,,,,,,,,,,,,,,
NATIVITAS,29023,324,2001,November,31,101,18,29,8,0,0,62,2,0,0,261,251,436,TLAXCALA,0.598623853211009,,,,,,,,,,,,,,,,,,,,,,,,,,,,,,,,,,,,,,,,,,,,,,,,,,,,,,,,,,,,,,,,,,,,,,,,,,,,,,,,,
NATIVITAS,29023,325,2001,November,127,150,19,105,3,0,0,48,55,3,0,535,510,1022,TLAXCALA,0.523483365949119,,,,,,,,,,,,,,,,,,,,,,,,,,,,,,,,,,,,,,,,,,,,,,,,,,,,,,,,,,,,,,,,,,,,,,,,,,,,,,,,,
NATIVITAS,29023,326,2001,November,54,514,90,73,76,0,0,186,6,3,0,1053,1002,1509,TLAXCALA,0.697813121272366,,,,,,,,,,,,,,,,,,,,,,,,,,,,,,,,,,,,,,,,,,,,,,,,,,,,,,,,,,,,,,,,,,,,,,,,,,,,,,,,,
NATIVITAS,29023,327,2001,November,99,314,32,164,30,0,0,101,5,4,0,806,749,1258,TLAXCALA,0.640699523052464,,,,,,,,,,,,,,,,,,,,,,,,,,,,,,,,,,,,,,,,,,,,,,,,,,,,,,,,,,,,,,,,,,,,,,,,,,,,,,,,,
NATIVITAS,29023,328,2001,November,210,25,16,31,9,0,0,52,17,3,0,363,363,651,TLAXCALA,0.557603686635945,,,,,,,,,,,,,,,,,,,,,,,,,,,,,,,,,,,,,,,,,,,,,,,,,,,,,,,,,,,,,,,,,,,,,,,,,,,,,,,,,
NATIVITAS,29023,329,2001,November,102,211,17,130,54,0,0,67,7,12,0,642,600,1041,TLAXCALA,0.61671469740634,,,,,,,,,,,,,,,,,,,,,,,,,,,,,,,,,,,,,,,,,,,,,,,,,,,,,,,,,,,,,,,,,,,,,,,,,,,,,,,,,
NATIVITAS,29023,330,2001,November,101,103,37,106,46,0,0,55,30,17,0,518,495,842,TLAXCALA,0.61520190023753,,,,,,,,,,,,,,,,,,,,,,,,,,,,,,,,,,,,,,,,,,,,,,,,,,,,,,,,,,,,,,,,,,,,,,,,,,,,,,,,,
NATIVITAS,29023,331,2001,November,29,171,4,60,104,0,0,28,12,0,0,426,408,676,TLAXCALA,0.6301775147929,,,,,,,,,,,,,,,,,,,,,,,,,,,,,,,,,,,,,,,,,,,,,,,,,,,,,,,,,,,,,,,,,,,,,,,,,,,,,,,,,
PANOTLA,29024,332,2001,November,32,73,18,16,0,0,0,0,0,2,0,169,141,1015,TLAXCALA,0.166502463054187,,,,,,,,,,,,,,,,,,,,,,,,,,,,,,,,,,,,,,,,,,,,,,,,,,,,,,,,,,,,,,,,,,,,,,,,,,,,,,,,,
PANOTLA,29024,333,2001,November,16,48,34,19,0,0,0,0,0,5,0,125,122,263,TLAXCALA,0.475285171102662,,,,,,,,,,,,,,,,,,,,,,,,,,,,,,,,,,,,,,,,,,,,,,,,,,,,,,,,,,,,,,,,,,,,,,,,,,,,,,,,,
PANOTLA,29024,334,2001,November,38,158,98,131,0,0,0,0,0,53,0,497,478,896,TLAXCALA,0.5546875,,,,,,,,,,,,,,,,,,,,,,,,,,,,,,,,,,,,,,,,,,,,,,,,,,,,,,,,,,,,,,,,,,,,,,,,,,,,,,,,,
PANOTLA,29024,335,2001,November,23,85,64,143,0,0,0,0,0,7,0,331,322,596,TLAXCALA,0.555369127516778,,,,,,,,,,,,,,,,,,,,,,,,,,,,,,,,,,,,,,,,,,,,,,,,,,,,,,,,,,,,,,,,,,,,,,,,,,,,,,,,,
PANOTLA,29024,336,2001,November,77,229,211,368,0,0,0,0,0,52,0,972,937,1665,TLAXCALA,0.583783783783784,,,,,,,,,,,,,,,,,,,,,,,,,,,,,,,,,,,,,,,,,,,,,,,,,,,,,,,,,,,,,,,,,,,,,,,,,,,,,,,,,
PANOTLA,29024,337,2001,November,120,207,170,388,0,0,0,0,0,29,0,942,914,1529,TLAXCALA,0.616088947024199,,,,,,,,,,,,,,,,,,,,,,,,,,,,,,,,,,,,,,,,,,,,,,,,,,,,,,,,,,,,,,,,,,,,,,,,,,,,,,,,,
PANOTLA,29024,338,2001,November,27,219,203,168,0,0,0,0,0,30,0,680,647,1418,TLAXCALA,0.479548660084626,,,,,,,,,,,,,,,,,,,,,,,,,,,,,,,,,,,,,,,,,,,,,,,,,,,,,,,,,,,,,,,,,,,,,,,,,,,,,,,,,
PANOTLA,29024,339,2001,November,3,43,62,224,0,0,0,0,0,0,0,368,332,726,TLAXCALA,0.506887052341598,,,,,,,,,,,,,,,,,,,,,,,,,,,,,,,,,,,,,,,,,,,,,,,,,,,,,,,,,,,,,,,,,,,,,,,,,,,,,,,,,
PANOTLA,29024,340,2001,November,9,80,11,131,0,0,0,0,0,5,0,250,236,633,TLAXCALA,0.394944707740916,,,,,,,,,,,,,,,,,,,,,,,,,,,,,,,,,,,,,,,,,,,,,,,,,,,,,,,,,,,,,,,,,,,,,,,,,,,,,,,,,
PANOTLA,29024,341,2001,November,1,12,8,56,0,0,0,0,0,2,0,83,79,109,TLAXCALA,0.761467889908257,,,,,,,,,,,,,,,,,,,,,,,,,,,,,,,,,,,,,,,,,,,,,,,,,,,,,,,,,,,,,,,,,,,,,,,,,,,,,,,,,
PANOTLA,29024,342,2001,November,22,385,105,213,0,0,0,0,0,3,0,764,728,1226,TLAXCALA,0.623164763458401,,,,,,,,,,,,,,,,,,,,,,,,,,,,,,,,,,,,,,,,,,,,,,,,,,,,,,,,,,,,,,,,,,,,,,,,,,,,,,,,,
PANOTLA,29024,343,2001,November,2,98,198,41,0,0,0,0,0,0,0,339,339,430,TLAXCALA,0.788372093023256,,,,,,,,,,,,,,,,,,,,,,,,,,,,,,,,,,,,,,,,,,,,,,,,,,,,,,,,,,,,,,,,,,,,,,,,,,,,,,,,,
PANOTLA,29024,344,2001,November,8,106,13,193,0,0,0,0,0,8,0,335,328,439,TLAXCALA,0.763097949886105,,,,,,,,,,,,,,,,,,,,,,,,,,,,,,,,,,,,,,,,,,,,,,,,,,,,,,,,,,,,,,,,,,,,,,,,,,,,,,,,,
PANOTLA,29024,345,2001,November,40,269,168,246,0,0,0,0,0,2,0,744,725,1088,TLAXCALA,0.683823529411765,,,,,,,,,,,,,,,,,,,,,,,,,,,,,,,,,,,,,,,,,,,,,,,,,,,,,,,,,,,,,,,,,,,,,,,,,,,,,,,,,
PANOTLA,29024,346,2001,November,98,308,123,242,0,0,0,0,0,18,0,830,789,1342,TLAXCALA,0.618479880774963,,,,,,,,,,,,,,,,,,,,,,,,,,,,,,,,,,,,,,,,,,,,,,,,,,,,,,,,,,,,,,,,,,,,,,,,,,,,,,,,,
PANOTLA,29024,347,2001,November,66,285,126,243,0,0,0,0,0,8,0,750,728,1149,TLAXCALA,0.652741514360313,,,,,,,,,,,,,,,,,,,,,,,,,,,,,,,,,,,,,,,,,,,,,,,,,,,,,,,,,,,,,,,,,,,,,,,,,,,,,,,,,
PAPALOTLA DE XICOHTENCATL,29041,558,2001,November,311,217,348,22,43,0,0,0,0,0,0,972,941,1670,TLAXCALA,0.582035928143713,,,,,,,,,,,,,,,,,,,,,,,,,,,,,,,,,,,,,,,,,,,,,,,,,,,,,,,,,,,,,,,,,,,,,,,,,,,,,,,,,
PAPALOTLA DE XICOHTENCATL,29041,559,2001,November,188,288,162,52,84,0,0,0,0,0,0,804,774,1449,TLAXCALA,0.554865424430642,,,,,,,,,,,,,,,,,,,,,,,,,,,,,,,,,,,,,,,,,,,,,,,,,,,,,,,,,,,,,,,,,,,,,,,,,,,,,,,,,
PAPALOTLA DE XICOHTENCATL,29041,560,2001,November,191,267,126,19,55,0,0,0,0,0,0,674,658,1581,TLAXCALA,0.426312460468058,,,,,,,,,,,,,,,,,,,,,,,,,,,,,,,,,,,,,,,,,,,,,,,,,,,,,,,,,,,,,,,,,,,,,,,,,,,,,,,,,
PAPALOTLA DE XICOHTENCATL,29041,561,2001,November,172,303,278,30,114,0,0,0,0,0,0,918,897,1695,TLAXCALA,0.541592920353982,,,,,,,,,,,,,,,,,,,,,,,,,,,,,,,,,,,,,,,,,,,,,,,,,,,,,,,,,,,,,,,,,,,,,,,,,,,,,,,,,
PAPALOTLA DE XICOHTENCATL,29041,562,2001,November,163,172,218,11,137,0,0,0,0,0,0,726,701,1301,TLAXCALA,0.558032282859339,,,,,,,,,,,,,,,,,,,,,,,,,,,,,,,,,,,,,,,,,,,,,,,,,,,,,,,,,,,,,,,,,,,,,,,,,,,,,,,,,
PAPALOTLA DE XICOHTENCATL,29041,563,2001,November,117,322,256,6,46,0,0,0,0,0,0,755,747,1298,TLAXCALA,0.581664098613251,,,,,,,,,,,,,,,,,,,,,,,,,,,,,,,,,,,,,,,,,,,,,,,,,,,,,,,,,,,,,,,,,,,,,,,,,,,,,,,,,
PAPALOTLA DE XICOHTENCATL,29041,564,2001,November,216,214,140,29,48,0,0,0,0,0,0,710,647,1250,TLAXCALA,0.568,,,,,,,,,,,,,,,,,,,,,,,,,,,,,,,,,,,,,,,,,,,,,,,,,,,,,,,,,,,,,,,,,,,,,,,,,,,,,,,,,
PAPALOTLA DE XICOHTENCATL,29041,565,2001,November,99,146,62,20,29,0,0,0,0,0,0,429,356,671,TLAXCALA,0.639344262295082,,,,,,,,,,,,,,,,,,,,,,,,,,,,,,,,,,,,,,,,,,,,,,,,,,,,,,,,,,,,,,,,,,,,,,,,,,,,,,,,,
PAPALOTLA DE XICOHTENCATL,29041,566,2001,November,55,221,168,16,17,0,0,0,0,0,0,560,477,845,TLAXCALA,0.662721893491124,,,,,,,,,,,,,,,,,,,,,,,,,,,,,,,,,,,,,,,,,,,,,,,,,,,,,,,,,,,,,,,,,,,,,,,,,,,,,,,,,
PAPALOTLA DE XICOHTENCATL,29041,567,2001,November,64,62,177,18,28,0,0,0,0,0,0,477,349,790,TLAXCALA,0.60379746835443,,,,,,,,,,,,,,,,,,,,,,,,,,,,,,,,,,,,,,,,,,,,,,,,,,,,,,,,,,,,,,,,,,,,,,,,,,,,,,,,,
PAPALOTLA DE XICOHTENCATL,29041,568,2001,November,34,63,81,6,55,0,0,0,0,0,0,253,239,534,TLAXCALA,0.473782771535581,,,,,,,,,,,,,,,,,,,,,,,,,,,,,,,,,,,,,,,,,,,,,,,,,,,,,,,,,,,,,,,,,,,,,,,,,,,,,,,,,
PAPALOTLA DE XICOHTENCATL,29041,569,2001,November,19,58,53,3,34,0,0,0,0,0,0,169,167,354,TLAXCALA,0.477401129943503,,,,,,,,,,,,,,,,,,,,,,,,,,,,,,,,,,,,,,,,,,,,,,,,,,,,,,,,,,,,,,,,,,,,,,,,,,,,,,,,,
SAN DAMIAN TEXOLOC,29049,429,2001,November,273,207,365,72,0,0,0,0,0,0,0,986,917,1435,TLAXCALA,0.687108013937282,,,,,,,,,,,,,,,,,,,,,,,,,,,,,,,,,,,,,,,,,,,,,,,,,,,,,,,,,,,,,,,,,,,,,,,,,,,,,,,,,
SAN DAMIAN TEXOLOC,29049,430,2001,November,168,374,283,127,0,0,0,0,0,0,0,1001,952,1434,TLAXCALA,0.698047419804742,,,,,,,,,,,,,,,,,,,,,,,,,,,,,,,,,,,,,,,,,,,,,,,,,,,,,,,,,,,,,,,,,,,,,,,,,,,,,,,,,
SAN FRANCISCO TETLANOHCAN,29050,158,2001,November,20,457,398,324,0,0,0,208,0,0,0,1475,1407,2064,TLAXCALA,0.714631782945737,,,,,,,,,,,,,,,,,,,,,,,,,,,,,,,,,,,,,,,,,,,,,,,,,,,,,,,,,,,,,,,,,,,,,,,,,,,,,,,,,
SAN FRANCISCO TETLANOHCAN,29050,159,2001,November,16,258,519,44,0,0,0,241,0,0,0,1094,1078,1534,TLAXCALA,0.713168187744459,,,,,,,,,,,,,,,,,,,,,,,,,,,,,,,,,,,,,,,,,,,,,,,,,,,,,,,,,,,,,,,,,,,,,,,,,,,,,,,,,
SAN FRANCISCO TETLANOHCAN,29050,160,2001,November,14,278,490,95,0,0,0,333,0,0,0,1249,1210,1764,TLAXCALA,0.708049886621315,,,,,,,,,,,,,,,,,,,,,,,,,,,,,,,,,,,,,,,,,,,,,,,,,,,,,,,,,,,,,,,,,,,,,,,,,,,,,,,,,
SAN JERONIMO ZACUALPAN,29051,432,2001,November,26,299,62,245,0,0,0,4,0,0,0,670,636,949,TLAXCALA,0.706006322444679,,,,,,,,,,,,,,,,,,,,,,,,,,,,,,,,,,,,,,,,,,,,,,,,,,,,,,,,,,,,,,,,,,,,,,,,,,,,,,,,,
SAN JERONIMO ZACUALPAN,29051,433,2001,November,20,342,154,284,0,0,0,13,0,0,0,835,813,1241,TLAXCALA,0.672844480257857,,,,,,,,,,,,,,,,,,,,,,,,,,,,,,,,,,,,,,,,,,,,,,,,,,,,,,,,,,,,,,,,,,,,,,,,,,,,,,,,,
SAN JOSE TEACALCO,29052,531,2001,November,75,179,194,54,0,0,0,0,0,11,0,518,513,703,TLAXCALA,0.736842105263158,,,,,,,,,,,,,,,,,,,,,,,,,,,,,,,,,,,,,,,,,,,,,,,,,,,,,,,,,,,,,,,,,,,,,,,,,,,,,,,,,
SAN JOSE TEACALCO,29052,532,2001,November,39,147,129,55,0,0,0,0,0,8,0,380,378,517,TLAXCALA,0.735009671179884,,,,,,,,,,,,,,,,,,,,,,,,,,,,,,,,,,,,,,,,,,,,,,,,,,,,,,,,,,,,,,,,,,,,,,,,,,,,,,,,,
SAN JOSE TEACALCO,29052,533,2001,November,140,109,70,7,0,0,0,0,0,8,0,342,334,486,TLAXCALA,0.703703703703704,,,,,,,,,,,,,,,,,,,,,,,,,,,,,,,,,,,,,,,,,,,,,,,,,,,,,,,,,,,,,,,,,,,,,,,,,,,,,,,,,
SAN JOSE TEACALCO,29052,534,2001,November,92,334,140,44,0,0,0,0,0,1,0,621,611,839,TLAXCALA,0.740166865315852,,,,,,,,,,,,,,,,,,,,,,,,,,,,,,,,,,,,,,,,,,,,,,,,,,,,,,,,,,,,,,,,,,,,,,,,,,,,,,,,,
SAN JOSE TEACALCO,29052,535,2001,November,34,206,50,26,0,0,0,0,0,6,0,324,322,427,TLAXCALA,0.758782201405152,,,,,,,,,,,,,,,,,,,,,,,,,,,,,,,,,,,,,,,,,,,,,,,,,,,,,,,,,,,,,,,,,,,,,,,,,,,,,,,,,
SAN JUAN HUACTZINCO,29053,395,2001,November,280,355,291,174,0,0,0,36,0,4,0,1159,1140,1789,TLAXCALA,0.647847959754053,,,,,,,,,,,,,,,,,,,,,,,,,,,,,,,,,,,,,,,,,,,,,,,,,,,,,,,,,,,,,,,,,,,,,,,,,,,,,,,,,
SAN JUAN HUACTZINCO,29053,396,2001,November,282,193,388,148,0,0,0,52,0,9,0,1096,1072,1616,TLAXCALA,0.678217821782178,,,,,,,,,,,,,,,,,,,,,,,,,,,,,,,,,,,,,,,,,,,,,,,,,,,,,,,,,,,,,,,,,,,,,,,,,,,,,,,,,
SAN LORENZO AXOCOMANITLA,29054,586,2001,November,52,296,93,320,0,0,0,65,0,0,0,833,826,1210,TLAXCALA,0.688429752066116,,,,,,,,,,,,,,,,,,,,,,,,,,,,,,,,,,,,,,,,,,,,,,,,,,,,,,,,,,,,,,,,,,,,,,,,,,,,,,,,,
SAN LORENZO AXOCOMANITLA,29054,587,2001,November,96,272,97,392,0,0,0,55,0,0,0,934,912,1277,TLAXCALA,0.731401722787784,,,,,,,,,,,,,,,,,,,,,,,,,,,,,,,,,,,,,,,,,,,,,,,,,,,,,,,,,,,,,,,,,,,,,,,,,,,,,,,,,
SAN LUCAS TECOPILCO,29055,551,2001,November,35,133,205,444,0,0,0,0,0,0,0,836,817,1181,TLAXCALA,0.707874682472481,,,,,,,,,,,,,,,,,,,,,,,,,,,,,,,,,,,,,,,,,,,,,,,,,,,,,,,,,,,,,,,,,,,,,,,,,,,,,,,,,
SAN LUCAS TECOPILCO,29055,552,2001,November,23,112,106,191,0,0,0,0,0,0,0,432,432,628,TLAXCALA,0.687898089171975,,,,,,,,,,,,,,,,,,,,,,,,,,,,,,,,,,,,,,,,,,,,,,,,,,,,,,,,,,,,,,,,,,,,,,,,,,,,,,,,,
SAN LUIS TEOLOCHOLCO,29028,378,2001,November,196,167,276,15,25,0,0,0,0,0,3,709,682,1137,TLAXCALA,0.623570800351803,,,,,,,,,,,,,,,,,,,,,,,,,,,,,,,,,,,,,,,,,,,,,,,,,,,,,,,,,,,,,,,,,,,,,,,,,,,,,,,,,
SAN LUIS TEOLOCHOLCO,29028,379,2001,November,178,240,238,37,49,0,0,0,0,0,52,813,794,1308,TLAXCALA,0.621559633027523,,,,,,,,,,,,,,,,,,,,,,,,,,,,,,,,,,,,,,,,,,,,,,,,,,,,,,,,,,,,,,,,,,,,,,,,,,,,,,,,,
SAN LUIS TEOLOCHOLCO,29028,380,2001,November,172,552,419,17,98,0,0,0,0,0,21,1330,1279,2181,TLAXCALA,0.609812012838148,,,,,,,,,,,,,,,,,,,,,,,,,,,,,,,,,,,,,,,,,,,,,,,,,,,,,,,,,,,,,,,,,,,,,,,,,,,,,,,,,
SAN LUIS TEOLOCHOLCO,29028,381,2001,November,76,315,196,10,69,0,0,0,0,0,10,775,676,1282,TLAXCALA,0.604524180967239,,,,,,,,,,,,,,,,,,,,,,,,,,,,,,,,,,,,,,,,,,,,,,,,,,,,,,,,,,,,,,,,,,,,,,,,,,,,,,,,,
SAN LUIS TEOLOCHOLCO,29028,382,2001,November,111,206,128,48,34,0,0,0,0,0,11,575,538,949,TLAXCALA,0.605900948366702,,,,,,,,,,,,,,,,,,,,,,,,,,,,,,,,,,,,,,,,,,,,,,,,,,,,,,,,,,,,,,,,,,,,,,,,,,,,,,,,,
SAN LUIS TEOLOCHOLCO,29028,383,2001,November,99,260,202,31,31,0,0,0,0,0,10,647,633,919,TLAXCALA,0.704026115342764,,,,,,,,,,,,,,,,,,,,,,,,,,,,,,,,,,,,,,,,,,,,,,,,,,,,,,,,,,,,,,,,,,,,,,,,,,,,,,,,,
SAN LUIS TEOLOCHOLCO,29028,384,2001,November,116,168,238,26,65,0,0,0,0,0,5,648,618,958,TLAXCALA,0.676409185803758,,,,,,,,,,,,,,,,,,,,,,,,,,,,,,,,,,,,,,,,,,,,,,,,,,,,,,,,,,,,,,,,,,,,,,,,,,,,,,,,,
SAN LUIS TEOLOCHOLCO,29028,385,2001,November,10,76,26,1,19,0,0,0,0,0,2,145,134,181,TLAXCALA,0.801104972375691,,,,,,,,,,,,,,,,,,,,,,,,,,,,,,,,,,,,,,,,,,,,,,,,,,,,,,,,,,,,,,,,,,,,,,,,,,,,,,,,,
SAN LUIS TEOLOCHOLCO,29028,386,2001,November,285,353,179,88,36,0,0,0,0,0,4,991,945,1413,TLAXCALA,0.70134465675867,,,,,,,,,,,,,,,,,,,,,,,,,,,,,,,,,,,,,,,,,,,,,,,,,,,,,,,,,,,,,,,,,,,,,,,,,,,,,,,,,
SAN PABLO DEL MONTE,29025,348,2001,November,78,496,111,40,76,55,11,180,71,335,0,1489,1453,2147,TLAXCALA,0.693525850023288,,,,,,,,,,,,,,,,,,,,,,,,,,,,,,,,,,,,,,,,,,,,,,,,,,,,,,,,,,,,,,,,,,,,,,,,,,,,,,,,,
SAN PABLO DEL MONTE,29025,349,2001,November,51,283,214,26,38,60,17,336,91,88,0,1280,1204,1882,TLAXCALA,0.680127523910733,,,,,,,,,,,,,,,,,,,,,,,,,,,,,,,,,,,,,,,,,,,,,,,,,,,,,,,,,,,,,,,,,,,,,,,,,,,,,,,,,
SAN PABLO DEL MONTE,29025,350,2001,November,75,500,180,128,114,43,7,135,152,191,0,1629,1525,2445,TLAXCALA,0.666257668711657,,,,,,,,,,,,,,,,,,,,,,,,,,,,,,,,,,,,,,,,,,,,,,,,,,,,,,,,,,,,,,,,,,,,,,,,,,,,,,,,,
SAN PABLO DEL MONTE,29025,351,2001,November,38,348,97,133,159,3,3,135,77,97,0,1166,1090,1755,TLAXCALA,0.664387464387465,,,,,,,,,,,,,,,,,,,,,,,,,,,,,,,,,,,,,,,,,,,,,,,,,,,,,,,,,,,,,,,,,,,,,,,,,,,,,,,,,
SAN PABLO DEL MONTE,29025,352,2001,November,30,230,95,263,81,14,3,104,81,89,0,1035,990,1535,TLAXCALA,0.674267100977199,,,,,,,,,,,,,,,,,,,,,,,,,,,,,,,,,,,,,,,,,,,,,,,,,,,,,,,,,,,,,,,,,,,,,,,,,,,,,,,,,
SAN PABLO DEL MONTE,29025,353,2001,November,124,188,164,28,11,19,21,157,50,243,0,1028,1005,1707,TLAXCALA,0.602226127709432,,,,,,,,,,,,,,,,,,,,,,,,,,,,,,,,,,,,,,,,,,,,,,,,,,,,,,,,,,,,,,,,,,,,,,,,,,,,,,,,,
SAN PABLO DEL MONTE,29025,354,2001,November,96,272,152,45,38,66,12,163,304,182,0,1378,1330,2255,TLAXCALA,0.611086474501109,,,,,,,,,,,,,,,,,,,,,,,,,,,,,,,,,,,,,,,,,,,,,,,,,,,,,,,,,,,,,,,,,,,,,,,,,,,,,,,,,
SAN PABLO DEL MONTE,29025,355,2001,November,50,254,222,9,83,29,12,99,86,181,0,1066,1025,1764,TLAXCALA,0.604308390022676,,,,,,,,,,,,,,,,,,,,,,,,,,,,,,,,,,,,,,,,,,,,,,,,,,,,,,,,,,,,,,,,,,,,,,,,,,,,,,,,,
SAN PABLO DEL MONTE,29025,356,2001,November,87,334,124,63,53,45,11,205,118,213,0,1316,1253,2107,TLAXCALA,0.624584717607973,,,,,,,,,,,,,,,,,,,,,,,,,,,,,,,,,,,,,,,,,,,,,,,,,,,,,,,,,,,,,,,,,,,,,,,,,,,,,,,,,
SAN PABLO DEL MONTE,29025,357,2001,November,106,298,136,41,24,46,12,179,32,263,0,1193,1137,1903,TLAXCALA,0.626904887020494,,,,,,,,,,,,,,,,,,,,,,,,,,,,,,,,,,,,,,,,,,,,,,,,,,,,,,,,,,,,,,,,,,,,,,,,,,,,,,,,,
SAN PABLO DEL MONTE,29025,358,2001,November,98,165,212,46,14,65,10,111,70,316,0,1162,1107,1813,TLAXCALA,0.640926640926641,,,,,,,,,,,,,,,,,,,,,,,,,,,,,,,,,,,,,,,,,,,,,,,,,,,,,,,,,,,,,,,,,,,,,,,,,,,,,,,,,
SAN PABLO DEL MONTE,29025,359,2001,November,65,163,164,51,22,22,17,44,21,124,0,739,693,1235,TLAXCALA,0.59838056680162,,,,,,,,,,,,,,,,,,,,,,,,,,,,,,,,,,,,,,,,,,,,,,,,,,,,,,,,,,,,,,,,,,,,,,,,,,,,,,,,,
SAN PABLO DEL MONTE,29025,360,2001,November,105,169,257,38,23,15,6,41,16,117,0,826,787,1329,TLAXCALA,0.621519939804364,,,,,,,,,,,,,,,,,,,,,,,,,,,,,,,,,,,,,,,,,,,,,,,,,,,,,,,,,,,,,,,,,,,,,,,,,,,,,,,,,
SAN PABLO DEL MONTE,29025,361,2001,November,130,188,113,41,34,58,9,166,86,165,0,1048,990,1852,TLAXCALA,0.565874730021598,,,,,,,,,,,,,,,,,,,,,,,,,,,,,,,,,,,,,,,,,,,,,,,,,,,,,,,,,,,,,,,,,,,,,,,,,,,,,,,,,
SAN PABLO DEL MONTE,29025,362,2001,November,104,159,106,12,45,35,3,126,88,164,0,897,842,1764,TLAXCALA,0.508503401360544,,,,,,,,,,,,,,,,,,,,,,,,,,,,,,,,,,,,,,,,,,,,,,,,,,,,,,,,,,,,,,,,,,,,,,,,,,,,,,,,,
SAN PABLO DEL MONTE,29025,363,2001,November,100,213,180,230,135,6,4,64,39,72,0,1110,1043,1552,TLAXCALA,0.71520618556701,,,,,,,,,,,,,,,,,,,,,,,,,,,,,,,,,,,,,,,,,,,,,,,,,,,,,,,,,,,,,,,,,,,,,,,,,,,,,,,,,
SAN PABLO DEL MONTE,29025,364,2001,November,151,177,92,69,169,2,2,69,20,43,0,870,794,1303,TLAXCALA,0.66768994627782,,,,,,,,,,,,,,,,,,,,,,,,,,,,,,,,,,,,,,,,,,,,,,,,,,,,,,,,,,,,,,,,,,,,,,,,,,,,,,,,,
SANCTORUM,29020,292,2001,November,10,236,306,37,0,0,0,0,0,2,0,611,591,940,TLAXCALA,0.65,,,,,,,,,,,,,,,,,,,,,,,,,,,,,,,,,,,,,,,,,,,,,,,,,,,,,,,,,,,,,,,,,,,,,,,,,,,,,,,,,
SANCTORUM,29020,293,2001,November,31,264,341,19,0,0,0,0,0,1,0,674,656,999,TLAXCALA,0.674674674674675,,,,,,,,,,,,,,,,,,,,,,,,,,,,,,,,,,,,,,,,,,,,,,,,,,,,,,,,,,,,,,,,,,,,,,,,,,,,,,,,,
SANCTORUM,29020,294,2001,November,5,309,306,12,0,0,0,0,0,4,0,648,636,975,TLAXCALA,0.664615384615385,,,,,,,,,,,,,,,,,,,,,,,,,,,,,,,,,,,,,,,,,,,,,,,,,,,,,,,,,,,,,,,,,,,,,,,,,,,,,,,,,
SANCTORUM,29020,297,2001,November,42,105,183,187,0,0,0,0,0,2,0,538,519,956,TLAXCALA,0.562761506276151,,,,,,,,,,,,,,,,,,,,,,,,,,,,,,,,,,,,,,,,,,,,,,,,,,,,,,,,,,,,,,,,,,,,,,,,,,,,,,,,,
SANCTORUM,29020,298,2001,November,15,110,95,93,0,0,0,0,0,0,0,323,313,579,TLAXCALA,0.557858376511226,,,,,,,,,,,,,,,,,,,,,,,,,,,,,,,,,,,,,,,,,,,,,,,,,,,,,,,,,,,,,,,,,,,,,,,,,,,,,,,,,
SANTA ANA NOPALUCAN,29056,254,2001,November,261,411,223,193,0,0,0,117,0,0,0,1270,1205,1812,TLAXCALA,0.700883002207506,,,,,,,,,,,,,,,,,,,,,,,,,,,,,,,,,,,,,,,,,,,,,,,,,,,,,,,,,,,,,,,,,,,,,,,,,,,,,,,,,
SANTA ANA NOPALUCAN,29056,255,2001,November,290,356,329,166,0,0,0,98,0,0,0,1282,1239,1868,TLAXCALA,0.686295503211991,,,,,,,,,,,,,,,,,,,,,,,,,,,,,,,,,,,,,,,,,,,,,,,,,,,,,,,,,,,,,,,,,,,,,,,,,,,,,,,,,
SANTA APOLONIA TEACALCO,29057,316,2001,November,72,240,172,200,0,0,0,136,0,0,0,835,820,1136,TLAXCALA,0.735035211267606,,,,,,,,,,,,,,,,,,,,,,,,,,,,,,,,,,,,,,,,,,,,,,,,,,,,,,,,,,,,,,,,,,,,,,,,,,,,,,,,,
SANTA APOLONIA TEACALCO,29057,317,2001,November,115,272,120,309,0,0,0,171,0,0,0,996,987,1377,TLAXCALA,0.723311546840959,,,,,,,,,,,,,,,,,,,,,,,,,,,,,,,,,,,,,,,,,,,,,,,,,,,,,,,,,,,,,,,,,,,,,,,,,,,,,,,,,
SANTA CATARINA AYOMETLA,29058,602,2001,November,50,212,237,74,0,0,0,116,0,0,0,724,689,1166,TLAXCALA,0.620926243567753,,,,,,,,,,,,,,,,,,,,,,,,,,,,,,,,,,,,,,,,,,,,,,,,,,,,,,,,,,,,,,,,,,,,,,,,,,,,,,,,,
SANTA CATARINA AYOMETLA,29058,603,2001,November,33,110,174,38,0,0,0,34,0,0,0,422,389,696,TLAXCALA,0.60632183908046,,,,,,,,,,,,,,,,,,,,,,,,,,,,,,,,,,,,,,,,,,,,,,,,,,,,,,,,,,,,,,,,,,,,,,,,,,,,,,,,,
SANTA CATARINA AYOMETLA,29058,604,2001,November,166,408,245,220,0,0,0,218,0,0,0,1284,1257,2026,TLAXCALA,0.633761105626851,,,,,,,,,,,,,,,,,,,,,,,,,,,,,,,,,,,,,,,,,,,,,,,,,,,,,,,,,,,,,,,,,,,,,,,,,,,,,,,,,
SANTA CATARINA AYOMETLA,29058,605,2001,November,7,277,113,29,0,0,0,28,0,0,0,473,454,721,TLAXCALA,0.656033287101248,,,,,,,,,,,,,,,,,,,,,,,,,,,,,,,,,,,,,,,,,,,,,,,,,,,,,,,,,,,,,,,,,,,,,,,,,,,,,,,,,
SANTA CRUZ QUILEHTLA,29059,313,2001,November,28,119,63,223,47,0,0,209,0,0,0,701,689,1167,TLAXCALA,0.600685518423308,,,,,,,,,,,,,,,,,,,,,,,,,,,,,,,,,,,,,,,,,,,,,,,,,,,,,,,,,,,,,,,,,,,,,,,,,,,,,,,,,
SANTA CRUZ QUILEHTLA,29059,314,2001,November,18,108,75,182,27,0,0,126,0,0,0,544,536,957,TLAXCALA,0.568443051201672,,,,,,,,,,,,,,,,,,,,,,,,,,,,,,,,,,,,,,,,,,,,,,,,,,,,,,,,,,,,,,,,,,,,,,,,,,,,,,,,,
SANTA CRUZ QUILEHTLA,29059,315,2001,November,2,7,253,252,10,0,0,0,0,0,0,529,524,772,TLAXCALA,0.685233160621762,,,,,,,,,,,,,,,,,,,,,,,,,,,,,,,,,,,,,,,,,,,,,,,,,,,,,,,,,,,,,,,,,,,,,,,,,,,,,,,,,
SANTA CRUZ TLAXCALA,29026,365,2001,November,163,88,33,19,0,0,0,9,0,0,0,341,312,557,TLAXCALA,0.612208258527828,,,,,,,,,,,,,,,,,,,,,,,,,,,,,,,,,,,,,,,,,,,,,,,,,,,,,,,,,,,,,,,,,,,,,,,,,,,,,,,,,
SANTA CRUZ TLAXCALA,29026,366,2001,November,163,488,166,27,0,0,0,16,0,0,0,886,860,1307,TLAXCALA,0.677888293802601,,,,,,,,,,,,,,,,,,,,,,,,,,,,,,,,,,,,,,,,,,,,,,,,,,,,,,,,,,,,,,,,,,,,,,,,,,,,,,,,,
SANTA CRUZ TLAXCALA,29026,367,2001,November,469,92,120,248,0,0,0,19,0,0,0,994,948,1628,TLAXCALA,0.610565110565111,,,,,,,,,,,,,,,,,,,,,,,,,,,,,,,,,,,,,,,,,,,,,,,,,,,,,,,,,,,,,,,,,,,,,,,,,,,,,,,,,
SANTA CRUZ TLAXCALA,29026,368,2001,November,354,164,82,145,0,0,0,29,0,0,0,798,774,1251,TLAXCALA,0.637889688249401,,,,,,,,,,,,,,,,,,,,,,,,,,,,,,,,,,,,,,,,,,,,,,,,,,,,,,,,,,,,,,,,,,,,,,,,,,,,,,,,,
SANTA CRUZ TLAXCALA,29026,369,2001,November,62,301,164,44,0,0,0,13,0,0,0,617,584,1159,TLAXCALA,0.532355478861087,,,,,,,,,,,,,,,,,,,,,,,,,,,,,,,,,,,,,,,,,,,,,,,,,,,,,,,,,,,,,,,,,,,,,,,,,,,,,,,,,
SANTA CRUZ TLAXCALA,29026,370,2001,November,29,131,106,91,0,0,0,5,0,0,0,368,362,469,TLAXCALA,0.784648187633262,,,,,,,,,,,,,,,,,,,,,,,,,,,,,,,,,,,,,,,,,,,,,,,,,,,,,,,,,,,,,,,,,,,,,,,,,,,,,,,,,
SANTA CRUZ TLAXCALA,29026,371,2001,November,163,481,284,20,0,0,0,2,0,0,0,966,950,1635,TLAXCALA,0.590825688073395,,,,,,,,,,,,,,,,,,,,,,,,,,,,,,,,,,,,,,,,,,,,,,,,,,,,,,,,,,,,,,,,,,,,,,,,,,,,,,,,,
SANTA ISABEL XILOXOXTLA,29060,391,2001,November,48,350,252,0,0,0,0,0,0,0,0,693,650,1144,TLAXCALA,0.605769230769231,,,,,,,,,,,,,,,,,,,,,,,,,,,,,,,,,,,,,,,,,,,,,,,,,,,,,,,,,,,,,,,,,,,,,,,,,,,,,,,,,
SANTA ISABEL XILOXOXTLA,29060,392,2001,November,92,177,219,0,0,0,0,0,0,0,0,512,488,790,TLAXCALA,0.648101265822785,,,,,,,,,,,,,,,,,,,,,,,,,,,,,,,,,,,,,,,,,,,,,,,,,,,,,,,,,,,,,,,,,,,,,,,,,,,,,,,,,
TENANCINGO,29027,372,2001,November,64,232,49,61,112,0,0,51,0,0,0,576,569,1140,TLAXCALA,0.505263157894737,,,,,,,,,,,,,,,,,,,,,,,,,,,,,,,,,,,,,,,,,,,,,,,,,,,,,,,,,,,,,,,,,,,,,,,,,,,,,,,,,
TENANCINGO,29027,373,2001,November,46,250,44,64,122,0,0,24,0,0,0,554,550,1082,TLAXCALA,0.512014787430684,,,,,,,,,,,,,,,,,,,,,,,,,,,,,,,,,,,,,,,,,,,,,,,,,,,,,,,,,,,,,,,,,,,,,,,,,,,,,,,,,
TENANCINGO,29027,374,2001,November,71,99,38,36,81,0,0,42,0,0,0,375,367,752,TLAXCALA,0.498670212765958,,,,,,,,,,,,,,,,,,,,,,,,,,,,,,,,,,,,,,,,,,,,,,,,,,,,,,,,,,,,,,,,,,,,,,,,,,,,,,,,,
TENANCINGO,29027,375,2001,November,107,153,73,81,228,0,0,130,0,0,0,787,772,1593,TLAXCALA,0.494036409290647,,,,,,,,,,,,,,,,,,,,,,,,,,,,,,,,,,,,,,,,,,,,,,,,,,,,,,,,,,,,,,,,,,,,,,,,,,,,,,,,,
TENANCINGO,29027,376,2001,November,74,137,58,61,110,0,0,66,0,0,0,518,506,1079,TLAXCALA,0.480074142724745,,,,,,,,,,,,,,,,,,,,,,,,,,,,,,,,,,,,,,,,,,,,,,,,,,,,,,,,,,,,,,,,,,,,,,,,,,,,,,,,,
TENANCINGO,29027,377,2001,November,160,128,128,151,163,0,0,47,0,0,0,786,777,1548,TLAXCALA,0.507751937984496,,,,,,,,,,,,,,,,,,,,,,,,,,,,,,,,,,,,,,,,,,,,,,,,,,,,,,,,,,,,,,,,,,,,,,,,,,,,,,,,,
TEPETITLA DE LARDIZABAL,29019,284,2001,November,180,56,37,123,44,80,0,0,0,1,8,547,529,962,TLAXCALA,0.568607068607069,,,,,,,,,,,,,,,,,,,,,,,,,,,,,,,,,,,,,,,,,,,,,,,,,,,,,,,,,,,,,,,,,,,,,,,,,,,,,,,,,
TEPETITLA DE LARDIZABAL,29019,285,2001,November,205,109,76,87,73,85,0,0,0,13,10,679,658,1206,TLAXCALA,0.56301824212272,,,,,,,,,,,,,,,,,,,,,,,,,,,,,,,,,,,,,,,,,,,,,,,,,,,,,,,,,,,,,,,,,,,,,,,,,,,,,,,,,
TEPETITLA DE LARDIZABAL,29019,286,2001,November,393,101,48,293,74,56,0,0,10,2,39,1034,1016,1741,TLAXCALA,0.593911545089029,,,,,,,,,,,,,,,,,,,,,,,,,,,,,,,,,,,,,,,,,,,,,,,,,,,,,,,,,,,,,,,,,,,,,,,,,,,,,,,,,
TEPETITLA DE LARDIZABAL,29019,287,2001,November,250,52,26,176,58,50,0,0,5,3,5,640,625,1095,TLAXCALA,0.584474885844749,,,,,,,,,,,,,,,,,,,,,,,,,,,,,,,,,,,,,,,,,,,,,,,,,,,,,,,,,,,,,,,,,,,,,,,,,,,,,,,,,
TEPETITLA DE LARDIZABAL,29019,288,2001,November,109,55,87,89,152,47,0,0,218,3,5,785,765,1185,TLAXCALA,0.662447257383966,,,,,,,,,,,,,,,,,,,,,,,,,,,,,,,,,,,,,,,,,,,,,,,,,,,,,,,,,,,,,,,,,,,,,,,,,,,,,,,,,
TEPETITLA DE LARDIZABAL,29019,289,2001,November,76,50,116,71,118,26,0,0,220,4,7,720,688,1055,TLAXCALA,0.682464454976303,,,,,,,,,,,,,,,,,,,,,,,,,,,,,,,,,,,,,,,,,,,,,,,,,,,,,,,,,,,,,,,,,,,,,,,,,,,,,,,,,
TEPETITLA DE LARDIZABAL,29019,290,2001,November,124,39,83,78,521,34,0,0,42,16,2,976,939,1380,TLAXCALA,0.707246376811594,,,,,,,,,,,,,,,,,,,,,,,,,,,,,,,,,,,,,,,,,,,,,,,,,,,,,,,,,,,,,,,,,,,,,,,,,,,,,,,,,
TEPETITLA DE LARDIZABAL,29019,291,2001,November,25,44,3,38,103,5,0,0,0,0,1,219,219,285,TLAXCALA,0.768421052631579,,,,,,,,,,,,,,,,,,,,,,,,,,,,,,,,,,,,,,,,,,,,,,,,,,,,,,,,,,,,,,,,,,,,,,,,,,,,,,,,,
TEPEYANCO,29029,387,2001,November,105,116,417,0,0,0,0,0,0,0,0,665,638,1228,TLAXCALA,0.541530944625407,,,,,,,,,,,,,,,,,,,,,,,,,,,,,,,,,,,,,,,,,,,,,,,,,,,,,,,,,,,,,,,,,,,,,,,,,,,,,,,,,
TEPEYANCO,29029,388,2001,November,64,81,355,0,0,0,0,0,0,0,0,535,500,1000,TLAXCALA,0.535,,,,,,,,,,,,,,,,,,,,,,,,,,,,,,,,,,,,,,,,,,,,,,,,,,,,,,,,,,,,,,,,,,,,,,,,,,,,,,,,,
TEPEYANCO,29029,389,2001,November,14,24,73,0,0,0,0,0,0,0,0,121,111,187,TLAXCALA,0.647058823529412,,,,,,,,,,,,,,,,,,,,,,,,,,,,,,,,,,,,,,,,,,,,,,,,,,,,,,,,,,,,,,,,,,,,,,,,,,,,,,,,,
TEPEYANCO,29029,390,2001,November,8,171,89,0,0,0,0,0,0,0,0,302,268,633,TLAXCALA,0.477093206951027,,,,,,,,,,,,,,,,,,,,,,,,,,,,,,,,,,,,,,,,,,,,,,,,,,,,,,,,,,,,,,,,,,,,,,,,,,,,,,,,,
TEPEYANCO,29029,393,2001,November,15,173,111,0,0,0,0,0,0,0,0,331,299,487,TLAXCALA,0.679671457905544,,,,,,,,,,,,,,,,,,,,,,,,,,,,,,,,,,,,,,,,,,,,,,,,,,,,,,,,,,,,,,,,,,,,,,,,,,,,,,,,,
TEPEYANCO,29029,394,2001,November,26,538,238,0,0,0,0,0,0,0,0,938,802,1227,TLAXCALA,0.764466177669112,,,,,,,,,,,,,,,,,,,,,,,,,,,,,,,,,,,,,,,,,,,,,,,,,,,,,,,,,,,,,,,,,,,,,,,,,,,,,,,,,
TEPEYANCO,29029,397,2001,November,60,384,375,0,0,0,0,0,0,0,0,874,819,1188,TLAXCALA,0.735690235690236,,,,,,,,,,,,,,,,,,,,,,,,,,,,,,,,,,,,,,,,,,,,,,,,,,,,,,,,,,,,,,,,,,,,,,,,,,,,,,,,,
TERRENATE,29030,398,2001,November,25,429,420,34,0,0,0,0,0,1,0,939,909,1345,TLAXCALA,0.698141263940521,,,,,,,,,,,,,,,,,,,,,,,,,,,,,,,,,,,,,,,,,,,,,,,,,,,,,,,,,,,,,,,,,,,,,,,,,,,,,,,,,
TERRENATE,29030,399,2001,November,94,324,193,18,0,0,0,0,0,0,0,685,629,1015,TLAXCALA,0.67487684729064,,,,,,,,,,,,,,,,,,,,,,,,,,,,,,,,,,,,,,,,,,,,,,,,,,,,,,,,,,,,,,,,,,,,,,,,,,,,,,,,,
TERRENATE,29030,403,2001,November,112,142,135,35,0,0,0,0,0,0,0,477,424,874,TLAXCALA,0.545766590389016,,,,,,,,,,,,,,,,,,,,,,,,,,,,,,,,,,,,,,,,,,,,,,,,,,,,,,,,,,,,,,,,,,,,,,,,,,,,,,,,,
TERRENATE,29030,404,2001,November,226,316,206,165,0,0,0,0,0,17,0,975,930,1550,TLAXCALA,0.629032258064516,,,,,,,,,,,,,,,,,,,,,,,,,,,,,,,,,,,,,,,,,,,,,,,,,,,,,,,,,,,,,,,,,,,,,,,,,,,,,,,,,
TERRENATE,29030,405,2001,November,9,42,41,5,0,0,0,0,0,0,0,97,97,125,TLAXCALA,0.776,,,,,,,,,,,,,,,,,,,,,,,,,,,,,,,,,,,,,,,,,,,,,,,,,,,,,,,,,,,,,,,,,,,,,,,,,,,,,,,,,
TERRENATE,29030,406,2001,November,10,57,68,83,0,0,0,0,0,0,0,232,218,293,TLAXCALA,0.791808873720137,,,,,,,,,,,,,,,,,,,,,,,,,,,,,,,,,,,,,,,,,,,,,,,,,,,,,,,,,,,,,,,,,,,,,,,,,,,,,,,,,
TERRENATE,29030,407,2001,November,45,106,124,24,0,0,0,0,0,0,0,299,299,434,TLAXCALA,0.688940092165899,,,,,,,,,,,,,,,,,,,,,,,,,,,,,,,,,,,,,,,,,,,,,,,,,,,,,,,,,,,,,,,,,,,,,,,,,,,,,,,,,
TERRENATE,29030,408,2001,November,21,205,116,151,0,0,0,0,0,1,0,511,494,772,TLAXCALA,0.661917098445596,,,,,,,,,,,,,,,,,,,,,,,,,,,,,,,,,,,,,,,,,,,,,,,,,,,,,,,,,,,,,,,,,,,,,,,,,,,,,,,,,
TETLA DE LA SOLIDARIDAD,29031,409,2001,November,20,105,273,44,0,0,0,0,0,0,0,465,442,652,TLAXCALA,0.71319018404908,,,,,,,,,,,,,,,,,,,,,,,,,,,,,,,,,,,,,,,,,,,,,,,,,,,,,,,,,,,,,,,,,,,,,,,,,,,,,,,,,
TETLA DE LA SOLIDARIDAD,29031,410,2001,November,14,167,257,66,0,0,0,0,0,1,0,515,505,839,TLAXCALA,0.613825983313468,,,,,,,,,,,,,,,,,,,,,,,,,,,,,,,,,,,,,,,,,,,,,,,,,,,,,,,,,,,,,,,,,,,,,,,,,,,,,,,,,
TETLA DE LA SOLIDARIDAD,29031,411,2001,November,69,178,501,20,0,0,0,0,0,2,0,788,770,1203,TLAXCALA,0.655029093931837,,,,,,,,,,,,,,,,,,,,,,,,,,,,,,,,,,,,,,,,,,,,,,,,,,,,,,,,,,,,,,,,,,,,,,,,,,,,,,,,,
TETLA DE LA SOLIDARIDAD,29031,412,2001,November,105,145,480,23,0,0,0,0,0,1,0,767,754,1144,TLAXCALA,0.670454545454545,,,,,,,,,,,,,,,,,,,,,,,,,,,,,,,,,,,,,,,,,,,,,,,,,,,,,,,,,,,,,,,,,,,,,,,,,,,,,,,,,
TETLA DE LA SOLIDARIDAD,29031,413,2001,November,40,136,311,11,0,0,0,0,0,1,0,504,499,848,TLAXCALA,0.59433962264151,,,,,,,,,,,,,,,,,,,,,,,,,,,,,,,,,,,,,,,,,,,,,,,,,,,,,,,,,,,,,,,,,,,,,,,,,,,,,,,,,
TETLA DE LA SOLIDARIDAD,29031,414,2001,November,32,56,226,10,0,0,0,0,0,8,0,340,332,797,TLAXCALA,0.426599749058971,,,,,,,,,,,,,,,,,,,,,,,,,,,,,,,,,,,,,,,,,,,,,,,,,,,,,,,,,,,,,,,,,,,,,,,,,,,,,,,,,
TETLA DE LA SOLIDARIDAD,29031,415,2001,November,53,80,219,14,0,0,0,0,0,2,0,388,368,878,TLAXCALA,0.441913439635535,,,,,,,,,,,,,,,,,,,,,,,,,,,,,,,,,,,,,,,,,,,,,,,,,,,,,,,,,,,,,,,,,,,,,,,,,,,,,,,,,
TETLA DE LA SOLIDARIDAD,29031,416,2001,November,10,275,227,23,0,0,0,0,0,1,0,539,536,724,TLAXCALA,0.744475138121547,,,,,,,,,,,,,,,,,,,,,,,,,,,,,,,,,,,,,,,,,,,,,,,,,,,,,,,,,,,,,,,,,,,,,,,,,,,,,,,,,
TETLA DE LA SOLIDARIDAD,29031,417,2001,November,3,59,64,38,0,0,0,0,0,0,0,164,164,218,TLAXCALA,0.752293577981651,,,,,,,,,,,,,,,,,,,,,,,,,,,,,,,,,,,,,,,,,,,,,,,,,,,,,,,,,,,,,,,,,,,,,,,,,,,,,,,,,
TETLA DE LA SOLIDARIDAD,29031,418,2001,November,3,26,51,83,0,0,0,0,0,0,0,163,163,215,TLAXCALA,0.758139534883721,,,,,,,,,,,,,,,,,,,,,,,,,,,,,,,,,,,,,,,,,,,,,,,,,,,,,,,,,,,,,,,,,,,,,,,,,,,,,,,,,
TETLA DE LA SOLIDARIDAD,29031,419,2001,November,11,45,175,24,0,0,0,0,0,0,0,264,255,347,TLAXCALA,0.760806916426513,,,,,,,,,,,,,,,,,,,,,,,,,,,,,,,,,,,,,,,,,,,,,,,,,,,,,,,,,,,,,,,,,,,,,,,,,,,,,,,,,
TETLA DE LA SOLIDARIDAD,29031,420,2001,November,29,366,250,23,0,0,0,0,0,17,0,704,685,1190,TLAXCALA,0.591596638655462,,,,,,,,,,,,,,,,,,,,,,,,,,,,,,,,,,,,,,,,,,,,,,,,,,,,,,,,,,,,,,,,,,,,,,,,,,,,,,,,,
TETLA DE LA SOLIDARIDAD,29031,421,2001,November,69,321,220,14,0,0,0,0,0,8,0,669,632,1164,TLAXCALA,0.574742268041237,,,,,,,,,,,,,,,,,,,,,,,,,,,,,,,,,,,,,,,,,,,,,,,,,,,,,,,,,,,,,,,,,,,,,,,,,,,,,,,,,
TETLA DE LA SOLIDARIDAD,29031,422,2001,November,16,566,303,43,0,0,0,0,0,2,0,958,930,1574,TLAXCALA,0.60864040660737,,,,,,,,,,,,,,,,,,,,,,,,,,,,,,,,,,,,,,,,,,,,,,,,,,,,,,,,,,,,,,,,,,,,,,,,,,,,,,,,,
TETLA DE LA SOLIDARIDAD,29031,423,2001,November,0,61,59,1,0,0,0,0,0,1,0,122,122,147,TLAXCALA,0.829931972789116,,,,,,,,,,,,,,,,,,,,,,,,,,,,,,,,,,,,,,,,,,,,,,,,,,,,,,,,,,,,,,,,,,,,,,,,,,,,,,,,,
TETLATLAHUCA,29032,424,2001,November,9,245,136,108,0,0,0,0,0,5,0,554,503,873,TLAXCALA,0.634593356242841,,,,,,,,,,,,,,,,,,,,,,,,,,,,,,,,,,,,,,,,,,,,,,,,,,,,,,,,,,,,,,,,,,,,,,,,,,,,,,,,,
TETLATLAHUCA,29032,425,2001,November,30,351,83,179,0,0,0,0,0,1,0,691,644,1038,TLAXCALA,0.665703275529865,,,,,,,,,,,,,,,,,,,,,,,,,,,,,,,,,,,,,,,,,,,,,,,,,,,,,,,,,,,,,,,,,,,,,,,,,,,,,,,,,
TETLATLAHUCA,29032,426,2001,November,20,330,98,137,0,0,0,0,0,0,0,618,585,1103,TLAXCALA,0.560290117860381,,,,,,,,,,,,,,,,,,,,,,,,,,,,,,,,,,,,,,,,,,,,,,,,,,,,,,,,,,,,,,,,,,,,,,,,,,,,,,,,,
TETLATLAHUCA,29032,427,2001,November,85,171,321,187,0,0,0,0,0,4,0,816,768,1440,TLAXCALA,0.566666666666667,,,,,,,,,,,,,,,,,,,,,,,,,,,,,,,,,,,,,,,,,,,,,,,,,,,,,,,,,,,,,,,,,,,,,,,,,,,,,,,,,
TETLATLAHUCA,29032,428,2001,November,18,141,158,269,0,0,0,0,0,1,0,621,587,1129,TLAXCALA,0.550044286979628,,,,,,,,,,,,,,,,,,,,,,,,,,,,,,,,,,,,,,,,,,,,,,,,,,,,,,,,,,,,,,,,,,,,,,,,,,,,,,,,,
TETLATLAHUCA,29032,431,2001,November,18,380,139,38,0,0,0,0,0,1,0,615,576,802,TLAXCALA,0.766832917705736,,,,,,,,,,,,,,,,,,,,,,,,,,,,,,,,,,,,,,,,,,,,,,,,,,,,,,,,,,,,,,,,,,,,,,,,,,,,,,,,,
TETLATLAHUCA,29032,434,2001,November,9,129,70,18,0,0,0,0,0,3,0,248,229,413,TLAXCALA,0.600484261501211,,,,,,,,,,,,,,,,,,,,,,,,,,,,,,,,,,,,,,,,,,,,,,,,,,,,,,,,,,,,,,,,,,,,,,,,,,,,,,,,,
TLAXCALA,29033,435,2001,November,98,303,189,9,9,0,0,0,5,0,0,617,613,1101,TLAXCALA,0.560399636693915,,,,,,,,,,,,,,,,,,,,,,,,,,,,,,,,,,,,,,,,,,,,,,,,,,,,,,,,,,,,,,,,,,,,,,,,,,,,,,,,,
TLAXCALA,29033,436,2001,November,173,259,231,5,10,0,0,0,4,0,1,701,683,1058,TLAXCALA,0.662570888468809,,,,,,,,,,,,,,,,,,,,,,,,,,,,,,,,,,,,,,,,,,,,,,,,,,,,,,,,,,,,,,,,,,,,,,,,,,,,,,,,,
TLAXCALA,29033,437,2001,November,146,160,144,8,7,0,0,0,4,0,1,485,470,764,TLAXCALA,0.634816753926702,,,,,,,,,,,,,,,,,,,,,,,,,,,,,,,,,,,,,,,,,,,,,,,,,,,,,,,,,,,,,,,,,,,,,,,,,,,,,,,,,
TLAXCALA,29033,438,2001,November,289,264,113,9,10,0,0,0,4,0,0,711,689,1085,TLAXCALA,0.655299539170507,,,,,,,,,,,,,,,,,,,,,,,,,,,,,,,,,,,,,,,,,,,,,,,,,,,,,,,,,,,,,,,,,,,,,,,,,,,,,,,,,
TLAXCALA,29033,439,2001,November,219,326,180,15,18,0,0,0,5,0,2,811,765,1220,TLAXCALA,0.664754098360656,,,,,,,,,,,,,,,,,,,,,,,,,,,,,,,,,,,,,,,,,,,,,,,,,,,,,,,,,,,,,,,,,,,,,,,,,,,,,,,,,
TLAXCALA,29033,440,2001,November,230,274,143,18,16,0,0,0,3,0,3,702,687,1104,TLAXCALA,0.635869565217391,,,,,,,,,,,,,,,,,,,,,,,,,,,,,,,,,,,,,,,,,,,,,,,,,,,,,,,,,,,,,,,,,,,,,,,,,,,,,,,,,
TLAXCALA,29033,441,2001,November,140,294,131,25,18,0,0,0,5,0,1,631,614,1277,TLAXCALA,0.494126859827721,,,,,,,,,,,,,,,,,,,,,,,,,,,,,,,,,,,,,,,,,,,,,,,,,,,,,,,,,,,,,,,,,,,,,,,,,,,,,,,,,
TLAXCALA,29033,442,2001,November,119,231,107,11,8,0,0,0,3,0,0,493,479,1056,TLAXCALA,0.466856060606061,,,,,,,,,,,,,,,,,,,,,,,,,,,,,,,,,,,,,,,,,,,,,,,,,,,,,,,,,,,,,,,,,,,,,,,,,,,,,,,,,
TLAXCALA,29033,443,2001,November,74,161,106,6,10,0,0,0,11,0,4,384,372,769,TLAXCALA,0.499349804941483,,,,,,,,,,,,,,,,,,,,,,,,,,,,,,,,,,,,,,,,,,,,,,,,,,,,,,,,,,,,,,,,,,,,,,,,,,,,,,,,,
TLAXCALA,29033,444,2001,November,315,430,213,24,20,0,0,0,3,0,3,1031,1008,2209,TLAXCALA,0.466727025803531,,,,,,,,,,,,,,,,,,,,,,,,,,,,,,,,,,,,,,,,,,,,,,,,,,,,,,,,,,,,,,,,,,,,,,,,,,,,,,,,,
TLAXCALA,29033,445,2001,November,226,258,111,9,4,0,0,0,7,0,3,632,618,1211,TLAXCALA,0.521882741535921,,,,,,,,,,,,,,,,,,,,,,,,,,,,,,,,,,,,,,,,,,,,,,,,,,,,,,,,,,,,,,,,,,,,,,,,,,,,,,,,,
TLAXCALA,29033,446,2001,November,126,218,92,8,11,0,0,0,1,0,1,474,457,884,TLAXCALA,0.536199095022624,,,,,,,,,,,,,,,,,,,,,,,,,,,,,,,,,,,,,,,,,,,,,,,,,,,,,,,,,,,,,,,,,,,,,,,,,,,,,,,,,
TLAXCALA,29033,447,2001,November,86,235,99,16,19,0,0,0,2,0,2,472,459,901,TLAXCALA,0.523862375138735,,,,,,,,,,,,,,,,,,,,,,,,,,,,,,,,,,,,,,,,,,,,,,,,,,,,,,,,,,,,,,,,,,,,,,,,,,,,,,,,,
TLAXCALA,29033,448,2001,November,299,315,214,25,26,0,0,0,4,0,6,911,889,1408,TLAXCALA,0.647017045454545,,,,,,,,,,,,,,,,,,,,,,,,,,,,,,,,,,,,,,,,,,,,,,,,,,,,,,,,,,,,,,,,,,,,,,,,,,,,,,,,,
TLAXCALA,29033,449,2001,November,116,303,164,42,23,0,0,0,3,0,2,664,653,1279,TLAXCALA,0.519155590304926,,,,,,,,,,,,,,,,,,,,,,,,,,,,,,,,,,,,,,,,,,,,,,,,,,,,,,,,,,,,,,,,,,,,,,,,,,,,,,,,,
TLAXCALA,29033,450,2001,November,98,215,99,9,12,0,0,0,0,0,3,447,436,879,TLAXCALA,0.508532423208191,,,,,,,,,,,,,,,,,,,,,,,,,,,,,,,,,,,,,,,,,,,,,,,,,,,,,,,,,,,,,,,,,,,,,,,,,,,,,,,,,
TLAXCALA,29033,451,2001,November,185,403,240,26,25,0,0,0,1,0,2,913,882,1626,TLAXCALA,0.56150061500615,,,,,,,,,,,,,,,,,,,,,,,,,,,,,,,,,,,,,,,,,,,,,,,,,,,,,,,,,,,,,,,,,,,,,,,,,,,,,,,,,
TLAXCALA,29033,452,2001,November,118,266,168,12,11,0,0,0,4,0,3,597,582,1098,TLAXCALA,0.543715846994536,,,,,,,,,,,,,,,,,,,,,,,,,,,,,,,,,,,,,,,,,,,,,,,,,,,,,,,,,,,,,,,,,,,,,,,,,,,,,,,,,
TLAXCALA,29033,453,2001,November,492,543,268,45,26,0,0,0,5,0,4,1414,1383,2710,TLAXCALA,0.521771217712177,,,,,,,,,,,,,,,,,,,,,,,,,,,,,,,,,,,,,,,,,,,,,,,,,,,,,,,,,,,,,,,,,,,,,,,,,,,,,,,,,
TLAXCALA,29033,454,2001,November,86,132,117,5,7,0,0,0,1,0,1,358,349,794,TLAXCALA,0.45088161209068,,,,,,,,,,,,,,,,,,,,,,,,,,,,,,,,,,,,,,,,,,,,,,,,,,,,,,,,,,,,,,,,,,,,,,,,,,,,,,,,,
TLAXCALA,29033,455,2001,November,73,177,83,4,9,0,0,0,0,0,2,351,348,701,TLAXCALA,0.500713266761769,,,,,,,,,,,,,,,,,,,,,,,,,,,,,,,,,,,,,,,,,,,,,,,,,,,,,,,,,,,,,,,,,,,,,,,,,,,,,,,,,
TLAXCALA,29033,456,2001,November,115,338,218,10,18,0,0,0,3,0,4,713,706,1394,TLAXCALA,0.511477761836442,,,,,,,,,,,,,,,,,,,,,,,,,,,,,,,,,,,,,,,,,,,,,,,,,,,,,,,,,,,,,,,,,,,,,,,,,,,,,,,,,
TLAXCALA,29033,457,2001,November,87,270,235,10,13,0,0,0,3,0,3,627,621,1123,TLAXCALA,0.558325912733749,,,,,,,,,,,,,,,,,,,,,,,,,,,,,,,,,,,,,,,,,,,,,,,,,,,,,,,,,,,,,,,,,,,,,,,,,,,,,,,,,
TLAXCALA,29033,458,2001,November,84,395,535,17,14,0,0,0,1,0,0,1068,1046,2046,TLAXCALA,0.521994134897361,,,,,,,,,,,,,,,,,,,,,,,,,,,,,,,,,,,,,,,,,,,,,,,,,,,,,,,,,,,,,,,,,,,,,,,,,,,,,,,,,
TLAXCALA,29033,459,2001,November,137,347,156,16,11,0,0,0,11,0,3,698,681,1319,TLAXCALA,0.529188779378317,,,,,,,,,,,,,,,,,,,,,,,,,,,,,,,,,,,,,,,,,,,,,,,,,,,,,,,,,,,,,,,,,,,,,,,,,,,,,,,,,
TLAXCALA,29033,460,2001,November,144,298,132,11,23,0,0,0,2,0,2,621,612,1275,TLAXCALA,0.487058823529412,,,,,,,,,,,,,,,,,,,,,,,,,,,,,,,,,,,,,,,,,,,,,,,,,,,,,,,,,,,,,,,,,,,,,,,,,,,,,,,,,
TLAXCALA,29033,461,2001,November,140,366,231,20,33,0,0,0,1,0,5,808,796,1572,TLAXCALA,0.513994910941476,,,,,,,,,,,,,,,,,,,,,,,,,,,,,,,,,,,,,,,,,,,,,,,,,,,,,,,,,,,,,,,,,,,,,,,,,,,,,,,,,
TLAXCALA,29033,462,2001,November,114,206,123,11,76,0,0,0,3,0,1,537,534,816,TLAXCALA,0.658088235294118,,,,,,,,,,,,,,,,,,,,,,,,,,,,,,,,,,,,,,,,,,,,,,,,,,,,,,,,,,,,,,,,,,,,,,,,,,,,,,,,,
TLAXCALA,29033,463,2001,November,122,261,173,18,15,0,0,0,5,0,1,608,595,1318,TLAXCALA,0.461305007587253,,,,,,,,,,,,,,,,,,,,,,,,,,,,,,,,,,,,,,,,,,,,,,,,,,,,,,,,,,,,,,,,,,,,,,,,,,,,,,,,,
TLAXCALA,29033,464,2001,November,196,408,273,18,20,0,0,0,3,0,0,939,918,2099,TLAXCALA,0.447355883754169,,,,,,,,,,,,,,,,,,,,,,,,,,,,,,,,,,,,,,,,,,,,,,,,,,,,,,,,,,,,,,,,,,,,,,,,,,,,,,,,,
TLAXCALA,29033,465,2001,November,218,367,346,36,27,0,0,0,4,0,2,1021,1000,2064,TLAXCALA,0.494670542635659,,,,,,,,,,,,,,,,,,,,,,,,,,,,,,,,,,,,,,,,,,,,,,,,,,,,,,,,,,,,,,,,,,,,,,,,,,,,,,,,,
TLAXCALA,29033,466,2001,November,202,397,337,50,20,0,0,0,2,0,2,1039,1010,2080,TLAXCALA,0.499519230769231,,,,,,,,,,,,,,,,,,,,,,,,,,,,,,,,,,,,,,,,,,,,,,,,,,,,,,,,,,,,,,,,,,,,,,,,,,,,,,,,,
TLAXCALA,29033,467,2001,November,61,171,141,27,14,0,0,0,9,0,0,429,423,860,TLAXCALA,0.498837209302326,,,,,,,,,,,,,,,,,,,,,,,,,,,,,,,,,,,,,,,,,,,,,,,,,,,,,,,,,,,,,,,,,,,,,,,,,,,,,,,,,
TLAXCALA,29033,468,2001,November,131,375,221,48,28,0,0,0,1,0,1,829,805,1282,TLAXCALA,0.646645865834633,,,,,,,,,,,,,,,,,,,,,,,,,,,,,,,,,,,,,,,,,,,,,,,,,,,,,,,,,,,,,,,,,,,,,,,,,,,,,,,,,
TLAXCALA,29033,469,2001,November,126,294,215,22,13,0,0,0,2,0,1,704,673,988,TLAXCALA,0.712550607287449,,,,,,,,,,,,,,,,,,,,,,,,,,,,,,,,,,,,,,,,,,,,,,,,,,,,,,,,,,,,,,,,,,,,,,,,,,,,,,,,,
TLAXCO,29034,470,2001,November,46,194,94,18,0,0,0,0,0,0,0,352,352,580,TLAXCALA,0.606896551724138,,,,,,,,,,,,,,,,,,,,,,,,,,,,,,,,,,,,,,,,,,,,,,,,,,,,,,,,,,,,,,,,,,,,,,,,,,,,,,,,,
TLAXCO,29034,471,2001,November,83,208,143,11,0,0,0,0,0,0,0,463,445,763,TLAXCALA,0.606815203145478,,,,,,,,,,,,,,,,,,,,,,,,,,,,,,,,,,,,,,,,,,,,,,,,,,,,,,,,,,,,,,,,,,,,,,,,,,,,,,,,,
TLAXCO,29034,472,2001,November,39,287,88,4,0,0,0,0,0,0,0,427,418,677,TLAXCALA,0.630723781388479,,,,,,,,,,,,,,,,,,,,,,,,,,,,,,,,,,,,,,,,,,,,,,,,,,,,,,,,,,,,,,,,,,,,,,,,,,,,,,,,,
TLAXCO,29034,473,2001,November,34,242,84,15,0,0,0,0,0,0,0,378,375,600,TLAXCALA,0.63,,,,,,,,,,,,,,,,,,,,,,,,,,,,,,,,,,,,,,,,,,,,,,,,,,,,,,,,,,,,,,,,,,,,,,,,,,,,,,,,,
TLAXCO,29034,474,2001,November,40,257,186,6,0,0,0,0,0,0,0,517,489,774,TLAXCALA,0.667958656330749,,,,,,,,,,,,,,,,,,,,,,,,,,,,,,,,,,,,,,,,,,,,,,,,,,,,,,,,,,,,,,,,,,,,,,,,,,,,,,,,,
TLAXCO,29034,475,2001,November,89,529,106,5,0,0,0,0,0,0,0,749,729,1166,TLAXCALA,0.642367066895369,,,,,,,,,,,,,,,,,,,,,,,,,,,,,,,,,,,,,,,,,,,,,,,,,,,,,,,,,,,,,,,,,,,,,,,,,,,,,,,,,
TLAXCO,29034,476,2001,November,267,322,96,12,0,0,0,0,0,0,0,709,697,1148,TLAXCALA,0.617595818815331,,,,,,,,,,,,,,,,,,,,,,,,,,,,,,,,,,,,,,,,,,,,,,,,,,,,,,,,,,,,,,,,,,,,,,,,,,,,,,,,,
TLAXCO,29034,477,2001,November,100,430,79,5,0,0,0,0,0,0,0,626,614,965,TLAXCALA,0.648704663212435,,,,,,,,,,,,,,,,,,,,,,,,,,,,,,,,,,,,,,,,,,,,,,,,,,,,,,,,,,,,,,,,,,,,,,,,,,,,,,,,,
TLAXCO,29034,478,2001,November,21,131,30,1,0,0,0,0,0,0,0,185,183,266,TLAXCALA,0.695488721804511,,,,,,,,,,,,,,,,,,,,,,,,,,,,,,,,,,,,,,,,,,,,,,,,,,,,,,,,,,,,,,,,,,,,,,,,,,,,,,,,,
TLAXCO,29034,479,2001,November,5,54,25,16,0,0,0,0,0,0,0,113,100,193,TLAXCALA,0.585492227979275,,,,,,,,,,,,,,,,,,,,,,,,,,,,,,,,,,,,,,,,,,,,,,,,,,,,,,,,,,,,,,,,,,,,,,,,,,,,,,,,,
TLAXCO,29034,480,2001,November,15,28,30,7,0,0,0,0,0,0,0,83,80,161,TLAXCALA,0.515527950310559,,,,,,,,,,,,,,,,,,,,,,,,,,,,,,,,,,,,,,,,,,,,,,,,,,,,,,,,,,,,,,,,,,,,,,,,,,,,,,,,,
TLAXCO,29034,481,2001,November,113,298,330,41,0,0,0,0,0,0,0,840,782,1450,TLAXCALA,0.579310344827586,,,,,,,,,,,,,,,,,,,,,,,,,,,,,,,,,,,,,,,,,,,,,,,,,,,,,,,,,,,,,,,,,,,,,,,,,,,,,,,,,
TLAXCO,29034,482,2001,November,173,159,189,58,0,0,0,0,0,0,0,589,579,1058,TLAXCALA,0.556710775047259,,,,,,,,,,,,,,,,,,,,,,,,,,,,,,,,,,,,,,,,,,,,,,,,,,,,,,,,,,,,,,,,,,,,,,,,,,,,,,,,,
TLAXCO,29034,483,2001,November,5,15,23,4,0,0,0,0,0,0,0,49,47,70,TLAXCALA,0.7,,,,,,,,,,,,,,,,,,,,,,,,,,,,,,,,,,,,,,,,,,,,,,,,,,,,,,,,,,,,,,,,,,,,,,,,,,,,,,,,,
TLAXCO,29034,484,2001,November,25,142,94,203,0,0,0,0,0,0,0,494,464,912,TLAXCALA,0.541666666666667,,,,,,,,,,,,,,,,,,,,,,,,,,,,,,,,,,,,,,,,,,,,,,,,,,,,,,,,,,,,,,,,,,,,,,,,,,,,,,,,,
TLAXCO,29034,485,2001,November,47,78,102,40,0,0,0,0,0,0,0,268,267,444,TLAXCALA,0.603603603603604,,,,,,,,,,,,,,,,,,,,,,,,,,,,,,,,,,,,,,,,,,,,,,,,,,,,,,,,,,,,,,,,,,,,,,,,,,,,,,,,,
TLAXCO,29034,486,2001,November,56,131,37,36,0,0,0,0,0,0,0,269,260,409,TLAXCALA,0.657701711491443,,,,,,,,,,,,,,,,,,,,,,,,,,,,,,,,,,,,,,,,,,,,,,,,,,,,,,,,,,,,,,,,,,,,,,,,,,,,,,,,,
TLAXCO,29034,487,2001,November,38,95,61,34,0,0,0,0,0,0,0,285,228,654,TLAXCALA,0.435779816513761,,,,,,,,,,,,,,,,,,,,,,,,,,,,,,,,,,,,,,,,,,,,,,,,,,,,,,,,,,,,,,,,,,,,,,,,,,,,,,,,,
TLAXCO,29034,488,2001,November,69,181,56,113,0,0,0,0,0,0,0,439,419,763,TLAXCALA,0.575360419397117,,,,,,,,,,,,,,,,,,,,,,,,,,,,,,,,,,,,,,,,,,,,,,,,,,,,,,,,,,,,,,,,,,,,,,,,,,,,,,,,,
TLAXCO,29034,489,2001,November,6,11,8,11,0,0,0,0,0,0,0,36,36,87,TLAXCALA,0.413793103448276,,,,,,,,,,,,,,,,,,,,,,,,,,,,,,,,,,,,,,,,,,,,,,,,,,,,,,,,,,,,,,,,,,,,,,,,,,,,,,,,,
TLAXCO,29034,490,2001,November,6,51,19,1,0,0,0,0,0,0,0,81,77,141,TLAXCALA,0.574468085106383,,,,,,,,,,,,,,,,,,,,,,,,,,,,,,,,,,,,,,,,,,,,,,,,,,,,,,,,,,,,,,,,,,,,,,,,,,,,,,,,,
TLAXCO,29034,491,2001,November,25,350,527,81,0,0,0,0,0,0,0,1065,983,1721,TLAXCALA,0.618826263800116,,,,,,,,,,,,,,,,,,,,,,,,,,,,,,,,,,,,,,,,,,,,,,,,,,,,,,,,,,,,,,,,,,,,,,,,,,,,,,,,,
TLAXCO,29034,492,2001,November,10,78,41,0,0,0,0,0,0,0,0,132,129,180,TLAXCALA,0.733333333333333,,,,,,,,,,,,,,,,,,,,,,,,,,,,,,,,,,,,,,,,,,,,,,,,,,,,,,,,,,,,,,,,,,,,,,,,,,,,,,,,,
TLAXCO,29034,493,2001,November,16,106,58,43,0,0,0,0,0,0,0,230,223,343,TLAXCALA,0.670553935860058,,,,,,,,,,,,,,,,,,,,,,,,,,,,,,,,,,,,,,,,,,,,,,,,,,,,,,,,,,,,,,,,,,,,,,,,,,,,,,,,,
TLAXCO,29034,494,2001,November,2,57,21,300,0,0,0,0,0,0,0,393,380,525,TLAXCALA,0.748571428571429,,,,,,,,,,,,,,,,,,,,,,,,,,,,,,,,,,,,,,,,,,,,,,,,,,,,,,,,,,,,,,,,,,,,,,,,,,,,,,,,,
TLAXCO,29034,495,2001,November,8,172,121,30,0,0,0,0,0,0,0,344,331,526,TLAXCALA,0.653992395437262,,,,,,,,,,,,,,,,,,,,,,,,,,,,,,,,,,,,,,,,,,,,,,,,,,,,,,,,,,,,,,,,,,,,,,,,,,,,,,,,,
TLAXCO,29034,496,2001,November,16,62,147,4,0,0,0,0,0,0,0,229,229,401,TLAXCALA,0.571072319201995,,,,,,,,,,,,,,,,,,,,,,,,,,,,,,,,,,,,,,,,,,,,,,,,,,,,,,,,,,,,,,,,,,,,,,,,,,,,,,,,,
TLAXCO,29034,497,2001,November,10,122,94,9,0,0,0,0,0,0,0,239,235,326,TLAXCALA,0.733128834355828,,,,,,,,,,,,,,,,,,,,,,,,,,,,,,,,,,,,,,,,,,,,,,,,,,,,,,,,,,,,,,,,,,,,,,,,,,,,,,,,,
TLAXCO,29034,498,2001,November,4,71,46,10,0,0,0,0,0,0,0,135,131,206,TLAXCALA,0.655339805825243,,,,,,,,,,,,,,,,,,,,,,,,,,,,,,,,,,,,,,,,,,,,,,,,,,,,,,,,,,,,,,,,,,,,,,,,,,,,,,,,,
TLAXCO,29034,499,2001,November,52,148,129,8,0,0,0,0,0,0,0,351,337,466,TLAXCALA,0.753218884120172,,,,,,,,,,,,,,,,,,,,,,,,,,,,,,,,,,,,,,,,,,,,,,,,,,,,,,,,,,,,,,,,,,,,,,,,,,,,,,,,,
TLAXCO,29034,500,2001,November,59,38,95,44,0,0,0,0,0,0,0,239,236,344,TLAXCALA,0.694767441860465,,,,,,,,,,,,,,,,,,,,,,,,,,,,,,,,,,,,,,,,,,,,,,,,,,,,,,,,,,,,,,,,,,,,,,,,,,,,,,,,,
TLAXCO,29034,501,2001,November,77,200,136,167,0,0,0,0,0,0,0,653,580,967,TLAXCALA,0.675284384694933,,,,,,,,,,,,,,,,,,,,,,,,,,,,,,,,,,,,,,,,,,,,,,,,,,,,,,,,,,,,,,,,,,,,,,,,,,,,,,,,,
TLAXCO,29034,502,2001,November,0,63,59,7,0,0,0,0,0,0,0,141,129,201,TLAXCALA,0.701492537313433,,,,,,,,,,,,,,,,,,,,,,,,,,,,,,,,,,,,,,,,,,,,,,,,,,,,,,,,,,,,,,,,,,,,,,,,,,,,,,,,,
TLAXCO,29034,503,2001,November,4,31,20,7,0,0,0,0,0,0,0,66,62,90,TLAXCALA,0.733333333333333,,,,,,,,,,,,,,,,,,,,,,,,,,,,,,,,,,,,,,,,,,,,,,,,,,,,,,,,,,,,,,,,,,,,,,,,,,,,,,,,,
TLAXCO,29034,504,2001,November,5,47,34,4,0,0,0,0,0,0,0,98,90,135,TLAXCALA,0.725925925925926,,,,,,,,,,,,,,,,,,,,,,,,,,,,,,,,,,,,,,,,,,,,,,,,,,,,,,,,,,,,,,,,,,,,,,,,,,,,,,,,,
TOCATLAN,29035,505,2001,November,97,201,197,302,272,0,0,0,0,0,0,1135,1069,1635,TLAXCALA,0.694189602446483,,,,,,,,,,,,,,,,,,,,,,,,,,,,,,,,,,,,,,,,,,,,,,,,,,,,,,,,,,,,,,,,,,,,,,,,,,,,,,,,,
TOCATLAN,29035,506,2001,November,29,111,209,112,58,0,0,0,0,0,0,563,519,832,TLAXCALA,0.676682692307692,,,,,,,,,,,,,,,,,,,,,,,,,,,,,,,,,,,,,,,,,,,,,,,,,,,,,,,,,,,,,,,,,,,,,,,,,,,,,,,,,
TOCATLAN,29035,507,2001,November,33,46,39,97,51,0,0,0,0,0,0,266,266,429,TLAXCALA,0.62004662004662,,,,,,,,,,,,,,,,,,,,,,,,,,,,,,,,,,,,,,,,,,,,,,,,,,,,,,,,,,,,,,,,,,,,,,,,,,,,,,,,,
TOTOLAC,29036,508,2001,November,12,166,168,10,0,0,0,0,0,1,0,369,357,568,TLAXCALA,0.649647887323944,,,,,,,,,,,,,,,,,,,,,,,,,,,,,,,,,,,,,,,,,,,,,,,,,,,,,,,,,,,,,,,,,,,,,,,,,,,,,,,,,
TOTOLAC,29036,509,2001,November,20,204,171,39,0,0,0,0,0,4,0,472,438,736,TLAXCALA,0.641304347826087,,,,,,,,,,,,,,,,,,,,,,,,,,,,,,,,,,,,,,,,,,,,,,,,,,,,,,,,,,,,,,,,,,,,,,,,,,,,,,,,,
TOTOLAC,29036,510,2001,November,11,140,113,15,0,0,0,0,0,3,0,296,282,631,TLAXCALA,0.469096671949287,,,,,,,,,,,,,,,,,,,,,,,,,,,,,,,,,,,,,,,,,,,,,,,,,,,,,,,,,,,,,,,,,,,,,,,,,,,,,,,,,
TOTOLAC,29036,511,2001,November,20,159,136,30,0,0,0,0,0,2,0,353,347,541,TLAXCALA,0.652495378927911,,,,,,,,,,,,,,,,,,,,,,,,,,,,,,,,,,,,,,,,,,,,,,,,,,,,,,,,,,,,,,,,,,,,,,,,,,,,,,,,,
TOTOLAC,29036,512,2001,November,17,283,232,9,0,0,0,0,0,1,0,565,542,949,TLAXCALA,0.59536354056902,,,,,,,,,,,,,,,,,,,,,,,,,,,,,,,,,,,,,,,,,,,,,,,,,,,,,,,,,,,,,,,,,,,,,,,,,,,,,,,,,
TOTOLAC,29036,513,2001,November,32,608,221,19,0,0,0,0,0,3,0,893,883,1578,TLAXCALA,0.565906210392902,,,,,,,,,,,,,,,,,,,,,,,,,,,,,,,,,,,,,,,,,,,,,,,,,,,,,,,,,,,,,,,,,,,,,,,,,,,,,,,,,
TOTOLAC,29036,514,2001,November,43,270,199,21,0,0,0,0,0,12,0,580,545,1020,TLAXCALA,0.568627450980392,,,,,,,,,,,,,,,,,,,,,,,,,,,,,,,,,,,,,,,,,,,,,,,,,,,,,,,,,,,,,,,,,,,,,,,,,,,,,,,,,
TOTOLAC,29036,515,2001,November,38,229,522,26,0,0,0,0,0,2,0,838,817,1311,TLAXCALA,0.639206712433257,,,,,,,,,,,,,,,,,,,,,,,,,,,,,,,,,,,,,,,,,,,,,,,,,,,,,,,,,,,,,,,,,,,,,,,,,,,,,,,,,
TOTOLAC,29036,516,2001,November,27,219,600,24,0,0,0,0,0,5,0,893,875,1346,TLAXCALA,0.663447251114413,,,,,,,,,,,,,,,,,,,,,,,,,,,,,,,,,,,,,,,,,,,,,,,,,,,,,,,,,,,,,,,,,,,,,,,,,,,,,,,,,
TOTOLAC,29036,517,2001,November,28,125,263,17,0,0,0,0,0,5,0,451,438,751,TLAXCALA,0.600532623169108,,,,,,,,,,,,,,,,,,,,,,,,,,,,,,,,,,,,,,,,,,,,,,,,,,,,,,,,,,,,,,,,,,,,,,,,,,,,,,,,,
TOTOLAC,29036,518,2001,November,95,120,271,17,0,0,0,0,0,3,0,523,506,817,TLAXCALA,0.640146878824969,,,,,,,,,,,,,,,,,,,,,,,,,,,,,,,,,,,,,,,,,,,,,,,,,,,,,,,,,,,,,,,,,,,,,,,,,,,,,,,,,
TOTOLAC,29036,519,2001,November,13,107,142,5,0,0,0,0,0,1,0,280,268,575,TLAXCALA,0.486956521739131,,,,,,,,,,,,,,,,,,,,,,,,,,,,,,,,,,,,,,,,,,,,,,,,,,,,,,,,,,,,,,,,,,,,,,,,,,,,,,,,,
TZOMPANTEPEC,29038,527,2001,November,25,117,94,172,96,96,0,194,4,19,19,865,836,1383,TLAXCALA,0.625451916124367,,,,,,,,,,,,,,,,,,,,,,,,,,,,,,,,,,,,,,,,,,,,,,,,,,,,,,,,,,,,,,,,,,,,,,,,,,,,,,,,,
TZOMPANTEPEC,29038,528,2001,November,46,138,96,98,100,171,0,258,15,9,15,976,946,1583,TLAXCALA,0.616550852811118,,,,,,,,,,,,,,,,,,,,,,,,,,,,,,,,,,,,,,,,,,,,,,,,,,,,,,,,,,,,,,,,,,,,,,,,,,,,,,,,,
TZOMPANTEPEC,29038,529,2001,November,143,277,175,12,1,0,0,3,55,62,55,820,783,1055,TLAXCALA,0.777251184834123,,,,,,,,,,,,,,,,,,,,,,,,,,,,,,,,,,,,,,,,,,,,,,,,,,,,,,,,,,,,,,,,,,,,,,,,,,,,,,,,,
TZOMPANTEPEC,29038,530,2001,November,52,244,83,30,1,1,0,1,21,13,7,475,453,721,TLAXCALA,0.658807212205271,,,,,,,,,,,,,,,,,,,,,,,,,,,,,,,,,,,,,,,,,,,,,,,,,,,,,,,,,,,,,,,,,,,,,,,,,,,,,,,,,
TZOMPANTEPEC,29038,536,2001,November,108,94,53,11,0,0,0,0,10,40,13,339,329,400,TLAXCALA,0.8475,,,,,,,,,,,,,,,,,,,,,,,,,,,,,,,,,,,,,,,,,,,,,,,,,,,,,,,,,,,,,,,,,,,,,,,,,,,,,,,,,
TZOMPANTEPEC,29038,537,2001,November,19,92,12,0,4,0,0,0,0,0,0,131,127,214,TLAXCALA,0.61214953271028,,,,,,,,,,,,,,,,,,,,,,,,,,,,,,,,,,,,,,,,,,,,,,,,,,,,,,,,,,,,,,,,,,,,,,,,,,,,,,,,,
XALOZTOC,29039,538,2001,November,21,265,156,297,0,0,0,0,0,0,0,796,739,1268,TLAXCALA,0.627760252365931,,,,,,,,,,,,,,,,,,,,,,,,,,,,,,,,,,,,,,,,,,,,,,,,,,,,,,,,,,,,,,,,,,,,,,,,,,,,,,,,,
XALOZTOC,29039,539,2001,November,70,350,191,312,0,0,0,0,0,0,0,954,923,1456,TLAXCALA,0.65521978021978,,,,,,,,,,,,,,,,,,,,,,,,,,,,,,,,,,,,,,,,,,,,,,,,,,,,,,,,,,,,,,,,,,,,,,,,,,,,,,,,,
XALOZTOC,29039,540,2001,November,74,483,411,217,0,0,0,0,0,0,0,1198,1185,1979,TLAXCALA,0.605356240525518,,,,,,,,,,,,,,,,,,,,,,,,,,,,,,,,,,,,,,,,,,,,,,,,,,,,,,,,,,,,,,,,,,,,,,,,,,,,,,,,,
XALOZTOC,29039,541,2001,November,97,372,212,338,0,0,0,0,0,0,0,1067,1019,1722,TLAXCALA,0.619628339140534,,,,,,,,,,,,,,,,,,,,,,,,,,,,,,,,,,,,,,,,,,,,,,,,,,,,,,,,,,,,,,,,,,,,,,,,,,,,,,,,,
XALOZTOC,29039,542,2001,November,45,361,216,286,0,0,0,0,0,0,0,931,908,1558,TLAXCALA,0.597560975609756,,,,,,,,,,,,,,,,,,,,,,,,,,,,,,,,,,,,,,,,,,,,,,,,,,,,,,,,,,,,,,,,,,,,,,,,,,,,,,,,,
XALOZTOC,29039,543,2001,November,67,348,285,170,0,0,0,0,0,0,0,887,870,1459,TLAXCALA,0.607950651130912,,,,,,,,,,,,,,,,,,,,,,,,,,,,,,,,,,,,,,,,,,,,,,,,,,,,,,,,,,,,,,,,,,,,,,,,,,,,,,,,,
XALOZTOC,29039,544,2001,November,13,101,62,90,0,0,0,0,0,0,0,315,266,404,TLAXCALA,0.77970297029703,,,,,,,,,,,,,,,,,,,,,,,,,,,,,,,,,,,,,,,,,,,,,,,,,,,,,,,,,,,,,,,,,,,,,,,,,,,,,,,,,
XALOZTOC,29039,545,2001,November,7,68,9,52,0,0,0,0,0,0,0,142,136,184,TLAXCALA,0.771739130434783,,,,,,,,,,,,,,,,,,,,,,,,,,,,,,,,,,,,,,,,,,,,,,,,,,,,,,,,,,,,,,,,,,,,,,,,,,,,,,,,,
XALOZTOC,29039,546,2001,November,5,164,100,49,0,0,0,0,0,0,0,329,318,429,TLAXCALA,0.766899766899767,,,,,,,,,,,,,,,,,,,,,,,,,,,,,,,,,,,,,,,,,,,,,,,,,,,,,,,,,,,,,,,,,,,,,,,,,,,,,,,,,
XALTOCAN,29040,547,2001,November,34,84,58,50,0,0,0,121,0,7,0,375,354,605,TLAXCALA,0.619834710743802,,,,,,,,,,,,,,,,,,,,,,,,,,,,,,,,,,,,,,,,,,,,,,,,,,,,,,,,,,,,,,,,,,,,,,,,,,,,,,,,,
XALTOCAN,29040,548,2001,November,106,388,73,138,0,0,0,37,0,63,0,805,805,1389,TLAXCALA,0.579553635709143,,,,,,,,,,,,,,,,,,,,,,,,,,,,,,,,,,,,,,,,,,,,,,,,,,,,,,,,,,,,,,,,,,,,,,,,,,,,,,,,,
XALTOCAN,29040,549,2001,November,22,101,255,46,0,0,0,13,0,21,0,465,458,909,TLAXCALA,0.511551155115512,,,,,,,,,,,,,,,,,,,,,,,,,,,,,,,,,,,,,,,,,,,,,,,,,,,,,,,,,,,,,,,,,,,,,,,,,,,,,,,,,
XALTOCAN,29040,550,2001,November,22,52,241,8,0,0,0,3,0,22,0,355,348,656,TLAXCALA,0.541158536585366,,,,,,,,,,,,,,,,,,,,,,,,,,,,,,,,,,,,,,,,,,,,,,,,,,,,,,,,,,,,,,,,,,,,,,,,,,,,,,,,,
XALTOCAN,29040,553,2001,November,13,48,44,8,0,0,0,8,0,7,0,136,128,180,TLAXCALA,0.755555555555556,,,,,,,,,,,,,,,,,,,,,,,,,,,,,,,,,,,,,,,,,,,,,,,,,,,,,,,,,,,,,,,,,,,,,,,,,,,,,,,,,
XALTOCAN,29040,554,2001,November,2,35,35,6,0,0,0,15,0,0,0,100,93,129,TLAXCALA,0.775193798449612,,,,,,,,,,,,,,,,,,,,,,,,,,,,,,,,,,,,,,,,,,,,,,,,,,,,,,,,,,,,,,,,,,,,,,,,,,,,,,,,,
XALTOCAN,29040,555,2001,November,66,115,71,28,0,0,0,25,0,2,0,327,307,476,TLAXCALA,0.686974789915966,,,,,,,,,,,,,,,,,,,,,,,,,,,,,,,,,,,,,,,,,,,,,,,,,,,,,,,,,,,,,,,,,,,,,,,,,,,,,,,,,
XALTOCAN,29040,556,2001,November,50,119,29,60,0,0,0,43,0,7,0,334,308,511,TLAXCALA,0.653620352250489,,,,,,,,,,,,,,,,,,,,,,,,,,,,,,,,,,,,,,,,,,,,,,,,,,,,,,,,,,,,,,,,,,,,,,,,,,,,,,,,,
XALTOCAN,29040,557,2001,November,26,117,36,35,0,0,0,14,0,0,0,244,228,456,TLAXCALA,0.535087719298246,,,,,,,,,,,,,,,,,,,,,,,,,,,,,,,,,,,,,,,,,,,,,,,,,,,,,,,,,,,,,,,,,,,,,,,,,,,,,,,,,
XICOHTZINCO,29042,570,2001,November,318,315,281,26,102,0,0,44,0,0,0,1111,1086,1908,TLAXCALA,0.582285115303983,,,,,,,,,,,,,,,,,,,,,,,,,,,,,,,,,,,,,,,,,,,,,,,,,,,,,,,,,,,,,,,,,,,,,,,,,,,,,,,,,
XICOHTZINCO,29042,571,2001,November,263,209,209,22,100,0,0,34,0,0,0,868,837,1358,TLAXCALA,0.639175257731959,,,,,,,,,,,,,,,,,,,,,,,,,,,,,,,,,,,,,,,,,,,,,,,,,,,,,,,,,,,,,,,,,,,,,,,,,,,,,,,,,
XICOHTZINCO,29042,572,2001,November,195,185,229,9,24,0,0,36,0,0,0,686,678,1072,TLAXCALA,0.639925373134328,,,,,,,,,,,,,,,,,,,,,,,,,,,,,,,,,,,,,,,,,,,,,,,,,,,,,,,,,,,,,,,,,,,,,,,,,,,,,,,,,
XICOHTZINCO,29042,573,2001,November,253,217,271,13,50,0,0,55,0,0,0,883,859,1529,TLAXCALA,0.577501635055592,,,,,,,,,,,,,,,,,,,,,,,,,,,,,,,,,,,,,,,,,,,,,,,,,,,,,,,,,,,,,,,,,,,,,,,,,,,,,,,,,
XICOHTZINCO,29042,574,2001,November,230,172,335,34,30,0,0,36,0,0,0,852,837,1366,TLAXCALA,0.623718887262079,,,,,,,,,,,,,,,,,,,,,,,,,,,,,,,,,,,,,,,,,,,,,,,,,,,,,,,,,,,,,,,,,,,,,,,,,,,,,,,,,
YAUHQUEMEHCAN,29043,575,2001,November,99,164,340,12,0,0,0,0,0,110,0,741,725,1366,TLAXCALA,0.542459736456808,,,,,,,,,,,,,,,,,,,,,,,,,,,,,,,,,,,,,,,,,,,,,,,,,,,,,,,,,,,,,,,,,,,,,,,,,,,,,,,,,
YAUHQUEMEHCAN,29043,576,2001,November,172,152,151,8,0,0,0,0,0,113,0,606,596,1094,TLAXCALA,0.553930530164534,,,,,,,,,,,,,,,,,,,,,,,,,,,,,,,,,,,,,,,,,,,,,,,,,,,,,,,,,,,,,,,,,,,,,,,,,,,,,,,,,
YAUHQUEMEHCAN,29043,577,2001,November,25,86,86,4,0,0,0,0,0,70,0,284,271,444,TLAXCALA,0.63963963963964,,,,,,,,,,,,,,,,,,,,,,,,,,,,,,,,,,,,,,,,,,,,,,,,,,,,,,,,,,,,,,,,,,,,,,,,,,,,,,,,,
YAUHQUEMEHCAN,29043,578,2001,November,40,132,91,11,0,0,0,0,0,113,0,408,387,659,TLAXCALA,0.619119878603945,,,,,,,,,,,,,,,,,,,,,,,,,,,,,,,,,,,,,,,,,,,,,,,,,,,,,,,,,,,,,,,,,,,,,,,,,,,,,,,,,
YAUHQUEMEHCAN,29043,579,2001,November,65,181,187,9,0,0,0,0,0,41,0,504,483,784,TLAXCALA,0.642857142857143,,,,,,,,,,,,,,,,,,,,,,,,,,,,,,,,,,,,,,,,,,,,,,,,,,,,,,,,,,,,,,,,,,,,,,,,,,,,,,,,,
YAUHQUEMEHCAN,29043,580,2001,November,123,78,92,12,0,0,0,0,0,21,0,337,326,566,TLAXCALA,0.595406360424028,,,,,,,,,,,,,,,,,,,,,,,,,,,,,,,,,,,,,,,,,,,,,,,,,,,,,,,,,,,,,,,,,,,,,,,,,,,,,,,,,
YAUHQUEMEHCAN,29043,581,2001,November,179,185,154,42,0,0,0,0,0,83,0,706,643,1441,TLAXCALA,0.489937543372658,,,,,,,,,,,,,,,,,,,,,,,,,,,,,,,,,,,,,,,,,,,,,,,,,,,,,,,,,,,,,,,,,,,,,,,,,,,,,,,,,
YAUHQUEMEHCAN,29043,582,2001,November,63,400,323,26,0,0,0,0,0,94,0,946,906,1500,TLAXCALA,0.630666666666667,,,,,,,,,,,,,,,,,,,,,,,,,,,,,,,,,,,,,,,,,,,,,,,,,,,,,,,,,,,,,,,,,,,,,,,,,,,,,,,,,
YAUHQUEMEHCAN,29043,583,2001,November,62,126,218,30,0,0,0,0,0,100,0,569,536,1065,TLAXCALA,0.534272300469484,,,,,,,,,,,,,,,,,,,,,,,,,,,,,,,,,,,,,,,,,,,,,,,,,,,,,,,,,,,,,,,,,,,,,,,,,,,,,,,,,
YAUHQUEMEHCAN,29043,584,2001,November,24,86,85,16,0,0,0,0,0,94,0,337,305,524,TLAXCALA,0.643129770992367,,,,,,,,,,,,,,,,,,,,,,,,,,,,,,,,,,,,,,,,,,,,,,,,,,,,,,,,,,,,,,,,,,,,,,,,,,,,,,,,,
YAUHQUEMEHCAN,29043,585,2001,November,83,298,257,33,0,0,0,0,0,232,0,948,903,1568,TLAXCALA,0.604591836734694,,,,,,,,,,,,,,,,,,,,,,,,,,,,,,,,,,,,,,,,,,,,,,,,,,,,,,,,,,,,,,,,,,,,,,,,,,,,,,,,,
ZACATELCO,29044,588,2001,November,86,154,72,53,5,0,0,21,95,2,0,501,488,877,TLAXCALA,0.571265678449259,,,,,,,,,,,,,,,,,,,,,,,,,,,,,,,,,,,,,,,,,,,,,,,,,,,,,,,,,,,,,,,,,,,,,,,,,,,,,,,,,
ZACATELCO,29044,589,2001,November,61,206,127,53,8,0,0,92,141,9,0,714,697,1229,TLAXCALA,0.580960130187144,,,,,,,,,,,,,,,,,,,,,,,,,,,,,,,,,,,,,,,,,,,,,,,,,,,,,,,,,,,,,,,,,,,,,,,,,,,,,,,,,
ZACATELCO,29044,590,2001,November,166,232,170,50,15,0,0,154,291,2,0,1118,1080,1958,TLAXCALA,0.570990806945863,,,,,,,,,,,,,,,,,,,,,,,,,,,,,,,,,,,,,,,,,,,,,,,,,,,,,,,,,,,,,,,,,,,,,,,,,,,,,,,,,
ZACATELCO,29044,591,2001,November,201,314,159,42,10,0,0,195,272,20,0,1238,1213,2066,TLAXCALA,0.599225556631171,,,,,,,,,,,,,,,,,,,,,,,,,,,,,,,,,,,,,,,,,,,,,,,,,,,,,,,,,,,,,,,,,,,,,,,,,,,,,,,,,
ZACATELCO,29044,592,2001,November,164,224,215,66,8,0,0,71,277,3,0,1058,1028,1853,TLAXCALA,0.570966001079331,,,,,,,,,,,,,,,,,,,,,,,,,,,,,,,,,,,,,,,,,,,,,,,,,,,,,,,,,,,,,,,,,,,,,,,,,,,,,,,,,
ZACATELCO,29044,593,2001,November,133,251,204,34,12,0,0,75,328,2,0,1071,1039,1953,TLAXCALA,0.548387096774194,,,,,,,,,,,,,,,,,,,,,,,,,,,,,,,,,,,,,,,,,,,,,,,,,,,,,,,,,,,,,,,,,,,,,,,,,,,,,,,,,
ZACATELCO,29044,594,2001,November,52,118,80,36,2,0,0,37,343,2,0,689,670,1163,TLAXCALA,0.592433361994841,,,,,,,,,,,,,,,,,,,,,,,,,,,,,,,,,,,,,,,,,,,,,,,,,,,,,,,,,,,,,,,,,,,,,,,,,,,,,,,,,
ZACATELCO,29044,595,2001,November,130,173,146,41,7,0,0,94,369,1,0,981,961,1611,TLAXCALA,0.608938547486034,,,,,,,,,,,,,,,,,,,,,,,,,,,,,,,,,,,,,,,,,,,,,,,,,,,,,,,,,,,,,,,,,,,,,,,,,,,,,,,,,
ZACATELCO,29044,596,2001,November,56,199,152,31,5,0,0,69,165,2,0,679,679,1057,TLAXCALA,0.642384105960265,,,,,,,,,,,,,,,,,,,,,,,,,,,,,,,,,,,,,,,,,,,,,,,,,,,,,,,,,,,,,,,,,,,,,,,,,,,,,,,,,
ZACATELCO,29044,597,2001,November,82,177,220,37,9,0,0,65,173,2,0,778,765,1273,TLAXCALA,0.611154752553024,,,,,,,,,,,,,,,,,,,,,,,,,,,,,,,,,,,,,,,,,,,,,,,,,,,,,,,,,,,,,,,,,,,,,,,,,,,,,,,,,
ZACATELCO,29044,598,2001,November,128,124,204,31,8,0,0,71,154,3,0,742,723,1368,TLAXCALA,0.542397660818713,,,,,,,,,,,,,,,,,,,,,,,,,,,,,,,,,,,,,,,,,,,,,,,,,,,,,,,,,,,,,,,,,,,,,,,,,,,,,,,,,
ZACATELCO,29044,599,2001,November,160,230,146,26,5,0,0,100,154,2,0,851,823,1478,TLAXCALA,0.575778078484438,,,,,,,,,,,,,,,,,,,,,,,,,,,,,,,,,,,,,,,,,,,,,,,,,,,,,,,,,,,,,,,,,,,,,,,,,,,,,,,,,
ZACATELCO,29044,600,2001,November,107,219,151,144,27,0,0,143,297,1,0,1110,1089,1755,TLAXCALA,0.632478632478633,,,,,,,,,,,,,,,,,,,,,,,,,,,,,,,,,,,,,,,,,,,,,,,,,,,,,,,,,,,,,,,,,,,,,,,,,,,,,,,,,
ZACATELCO,29044,601,2001,November,292,160,306,28,19,0,0,115,245,3,0,1214,1168,1755,TLAXCALA,0.691737891737892,,,,,,,,,,,,,,,,,,,,,,,,,,,,,,,,,,,,,,,,,,,,,,,,,,,,,,,,,,,,,,,,,,,,,,,,,,,,,,,,,
ZITLALTEPEC DE TRINIDAD SANCHEZ SANTOS,29037,520,2001,November,93,267,109,26,0,0,0,0,0,144,0,719,639,1247,TLAXCALA,0.576583801122695,,,,,,,,,,,,,,,,,,,,,,,,,,,,,,,,,,,,,,,,,,,,,,,,,,,,,,,,,,,,,,,,,,,,,,,,,,,,,,,,,
ZITLALTEPEC DE TRINIDAD SANCHEZ SANTOS,29037,521,2001,November,89,129,155,16,0,0,0,0,0,70,0,502,459,875,TLAXCALA,0.573714285714286,,,,,,,,,,,,,,,,,,,,,,,,,,,,,,,,,,,,,,,,,,,,,,,,,,,,,,,,,,,,,,,,,,,,,,,,,,,,,,,,,
ZITLALTEPEC DE TRINIDAD SANCHEZ SANTOS,29037,522,2001,November,59,244,158,20,0,0,0,0,0,96,0,653,577,1134,TLAXCALA,0.575837742504409,,,,,,,,,,,,,,,,,,,,,,,,,,,,,,,,,,,,,,,,,,,,,,,,,,,,,,,,,,,,,,,,,,,,,,,,,,,,,,,,,
ZITLALTEPEC DE TRINIDAD SANCHEZ SANTOS,29037,523,2001,November,76,236,225,15,0,0,0,0,0,135,0,763,687,1242,TLAXCALA,0.614331723027375,,,,,,,,,,,,,,,,,,,,,,,,,,,,,,,,,,,,,,,,,,,,,,,,,,,,,,,,,,,,,,,,,,,,,,,,,,,,,,,,,
ZITLALTEPEC DE TRINIDAD SANCHEZ SANTOS,29037,524,2001,November,25,152,41,17,0,0,0,0,0,17,0,279,252,358,TLAXCALA,0.779329608938548,,,,,,,,,,,,,,,,,,,,,,,,,,,,,,,,,,,,,,,,,,,,,,,,,,,,,,,,,,,,,,,,,,,,,,,,,,,,,,,,,
ZITLALTEPEC DE TRINIDAD SANCHEZ SANTOS,29037,525,2001,November,31,216,40,77,0,0,0,0,0,2,0,426,366,581,TLAXCALA,0.733218588640275,,,,,,,,,,,,,,,,,,,,,,,,,,,,,,,,,,,,,,,,,,,,,,,,,,,,,,,,,,,,,,,,,,,,,,,,,,,,,,,,,
ZITLALTEPEC DE TRINIDAD SANCHEZ SANTOS,29037,526,2001,November,2,3,30,14,0,0,0,0,0,8,0,65,57,87,TLAXCALA,0.747126436781609,,,,,,,,,,,,,,,,,,,,,,,,,,,,,,,,,,,,,,,,,,,,,,,,,,,,,,,,,,,,,,,,,,,,,,,,,,,,,,,,,
ACUAMANALA DE MIGUEL HIDALGO,29022,309,2004,November,72,172,78,187,0,,,95,,0,0,619,604,909,TLAXCALA,0.680968096809681,0,0,0,0,0,,,,,,,,,,,,,,,,,,,,,,,,,,,,,,,,,,,,,,,,,,,,,,,,,,,,,,,,,,,,,,,,,,,,,,,,,,,,
ACUAMANALA DE MIGUEL HIDALGO,29022,310,2004,November,136,140,195,126,0,,,91,,0,0,695,688,937,TLAXCALA,0.741728922091782,0,0,0,0,0,,,,,,,,,,,,,,,,,,,,,,,,,,,,,,,,,,,,,,,,,,,,,,,,,,,,,,,,,,,,,,,,,,,,,,,,,,,,
ACUAMANALA DE MIGUEL HIDALGO,29022,311,2004,November,114,61,141,152,0,,,65,,0,0,548,533,727,TLAXCALA,0.753782668500688,0,0,0,0,0,,,,,,,,,,,,,,,,,,,,,,,,,,,,,,,,,,,,,,,,,,,,,,,,,,,,,,,,,,,,,,,,,,,,,,,,,,,,
ACUAMANALA DE MIGUEL HIDALGO,29022,312,2004,November,68,74,84,61,0,,,14,,0,0,320,301,427,TLAXCALA,0.749414519906323,0,0,0,0,0,,,,,,,,,,,,,,,,,,,,,,,,,,,,,,,,,,,,,,,,,,,,,,,,,,,,,,,,,,,,,,,,,,,,,,,,,,,,
AMAXAC DE GUERRERO,29001,1,2004,November,0,101,190,7,0,,,0,,10,113,527,507,708,TLAXCALA,0.744350282485876,86,0,0,0,0,,,,,,,,,,,,,,,,,,,,,,,,,,,,,,,,,,,,,,,,,,,,,,,,,,,,,,,,,,,,,,,,,,,,,,,,,,,,
AMAXAC DE GUERRERO,29001,2,2004,November,0,431,458,14,0,,,0,,30,163,1508,1488,2232,TLAXCALA,0.675627240143369,392,0,0,0,0,,,,,,,,,,,,,,,,,,,,,,,,,,,,,,,,,,,,,,,,,,,,,,,,,,,,,,,,,,,,,,,,,,,,,,,,,,,,
AMAXAC DE GUERRERO,29001,3,2004,November,0,445,419,13,0,,,0,,15,141,1485,1459,2132,TLAXCALA,0.696529080675422,426,0,0,0,0,,,,,,,,,,,,,,,,,,,,,,,,,,,,,,,,,,,,,,,,,,,,,,,,,,,,,,,,,,,,,,,,,,,,,,,,,,,,
AMAXAC DE GUERRERO,29001,4,2004,November,0,84,145,3,0,,,0,,3,11,315,307,410,TLAXCALA,0.768292682926829,61,0,0,0,0,,,,,,,,,,,,,,,,,,,,,,,,,,,,,,,,,,,,,,,,,,,,,,,,,,,,,,,,,,,,,,,,,,,,,,,,,,,,
APETATITLAN DE ANTONIO CARVAJAL,29002,5,2004,November,0,92,467,31,0,,,90,,59,0,1197,1156,1747,TLAXCALA,0.685174585002862,417,0,0,0,0,,,,,,,,,,,,,,,,,,,,,,,,,,,,,,,,,,,,,,,,,,,,,,,,,,,,,,,,,,,,,,,,,,,,,,,,,,,,
APETATITLAN DE ANTONIO CARVAJAL,29002,6,2004,November,0,35,150,11,0,,,84,,32,0,578,569,797,TLAXCALA,0.725219573400251,257,0,0,0,0,,,,,,,,,,,,,,,,,,,,,,,,,,,,,,,,,,,,,,,,,,,,,,,,,,,,,,,,,,,,,,,,,,,,,,,,,,,,
APETATITLAN DE ANTONIO CARVAJAL,29002,7,2004,November,0,21,67,6,0,,,22,,17,0,199,196,312,TLAXCALA,0.637820512820513,63,0,0,0,0,,,,,,,,,,,,,,,,,,,,,,,,,,,,,,,,,,,,,,,,,,,,,,,,,,,,,,,,,,,,,,,,,,,,,,,,,,,,
APETATITLAN DE ANTONIO CARVAJAL,29002,8,2004,November,0,148,376,51,0,,,158,,64,0,1174,1143,1723,TLAXCALA,0.681369704004643,346,0,0,0,0,,,,,,,,,,,,,,,,,,,,,,,,,,,,,,,,,,,,,,,,,,,,,,,,,,,,,,,,,,,,,,,,,,,,,,,,,,,,
APETATITLAN DE ANTONIO CARVAJAL,29002,9,2004,November,0,66,220,486,0,,,33,,26,0,1064,1039,1554,TLAXCALA,0.684684684684685,208,0,0,0,0,,,,,,,,,,,,,,,,,,,,,,,,,,,,,,,,,,,,,,,,,,,,,,,,,,,,,,,,,,,,,,,,,,,,,,,,,,,,
APETATITLAN DE ANTONIO CARVAJAL,29002,10,2004,November,0,97,804,46,0,,,14,,11,0,1240,1220,1721,TLAXCALA,0.720511330621732,248,0,0,0,0,,,,,,,,,,,,,,,,,,,,,,,,,,,,,,,,,,,,,,,,,,,,,,,,,,,,,,,,,,,,,,,,,,,,,,,,,,,,
APETATITLAN DE ANTONIO CARVAJAL,29002,11,2004,November,0,35,148,26,0,,,48,,7,0,427,414,555,TLAXCALA,0.769369369369369,150,0,0,0,0,,,,,,,,,,,,,,,,,,,,,,,,,,,,,,,,,,,,,,,,,,,,,,,,,,,,,,,,,,,,,,,,,,,,,,,,,,,,
APIZACO,29005,12,2004,November,0,110,173,185,0,,,10,,20,15,691,663,1300,TLAXCALA,0.531538461538462,150,0,0,0,0,,,,,,,,,,,,,,,,,,,,,,,,,,,,,,,,,,,,,,,,,,,,,,,,,,,,,,,,,,,,,,,,,,,,,,,,,,,,
APIZACO,29005,13,2004,November,0,144,213,275,0,,,10,,30,20,973,942,1671,TLAXCALA,0.58228605625374,250,0,0,0,0,,,,,,,,,,,,,,,,,,,,,,,,,,,,,,,,,,,,,,,,,,,,,,,,,,,,,,,,,,,,,,,,,,,,,,,,,,,,
APIZACO,29005,14,2004,November,0,261,374,261,0,,,27,,78,32,1435,1375,2397,TLAXCALA,0.598664997914059,342,0,0,0,0,,,,,,,,,,,,,,,,,,,,,,,,,,,,,,,,,,,,,,,,,,,,,,,,,,,,,,,,,,,,,,,,,,,,,,,,,,,,
APIZACO,29005,15,2004,November,0,115,223,214,0,,,12,,32,10,804,784,1373,TLAXCALA,0.58557902403496,178,0,0,0,0,,,,,,,,,,,,,,,,,,,,,,,,,,,,,,,,,,,,,,,,,,,,,,,,,,,,,,,,,,,,,,,,,,,,,,,,,,,,
APIZACO,29005,16,2004,November,0,138,144,169,0,,,11,,45,12,687,659,1289,TLAXCALA,0.532971295577967,140,0,0,0,0,,,,,,,,,,,,,,,,,,,,,,,,,,,,,,,,,,,,,,,,,,,,,,,,,,,,,,,,,,,,,,,,,,,,,,,,,,,,
APIZACO,29005,17,2004,November,0,189,248,204,0,,,13,,40,9,979,952,1587,TLAXCALA,0.616887208569628,249,0,0,0,0,,,,,,,,,,,,,,,,,,,,,,,,,,,,,,,,,,,,,,,,,,,,,,,,,,,,,,,,,,,,,,,,,,,,,,,,,,,,
APIZACO,29005,18,2004,November,0,216,200,139,0,,,18,,26,8,841,826,1298,TLAXCALA,0.647919876733436,219,0,0,0,0,,,,,,,,,,,,,,,,,,,,,,,,,,,,,,,,,,,,,,,,,,,,,,,,,,,,,,,,,,,,,,,,,,,,,,,,,,,,
APIZACO,29005,19,2004,November,0,201,116,188,0,,,11,,26,8,742,713,1225,TLAXCALA,0.605714285714286,163,0,0,0,0,,,,,,,,,,,,,,,,,,,,,,,,,,,,,,,,,,,,,,,,,,,,,,,,,,,,,,,,,,,,,,,,,,,,,,,,,,,,
APIZACO,29005,20,2004,November,0,70,93,114,0,,,1,,15,11,398,390,699,TLAXCALA,0.569384835479256,86,0,0,0,0,,,,,,,,,,,,,,,,,,,,,,,,,,,,,,,,,,,,,,,,,,,,,,,,,,,,,,,,,,,,,,,,,,,,,,,,,,,,
APIZACO,29005,21,2004,November,0,42,52,40,0,,,2,,9,13,211,202,365,TLAXCALA,0.578082191780822,44,0,0,0,0,,,,,,,,,,,,,,,,,,,,,,,,,,,,,,,,,,,,,,,,,,,,,,,,,,,,,,,,,,,,,,,,,,,,,,,,,,,,
APIZACO,29005,22,2004,November,0,161,215,239,0,,,13,,35,14,942,914,1590,TLAXCALA,0.592452830188679,237,0,0,0,0,,,,,,,,,,,,,,,,,,,,,,,,,,,,,,,,,,,,,,,,,,,,,,,,,,,,,,,,,,,,,,,,,,,,,,,,,,,,
APIZACO,29005,23,2004,November,0,97,103,127,0,,,9,,9,18,492,481,802,TLAXCALA,0.613466334164589,118,0,0,0,0,,,,,,,,,,,,,,,,,,,,,,,,,,,,,,,,,,,,,,,,,,,,,,,,,,,,,,,,,,,,,,,,,,,,,,,,,,,,
APIZACO,29005,24,2004,November,0,91,109,213,0,,,7,,16,9,590,572,1028,TLAXCALA,0.573929961089494,127,0,0,0,0,,,,,,,,,,,,,,,,,,,,,,,,,,,,,,,,,,,,,,,,,,,,,,,,,,,,,,,,,,,,,,,,,,,,,,,,,,,,
APIZACO,29005,25,2004,November,0,179,183,198,0,,,30,,13,12,816,792,1372,TLAXCALA,0.594752186588921,177,0,0,0,0,,,,,,,,,,,,,,,,,,,,,,,,,,,,,,,,,,,,,,,,,,,,,,,,,,,,,,,,,,,,,,,,,,,,,,,,,,,,
APIZACO,29005,26,2004,November,0,147,127,184,0,,,7,,18,16,720,707,1304,TLAXCALA,0.552147239263804,208,0,0,0,0,,,,,,,,,,,,,,,,,,,,,,,,,,,,,,,,,,,,,,,,,,,,,,,,,,,,,,,,,,,,,,,,,,,,,,,,,,,,
APIZACO,29005,27,2004,November,0,170,239,257,0,,,17,,38,22,1038,999,1891,TLAXCALA,0.548915917503966,256,0,0,0,0,,,,,,,,,,,,,,,,,,,,,,,,,,,,,,,,,,,,,,,,,,,,,,,,,,,,,,,,,,,,,,,,,,,,,,,,,,,,
APIZACO,29005,28,2004,November,0,128,185,295,0,,,10,,29,17,904,871,1715,TLAXCALA,0.527113702623907,207,0,0,0,0,,,,,,,,,,,,,,,,,,,,,,,,,,,,,,,,,,,,,,,,,,,,,,,,,,,,,,,,,,,,,,,,,,,,,,,,,,,,
APIZACO,29005,29,2004,November,0,207,197,256,0,,,15,,24,22,1011,979,1829,TLAXCALA,0.552761071623838,258,0,0,0,0,,,,,,,,,,,,,,,,,,,,,,,,,,,,,,,,,,,,,,,,,,,,,,,,,,,,,,,,,,,,,,,,,,,,,,,,,,,,
APIZACO,29005,30,2004,November,0,274,369,391,0,,,27,,46,32,1504,1466,2868,TLAXCALA,0.524407252440725,327,0,0,0,0,,,,,,,,,,,,,,,,,,,,,,,,,,,,,,,,,,,,,,,,,,,,,,,,,,,,,,,,,,,,,,,,,,,,,,,,,,,,
APIZACO,29005,31,2004,November,0,195,315,237,0,,,9,,44,29,1125,1083,2239,TLAXCALA,0.502456453774006,254,0,0,0,0,,,,,,,,,,,,,,,,,,,,,,,,,,,,,,,,,,,,,,,,,,,,,,,,,,,,,,,,,,,,,,,,,,,,,,,,,,,,
APIZACO,29005,32,2004,November,0,143,199,227,0,,,8,,24,58,905,878,1741,TLAXCALA,0.519816197587593,219,0,0,0,0,,,,,,,,,,,,,,,,,,,,,,,,,,,,,,,,,,,,,,,,,,,,,,,,,,,,,,,,,,,,,,,,,,,,,,,,,,,,
APIZACO,29005,33,2004,November,0,162,184,228,0,,,9,,34,28,936,912,1844,TLAXCALA,0.507592190889371,267,0,0,0,0,,,,,,,,,,,,,,,,,,,,,,,,,,,,,,,,,,,,,,,,,,,,,,,,,,,,,,,,,,,,,,,,,,,,,,,,,,,,
APIZACO,29005,34,2004,November,0,181,161,222,0,,,15,,23,15,866,840,1432,TLAXCALA,0.604748603351955,223,0,0,0,0,,,,,,,,,,,,,,,,,,,,,,,,,,,,,,,,,,,,,,,,,,,,,,,,,,,,,,,,,,,,,,,,,,,,,,,,,,,,
APIZACO,29005,35,2004,November,0,110,121,208,0,,,1,,20,12,623,609,1107,TLAXCALA,0.562782294489612,137,0,0,0,0,,,,,,,,,,,,,,,,,,,,,,,,,,,,,,,,,,,,,,,,,,,,,,,,,,,,,,,,,,,,,,,,,,,,,,,,,,,,
APIZACO,29005,36,2004,November,0,153,201,208,0,,,12,,23,25,939,913,1648,TLAXCALA,0.569781553398058,291,0,0,0,0,,,,,,,,,,,,,,,,,,,,,,,,,,,,,,,,,,,,,,,,,,,,,,,,,,,,,,,,,,,,,,,,,,,,,,,,,,,,
APIZACO,29005,37,2004,November,0,163,165,214,0,,,8,,17,10,808,784,1304,TLAXCALA,0.619631901840491,207,0,0,0,0,,,,,,,,,,,,,,,,,,,,,,,,,,,,,,,,,,,,,,,,,,,,,,,,,,,,,,,,,,,,,,,,,,,,,,,,,,,,
APIZACO,29005,38,2004,November,0,25,48,107,0,,,4,,13,64,445,421,670,TLAXCALA,0.664179104477612,160,0,0,0,0,,,,,,,,,,,,,,,,,,,,,,,,,,,,,,,,,,,,,,,,,,,,,,,,,,,,,,,,,,,,,,,,,,,,,,,,,,,,
APIZACO,29005,39,2004,November,0,48,150,93,0,,,2,,2,22,470,451,703,TLAXCALA,0.668563300142248,134,0,0,0,0,,,,,,,,,,,,,,,,,,,,,,,,,,,,,,,,,,,,,,,,,,,,,,,,,,,,,,,,,,,,,,,,,,,,,,,,,,,,
APIZACO,29005,40,2004,November,0,201,406,210,0,,,9,,55,40,1211,1162,1884,TLAXCALA,0.642781316348195,241,0,0,0,0,,,,,,,,,,,,,,,,,,,,,,,,,,,,,,,,,,,,,,,,,,,,,,,,,,,,,,,,,,,,,,,,,,,,,,,,,,,,
APIZACO,29005,41,2004,November,0,166,439,344,0,,,11,,54,15,1305,1266,1974,TLAXCALA,0.661094224924012,237,0,0,0,0,,,,,,,,,,,,,,,,,,,,,,,,,,,,,,,,,,,,,,,,,,,,,,,,,,,,,,,,,,,,,,,,,,,,,,,,,,,,
APIZACO,29005,42,2004,November,0,32,38,41,0,,,5,,2,4,172,164,319,TLAXCALA,0.539184952978057,42,0,0,0,0,,,,,,,,,,,,,,,,,,,,,,,,,,,,,,,,,,,,,,,,,,,,,,,,,,,,,,,,,,,,,,,,,,,,,,,,,,,,
APIZACO,29005,43,2004,November,0,203,211,171,0,,,15,,28,49,943,904,1780,TLAXCALA,0.529775280898876,227,0,0,0,0,,,,,,,,,,,,,,,,,,,,,,,,,,,,,,,,,,,,,,,,,,,,,,,,,,,,,,,,,,,,,,,,,,,,,,,,,,,,
APIZACO,29005,44,2004,November,0,193,244,134,0,,,9,,18,24,811,776,1198,TLAXCALA,0.676961602671119,154,0,0,0,0,,,,,,,,,,,,,,,,,,,,,,,,,,,,,,,,,,,,,,,,,,,,,,,,,,,,,,,,,,,,,,,,,,,,,,,,,,,,
APIZACO,29005,45,2004,November,0,24,35,32,0,,,1,,3,8,142,137,264,TLAXCALA,0.537878787878788,34,0,0,0,0,,,,,,,,,,,,,,,,,,,,,,,,,,,,,,,,,,,,,,,,,,,,,,,,,,,,,,,,,,,,,,,,,,,,,,,,,,,,
APIZACO,29005,46,2004,November,0,88,145,156,0,,,6,,43,18,618,591,943,TLAXCALA,0.655355249204666,135,0,0,0,0,,,,,,,,,,,,,,,,,,,,,,,,,,,,,,,,,,,,,,,,,,,,,,,,,,,,,,,,,,,,,,,,,,,,,,,,,,,,
APIZACO,29005,47,2004,November,0,103,192,137,0,,,9,,15,46,695,662,1397,TLAXCALA,0.497494631352899,160,0,0,0,0,,,,,,,,,,,,,,,,,,,,,,,,,,,,,,,,,,,,,,,,,,,,,,,,,,,,,,,,,,,,,,,,,,,,,,,,,,,,
APIZACO,29005,48,2004,November,0,41,43,69,0,,,1,,6,10,274,265,415,TLAXCALA,0.660240963855422,95,0,0,0,0,,,,,,,,,,,,,,,,,,,,,,,,,,,,,,,,,,,,,,,,,,,,,,,,,,,,,,,,,,,,,,,,,,,,,,,,,,,,
ATLANGATEPEC,29003,49,2004,November,0,27,57,215,0,,,22,,0,0,407,387,553,TLAXCALA,0.735985533453888,66,0,0,0,0,,,,,,,,,,,,,,,,,,,,,,,,,,,,,,,,,,,,,,,,,,,,,,,,,,,,,,,,,,,,,,,,,,,,,,,,,,,,
ATLANGATEPEC,29003,50,2004,November,0,11,93,14,0,,,2,,0,0,187,185,269,TLAXCALA,0.695167286245353,65,0,0,0,0,,,,,,,,,,,,,,,,,,,,,,,,,,,,,,,,,,,,,,,,,,,,,,,,,,,,,,,,,,,,,,,,,,,,,,,,,,,,
ATLANGATEPEC,29003,51,2004,November,0,19,92,4,0,,,13,,0,0,179,174,230,TLAXCALA,0.778260869565217,46,0,0,0,0,,,,,,,,,,,,,,,,,,,,,,,,,,,,,,,,,,,,,,,,,,,,,,,,,,,,,,,,,,,,,,,,,,,,,,,,,,,,
ATLANGATEPEC,29003,52,2004,November,0,6,22,0,0,,,2,,0,0,48,46,64,TLAXCALA,0.75,16,0,0,0,0,,,,,,,,,,,,,,,,,,,,,,,,,,,,,,,,,,,,,,,,,,,,,,,,,,,,,,,,,,,,,,,,,,,,,,,,,,,,
ATLANGATEPEC,29003,53,2004,November,0,139,181,43,0,,,63,,0,0,589,568,892,TLAXCALA,0.660313901345291,142,0,0,0,0,,,,,,,,,,,,,,,,,,,,,,,,,,,,,,,,,,,,,,,,,,,,,,,,,,,,,,,,,,,,,,,,,,,,,,,,,,,,
ATLANGATEPEC,29003,54,2004,November,0,47,8,13,0,,,21,,0,0,207,203,282,TLAXCALA,0.734042553191489,114,0,0,0,0,,,,,,,,,,,,,,,,,,,,,,,,,,,,,,,,,,,,,,,,,,,,,,,,,,,,,,,,,,,,,,,,,,,,,,,,,,,,
ATLANGATEPEC,29003,55,2004,November,0,72,15,40,0,,,14,,0,0,211,205,240,TLAXCALA,0.879166666666667,64,0,0,0,0,,,,,,,,,,,,,,,,,,,,,,,,,,,,,,,,,,,,,,,,,,,,,,,,,,,,,,,,,,,,,,,,,,,,,,,,,,,,
ATLANGATEPEC,29003,56,2004,November,0,50,123,64,0,,,114,,0,0,599,558,814,TLAXCALA,0.735872235872236,207,0,0,0,0,,,,,,,,,,,,,,,,,,,,,,,,,,,,,,,,,,,,,,,,,,,,,,,,,,,,,,,,,,,,,,,,,,,,,,,,,,,,
ATLANGATEPEC,29003,57,2004,November,0,67,24,11,0,,,12,,0,0,186,179,254,TLAXCALA,0.732283464566929,65,0,0,0,0,,,,,,,,,,,,,,,,,,,,,,,,,,,,,,,,,,,,,,,,,,,,,,,,,,,,,,,,,,,,,,,,,,,,,,,,,,,,
ATLTZAYANCA,29004,59,2004,November,0,242,47,46,0,,,0,,0,6,614,591,846,TLAXCALA,0.725768321513002,250,0,0,0,0,,,,,,,,,,,,,,,,,,,,,,,,,,,,,,,,,,,,,,,,,,,,,,,,,,,,,,,,,,,,,,,,,,,,,,,,,,,,
ATLTZAYANCA,29004,60,2004,November,0,178,41,14,0,,,0,,0,2,400,379,538,TLAXCALA,0.743494423791822,144,0,0,0,0,,,,,,,,,,,,,,,,,,,,,,,,,,,,,,,,,,,,,,,,,,,,,,,,,,,,,,,,,,,,,,,,,,,,,,,,,,,,
ATLTZAYANCA,29004,61,2004,November,0,48,51,25,0,,,0,,0,0,241,220,451,TLAXCALA,0.534368070953437,96,0,0,0,0,,,,,,,,,,,,,,,,,,,,,,,,,,,,,,,,,,,,,,,,,,,,,,,,,,,,,,,,,,,,,,,,,,,,,,,,,,,,
ATLTZAYANCA,29004,62,2004,November,0,24,21,14,0,,,0,,0,3,169,162,248,TLAXCALA,0.681451612903226,100,0,0,0,0,,,,,,,,,,,,,,,,,,,,,,,,,,,,,,,,,,,,,,,,,,,,,,,,,,,,,,,,,,,,,,,,,,,,,,,,,,,,
ATLTZAYANCA,29004,63,2004,November,0,42,25,47,0,,,0,,0,4,192,181,246,TLAXCALA,0.780487804878049,63,0,0,0,0,,,,,,,,,,,,,,,,,,,,,,,,,,,,,,,,,,,,,,,,,,,,,,,,,,,,,,,,,,,,,,,,,,,,,,,,,,,,
ATLTZAYANCA,29004,64,2004,November,0,9,38,15,0,,,0,,0,2,122,115,175,TLAXCALA,0.697142857142857,51,0,0,0,0,,,,,,,,,,,,,,,,,,,,,,,,,,,,,,,,,,,,,,,,,,,,,,,,,,,,,,,,,,,,,,,,,,,,,,,,,,,,
ATLTZAYANCA,29004,65,2004,November,0,39,23,20,0,,,0,,0,0,147,144,185,TLAXCALA,0.794594594594595,62,0,0,0,0,,,,,,,,,,,,,,,,,,,,,,,,,,,,,,,,,,,,,,,,,,,,,,,,,,,,,,,,,,,,,,,,,,,,,,,,,,,,
ATLTZAYANCA,29004,66,2004,November,0,51,22,13,0,,,0,,0,0,225,202,378,TLAXCALA,0.595238095238095,116,0,0,0,0,,,,,,,,,,,,,,,,,,,,,,,,,,,,,,,,,,,,,,,,,,,,,,,,,,,,,,,,,,,,,,,,,,,,,,,,,,,,
ATLTZAYANCA,29004,67,2004,November,0,2,66,18,0,,,0,,0,0,120,119,173,TLAXCALA,0.69364161849711,33,0,0,0,0,,,,,,,,,,,,,,,,,,,,,,,,,,,,,,,,,,,,,,,,,,,,,,,,,,,,,,,,,,,,,,,,,,,,,,,,,,,,
ATLTZAYANCA,29004,68,2004,November,0,422,173,17,0,,,0,,0,7,999,956,1364,TLAXCALA,0.732404692082112,337,0,0,0,0,,,,,,,,,,,,,,,,,,,,,,,,,,,,,,,,,,,,,,,,,,,,,,,,,,,,,,,,,,,,,,,,,,,,,,,,,,,,
ATLTZAYANCA,29004,69,2004,November,0,94,110,85,0,,,0,,0,5,443,428,600,TLAXCALA,0.738333333333333,134,0,0,0,0,,,,,,,,,,,,,,,,,,,,,,,,,,,,,,,,,,,,,,,,,,,,,,,,,,,,,,,,,,,,,,,,,,,,,,,,,,,,
ATLTZAYANCA,29004,70,2004,November,0,161,52,4,0,,,0,,0,2,319,305,435,TLAXCALA,0.733333333333333,86,0,0,0,0,,,,,,,,,,,,,,,,,,,,,,,,,,,,,,,,,,,,,,,,,,,,,,,,,,,,,,,,,,,,,,,,,,,,,,,,,,,,
ATLTZAYANCA,29004,71,2004,November,0,80,161,16,0,,,0,,0,4,435,403,649,TLAXCALA,0.670261941448382,142,0,0,0,0,,,,,,,,,,,,,,,,,,,,,,,,,,,,,,,,,,,,,,,,,,,,,,,,,,,,,,,,,,,,,,,,,,,,,,,,,,,,
ATLTZAYANCA,29004,72,2004,November,0,45,44,50,0,,,0,,0,11,314,284,419,TLAXCALA,0.749403341288783,134,0,0,0,0,,,,,,,,,,,,,,,,,,,,,,,,,,,,,,,,,,,,,,,,,,,,,,,,,,,,,,,,,,,,,,,,,,,,,,,,,,,,
ATLTZAYANCA,29004,73,2004,November,0,10,15,10,0,,,0,,0,0,114,102,157,TLAXCALA,0.726114649681529,67,0,0,0,0,,,,,,,,,,,,,,,,,,,,,,,,,,,,,,,,,,,,,,,,,,,,,,,,,,,,,,,,,,,,,,,,,,,,,,,,,,,,
ATLTZAYANCA,29004,74,2004,November,0,112,99,52,0,,,0,,0,14,503,472,686,TLAXCALA,0.733236151603499,195,0,0,0,0,,,,,,,,,,,,,,,,,,,,,,,,,,,,,,,,,,,,,,,,,,,,,,,,,,,,,,,,,,,,,,,,,,,,,,,,,,,,
ATLTZAYANCA,29004,75,2004,November,0,58,59,4,0,,,0,,0,6,218,208,292,TLAXCALA,0.746575342465753,81,0,0,0,0,,,,,,,,,,,,,,,,,,,,,,,,,,,,,,,,,,,,,,,,,,,,,,,,,,,,,,,,,,,,,,,,,,,,,,,,,,,,
ATLTZAYANCA,29004,76,2004,November,0,32,47,2,0,,,0,,0,1,133,124,162,TLAXCALA,0.820987654320988,42,0,0,0,0,,,,,,,,,,,,,,,,,,,,,,,,,,,,,,,,,,,,,,,,,,,,,,,,,,,,,,,,,,,,,,,,,,,,,,,,,,,,
ATLTZAYANCA,29004,77,2004,November,0,214,42,15,0,,,0,,0,3,664,642,984,TLAXCALA,0.67479674796748,368,0,0,0,0,,,,,,,,,,,,,,,,,,,,,,,,,,,,,,,,,,,,,,,,,,,,,,,,,,,,,,,,,,,,,,,,,,,,,,,,,,,,
BENITO JUAREZ,29045,295,2004,November,0,27,330,154,0,,,38,,0,0,866,852,1797,TLAXCALA,0.481914301613801,303,0,0,0,0,,,,,,,,,,,,,,,,,,,,,,,,,,,,,,,,,,,,,,,,,,,,,,,,,,,,,,,,,,,,,,,,,,,,,,,,,,,,
BENITO JUAREZ,29045,296,2004,November,0,12,334,129,0,,,74,,0,0,868,844,1218,TLAXCALA,0.71264367816092,295,0,0,0,0,,,,,,,,,,,,,,,,,,,,,,,,,,,,,,,,,,,,,,,,,,,,,,,,,,,,,,,,,,,,,,,,,,,,,,,,,,,,
CALPULALPAN,29006,78,2004,November,373,92,155,0,298,,,141,,0,0,1302,1233,2322,TLAXCALA,0.560723514211886,0,174,0,0,0,,,,,,,,,,,,,,,,,,,,,,,,,,,,,,,,,,,,,,,,,,,,,,,,,,,,,,,,,,,,,,,,,,,,,,,,,,,,
CALPULALPAN,29006,79,2004,November,249,83,114,0,338,,,163,,0,0,1058,1024,1813,TLAXCALA,0.583563154991726,0,77,0,0,0,,,,,,,,,,,,,,,,,,,,,,,,,,,,,,,,,,,,,,,,,,,,,,,,,,,,,,,,,,,,,,,,,,,,,,,,,,,,
CALPULALPAN,29006,80,2004,November,187,67,71,0,224,,,211,,0,0,865,840,1357,TLAXCALA,0.637435519528371,0,80,0,0,0,,,,,,,,,,,,,,,,,,,,,,,,,,,,,,,,,,,,,,,,,,,,,,,,,,,,,,,,,,,,,,,,,,,,,,,,,,,,
CALPULALPAN,29006,81,2004,November,239,49,79,0,204,,,147,,0,0,783,762,1406,TLAXCALA,0.556899004267425,0,44,0,0,0,,,,,,,,,,,,,,,,,,,,,,,,,,,,,,,,,,,,,,,,,,,,,,,,,,,,,,,,,,,,,,,,,,,,,,,,,,,,
CALPULALPAN,29006,82,2004,November,162,30,55,0,203,,,130,,0,0,629,611,1147,TLAXCALA,0.548387096774194,0,31,0,0,0,,,,,,,,,,,,,,,,,,,,,,,,,,,,,,,,,,,,,,,,,,,,,,,,,,,,,,,,,,,,,,,,,,,,,,,,,,,,
CALPULALPAN,29006,83,2004,November,226,83,99,0,267,,,315,,0,0,1104,1070,2048,TLAXCALA,0.5390625,0,80,0,0,0,,,,,,,,,,,,,,,,,,,,,,,,,,,,,,,,,,,,,,,,,,,,,,,,,,,,,,,,,,,,,,,,,,,,,,,,,,,,
CALPULALPAN,29006,84,2004,November,142,27,44,0,145,,,91,,0,0,506,496,841,TLAXCALA,0.60166468489893,0,47,0,0,0,,,,,,,,,,,,,,,,,,,,,,,,,,,,,,,,,,,,,,,,,,,,,,,,,,,,,,,,,,,,,,,,,,,,,,,,,,,,
CALPULALPAN,29006,85,2004,November,211,89,207,0,281,,,132,,0,0,1072,1044,1721,TLAXCALA,0.622893666472981,0,124,0,0,0,,,,,,,,,,,,,,,,,,,,,,,,,,,,,,,,,,,,,,,,,,,,,,,,,,,,,,,,,,,,,,,,,,,,,,,,,,,,
CALPULALPAN,29006,86,2004,November,111,57,202,0,214,,,66,,0,0,766,745,1247,TLAXCALA,0.614274258219727,0,95,0,0,0,,,,,,,,,,,,,,,,,,,,,,,,,,,,,,,,,,,,,,,,,,,,,,,,,,,,,,,,,,,,,,,,,,,,,,,,,,,,
CALPULALPAN,29006,87,2004,November,109,24,82,0,142,,,115,,0,0,553,538,939,TLAXCALA,0.588924387646432,0,66,0,0,0,,,,,,,,,,,,,,,,,,,,,,,,,,,,,,,,,,,,,,,,,,,,,,,,,,,,,,,,,,,,,,,,,,,,,,,,,,,,
CALPULALPAN,29006,88,2004,November,145,56,53,0,164,,,211,,0,0,730,694,1273,TLAXCALA,0.573448546739984,0,65,0,0,0,,,,,,,,,,,,,,,,,,,,,,,,,,,,,,,,,,,,,,,,,,,,,,,,,,,,,,,,,,,,,,,,,,,,,,,,,,,,
CALPULALPAN,29006,89,2004,November,164,93,91,0,239,,,220,,0,0,907,875,1528,TLAXCALA,0.593586387434555,0,68,0,0,0,,,,,,,,,,,,,,,,,,,,,,,,,,,,,,,,,,,,,,,,,,,,,,,,,,,,,,,,,,,,,,,,,,,,,,,,,,,,
CALPULALPAN,29006,90,2004,November,137,83,67,0,192,,,150,,0,0,723,696,1267,TLAXCALA,0.570639305445935,0,67,0,0,0,,,,,,,,,,,,,,,,,,,,,,,,,,,,,,,,,,,,,,,,,,,,,,,,,,,,,,,,,,,,,,,,,,,,,,,,,,,,
CALPULALPAN,29006,91,2004,November,24,18,160,0,65,,,10,,0,0,415,411,539,TLAXCALA,0.769944341372913,0,134,0,0,0,,,,,,,,,,,,,,,,,,,,,,,,,,,,,,,,,,,,,,,,,,,,,,,,,,,,,,,,,,,,,,,,,,,,,,,,,,,,
CALPULALPAN,29006,92,2004,November,99,131,259,0,176,,,51,,0,0,790,765,131,TLAXCALA,6.03053435114504,0,49,0,0,0,,,,,,,,,,,,,,,,,,,,,,,,,,,,,,,,,,,,,,,,,,,,,,,,,,,,,,,,,,,,,,,,,,,,,,,,,,,,
CALPULALPAN,29006,93,2004,November,68,93,153,0,68,,,61,,0,0,614,585,974,TLAXCALA,0.630390143737166,0,142,0,0,0,,,,,,,,,,,,,,,,,,,,,,,,,,,,,,,,,,,,,,,,,,,,,,,,,,,,,,,,,,,,,,,,,,,,,,,,,,,,
CALPULALPAN,29006,94,2004,November,54,28,83,0,76,,,36,,0,0,541,535,777,TLAXCALA,0.696267696267696,0,258,0,0,0,,,,,,,,,,,,,,,,,,,,,,,,,,,,,,,,,,,,,,,,,,,,,,,,,,,,,,,,,,,,,,,,,,,,,,,,,,,,
CALPULALPAN,29006,95,2004,November,77,31,10,0,42,,,3,,0,0,197,188,309,TLAXCALA,0.637540453074434,0,25,0,0,0,,,,,,,,,,,,,,,,,,,,,,,,,,,,,,,,,,,,,,,,,,,,,,,,,,,,,,,,,,,,,,,,,,,,,,,,,,,,
CALPULALPAN,29006,96,2004,November,59,16,96,0,63,,,13,,0,0,316,301,451,TLAXCALA,0.700665188470067,0,54,0,0,0,,,,,,,,,,,,,,,,,,,,,,,,,,,,,,,,,,,,,,,,,,,,,,,,,,,,,,,,,,,,,,,,,,,,,,,,,,,,
CALPULALPAN,29006,97,2004,November,69,27,88,0,133,,,24,,0,0,377,361,591,TLAXCALA,0.637901861252115,0,20,0,0,0,,,,,,,,,,,,,,,,,,,,,,,,,,,,,,,,,,,,,,,,,,,,,,,,,,,,,,,,,,,,,,,,,,,,,,,,,,,,
CALPULALPAN,29006,98,2004,November,184,137,80,0,147,,,47,,0,0,668,639,1201,TLAXCALA,0.556203164029975,0,44,0,0,0,,,,,,,,,,,,,,,,,,,,,,,,,,,,,,,,,,,,,,,,,,,,,,,,,,,,,,,,,,,,,,,,,,,,,,,,,,,,
CALPULALPAN,29006,99,2004,November,30,3,3,0,4,,,0,,0,0,40,40,63,TLAXCALA,0.634920634920635,0,0,0,0,0,,,,,,,,,,,,,,,,,,,,,,,,,,,,,,,,,,,,,,,,,,,,,,,,,,,,,,,,,,,,,,,,,,,,,,,,,,,,
CHIAUTEMPAN,29010,122,2004,November,0,74,176,0,0,,,32,,232,0,857,808,1303,TLAXCALA,0.657712970069071,252,0,0,0,42,,,,,,,,,,,,,,,,,,,,,,,,,,,,,,,,,,,,,,,,,,,,,,,,,,,,,,,,,,,,,,,,,,,,,,,,,,,,
CHIAUTEMPAN,29010,123,2004,November,0,61,141,0,0,,,39,,171,0,862,840,1326,TLAXCALA,0.650075414781297,379,0,0,0,49,,,,,,,,,,,,,,,,,,,,,,,,,,,,,,,,,,,,,,,,,,,,,,,,,,,,,,,,,,,,,,,,,,,,,,,,,,,,
CHIAUTEMPAN,29010,124,2004,November,0,99,107,0,0,,,39,,294,0,768,737,1410,TLAXCALA,0.54468085106383,175,0,0,0,23,,,,,,,,,,,,,,,,,,,,,,,,,,,,,,,,,,,,,,,,,,,,,,,,,,,,,,,,,,,,,,,,,,,,,,,,,,,,
CHIAUTEMPAN,29010,125,2004,November,0,97,135,0,0,,,33,,226,0,765,732,1347,TLAXCALA,0.56792873051225,196,0,0,0,45,,,,,,,,,,,,,,,,,,,,,,,,,,,,,,,,,,,,,,,,,,,,,,,,,,,,,,,,,,,,,,,,,,,,,,,,,,,,
CHIAUTEMPAN,29010,126,2004,November,0,106,180,0,0,,,24,,184,0,859,822,1380,TLAXCALA,0.622463768115942,258,0,0,0,70,,,,,,,,,,,,,,,,,,,,,,,,,,,,,,,,,,,,,,,,,,,,,,,,,,,,,,,,,,,,,,,,,,,,,,,,,,,,
CHIAUTEMPAN,29010,127,2004,November,0,123,314,0,0,,,51,,209,0,1164,1125,2008,TLAXCALA,0.579681274900398,363,0,0,0,65,,,,,,,,,,,,,,,,,,,,,,,,,,,,,,,,,,,,,,,,,,,,,,,,,,,,,,,,,,,,,,,,,,,,,,,,,,,,
CHIAUTEMPAN,29010,128,2004,November,0,72,94,0,0,,,68,,129,0,615,607,1108,TLAXCALA,0.555054151624549,204,0,0,0,40,,,,,,,,,,,,,,,,,,,,,,,,,,,,,,,,,,,,,,,,,,,,,,,,,,,,,,,,,,,,,,,,,,,,,,,,,,,,
CHIAUTEMPAN,29010,129,2004,November,0,65,105,0,0,,,38,,139,0,962,708,1155,TLAXCALA,0.832900432900433,301,0,0,0,60,,,,,,,,,,,,,,,,,,,,,,,,,,,,,,,,,,,,,,,,,,,,,,,,,,,,,,,,,,,,,,,,,,,,,,,,,,,,
CHIAUTEMPAN,29010,130,2004,November,0,49,82,0,0,,,48,,69,0,618,605,908,TLAXCALA,0.680616740088106,334,0,0,0,23,,,,,,,,,,,,,,,,,,,,,,,,,,,,,,,,,,,,,,,,,,,,,,,,,,,,,,,,,,,,,,,,,,,,,,,,,,,,
CHIAUTEMPAN,29010,131,2004,November,0,50,129,0,0,,,36,,233,0,891,852,1274,TLAXCALA,0.699372056514914,364,0,0,0,40,,,,,,,,,,,,,,,,,,,,,,,,,,,,,,,,,,,,,,,,,,,,,,,,,,,,,,,,,,,,,,,,,,,,,,,,,,,,
CHIAUTEMPAN,29010,132,2004,November,0,111,97,0,0,,,35,,164,0,727,691,1145,TLAXCALA,0.634934497816594,240,0,0,0,44,,,,,,,,,,,,,,,,,,,,,,,,,,,,,,,,,,,,,,,,,,,,,,,,,,,,,,,,,,,,,,,,,,,,,,,,,,,,
CHIAUTEMPAN,29010,133,2004,November,0,93,128,0,0,,,33,,137,0,750,730,1098,TLAXCALA,0.683060109289618,287,0,0,0,52,,,,,,,,,,,,,,,,,,,,,,,,,,,,,,,,,,,,,,,,,,,,,,,,,,,,,,,,,,,,,,,,,,,,,,,,,,,,
CHIAUTEMPAN,29010,134,2004,November,0,83,113,0,0,,,17,,65,0,523,516,952,TLAXCALA,0.54936974789916,211,0,0,0,27,,,,,,,,,,,,,,,,,,,,,,,,,,,,,,,,,,,,,,,,,,,,,,,,,,,,,,,,,,,,,,,,,,,,,,,,,,,,
CHIAUTEMPAN,29010,135,2004,November,0,67,94,0,0,,,32,,114,0,562,550,982,TLAXCALA,0.572301425661915,210,0,0,0,33,,,,,,,,,,,,,,,,,,,,,,,,,,,,,,,,,,,,,,,,,,,,,,,,,,,,,,,,,,,,,,,,,,,,,,,,,,,,
CHIAUTEMPAN,29010,136,2004,November,0,63,41,0,0,,,13,,12,0,330,317,488,TLAXCALA,0.676229508196721,168,0,0,0,20,,,,,,,,,,,,,,,,,,,,,,,,,,,,,,,,,,,,,,,,,,,,,,,,,,,,,,,,,,,,,,,,,,,,,,,,,,,,
CHIAUTEMPAN,29010,137,2004,November,0,114,163,0,0,,,39,,304,0,1037,1002,1655,TLAXCALA,0.626586102719033,315,0,0,0,67,,,,,,,,,,,,,,,,,,,,,,,,,,,,,,,,,,,,,,,,,,,,,,,,,,,,,,,,,,,,,,,,,,,,,,,,,,,,
CHIAUTEMPAN,29010,138,2004,November,0,133,116,0,0,,,24,,133,0,820,783,1303,TLAXCALA,0.629316960859555,338,0,0,0,39,,,,,,,,,,,,,,,,,,,,,,,,,,,,,,,,,,,,,,,,,,,,,,,,,,,,,,,,,,,,,,,,,,,,,,,,,,,,
CHIAUTEMPAN,29010,139,2004,November,0,230,196,0,0,,,56,,325,0,1453,1396,2508,TLAXCALA,0.579346092503987,527,0,0,0,62,,,,,,,,,,,,,,,,,,,,,,,,,,,,,,,,,,,,,,,,,,,,,,,,,,,,,,,,,,,,,,,,,,,,,,,,,,,,
CHIAUTEMPAN,29010,140,2004,November,0,75,139,0,0,,,16,,104,0,658,625,1171,TLAXCALA,0.561912894961571,251,0,0,0,40,,,,,,,,,,,,,,,,,,,,,,,,,,,,,,,,,,,,,,,,,,,,,,,,,,,,,,,,,,,,,,,,,,,,,,,,,,,,
CHIAUTEMPAN,29010,141,2004,November,0,216,417,0,0,,,54,,378,0,1794,1715,2948,TLAXCALA,0.608548168249661,501,0,0,0,149,,,,,,,,,,,,,,,,,,,,,,,,,,,,,,,,,,,,,,,,,,,,,,,,,,,,,,,,,,,,,,,,,,,,,,,,,,,,
CHIAUTEMPAN,29010,142,2004,November,0,124,161,0,0,,,40,,151,0,772,739,1215,TLAXCALA,0.635390946502058,186,0,0,0,77,,,,,,,,,,,,,,,,,,,,,,,,,,,,,,,,,,,,,,,,,,,,,,,,,,,,,,,,,,,,,,,,,,,,,,,,,,,,
CHIAUTEMPAN,29010,143,2004,November,0,142,114,0,0,,,20,,114,0,792,756,1402,TLAXCALA,0.56490727532097,326,0,0,0,40,,,,,,,,,,,,,,,,,,,,,,,,,,,,,,,,,,,,,,,,,,,,,,,,,,,,,,,,,,,,,,,,,,,,,,,,,,,,
CHIAUTEMPAN,29010,144,2004,November,0,127,146,0,0,,,35,,340,0,1095,1043,1799,TLAXCALA,0.608671484157866,344,0,0,0,51,,,,,,,,,,,,,,,,,,,,,,,,,,,,,,,,,,,,,,,,,,,,,,,,,,,,,,,,,,,,,,,,,,,,,,,,,,,,
CHIAUTEMPAN,29010,145,2004,November,0,84,121,0,0,,,36,,154,0,732,673,1205,TLAXCALA,0.60746887966805,186,0,0,0,92,,,,,,,,,,,,,,,,,,,,,,,,,,,,,,,,,,,,,,,,,,,,,,,,,,,,,,,,,,,,,,,,,,,,,,,,,,,,
CHIAUTEMPAN,29010,146,2004,November,0,78,135,0,0,,,60,,187,0,732,693,1311,TLAXCALA,0.558352402745995,184,0,0,0,49,,,,,,,,,,,,,,,,,,,,,,,,,,,,,,,,,,,,,,,,,,,,,,,,,,,,,,,,,,,,,,,,,,,,,,,,,,,,
CHIAUTEMPAN,29010,147,2004,November,0,103,154,0,0,,,19,,134,0,667,646,1163,TLAXCALA,0.573516766981943,206,0,0,0,30,,,,,,,,,,,,,,,,,,,,,,,,,,,,,,,,,,,,,,,,,,,,,,,,,,,,,,,,,,,,,,,,,,,,,,,,,,,,
CHIAUTEMPAN,29010,148,2004,November,0,92,109,0,0,,,7,,108,0,589,557,1003,TLAXCALA,0.587238285144566,226,0,0,0,15,,,,,,,,,,,,,,,,,,,,,,,,,,,,,,,,,,,,,,,,,,,,,,,,,,,,,,,,,,,,,,,,,,,,,,,,,,,,
CHIAUTEMPAN,29010,149,2004,November,0,661,73,0,0,,,49,,138,0,1208,1156,2181,TLAXCALA,0.55387436955525,212,0,0,0,23,,,,,,,,,,,,,,,,,,,,,,,,,,,,,,,,,,,,,,,,,,,,,,,,,,,,,,,,,,,,,,,,,,,,,,,,,,,,
CHIAUTEMPAN,29010,156,2004,November,0,76,104,0,0,,,16,,110,0,590,559,1088,TLAXCALA,0.542279411764706,223,0,0,0,30,,,,,,,,,,,,,,,,,,,,,,,,,,,,,,,,,,,,,,,,,,,,,,,,,,,,,,,,,,,,,,,,,,,,,,,,,,,,
CHIAUTEMPAN,29010,157,2004,November,0,65,55,0,0,,,11,,82,0,408,390,774,TLAXCALA,0.527131782945737,168,0,0,0,9,,,,,,,,,,,,,,,,,,,,,,,,,,,,,,,,,,,,,,,,,,,,,,,,,,,,,,,,,,,,,,,,,,,,,,,,,,,,
CONTLA DE JUAN CUAMATZI,29018,267,2004,November,0,112,385,66,0,,,19,,15,0,978,956,1376,TLAXCALA,0.710755813953488,359,0,0,0,0,,,,,,,,,,,,,,,,,,,,,,,,,,,,,,,,,,,,,,,,,,,,,,,,,,,,,,,,,,,,,,,,,,,,,,,,,,,,
CONTLA DE JUAN CUAMATZI,29018,268,2004,November,0,75,551,71,0,,,7,,16,0,1016,995,1584,TLAXCALA,0.641414141414141,275,0,0,0,0,,,,,,,,,,,,,,,,,,,,,,,,,,,,,,,,,,,,,,,,,,,,,,,,,,,,,,,,,,,,,,,,,,,,,,,,,,,,
CONTLA DE JUAN CUAMATZI,29018,269,2004,November,0,63,360,55,0,,,19,,10,0,862,839,1363,TLAXCALA,0.632428466617755,332,0,0,0,0,,,,,,,,,,,,,,,,,,,,,,,,,,,,,,,,,,,,,,,,,,,,,,,,,,,,,,,,,,,,,,,,,,,,,,,,,,,,
CONTLA DE JUAN CUAMATZI,29018,270,2004,November,0,43,263,66,0,,,15,,4,0,558,544,837,TLAXCALA,0.666666666666667,153,0,0,0,0,,,,,,,,,,,,,,,,,,,,,,,,,,,,,,,,,,,,,,,,,,,,,,,,,,,,,,,,,,,,,,,,,,,,,,,,,,,,
CONTLA DE JUAN CUAMATZI,29018,271,2004,November,0,74,420,160,0,,,12,,7,0,987,964,1483,TLAXCALA,0.665542818610924,291,0,0,0,0,,,,,,,,,,,,,,,,,,,,,,,,,,,,,,,,,,,,,,,,,,,,,,,,,,,,,,,,,,,,,,,,,,,,,,,,,,,,
CONTLA DE JUAN CUAMATZI,29018,272,2004,November,0,103,823,91,0,,,26,,9,0,1524,1486,2295,TLAXCALA,0.664052287581699,434,0,0,0,0,,,,,,,,,,,,,,,,,,,,,,,,,,,,,,,,,,,,,,,,,,,,,,,,,,,,,,,,,,,,,,,,,,,,,,,,,,,,
CONTLA DE JUAN CUAMATZI,29018,273,2004,November,0,66,476,59,0,,,16,,12,0,1034,1006,1508,TLAXCALA,0.685676392572944,377,0,0,0,0,,,,,,,,,,,,,,,,,,,,,,,,,,,,,,,,,,,,,,,,,,,,,,,,,,,,,,,,,,,,,,,,,,,,,,,,,,,,
CONTLA DE JUAN CUAMATZI,29018,274,2004,November,0,84,292,69,0,,,16,,22,0,670,654,856,TLAXCALA,0.782710280373832,171,0,0,0,0,,,,,,,,,,,,,,,,,,,,,,,,,,,,,,,,,,,,,,,,,,,,,,,,,,,,,,,,,,,,,,,,,,,,,,,,,,,,
CONTLA DE JUAN CUAMATZI,29018,275,2004,November,0,399,157,30,0,,,5,,13,0,805,786,1195,TLAXCALA,0.673640167364017,182,0,0,0,0,,,,,,,,,,,,,,,,,,,,,,,,,,,,,,,,,,,,,,,,,,,,,,,,,,,,,,,,,,,,,,,,,,,,,,,,,,,,
CONTLA DE JUAN CUAMATZI,29018,276,2004,November,0,496,170,16,0,,,8,,9,0,861,837,1252,TLAXCALA,0.687699680511182,138,0,0,0,0,,,,,,,,,,,,,,,,,,,,,,,,,,,,,,,,,,,,,,,,,,,,,,,,,,,,,,,,,,,,,,,,,,,,,,,,,,,,
CONTLA DE JUAN CUAMATZI,29018,277,2004,November,0,18,126,21,0,,,4,,1,0,243,231,314,TLAXCALA,0.773885350318471,61,0,0,0,0,,,,,,,,,,,,,,,,,,,,,,,,,,,,,,,,,,,,,,,,,,,,,,,,,,,,,,,,,,,,,,,,,,,,,,,,,,,,
CONTLA DE JUAN CUAMATZI,29018,278,2004,November,0,30,125,34,0,,,14,,1,0,238,229,370,TLAXCALA,0.643243243243243,25,0,0,0,0,,,,,,,,,,,,,,,,,,,,,,,,,,,,,,,,,,,,,,,,,,,,,,,,,,,,,,,,,,,,,,,,,,,,,,,,,,,,
CONTLA DE JUAN CUAMATZI,29018,279,2004,November,0,63,288,71,0,,,16,,14,0,829,801,1277,TLAXCALA,0.649177760375881,349,0,0,0,0,,,,,,,,,,,,,,,,,,,,,,,,,,,,,,,,,,,,,,,,,,,,,,,,,,,,,,,,,,,,,,,,,,,,,,,,,,,,
CONTLA DE JUAN CUAMATZI,29018,280,2004,November,0,36,80,29,0,,,5,,2,0,240,230,357,TLAXCALA,0.672268907563025,78,0,0,0,0,,,,,,,,,,,,,,,,,,,,,,,,,,,,,,,,,,,,,,,,,,,,,,,,,,,,,,,,,,,,,,,,,,,,,,,,,,,,
CONTLA DE JUAN CUAMATZI,29018,281,2004,November,0,122,268,135,0,,,14,,65,0,796,776,1424,TLAXCALA,0.558988764044944,172,0,0,0,0,,,,,,,,,,,,,,,,,,,,,,,,,,,,,,,,,,,,,,,,,,,,,,,,,,,,,,,,,,,,,,,,,,,,,,,,,,,,
CONTLA DE JUAN CUAMATZI,29018,282,2004,November,0,23,43,46,0,,,0,,0,0,185,181,292,TLAXCALA,0.633561643835616,69,0,0,0,0,,,,,,,,,,,,,,,,,,,,,,,,,,,,,,,,,,,,,,,,,,,,,,,,,,,,,,,,,,,,,,,,,,,,,,,,,,,,
CONTLA DE JUAN CUAMATZI,29018,283,2004,November,0,60,284,44,0,,,12,,10,0,732,698,1074,TLAXCALA,0.681564245810056,288,0,0,0,0,,,,,,,,,,,,,,,,,,,,,,,,,,,,,,,,,,,,,,,,,,,,,,,,,,,,,,,,,,,,,,,,,,,,,,,,,,,,
CUAPIAXTLA,29008,107,2004,November,0,87,269,355,0,,,37,,26,5,1177,1125,1788,TLAXCALA,0.6582774049217,346,0,0,0,0,,,,,,,,,,,,,,,,,,,,,,,,,,,,,,,,,,,,,,,,,,,,,,,,,,,,,,,,,,,,,,,,,,,,,,,,,,,,
CUAPIAXTLA,29008,108,2004,November,0,53,198,164,0,,,22,,26,5,819,771,1204,TLAXCALA,0.680232558139535,303,0,0,0,0,,,,,,,,,,,,,,,,,,,,,,,,,,,,,,,,,,,,,,,,,,,,,,,,,,,,,,,,,,,,,,,,,,,,,,,,,,,,
CUAPIAXTLA,29008,109,2004,November,0,138,239,179,0,,,23,,63,2,1008,940,1512,TLAXCALA,0.666666666666667,296,0,0,0,0,,,,,,,,,,,,,,,,,,,,,,,,,,,,,,,,,,,,,,,,,,,,,,,,,,,,,,,,,,,,,,,,,,,,,,,,,,,,
CUAPIAXTLA,29008,110,2004,November,0,21,227,99,0,,,31,,143,5,752,678,988,TLAXCALA,0.761133603238866,152,0,0,0,0,,,,,,,,,,,,,,,,,,,,,,,,,,,,,,,,,,,,,,,,,,,,,,,,,,,,,,,,,,,,,,,,,,,,,,,,,,,,
CUAPIAXTLA,29008,111,2004,November,0,5,52,9,0,,,5,,8,1,156,154,178,TLAXCALA,0.876404494382023,74,0,0,0,0,,,,,,,,,,,,,,,,,,,,,,,,,,,,,,,,,,,,,,,,,,,,,,,,,,,,,,,,,,,,,,,,,,,,,,,,,,,,
CUAPIAXTLA,29008,112,2004,November,0,3,40,20,0,,,7,,0,0,101,96,116,TLAXCALA,0.870689655172414,26,0,0,0,0,,,,,,,,,,,,,,,,,,,,,,,,,,,,,,,,,,,,,,,,,,,,,,,,,,,,,,,,,,,,,,,,,,,,,,,,,,,,
CUAPIAXTLA,29008,113,2004,November,0,12,56,25,0,,,44,,2,0,158,154,205,TLAXCALA,0.770731707317073,15,0,0,0,0,,,,,,,,,,,,,,,,,,,,,,,,,,,,,,,,,,,,,,,,,,,,,,,,,,,,,,,,,,,,,,,,,,,,,,,,,,,,
CUAPIAXTLA,29008,114,2004,November,0,9,150,27,0,,,25,,7,3,392,340,529,TLAXCALA,0.741020793950851,119,0,0,0,0,,,,,,,,,,,,,,,,,,,,,,,,,,,,,,,,,,,,,,,,,,,,,,,,,,,,,,,,,,,,,,,,,,,,,,,,,,,,
CUAPIAXTLA,29008,115,2004,November,0,5,65,22,0,,,28,,3,0,224,224,280,TLAXCALA,0.8,101,0,0,0,0,,,,,,,,,,,,,,,,,,,,,,,,,,,,,,,,,,,,,,,,,,,,,,,,,,,,,,,,,,,,,,,,,,,,,,,,,,,,
CUAPIAXTLA,29008,116,2004,November,0,0,94,19,0,,,1,,10,0,201,183,247,TLAXCALA,0.813765182186235,59,0,0,0,0,,,,,,,,,,,,,,,,,,,,,,,,,,,,,,,,,,,,,,,,,,,,,,,,,,,,,,,,,,,,,,,,,,,,,,,,,,,,
CUAXOMULCO,29009,117,2004,November,0,281,214,0,0,,,0,,0,4,746,729,1011,TLAXCALA,0.737883283877349,230,0,0,0,0,,,,,,,,,,,,,,,,,,,,,,,,,,,,,,,,,,,,,,,,,,,,,,,,,,,,,,,,,,,,,,,,,,,,,,,,,,,,
CUAXOMULCO,29009,118,2004,November,0,78,212,0,0,,,0,,0,1,605,588,766,TLAXCALA,0.789817232375979,297,0,0,0,0,,,,,,,,,,,,,,,,,,,,,,,,,,,,,,,,,,,,,,,,,,,,,,,,,,,,,,,,,,,,,,,,,,,,,,,,,,,,
CUAXOMULCO,29009,119,2004,November,0,21,185,0,0,,,0,,0,8,312,301,379,TLAXCALA,0.823218997361478,87,0,0,0,0,,,,,,,,,,,,,,,,,,,,,,,,,,,,,,,,,,,,,,,,,,,,,,,,,,,,,,,,,,,,,,,,,,,,,,,,,,,,
CUAXOMULCO,29009,120,2004,November,0,22,69,0,0,,,0,,0,0,137,124,152,TLAXCALA,0.901315789473684,33,0,0,0,0,,,,,,,,,,,,,,,,,,,,,,,,,,,,,,,,,,,,,,,,,,,,,,,,,,,,,,,,,,,,,,,,,,,,,,,,,,,,
CUAXOMULCO,29009,121,2004,November,0,137,256,0,0,,,0,,0,0,587,570,821,TLAXCALA,0.714981729598051,177,0,0,0,0,,,,,,,,,,,,,,,,,,,,,,,,,,,,,,,,,,,,,,,,,,,,,,,,,,,,,,,,,,,,,,,,,,,,,,,,,,,,
EL CARMEN TEQUEXQUITLA,29007,100,2004,November,0,158,432,195,0,,,0,,7,0,1168,1078,2041,TLAXCALA,0.572268495835375,286,0,0,0,0,,,,,,,,,,,,,,,,,,,,,,,,,,,,,,,,,,,,,,,,,,,,,,,,,,,,,,,,,,,,,,,,,,,,,,,,,,,,
EL CARMEN TEQUEXQUITLA,29007,101,2004,November,0,206,428,68,0,,,0,,1,0,963,905,1716,TLAXCALA,0.561188811188811,202,0,0,0,0,,,,,,,,,,,,,,,,,,,,,,,,,,,,,,,,,,,,,,,,,,,,,,,,,,,,,,,,,,,,,,,,,,,,,,,,,,,,
EL CARMEN TEQUEXQUITLA,29007,102,2004,November,0,124,435,77,0,,,0,,6,0,1040,997,1784,TLAXCALA,0.582959641255605,355,0,0,0,0,,,,,,,,,,,,,,,,,,,,,,,,,,,,,,,,,,,,,,,,,,,,,,,,,,,,,,,,,,,,,,,,,,,,,,,,,,,,
EL CARMEN TEQUEXQUITLA,29007,103,2004,November,0,74,251,40,0,,,0,,1,0,548,493,897,TLAXCALA,0.610925306577481,127,0,0,0,0,,,,,,,,,,,,,,,,,,,,,,,,,,,,,,,,,,,,,,,,,,,,,,,,,,,,,,,,,,,,,,,,,,,,,,,,,,,,
EL CARMEN TEQUEXQUITLA,29007,104,2004,November,0,140,343,44,0,,,0,,3,0,724,678,1242,TLAXCALA,0.5829307568438,148,0,0,0,0,,,,,,,,,,,,,,,,,,,,,,,,,,,,,,,,,,,,,,,,,,,,,,,,,,,,,,,,,,,,,,,,,,,,,,,,,,,,
EL CARMEN TEQUEXQUITLA,29007,105,2004,November,0,9,116,42,0,,,0,,2,0,200,188,263,TLAXCALA,0.760456273764259,19,0,0,0,0,,,,,,,,,,,,,,,,,,,,,,,,,,,,,,,,,,,,,,,,,,,,,,,,,,,,,,,,,,,,,,,,,,,,,,,,,,,,
EL CARMEN TEQUEXQUITLA,29007,106,2004,November,0,8,52,22,0,,,0,,0,0,108,104,146,TLAXCALA,0.73972602739726,22,0,0,0,0,,,,,,,,,,,,,,,,,,,,,,,,,,,,,,,,,,,,,,,,,,,,,,,,,,,,,,,,,,,,,,,,,,,,,,,,,,,,
EMILIANO ZAPATA,29046,400,2004,November,0,1,35,0,0,,,0,,1,0,72,64,90,TLAXCALA,0.8,27,0,0,0,0,,,,,,,,,,,,,,,,,,,,,,,,,,,,,,,,,,,,,,,,,,,,,,,,,,,,,,,,,,,,,,,,,,,,,,,,,,,,
EMILIANO ZAPATA,29046,401,2004,November,0,5,53,3,0,,,0,,3,0,99,99,134,TLAXCALA,0.738805970149254,35,0,0,0,0,,,,,,,,,,,,,,,,,,,,,,,,,,,,,,,,,,,,,,,,,,,,,,,,,,,,,,,,,,,,,,,,,,,,,,,,,,,,
EMILIANO ZAPATA,29046,607,2004,November,0,86,658,11,0,,,0,,18,0,1146,1093,1507,TLAXCALA,0.760451227604512,320,0,0,0,0,,,,,,,,,,,,,,,,,,,,,,,,,,,,,,,,,,,,,,,,,,,,,,,,,,,,,,,,,,,,,,,,,,,,,,,,,,,,
EMILIANO ZAPATA,29046,608,2004,November,0,9,88,67,0,,,0,,6,0,346,324,455,TLAXCALA,0.76043956043956,154,0,0,0,0,,,,,,,,,,,,,,,,,,,,,,,,,,,,,,,,,,,,,,,,,,,,,,,,,,,,,,,,,,,,,,,,,,,,,,,,,,,,
ESPANITA,29012,165,2004,November,0,74,332,9,0,,,0,,37,8,906,874,1437,TLAXCALA,0.630480167014614,414,0,0,0,0,,,,,,,,,,,,,,,,,,,,,,,,,,,,,,,,,,,,,,,,,,,,,,,,,,,,,,,,,,,,,,,,,,,,,,,,,,,,
ESPANITA,29012,166,2004,November,0,25,5,0,0,,,0,,0,0,35,33,55,TLAXCALA,0.636363636363636,3,0,0,0,0,,,,,,,,,,,,,,,,,,,,,,,,,,,,,,,,,,,,,,,,,,,,,,,,,,,,,,,,,,,,,,,,,,,,,,,,,,,,
ESPANITA,29012,167,2004,November,0,19,56,7,0,,,0,,0,2,144,136,246,TLAXCALA,0.585365853658537,52,0,0,0,0,,,,,,,,,,,,,,,,,,,,,,,,,,,,,,,,,,,,,,,,,,,,,,,,,,,,,,,,,,,,,,,,,,,,,,,,,,,,
ESPANITA,29012,168,2004,November,0,104,76,25,0,,,0,,3,3,323,304,471,TLAXCALA,0.685774946921444,93,0,0,0,0,,,,,,,,,,,,,,,,,,,,,,,,,,,,,,,,,,,,,,,,,,,,,,,,,,,,,,,,,,,,,,,,,,,,,,,,,,,,
ESPANITA,29012,169,2004,November,0,15,39,5,0,,,0,,0,0,116,114,190,TLAXCALA,0.610526315789474,55,0,0,0,0,,,,,,,,,,,,,,,,,,,,,,,,,,,,,,,,,,,,,,,,,,,,,,,,,,,,,,,,,,,,,,,,,,,,,,,,,,,,
ESPANITA,29012,170,2004,November,0,78,111,38,0,,,0,,1,1,338,323,582,TLAXCALA,0.580756013745705,94,0,0,0,0,,,,,,,,,,,,,,,,,,,,,,,,,,,,,,,,,,,,,,,,,,,,,,,,,,,,,,,,,,,,,,,,,,,,,,,,,,,,
ESPANITA,29012,171,2004,November,0,11,76,8,0,,,0,,0,0,155,150,238,TLAXCALA,0.651260504201681,55,0,0,0,0,,,,,,,,,,,,,,,,,,,,,,,,,,,,,,,,,,,,,,,,,,,,,,,,,,,,,,,,,,,,,,,,,,,,,,,,,,,,
ESPANITA,29012,172,2004,November,0,14,71,5,0,,,0,,0,2,123,123,221,TLAXCALA,0.556561085972851,31,0,0,0,0,,,,,,,,,,,,,,,,,,,,,,,,,,,,,,,,,,,,,,,,,,,,,,,,,,,,,,,,,,,,,,,,,,,,,,,,,,,,
ESPANITA,29012,173,2004,November,0,18,23,22,0,,,0,,8,3,122,112,220,TLAXCALA,0.554545454545455,38,0,0,0,0,,,,,,,,,,,,,,,,,,,,,,,,,,,,,,,,,,,,,,,,,,,,,,,,,,,,,,,,,,,,,,,,,,,,,,,,,,,,
ESPANITA,29012,174,2004,November,0,16,35,0,0,,,0,,2,1,86,83,153,TLAXCALA,0.562091503267974,29,0,0,0,0,,,,,,,,,,,,,,,,,,,,,,,,,,,,,,,,,,,,,,,,,,,,,,,,,,,,,,,,,,,,,,,,,,,,,,,,,,,,
ESPANITA,29012,175,2004,November,0,27,136,5,0,,,0,,3,0,272,265,393,TLAXCALA,0.692111959287532,94,0,0,0,0,,,,,,,,,,,,,,,,,,,,,,,,,,,,,,,,,,,,,,,,,,,,,,,,,,,,,,,,,,,,,,,,,,,,,,,,,,,,
ESPANITA,29012,176,2004,November,0,56,74,25,0,,,0,,0,1,214,207,354,TLAXCALA,0.604519774011299,51,0,0,0,0,,,,,,,,,,,,,,,,,,,,,,,,,,,,,,,,,,,,,,,,,,,,,,,,,,,,,,,,,,,,,,,,,,,,,,,,,,,,
ESPANITA,29012,177,2004,November,0,30,68,9,0,,,0,,6,1,176,172,271,TLAXCALA,0.649446494464945,58,0,0,0,0,,,,,,,,,,,,,,,,,,,,,,,,,,,,,,,,,,,,,,,,,,,,,,,,,,,,,,,,,,,,,,,,,,,,,,,,,,,,
HUAMANTLA,29013,178,2004,November,0,220,0,0,0,,,319,,0,0,1400,1351,2409,TLAXCALA,0.58115400581154,494,318,0,0,0,,,,,,,,,,,,,,,,,,,,,,,,,,,,,,,,,,,,,,,,,,,,,,,,,,,,,,,,,,,,,,,,,,,,,,,,,,,,
HUAMANTLA,29013,179,2004,November,0,188,0,0,0,,,372,,0,0,1244,1205,2310,TLAXCALA,0.538528138528139,389,256,0,0,0,,,,,,,,,,,,,,,,,,,,,,,,,,,,,,,,,,,,,,,,,,,,,,,,,,,,,,,,,,,,,,,,,,,,,,,,,,,,
HUAMANTLA,29013,180,2004,November,0,166,0,0,0,,,266,,0,0,1144,1076,1788,TLAXCALA,0.639821029082774,262,382,0,0,0,,,,,,,,,,,,,,,,,,,,,,,,,,,,,,,,,,,,,,,,,,,,,,,,,,,,,,,,,,,,,,,,,,,,,,,,,,,,
HUAMANTLA,29013,181,2004,November,0,213,0,0,0,,,322,,0,0,1188,1145,2025,TLAXCALA,0.586666666666667,405,205,0,0,0,,,,,,,,,,,,,,,,,,,,,,,,,,,,,,,,,,,,,,,,,,,,,,,,,,,,,,,,,,,,,,,,,,,,,,,,,,,,
HUAMANTLA,29013,182,2004,November,0,113,0,0,0,,,136,,0,0,616,604,1106,TLAXCALA,0.556962025316456,171,184,0,0,0,,,,,,,,,,,,,,,,,,,,,,,,,,,,,,,,,,,,,,,,,,,,,,,,,,,,,,,,,,,,,,,,,,,,,,,,,,,,
HUAMANTLA,29013,183,2004,November,0,70,0,0,0,,,214,,0,0,729,715,1197,TLAXCALA,0.609022556390977,227,204,0,0,0,,,,,,,,,,,,,,,,,,,,,,,,,,,,,,,,,,,,,,,,,,,,,,,,,,,,,,,,,,,,,,,,,,,,,,,,,,,,
HUAMANTLA,29013,184,2004,November,0,45,0,0,0,,,78,,0,0,441,415,699,TLAXCALA,0.630901287553648,159,133,0,0,0,,,,,,,,,,,,,,,,,,,,,,,,,,,,,,,,,,,,,,,,,,,,,,,,,,,,,,,,,,,,,,,,,,,,,,,,,,,,
HUAMANTLA,29013,185,2004,November,0,100,0,0,0,,,272,,0,0,793,764,1293,TLAXCALA,0.613302397525135,215,177,0,0,0,,,,,,,,,,,,,,,,,,,,,,,,,,,,,,,,,,,,,,,,,,,,,,,,,,,,,,,,,,,,,,,,,,,,,,,,,,,,
HUAMANTLA,29013,186,2004,November,0,124,0,0,0,,,259,,0,0,849,818,1344,TLAXCALA,0.631696428571429,313,122,0,0,0,,,,,,,,,,,,,,,,,,,,,,,,,,,,,,,,,,,,,,,,,,,,,,,,,,,,,,,,,,,,,,,,,,,,,,,,,,,,
HUAMANTLA,29013,187,2004,November,0,180,0,0,0,,,262,,0,0,1132,1086,1935,TLAXCALA,0.585012919896641,397,247,0,0,0,,,,,,,,,,,,,,,,,,,,,,,,,,,,,,,,,,,,,,,,,,,,,,,,,,,,,,,,,,,,,,,,,,,,,,,,,,,,
HUAMANTLA,29013,188,2004,November,0,201,0,0,0,,,309,,0,0,1050,1010,1808,TLAXCALA,0.580752212389381,308,192,0,0,0,,,,,,,,,,,,,,,,,,,,,,,,,,,,,,,,,,,,,,,,,,,,,,,,,,,,,,,,,,,,,,,,,,,,,,,,,,,,
HUAMANTLA,29013,189,2004,November,0,124,0,0,0,,,191,,0,0,867,847,1580,TLAXCALA,0.54873417721519,356,176,0,0,0,,,,,,,,,,,,,,,,,,,,,,,,,,,,,,,,,,,,,,,,,,,,,,,,,,,,,,,,,,,,,,,,,,,,,,,,,,,,
HUAMANTLA,29013,190,2004,November,0,104,0,0,0,,,141,,0,0,588,566,1030,TLAXCALA,0.570873786407767,193,128,0,0,0,,,,,,,,,,,,,,,,,,,,,,,,,,,,,,,,,,,,,,,,,,,,,,,,,,,,,,,,,,,,,,,,,,,,,,,,,,,,
HUAMANTLA,29013,191,2004,November,0,108,0,0,0,,,151,,0,0,670,639,1135,TLAXCALA,0.590308370044053,217,163,0,0,0,,,,,,,,,,,,,,,,,,,,,,,,,,,,,,,,,,,,,,,,,,,,,,,,,,,,,,,,,,,,,,,,,,,,,,,,,,,,
HUAMANTLA,29013,192,2004,November,0,151,0,0,0,,,226,,0,0,929,891,1548,TLAXCALA,0.600129198966408,254,260,0,0,0,,,,,,,,,,,,,,,,,,,,,,,,,,,,,,,,,,,,,,,,,,,,,,,,,,,,,,,,,,,,,,,,,,,,,,,,,,,,
HUAMANTLA,29013,193,2004,November,0,52,0,0,0,,,101,,0,0,433,400,589,TLAXCALA,0.735144312393888,92,155,0,0,0,,,,,,,,,,,,,,,,,,,,,,,,,,,,,,,,,,,,,,,,,,,,,,,,,,,,,,,,,,,,,,,,,,,,,,,,,,,,
HUAMANTLA,29013,194,2004,November,0,180,0,0,0,,,290,,0,0,1093,1041,1771,TLAXCALA,0.6171654432524,306,265,0,0,0,,,,,,,,,,,,,,,,,,,,,,,,,,,,,,,,,,,,,,,,,,,,,,,,,,,,,,,,,,,,,,,,,,,,,,,,,,,,
HUAMANTLA,29013,195,2004,November,0,132,0,0,0,,,194,,0,0,657,634,1068,TLAXCALA,0.615168539325843,174,134,0,0,0,,,,,,,,,,,,,,,,,,,,,,,,,,,,,,,,,,,,,,,,,,,,,,,,,,,,,,,,,,,,,,,,,,,,,,,,,,,,
HUAMANTLA,29013,196,2004,November,0,61,0,0,0,,,103,,0,0,413,377,692,TLAXCALA,0.596820809248555,128,85,0,0,0,,,,,,,,,,,,,,,,,,,,,,,,,,,,,,,,,,,,,,,,,,,,,,,,,,,,,,,,,,,,,,,,,,,,,,,,,,,,
HUAMANTLA,29013,197,2004,November,0,12,0,0,0,,,31,,0,0,106,96,153,TLAXCALA,0.69281045751634,28,25,0,0,0,,,,,,,,,,,,,,,,,,,,,,,,,,,,,,,,,,,,,,,,,,,,,,,,,,,,,,,,,,,,,,,,,,,,,,,,,,,,
HUAMANTLA,29013,198,2004,November,0,72,0,0,0,,,22,,0,0,263,260,353,TLAXCALA,0.745042492917847,118,48,0,0,0,,,,,,,,,,,,,,,,,,,,,,,,,,,,,,,,,,,,,,,,,,,,,,,,,,,,,,,,,,,,,,,,,,,,,,,,,,,,
HUAMANTLA,29013,199,2004,November,0,24,0,0,0,,,53,,0,0,366,366,452,TLAXCALA,0.809734513274336,127,162,0,0,0,,,,,,,,,,,,,,,,,,,,,,,,,,,,,,,,,,,,,,,,,,,,,,,,,,,,,,,,,,,,,,,,,,,,,,,,,,,,
HUAMANTLA,29013,200,2004,November,0,182,0,0,0,,,133,,0,0,750,707,996,TLAXCALA,0.753012048192771,196,196,0,0,0,,,,,,,,,,,,,,,,,,,,,,,,,,,,,,,,,,,,,,,,,,,,,,,,,,,,,,,,,,,,,,,,,,,,,,,,,,,,
HUAMANTLA,29013,201,2004,November,0,125,0,0,0,,,427,,0,0,1500,1423,2133,TLAXCALA,0.70323488045007,619,252,0,0,0,,,,,,,,,,,,,,,,,,,,,,,,,,,,,,,,,,,,,,,,,,,,,,,,,,,,,,,,,,,,,,,,,,,,,,,,,,,,
HUAMANTLA,29013,202,2004,November,0,35,0,0,0,,,81,,0,0,282,268,380,TLAXCALA,0.742105263157895,61,91,0,0,0,,,,,,,,,,,,,,,,,,,,,,,,,,,,,,,,,,,,,,,,,,,,,,,,,,,,,,,,,,,,,,,,,,,,,,,,,,,,
HUAMANTLA,29013,203,2004,November,0,137,0,0,0,,,205,,0,0,956,883,1491,TLAXCALA,0.641180415828303,343,198,0,0,0,,,,,,,,,,,,,,,,,,,,,,,,,,,,,,,,,,,,,,,,,,,,,,,,,,,,,,,,,,,,,,,,,,,,,,,,,,,,
HUAMANTLA,29013,204,2004,November,0,108,0,0,0,,,219,,0,0,684,619,1051,TLAXCALA,0.650808753568031,208,84,0,0,0,,,,,,,,,,,,,,,,,,,,,,,,,,,,,,,,,,,,,,,,,,,,,,,,,,,,,,,,,,,,,,,,,,,,,,,,,,,,
HUAMANTLA,29013,205,2004,November,0,20,0,0,0,,,12,,0,0,131,116,167,TLAXCALA,0.784431137724551,48,36,0,0,0,,,,,,,,,,,,,,,,,,,,,,,,,,,,,,,,,,,,,,,,,,,,,,,,,,,,,,,,,,,,,,,,,,,,,,,,,,,,
HUAMANTLA,29013,206,2004,November,0,79,0,0,0,,,102,,0,0,492,386,608,TLAXCALA,0.80921052631579,122,83,0,0,0,,,,,,,,,,,,,,,,,,,,,,,,,,,,,,,,,,,,,,,,,,,,,,,,,,,,,,,,,,,,,,,,,,,,,,,,,,,,
HUAMANTLA,29013,207,2004,November,0,53,0,0,0,,,120,,0,0,388,323,532,TLAXCALA,0.729323308270677,85,65,0,0,0,,,,,,,,,,,,,,,,,,,,,,,,,,,,,,,,,,,,,,,,,,,,,,,,,,,,,,,,,,,,,,,,,,,,,,,,,,,,
HUAMANTLA,29013,208,2004,November,0,38,0,0,0,,,144,,0,0,385,353,548,TLAXCALA,0.702554744525548,103,68,0,0,0,,,,,,,,,,,,,,,,,,,,,,,,,,,,,,,,,,,,,,,,,,,,,,,,,,,,,,,,,,,,,,,,,,,,,,,,,,,,
HUAMANTLA,29013,209,2004,November,0,56,0,0,0,,,90,,0,0,385,371,535,TLAXCALA,0.719626168224299,69,156,0,0,0,,,,,,,,,,,,,,,,,,,,,,,,,,,,,,,,,,,,,,,,,,,,,,,,,,,,,,,,,,,,,,,,,,,,,,,,,,,,
HUAMANTLA,29013,210,2004,November,0,10,0,0,0,,,30,,0,0,110,106,147,TLAXCALA,0.748299319727891,58,8,0,0,0,,,,,,,,,,,,,,,,,,,,,,,,,,,,,,,,,,,,,,,,,,,,,,,,,,,,,,,,,,,,,,,,,,,,,,,,,,,,
HUAMANTLA,29013,211,2004,November,0,26,0,0,0,,,174,,0,0,473,442,660,TLAXCALA,0.716666666666667,125,117,0,0,0,,,,,,,,,,,,,,,,,,,,,,,,,,,,,,,,,,,,,,,,,,,,,,,,,,,,,,,,,,,,,,,,,,,,,,,,,,,,
HUAMANTLA,29013,212,2004,November,0,36,0,0,0,,,41,,0,0,243,221,314,TLAXCALA,0.773885350318471,80,64,0,0,0,,,,,,,,,,,,,,,,,,,,,,,,,,,,,,,,,,,,,,,,,,,,,,,,,,,,,,,,,,,,,,,,,,,,,,,,,,,,
HUAMANTLA,29013,213,2004,November,0,150,0,0,0,,,517,,0,0,1295,1219,1874,TLAXCALA,0.691035218783351,325,227,0,0,0,,,,,,,,,,,,,,,,,,,,,,,,,,,,,,,,,,,,,,,,,,,,,,,,,,,,,,,,,,,,,,,,,,,,,,,,,,,,
HUAMANTLA,29013,214,2004,November,0,101,0,0,0,,,350,,0,0,945,905,1337,TLAXCALA,0.706806282722513,305,149,0,0,0,,,,,,,,,,,,,,,,,,,,,,,,,,,,,,,,,,,,,,,,,,,,,,,,,,,,,,,,,,,,,,,,,,,,,,,,,,,,
HUAMANTLA,29013,215,2004,November,0,6,0,0,0,,,23,,0,0,145,134,180,TLAXCALA,0.805555555555556,53,52,0,0,0,,,,,,,,,,,,,,,,,,,,,,,,,,,,,,,,,,,,,,,,,,,,,,,,,,,,,,,,,,,,,,,,,,,,,,,,,,,,
HUAMANTLA,29013,216,2004,November,0,92,0,0,0,,,93,,0,0,372,342,555,TLAXCALA,0.67027027027027,73,84,0,0,0,,,,,,,,,,,,,,,,,,,,,,,,,,,,,,,,,,,,,,,,,,,,,,,,,,,,,,,,,,,,,,,,,,,,,,,,,,,,
HUAMANTLA,29013,217,2004,November,0,31,0,0,0,,,61,,0,0,304,290,475,TLAXCALA,0.64,78,120,0,0,0,,,,,,,,,,,,,,,,,,,,,,,,,,,,,,,,,,,,,,,,,,,,,,,,,,,,,,,,,,,,,,,,,,,,,,,,,,,,
HUAMANTLA,29013,218,2004,November,0,41,0,0,0,,,58,,0,0,326,300,486,TLAXCALA,0.670781893004115,101,100,0,0,0,,,,,,,,,,,,,,,,,,,,,,,,,,,,,,,,,,,,,,,,,,,,,,,,,,,,,,,,,,,,,,,,,,,,,,,,,,,,
HUAMANTLA,29013,219,2004,November,0,57,0,0,0,,,86,,0,0,345,326,512,TLAXCALA,0.673828125,68,115,0,0,0,,,,,,,,,,,,,,,,,,,,,,,,,,,,,,,,,,,,,,,,,,,,,,,,,,,,,,,,,,,,,,,,,,,,,,,,,,,,
HUEYOTLIPAN,29014,220,2004,November,0,518,291,159,0,,,0,,4,0,1060,1039,1587,TLAXCALA,0.667926906112161,67,0,0,0,0,,,,,,,,,,,,,,,,,,,,,,,,,,,,,,,,,,,,,,,,,,,,,,,,,,,,,,,,,,,,,,,,,,,,,,,,,,,,
HUEYOTLIPAN,29014,221,2004,November,0,485,366,133,0,,,0,,10,0,1059,1046,1610,TLAXCALA,0.65776397515528,52,0,0,0,0,,,,,,,,,,,,,,,,,,,,,,,,,,,,,,,,,,,,,,,,,,,,,,,,,,,,,,,,,,,,,,,,,,,,,,,,,,,,
HUEYOTLIPAN,29014,222,2004,November,0,205,177,62,0,,,0,,5,0,479,470,727,TLAXCALA,0.658872077028886,21,0,0,0,0,,,,,,,,,,,,,,,,,,,,,,,,,,,,,,,,,,,,,,,,,,,,,,,,,,,,,,,,,,,,,,,,,,,,,,,,,,,,
HUEYOTLIPAN,29014,223,2004,November,0,86,37,27,0,,,0,,0,0,170,170,282,TLAXCALA,0.602836879432624,20,0,0,0,0,,,,,,,,,,,,,,,,,,,,,,,,,,,,,,,,,,,,,,,,,,,,,,,,,,,,,,,,,,,,,,,,,,,,,,,,,,,,
HUEYOTLIPAN,29014,224,2004,November,0,108,45,146,0,,,0,,2,0,345,323,451,TLAXCALA,0.764966740576497,22,0,0,0,0,,,,,,,,,,,,,,,,,,,,,,,,,,,,,,,,,,,,,,,,,,,,,,,,,,,,,,,,,,,,,,,,,,,,,,,,,,,,
HUEYOTLIPAN,29014,225,2004,November,0,31,39,33,0,,,0,,4,0,149,136,217,TLAXCALA,0.686635944700461,29,0,0,0,0,,,,,,,,,,,,,,,,,,,,,,,,,,,,,,,,,,,,,,,,,,,,,,,,,,,,,,,,,,,,,,,,,,,,,,,,,,,,
HUEYOTLIPAN,29014,226,2004,November,0,66,46,53,0,,,0,,1,0,211,200,370,TLAXCALA,0.57027027027027,34,0,0,0,0,,,,,,,,,,,,,,,,,,,,,,,,,,,,,,,,,,,,,,,,,,,,,,,,,,,,,,,,,,,,,,,,,,,,,,,,,,,,
HUEYOTLIPAN,29014,227,2004,November,0,110,45,58,0,,,0,,4,0,309,299,479,TLAXCALA,0.645093945720251,82,0,0,0,0,,,,,,,,,,,,,,,,,,,,,,,,,,,,,,,,,,,,,,,,,,,,,,,,,,,,,,,,,,,,,,,,,,,,,,,,,,,,
HUEYOTLIPAN,29014,228,2004,November,0,210,145,21,0,,,0,,40,0,1178,1101,2188,TLAXCALA,0.538391224862889,685,0,0,0,0,,,,,,,,,,,,,,,,,,,,,,,,,,,,,,,,,,,,,,,,,,,,,,,,,,,,,,,,,,,,,,,,,,,,,,,,,,,,
HUEYOTLIPAN,29014,229,2004,November,0,22,7,6,0,,,0,,1,0,84,77,109,TLAXCALA,0.770642201834862,41,0,0,0,0,,,,,,,,,,,,,,,,,,,,,,,,,,,,,,,,,,,,,,,,,,,,,,,,,,,,,,,,,,,,,,,,,,,,,,,,,,,,
HUEYOTLIPAN,29014,230,2004,November,0,136,31,35,0,,,0,,12,0,309,283,473,TLAXCALA,0.653276955602537,69,0,0,0,0,,,,,,,,,,,,,,,,,,,,,,,,,,,,,,,,,,,,,,,,,,,,,,,,,,,,,,,,,,,,,,,,,,,,,,,,,,,,
HUEYOTLIPAN,29014,231,2004,November,0,75,22,16,0,,,0,,1,0,132,130,245,TLAXCALA,0.538775510204082,16,0,0,0,0,,,,,,,,,,,,,,,,,,,,,,,,,,,,,,,,,,,,,,,,,,,,,,,,,,,,,,,,,,,,,,,,,,,,,,,,,,,,
IXTACUIXTLA DE MARIANO MATAMOROS,29015,232,2004,November,0,329,48,10,0,,,124,,1,0,769,743,1291,TLAXCALA,0.595662277304415,231,0,0,0,0,,,,,,,,,,,,,,,,,,,,,,,,,,,,,,,,,,,,,,,,,,,,,,,,,,,,,,,,,,,,,,,,,,,,,,,,,,,,
IXTACUIXTLA DE MARIANO MATAMOROS,29015,233,2004,November,0,360,88,9,0,,,101,,7,0,872,851,1390,TLAXCALA,0.627338129496403,286,0,0,0,0,,,,,,,,,,,,,,,,,,,,,,,,,,,,,,,,,,,,,,,,,,,,,,,,,,,,,,,,,,,,,,,,,,,,,,,,,,,,
IXTACUIXTLA DE MARIANO MATAMOROS,29015,234,2004,November,0,302,28,2,0,,,82,,5,0,674,658,1021,TLAXCALA,0.660137120470127,239,0,0,0,0,,,,,,,,,,,,,,,,,,,,,,,,,,,,,,,,,,,,,,,,,,,,,,,,,,,,,,,,,,,,,,,,,,,,,,,,,,,,
IXTACUIXTLA DE MARIANO MATAMOROS,29015,235,2004,November,0,38,15,2,0,,,1,,0,0,111,106,170,TLAXCALA,0.652941176470588,50,0,0,0,0,,,,,,,,,,,,,,,,,,,,,,,,,,,,,,,,,,,,,,,,,,,,,,,,,,,,,,,,,,,,,,,,,,,,,,,,,,,,
IXTACUIXTLA DE MARIANO MATAMOROS,29015,236,2004,November,0,51,23,3,0,,,8,,1,0,147,140,227,TLAXCALA,0.647577092511013,54,0,0,0,0,,,,,,,,,,,,,,,,,,,,,,,,,,,,,,,,,,,,,,,,,,,,,,,,,,,,,,,,,,,,,,,,,,,,,,,,,,,,
IXTACUIXTLA DE MARIANO MATAMOROS,29015,237,2004,November,0,53,22,5,0,,,19,,1,0,167,156,311,TLAXCALA,0.536977491961415,56,0,0,0,0,,,,,,,,,,,,,,,,,,,,,,,,,,,,,,,,,,,,,,,,,,,,,,,,,,,,,,,,,,,,,,,,,,,,,,,,,,,,
IXTACUIXTLA DE MARIANO MATAMOROS,29015,238,2004,November,0,49,13,2,0,,,11,,1,0,132,128,272,TLAXCALA,0.485294117647059,52,0,0,0,0,,,,,,,,,,,,,,,,,,,,,,,,,,,,,,,,,,,,,,,,,,,,,,,,,,,,,,,,,,,,,,,,,,,,,,,,,,,,
IXTACUIXTLA DE MARIANO MATAMOROS,29015,239,2004,November,0,69,6,4,0,,,10,,0,0,212,202,408,TLAXCALA,0.519607843137255,113,0,0,0,0,,,,,,,,,,,,,,,,,,,,,,,,,,,,,,,,,,,,,,,,,,,,,,,,,,,,,,,,,,,,,,,,,,,,,,,,,,,,
IXTACUIXTLA DE MARIANO MATAMOROS,29015,240,2004,November,0,134,28,15,0,,,72,,2,0,348,333,590,TLAXCALA,0.589830508474576,82,0,0,0,0,,,,,,,,,,,,,,,,,,,,,,,,,,,,,,,,,,,,,,,,,,,,,,,,,,,,,,,,,,,,,,,,,,,,,,,,,,,,
IXTACUIXTLA DE MARIANO MATAMOROS,29015,241,2004,November,0,341,75,14,0,,,117,,6,0,762,731,1249,TLAXCALA,0.610088070456365,178,0,0,0,0,,,,,,,,,,,,,,,,,,,,,,,,,,,,,,,,,,,,,,,,,,,,,,,,,,,,,,,,,,,,,,,,,,,,,,,,,,,,
IXTACUIXTLA DE MARIANO MATAMOROS,29015,242,2004,November,0,235,93,6,0,,,74,,3,0,605,584,1035,TLAXCALA,0.584541062801932,173,0,0,0,0,,,,,,,,,,,,,,,,,,,,,,,,,,,,,,,,,,,,,,,,,,,,,,,,,,,,,,,,,,,,,,,,,,,,,,,,,,,,
IXTACUIXTLA DE MARIANO MATAMOROS,29015,243,2004,November,0,117,17,2,0,,,13,,0,0,188,184,255,TLAXCALA,0.737254901960784,35,0,0,0,0,,,,,,,,,,,,,,,,,,,,,,,,,,,,,,,,,,,,,,,,,,,,,,,,,,,,,,,,,,,,,,,,,,,,,,,,,,,,
IXTACUIXTLA DE MARIANO MATAMOROS,29015,244,2004,November,0,73,63,2,0,,,52,,4,0,251,230,429,TLAXCALA,0.585081585081585,36,0,0,0,0,,,,,,,,,,,,,,,,,,,,,,,,,,,,,,,,,,,,,,,,,,,,,,,,,,,,,,,,,,,,,,,,,,,,,,,,,,,,
IXTACUIXTLA DE MARIANO MATAMOROS,29015,245,2004,November,0,438,192,48,0,,,96,,5,0,1174,1122,1775,TLAXCALA,0.661408450704225,343,0,0,0,0,,,,,,,,,,,,,,,,,,,,,,,,,,,,,,,,,,,,,,,,,,,,,,,,,,,,,,,,,,,,,,,,,,,,,,,,,,,,
IXTACUIXTLA DE MARIANO MATAMOROS,29015,246,2004,November,0,105,138,4,0,,,38,,3,0,363,356,530,TLAXCALA,0.684905660377359,68,0,0,0,0,,,,,,,,,,,,,,,,,,,,,,,,,,,,,,,,,,,,,,,,,,,,,,,,,,,,,,,,,,,,,,,,,,,,,,,,,,,,
IXTACUIXTLA DE MARIANO MATAMOROS,29015,247,2004,November,0,252,361,19,0,,,54,,11,0,875,826,1270,TLAXCALA,0.688976377952756,129,0,0,0,0,,,,,,,,,,,,,,,,,,,,,,,,,,,,,,,,,,,,,,,,,,,,,,,,,,,,,,,,,,,,,,,,,,,,,,,,,,,,
IXTACUIXTLA DE MARIANO MATAMOROS,29015,248,2004,November,0,236,159,20,0,,,181,,2,0,679,665,966,TLAXCALA,0.702898550724638,67,0,0,0,0,,,,,,,,,,,,,,,,,,,,,,,,,,,,,,,,,,,,,,,,,,,,,,,,,,,,,,,,,,,,,,,,,,,,,,,,,,,,
IXTACUIXTLA DE MARIANO MATAMOROS,29015,249,2004,November,0,127,66,2,0,,,8,,0,0,295,287,440,TLAXCALA,0.670454545454545,84,0,0,0,0,,,,,,,,,,,,,,,,,,,,,,,,,,,,,,,,,,,,,,,,,,,,,,,,,,,,,,,,,,,,,,,,,,,,,,,,,,,,
IXTACUIXTLA DE MARIANO MATAMOROS,29015,250,2004,November,0,201,101,8,0,,,33,,5,0,498,478,726,TLAXCALA,0.685950413223141,130,0,0,0,0,,,,,,,,,,,,,,,,,,,,,,,,,,,,,,,,,,,,,,,,,,,,,,,,,,,,,,,,,,,,,,,,,,,,,,,,,,,,
IXTACUIXTLA DE MARIANO MATAMOROS,29015,251,2004,November,0,401,259,31,0,,,68,,5,0,1076,1039,2071,TLAXCALA,0.519555770159343,275,0,0,0,0,,,,,,,,,,,,,,,,,,,,,,,,,,,,,,,,,,,,,,,,,,,,,,,,,,,,,,,,,,,,,,,,,,,,,,,,,,,,
IXTACUIXTLA DE MARIANO MATAMOROS,29015,252,2004,November,0,253,89,32,0,,,57,,7,0,764,736,1329,TLAXCALA,0.574868322046652,298,0,0,0,0,,,,,,,,,,,,,,,,,,,,,,,,,,,,,,,,,,,,,,,,,,,,,,,,,,,,,,,,,,,,,,,,,,,,,,,,,,,,
IXTACUIXTLA DE MARIANO MATAMOROS,29015,253,2004,November,0,246,101,35,0,,,80,,4,0,747,738,1350,TLAXCALA,0.553333333333333,272,0,0,0,0,,,,,,,,,,,,,,,,,,,,,,,,,,,,,,,,,,,,,,,,,,,,,,,,,,,,,,,,,,,,,,,,,,,,,,,,,,,,
IXTACUIXTLA DE MARIANO MATAMOROS,29015,256,2004,November,0,210,141,83,0,,,60,,4,0,706,678,1147,TLAXCALA,0.615518744551003,180,0,0,0,0,,,,,,,,,,,,,,,,,,,,,,,,,,,,,,,,,,,,,,,,,,,,,,,,,,,,,,,,,,,,,,,,,,,,,,,,,,,,
IXTACUIXTLA DE MARIANO MATAMOROS,29015,257,2004,November,0,117,77,77,0,,,33,,5,0,428,411,762,TLAXCALA,0.561679790026247,102,0,0,0,0,,,,,,,,,,,,,,,,,,,,,,,,,,,,,,,,,,,,,,,,,,,,,,,,,,,,,,,,,,,,,,,,,,,,,,,,,,,,
IXTACUIXTLA DE MARIANO MATAMOROS,29015,258,2004,November,0,102,19,1,0,,,46,,2,0,223,215,406,TLAXCALA,0.549261083743842,45,0,0,0,0,,,,,,,,,,,,,,,,,,,,,,,,,,,,,,,,,,,,,,,,,,,,,,,,,,,,,,,,,,,,,,,,,,,,,,,,,,,,
IXTENCO,29016,259,2004,November,0,56,162,53,0,,,72,,209,142,873,814,1241,TLAXCALA,0.703464947622885,120,0,0,0,0,,,,,,,,,,,,,,,,,,,,,,,,,,,,,,,,,,,,,,,,,,,,,,,,,,,,,,,,,,,,,,,,,,,,,,,,,,,,
IXTENCO,29016,260,2004,November,0,25,167,69,0,,,34,,156,118,727,689,1032,TLAXCALA,0.704457364341085,120,0,0,0,0,,,,,,,,,,,,,,,,,,,,,,,,,,,,,,,,,,,,,,,,,,,,,,,,,,,,,,,,,,,,,,,,,,,,,,,,,,,,
IXTENCO,29016,261,2004,November,0,27,245,51,0,,,39,,118,139,829,761,1281,TLAXCALA,0.647150663544106,142,0,0,0,0,,,,,,,,,,,,,,,,,,,,,,,,,,,,,,,,,,,,,,,,,,,,,,,,,,,,,,,,,,,,,,,,,,,,,,,,,,,,
IXTENCO,29016,262,2004,November,0,26,116,46,0,,,28,,103,71,529,488,772,TLAXCALA,0.685233160621762,98,0,0,0,0,,,,,,,,,,,,,,,,,,,,,,,,,,,,,,,,,,,,,,,,,,,,,,,,,,,,,,,,,,,,,,,,,,,,,,,,,,,,
LA MAGDALENA TLALTELULCO,29048,150,2004,November,14,39,32,64,45,,,0,,2,0,203,196,518,TLAXCALA,0.391891891891892,0,0,0,0,0,,,,,,,,,,,,,,,,,,,,,,,,,,,,,,,,,,,,,,,,,,,,,,,,,,,,,,,,,,,,,,,,,,,,,,,,,,,,
LA MAGDALENA TLALTELULCO,29048,151,2004,November,298,607,372,550,75,,,0,,6,0,1977,1908,2853,TLAXCALA,0.692954784437434,0,0,0,0,0,,,,,,,,,,,,,,,,,,,,,,,,,,,,,,,,,,,,,,,,,,,,,,,,,,,,,,,,,,,,,,,,,,,,,,,,,,,,
LA MAGDALENA TLALTELULCO,29048,152,2004,November,179,357,333,197,78,,,0,,3,0,1199,1147,1724,TLAXCALA,0.695475638051044,0,0,0,0,0,,,,,,,,,,,,,,,,,,,,,,,,,,,,,,,,,,,,,,,,,,,,,,,,,,,,,,,,,,,,,,,,,,,,,,,,,,,,
LA MAGDALENA TLALTELULCO,29048,153,2004,November,72,169,336,77,27,,,0,,0,0,721,681,1038,TLAXCALA,0.694605009633911,0,0,0,0,0,,,,,,,,,,,,,,,,,,,,,,,,,,,,,,,,,,,,,,,,,,,,,,,,,,,,,,,,,,,,,,,,,,,,,,,,,,,,
LA MAGDALENA TLALTELULCO,29048,154,2004,November,90,333,149,169,57,,,0,,2,0,819,800,1176,TLAXCALA,0.696428571428571,0,0,0,0,0,,,,,,,,,,,,,,,,,,,,,,,,,,,,,,,,,,,,,,,,,,,,,,,,,,,,,,,,,,,,,,,,,,,,,,,,,,,,
LA MAGDALENA TLALTELULCO,29048,155,2004,November,99,293,130,163,53,,,0,,1,0,773,739,1159,TLAXCALA,0.66695427092321,0,0,0,0,0,,,,,,,,,,,,,,,,,,,,,,,,,,,,,,,,,,,,,,,,,,,,,,,,,,,,,,,,,,,,,,,,,,,,,,,,,,,,
LAZARO CARDENAS,29047,402,2004,November,0,6,30,61,0,,,0,,0,0,146,141,195,TLAXCALA,0.748717948717949,44,0,0,0,0,,,,,,,,,,,,,,,,,,,,,,,,,,,,,,,,,,,,,,,,,,,,,,,,,,,,,,,,,,,,,,,,,,,,,,,,,,,,
LAZARO CARDENAS,29047,606,2004,November,0,88,391,203,0,,,0,,0,0,971,933,1333,TLAXCALA,0.728432108027007,251,0,0,0,0,,,,,,,,,,,,,,,,,,,,,,,,,,,,,,,,,,,,,,,,,,,,,,,,,,,,,,,,,,,,,,,,,,,,,,,,,,,,
MAZATECOCHCO DE JOSE MARIA MORELOS,29017,263,2004,November,0,111,198,0,0,,,0,,145,0,967,948,1362,TLAXCALA,0.709985315712188,494,0,0,0,0,,,,,,,,,,,,,,,,,,,,,,,,,,,,,,,,,,,,,,,,,,,,,,,,,,,,,,,,,,,,,,,,,,,,,,,,,,,,
MAZATECOCHCO DE JOSE MARIA MORELOS,29017,264,2004,November,0,261,223,0,0,,,0,,124,0,788,772,1154,TLAXCALA,0.682842287694974,164,0,0,0,0,,,,,,,,,,,,,,,,,,,,,,,,,,,,,,,,,,,,,,,,,,,,,,,,,,,,,,,,,,,,,,,,,,,,,,,,,,,,
MAZATECOCHCO DE JOSE MARIA MORELOS,29017,265,2004,November,0,129,237,0,0,,,0,,120,0,635,615,1154,TLAXCALA,0.550259965337955,129,0,0,0,0,,,,,,,,,,,,,,,,,,,,,,,,,,,,,,,,,,,,,,,,,,,,,,,,,,,,,,,,,,,,,,,,,,,,,,,,,,,,
MAZATECOCHCO DE JOSE MARIA MORELOS,29017,266,2004,November,0,108,330,0,0,,,0,,88,0,818,795,1264,TLAXCALA,0.647151898734177,269,0,0,0,0,,,,,,,,,,,,,,,,,,,,,,,,,,,,,,,,,,,,,,,,,,,,,,,,,,,,,,,,,,,,,,,,,,,,,,,,,,,,
MUNOZ DE DOMINGO ARENAS,29011,161,2004,November,0,37,140,0,0,,,43,,0,0,970,942,1351,TLAXCALA,0.717986676535899,307,415,0,0,0,,,,,,,,,,,,,,,,,,,,,,,,,,,,,,,,,,,,,,,,,,,,,,,,,,,,,,,,,,,,,,,,,,,,,,,,,,,,
MUNOZ DE DOMINGO ARENAS,29011,162,2004,November,0,137,55,0,0,,,13,,0,0,547,525,777,TLAXCALA,0.703989703989704,179,141,0,0,0,,,,,,,,,,,,,,,,,,,,,,,,,,,,,,,,,,,,,,,,,,,,,,,,,,,,,,,,,,,,,,,,,,,,,,,,,,,,
MUNOZ DE DOMINGO ARENAS,29011,163,2004,November,0,50,21,0,0,,,6,,0,0,235,226,343,TLAXCALA,0.685131195335277,101,48,0,0,0,,,,,,,,,,,,,,,,,,,,,,,,,,,,,,,,,,,,,,,,,,,,,,,,,,,,,,,,,,,,,,,,,,,,,,,,,,,,
MUNOZ DE DOMINGO ARENAS,29011,164,2004,November,0,14,17,0,0,,,7,,0,0,142,138,171,TLAXCALA,0.830409356725146,66,34,0,0,0,,,,,,,,,,,,,,,,,,,,,,,,,,,,,,,,,,,,,,,,,,,,,,,,,,,,,,,,,,,,,,,,,,,,,,,,,,,,
NANACAMILPA DE MARIANO ARISTA,29021,299,2004,November,0,98,269,309,0,,,122,,49,42,1052,1017,1810,TLAXCALA,0.58121546961326,128,0,0,0,0,,,,,,,,,,,,,,,,,,,,,,,,,,,,,,,,,,,,,,,,,,,,,,,,,,,,,,,,,,,,,,,,,,,,,,,,,,,,
NANACAMILPA DE MARIANO ARISTA,29021,300,2004,November,0,144,187,181,0,,,52,,17,31,718,697,1201,TLAXCALA,0.597835137385512,85,0,0,0,0,,,,,,,,,,,,,,,,,,,,,,,,,,,,,,,,,,,,,,,,,,,,,,,,,,,,,,,,,,,,,,,,,,,,,,,,,,,,
NANACAMILPA DE MARIANO ARISTA,29021,301,2004,November,0,264,166,249,0,,,108,,29,35,1194,1144,1984,TLAXCALA,0.601814516129032,293,0,0,0,0,,,,,,,,,,,,,,,,,,,,,,,,,,,,,,,,,,,,,,,,,,,,,,,,,,,,,,,,,,,,,,,,,,,,,,,,,,,,
NANACAMILPA DE MARIANO ARISTA,29021,302,2004,November,0,136,208,317,0,,,99,,104,35,1134,1069,1985,TLAXCALA,0.571284634760705,170,0,0,0,0,,,,,,,,,,,,,,,,,,,,,,,,,,,,,,,,,,,,,,,,,,,,,,,,,,,,,,,,,,,,,,,,,,,,,,,,,,,,
NANACAMILPA DE MARIANO ARISTA,29021,303,2004,November,0,64,104,159,0,,,28,,59,25,566,554,920,TLAXCALA,0.615217391304348,115,0,0,0,0,,,,,,,,,,,,,,,,,,,,,,,,,,,,,,,,,,,,,,,,,,,,,,,,,,,,,,,,,,,,,,,,,,,,,,,,,,,,
NANACAMILPA DE MARIANO ARISTA,29021,304,2004,November,0,48,88,69,0,,,6,,9,9,510,484,792,TLAXCALA,0.643939393939394,255,0,0,0,0,,,,,,,,,,,,,,,,,,,,,,,,,,,,,,,,,,,,,,,,,,,,,,,,,,,,,,,,,,,,,,,,,,,,,,,,,,,,
NANACAMILPA DE MARIANO ARISTA,29021,305,2004,November,0,29,51,18,0,,,11,,2,3,187,179,292,TLAXCALA,0.64041095890411,65,0,0,0,0,,,,,,,,,,,,,,,,,,,,,,,,,,,,,,,,,,,,,,,,,,,,,,,,,,,,,,,,,,,,,,,,,,,,,,,,,,,,
NANACAMILPA DE MARIANO ARISTA,29021,306,2004,November,0,6,35,5,0,,,13,,1,1,105,100,109,TLAXCALA,0.963302752293578,39,0,0,0,0,,,,,,,,,,,,,,,,,,,,,,,,,,,,,,,,,,,,,,,,,,,,,,,,,,,,,,,,,,,,,,,,,,,,,,,,,,,,
NANACAMILPA DE MARIANO ARISTA,29021,307,2004,November,0,11,35,46,0,,,7,,7,26,239,235,392,TLAXCALA,0.60969387755102,103,0,0,0,0,,,,,,,,,,,,,,,,,,,,,,,,,,,,,,,,,,,,,,,,,,,,,,,,,,,,,,,,,,,,,,,,,,,,,,,,,,,,
NANACAMILPA DE MARIANO ARISTA,29021,308,2004,November,0,38,147,91,0,,,45,,14,61,575,562,844,TLAXCALA,0.681279620853081,166,0,0,0,0,,,,,,,,,,,,,,,,,,,,,,,,,,,,,,,,,,,,,,,,,,,,,,,,,,,,,,,,,,,,,,,,,,,,,,,,,,,,
NATIVITAS,29023,318,2004,November,0,249,27,95,0,,,0,,28,8,487,471,800,TLAXCALA,0.60875,64,0,0,0,0,,,,,,,,,,,,,,,,,,,,,,,,,,,,,,,,,,,,,,,,,,,,,,,,,,,,,,,,,,,,,,,,,,,,,,,,,,,,
NATIVITAS,29023,319,2004,November,0,192,67,598,0,,,0,,91,3,1237,1193,2106,TLAXCALA,0.587369420702754,242,0,0,0,0,,,,,,,,,,,,,,,,,,,,,,,,,,,,,,,,,,,,,,,,,,,,,,,,,,,,,,,,,,,,,,,,,,,,,,,,,,,,
NATIVITAS,29023,320,2004,November,0,74,22,37,0,,,0,,42,7,328,323,459,TLAXCALA,0.714596949891068,141,0,0,0,0,,,,,,,,,,,,,,,,,,,,,,,,,,,,,,,,,,,,,,,,,,,,,,,,,,,,,,,,,,,,,,,,,,,,,,,,,,,,
NATIVITAS,29023,321,2004,November,0,137,14,41,0,,,0,,14,3,345,337,36,TLAXCALA,9.58333333333333,128,0,0,0,0,,,,,,,,,,,,,,,,,,,,,,,,,,,,,,,,,,,,,,,,,,,,,,,,,,,,,,,,,,,,,,,,,,,,,,,,,,,,
NATIVITAS,29023,322,2004,November,0,145,33,217,0,,,0,,22,6,510,499,815,TLAXCALA,0.625766871165644,76,0,0,0,0,,,,,,,,,,,,,,,,,,,,,,,,,,,,,,,,,,,,,,,,,,,,,,,,,,,,,,,,,,,,,,,,,,,,,,,,,,,,
NATIVITAS,29023,323,2004,November,0,181,79,79,0,,,0,,9,5,593,549,1365,TLAXCALA,0.434432234432235,196,0,0,0,0,,,,,,,,,,,,,,,,,,,,,,,,,,,,,,,,,,,,,,,,,,,,,,,,,,,,,,,,,,,,,,,,,,,,,,,,,,,,
NATIVITAS,29023,324,2004,November,0,58,47,41,0,,,0,,4,6,294,287,479,TLAXCALA,0.613778705636743,131,0,0,0,0,,,,,,,,,,,,,,,,,,,,,,,,,,,,,,,,,,,,,,,,,,,,,,,,,,,,,,,,,,,,,,,,,,,,,,,,,,,,
NATIVITAS,29023,325,2004,November,0,287,37,86,0,,,0,,30,11,648,584,1108,TLAXCALA,0.584837545126354,133,0,0,0,0,,,,,,,,,,,,,,,,,,,,,,,,,,,,,,,,,,,,,,,,,,,,,,,,,,,,,,,,,,,,,,,,,,,,,,,,,,,,
NATIVITAS,29023,326,2004,November,0,407,158,126,0,,,0,,29,11,1062,1029,1632,TLAXCALA,0.650735294117647,298,0,0,0,0,,,,,,,,,,,,,,,,,,,,,,,,,,,,,,,,,,,,,,,,,,,,,,,,,,,,,,,,,,,,,,,,,,,,,,,,,,,,
NATIVITAS,29023,327,2004,November,0,299,219,53,0,,,0,,69,10,879,862,1362,TLAXCALA,0.645374449339207,212,0,0,0,0,,,,,,,,,,,,,,,,,,,,,,,,,,,,,,,,,,,,,,,,,,,,,,,,,,,,,,,,,,,,,,,,,,,,,,,,,,,,
NATIVITAS,29023,328,2004,November,0,190,36,33,0,,,0,,32,23,394,379,697,TLAXCALA,0.565279770444763,65,0,0,0,0,,,,,,,,,,,,,,,,,,,,,,,,,,,,,,,,,,,,,,,,,,,,,,,,,,,,,,,,,,,,,,,,,,,,,,,,,,,,
NATIVITAS,29023,329,2004,November,0,212,130,87,0,,,0,,22,10,718,701,1134,TLAXCALA,0.6331569664903,240,0,0,0,0,,,,,,,,,,,,,,,,,,,,,,,,,,,,,,,,,,,,,,,,,,,,,,,,,,,,,,,,,,,,,,,,,,,,,,,,,,,,
NATIVITAS,29023,330,2004,November,0,218,140,51,0,,,0,,24,8,592,565,929,TLAXCALA,0.63724434876211,124,0,0,0,0,,,,,,,,,,,,,,,,,,,,,,,,,,,,,,,,,,,,,,,,,,,,,,,,,,,,,,,,,,,,,,,,,,,,,,,,,,,,
PANOTLA,29024,332,2004,November,0,35,16,10,0,,,4,,8,0,169,163,891,TLAXCALA,0.189674523007856,90,0,0,0,0,,,,,,,,,,,,,,,,,,,,,,,,,,,,,,,,,,,,,,,,,,,,,,,,,,,,,,,,,,,,,,,,,,,,,,,,,,,,
PANOTLA,29024,333,2004,November,0,43,62,10,0,,,12,,28,0,290,287,437,TLAXCALA,0.663615560640732,132,0,0,0,0,,,,,,,,,,,,,,,,,,,,,,,,,,,,,,,,,,,,,,,,,,,,,,,,,,,,,,,,,,,,,,,,,,,,,,,,,,,,
PANOTLA,29024,334,2004,November,0,67,156,52,0,,,6,,106,0,664,655,945,TLAXCALA,0.702645502645503,268,0,0,0,0,,,,,,,,,,,,,,,,,,,,,,,,,,,,,,,,,,,,,,,,,,,,,,,,,,,,,,,,,,,,,,,,,,,,,,,,,,,,
PANOTLA,29024,335,2004,November,0,41,116,61,0,,,6,,44,0,433,419,656,TLAXCALA,0.660060975609756,151,0,0,0,0,,,,,,,,,,,,,,,,,,,,,,,,,,,,,,,,,,,,,,,,,,,,,,,,,,,,,,,,,,,,,,,,,,,,,,,,,,,,
PANOTLA,29024,336,2004,November,0,163,278,100,0,,,27,,163,0,1253,1206,1890,TLAXCALA,0.662962962962963,475,0,0,0,0,,,,,,,,,,,,,,,,,,,,,,,,,,,,,,,,,,,,,,,,,,,,,,,,,,,,,,,,,,,,,,,,,,,,,,,,,,,,
PANOTLA,29024,337,2004,November,0,82,334,126,0,,,40,,110,0,1142,1109,1607,TLAXCALA,0.710640945861854,417,0,0,0,0,,,,,,,,,,,,,,,,,,,,,,,,,,,,,,,,,,,,,,,,,,,,,,,,,,,,,,,,,,,,,,,,,,,,,,,,,,,,
PANOTLA,29024,338,2004,November,0,188,175,191,0,,,22,,42,0,880,821,1606,TLAXCALA,0.547945205479452,203,0,0,0,0,,,,,,,,,,,,,,,,,,,,,,,,,,,,,,,,,,,,,,,,,,,,,,,,,,,,,,,,,,,,,,,,,,,,,,,,,,,,
PANOTLA,29024,339,2004,November,0,76,136,77,0,,,13,,7,0,385,357,747,TLAXCALA,0.515394912985274,48,0,0,0,0,,,,,,,,,,,,,,,,,,,,,,,,,,,,,,,,,,,,,,,,,,,,,,,,,,,,,,,,,,,,,,,,,,,,,,,,,,,,
PANOTLA,29024,340,2004,November,0,80,86,45,0,,,6,,7,0,325,280,660,TLAXCALA,0.492424242424242,56,0,0,0,0,,,,,,,,,,,,,,,,,,,,,,,,,,,,,,,,,,,,,,,,,,,,,,,,,,,,,,,,,,,,,,,,,,,,,,,,,,,,
PANOTLA,29024,341,2004,November,0,40,30,7,0,,,4,,2,0,98,96,117,TLAXCALA,0.837606837606838,13,0,0,0,0,,,,,,,,,,,,,,,,,,,,,,,,,,,,,,,,,,,,,,,,,,,,,,,,,,,,,,,,,,,,,,,,,,,,,,,,,,,,
PANOTLA,29024,342,2004,November,0,537,128,57,0,,,10,,24,0,894,876,1326,TLAXCALA,0.67420814479638,120,0,0,0,0,,,,,,,,,,,,,,,,,,,,,,,,,,,,,,,,,,,,,,,,,,,,,,,,,,,,,,,,,,,,,,,,,,,,,,,,,,,,
PANOTLA,29024,343,2004,November,0,132,92,43,0,,,1,,10,0,367,367,487,TLAXCALA,0.753593429158111,89,0,0,0,0,,,,,,,,,,,,,,,,,,,,,,,,,,,,,,,,,,,,,,,,,,,,,,,,,,,,,,,,,,,,,,,,,,,,,,,,,,,,
PANOTLA,29024,344,2004,November,0,109,46,103,0,,,12,,6,0,375,361,509,TLAXCALA,0.736738703339882,85,0,0,0,0,,,,,,,,,,,,,,,,,,,,,,,,,,,,,,,,,,,,,,,,,,,,,,,,,,,,,,,,,,,,,,,,,,,,,,,,,,,,
PANOTLA,29024,345,2004,November,0,168,178,136,0,,,32,,40,0,835,812,1208,TLAXCALA,0.691225165562914,258,0,0,0,0,,,,,,,,,,,,,,,,,,,,,,,,,,,,,,,,,,,,,,,,,,,,,,,,,,,,,,,,,,,,,,,,,,,,,,,,,,,,
PANOTLA,29024,346,2004,November,0,237,199,111,0,,,67,,43,0,971,929,1413,TLAXCALA,0.687190375088464,272,0,0,0,0,,,,,,,,,,,,,,,,,,,,,,,,,,,,,,,,,,,,,,,,,,,,,,,,,,,,,,,,,,,,,,,,,,,,,,,,,,,,
PANOTLA,29024,347,2004,November,0,212,203,91,0,,,64,,39,0,911,877,1296,TLAXCALA,0.702932098765432,268,0,0,0,0,,,,,,,,,,,,,,,,,,,,,,,,,,,,,,,,,,,,,,,,,,,,,,,,,,,,,,,,,,,,,,,,,,,,,,,,,,,,
PAPALOTLA DE XICOHTENCATL,29041,558,2004,November,0,133,597,96,0,,,0,,75,0,1103,1083,1797,TLAXCALA,0.613800779076238,182,0,0,0,0,,,,,,,,,,,,,,,,,,,,,,,,,,,,,,,,,,,,,,,,,,,,,,,,,,,,,,,,,,,,,,,,,,,,,,,,,,,,
PAPALOTLA DE XICOHTENCATL,29041,559,2004,November,0,77,456,85,0,,,0,,82,0,971,957,1532,TLAXCALA,0.633812010443864,257,0,0,0,0,,,,,,,,,,,,,,,,,,,,,,,,,,,,,,,,,,,,,,,,,,,,,,,,,,,,,,,,,,,,,,,,,,,,,,,,,,,,
PAPALOTLA DE XICOHTENCATL,29041,560,2004,November,0,117,526,64,0,,,0,,49,0,975,951,1810,TLAXCALA,0.538674033149171,195,0,0,0,0,,,,,,,,,,,,,,,,,,,,,,,,,,,,,,,,,,,,,,,,,,,,,,,,,,,,,,,,,,,,,,,,,,,,,,,,,,,,
PAPALOTLA DE XICOHTENCATL,29041,561,2004,November,0,139,733,91,0,,,0,,30,0,1141,1133,1835,TLAXCALA,0.621798365122616,140,0,0,0,0,,,,,,,,,,,,,,,,,,,,,,,,,,,,,,,,,,,,,,,,,,,,,,,,,,,,,,,,,,,,,,,,,,,,,,,,,,,,
PAPALOTLA DE XICOHTENCATL,29041,562,2004,November,0,53,468,94,0,,,0,,60,0,774,762,1480,TLAXCALA,0.522972972972973,87,0,0,0,0,,,,,,,,,,,,,,,,,,,,,,,,,,,,,,,,,,,,,,,,,,,,,,,,,,,,,,,,,,,,,,,,,,,,,,,,,,,,
PAPALOTLA DE XICOHTENCATL,29041,563,2004,November,0,65,419,57,0,,,0,,33,0,866,841,1414,TLAXCALA,0.612446958981613,267,0,0,0,0,,,,,,,,,,,,,,,,,,,,,,,,,,,,,,,,,,,,,,,,,,,,,,,,,,,,,,,,,,,,,,,,,,,,,,,,,,,,
PAPALOTLA DE XICOHTENCATL,29041,564,2004,November,0,163,340,37,0,,,0,,26,0,854,821,1418,TLAXCALA,0.602256699576869,255,0,0,0,0,,,,,,,,,,,,,,,,,,,,,,,,,,,,,,,,,,,,,,,,,,,,,,,,,,,,,,,,,,,,,,,,,,,,,,,,,,,,
PAPALOTLA DE XICOHTENCATL,29041,565,2004,November,0,101,164,39,0,,,0,,23,0,483,460,730,TLAXCALA,0.661643835616438,133,0,0,0,0,,,,,,,,,,,,,,,,,,,,,,,,,,,,,,,,,,,,,,,,,,,,,,,,,,,,,,,,,,,,,,,,,,,,,,,,,,,,
PAPALOTLA DE XICOHTENCATL,29041,566,2004,November,0,35,218,66,0,,,0,,23,0,623,567,920,TLAXCALA,0.677173913043478,225,0,0,0,0,,,,,,,,,,,,,,,,,,,,,,,,,,,,,,,,,,,,,,,,,,,,,,,,,,,,,,,,,,,,,,,,,,,,,,,,,,,,
PAPALOTLA DE XICOHTENCATL,29041,567,2004,November,0,38,282,27,0,,,0,,33,0,597,514,905,TLAXCALA,0.659668508287293,134,0,0,0,0,,,,,,,,,,,,,,,,,,,,,,,,,,,,,,,,,,,,,,,,,,,,,,,,,,,,,,,,,,,,,,,,,,,,,,,,,,,,
PAPALOTLA DE XICOHTENCATL,29041,568,2004,November,0,59,155,57,0,,,0,,19,0,324,316,651,TLAXCALA,0.497695852534562,26,0,0,0,0,,,,,,,,,,,,,,,,,,,,,,,,,,,,,,,,,,,,,,,,,,,,,,,,,,,,,,,,,,,,,,,,,,,,,,,,,,,,
PAPALOTLA DE XICOHTENCATL,29041,569,2004,November,0,20,111,33,0,,,0,,8,0,234,224,410,TLAXCALA,0.570731707317073,52,0,0,0,0,,,,,,,,,,,,,,,,,,,,,,,,,,,,,,,,,,,,,,,,,,,,,,,,,,,,,,,,,,,,,,,,,,,,,,,,,,,,
SAN DAMIAN TEXOLOC,29049,429,2004,November,0,372,197,113,0,,,0,,6,0,1097,1077,1590,TLAXCALA,0.689937106918239,389,0,0,0,0,,,,,,,,,,,,,,,,,,,,,,,,,,,,,,,,,,,,,,,,,,,,,,,,,,,,,,,,,,,,,,,,,,,,,,,,,,,,
SAN DAMIAN TEXOLOC,29049,430,2004,November,0,282,108,131,0,,,0,,6,0,1145,1119,1614,TLAXCALA,0.709417596034697,592,0,0,0,0,,,,,,,,,,,,,,,,,,,,,,,,,,,,,,,,,,,,,,,,,,,,,,,,,,,,,,,,,,,,,,,,,,,,,,,,,,,,
SAN FRANCISCO TETLANOHCAN,29050,158,2004,November,0,52,92,506,0,,,212,,239,0,1608,1541,2331,TLAXCALA,0.68983268983269,440,0,0,0,0,,,,,,,,,,,,,,,,,,,,,,,,,,,,,,,,,,,,,,,,,,,,,,,,,,,,,,,,,,,,,,,,,,,,,,,,,,,,
SAN FRANCISCO TETLANOHCAN,29050,159,2004,November,0,61,99,239,0,,,253,,184,0,1118,1040,1735,TLAXCALA,0.644380403458213,204,0,0,0,0,,,,,,,,,,,,,,,,,,,,,,,,,,,,,,,,,,,,,,,,,,,,,,,,,,,,,,,,,,,,,,,,,,,,,,,,,,,,
SAN FRANCISCO TETLANOHCAN,29050,160,2004,November,0,33,111,117,0,,,190,,357,0,1341,1303,1969,TLAXCALA,0.681056373793804,495,0,0,0,0,,,,,,,,,,,,,,,,,,,,,,,,,,,,,,,,,,,,,,,,,,,,,,,,,,,,,,,,,,,,,,,,,,,,,,,,,,,,
SAN JERONIMO ZACUALPAN,29051,432,2004,November,0,0,229,83,0,,,0,,0,0,719,701,1041,TLAXCALA,0.690682036503362,389,0,0,0,0,,,,,,,,,,,,,,,,,,,,,,,,,,,,,,,,,,,,,,,,,,,,,,,,,,,,,,,,,,,,,,,,,,,,,,,,,,,,
SAN JERONIMO ZACUALPAN,29051,433,2004,November,0,0,414,134,0,,,0,,0,0,884,869,1367,TLAXCALA,0.646671543525969,321,0,0,0,0,,,,,,,,,,,,,,,,,,,,,,,,,,,,,,,,,,,,,,,,,,,,,,,,,,,,,,,,,,,,,,,,,,,,,,,,,,,,
SAN JOSE TEACALCO,29052,531,2004,November,154,105,340,0,0,,,0,,0,0,603,599,784,TLAXCALA,0.769132653061225,0,0,0,0,0,,,,,,,,,,,,,,,,,,,,,,,,,,,,,,,,,,,,,,,,,,,,,,,,,,,,,,,,,,,,,,,,,,,,,,,,,,,,
SAN JOSE TEACALCO,29052,532,2004,November,164,81,173,0,0,,,0,,0,0,418,418,585,TLAXCALA,0.714529914529915,0,0,0,0,0,,,,,,,,,,,,,,,,,,,,,,,,,,,,,,,,,,,,,,,,,,,,,,,,,,,,,,,,,,,,,,,,,,,,,,,,,,,,
SAN JOSE TEACALCO,29052,533,2004,November,112,128,159,0,0,,,0,,0,0,401,399,530,TLAXCALA,0.756603773584906,0,0,0,0,0,,,,,,,,,,,,,,,,,,,,,,,,,,,,,,,,,,,,,,,,,,,,,,,,,,,,,,,,,,,,,,,,,,,,,,,,,,,,
SAN JOSE TEACALCO,29052,534,2004,November,265,155,263,0,0,,,0,,0,0,690,683,942,TLAXCALA,0.732484076433121,0,0,0,0,0,,,,,,,,,,,,,,,,,,,,,,,,,,,,,,,,,,,,,,,,,,,,,,,,,,,,,,,,,,,,,,,,,,,,,,,,,,,,
SAN JOSE TEACALCO,29052,535,2004,November,158,99,103,0,0,,,0,,0,0,360,360,489,TLAXCALA,0.736196319018405,0,0,0,0,0,,,,,,,,,,,,,,,,,,,,,,,,,,,,,,,,,,,,,,,,,,,,,,,,,,,,,,,,,,,,,,,,,,,,,,,,,,,,
SAN JUAN HUACTZINCO,29053,395,2004,November,248,201,204,245,0,,,139,,132,21,1227,1190,1969,TLAXCALA,0.623158963941087,0,0,0,0,0,,,,,,,,,,,,,,,,,,,,,,,,,,,,,,,,,,,,,,,,,,,,,,,,,,,,,,,,,,,,,,,,,,,,,,,,,,,,
SAN JUAN HUACTZINCO,29053,396,2004,November,169,266,238,150,0,,,145,,109,46,1154,1123,1735,TLAXCALA,0.665129682997118,0,0,0,0,0,,,,,,,,,,,,,,,,,,,,,,,,,,,,,,,,,,,,,,,,,,,,,,,,,,,,,,,,,,,,,,,,,,,,,,,,,,,,
SAN LORENZO AXOCOMANITLA,29054,586,2004,November,0,49,386,137,0,,,0,,0,77,881,872,1302,TLAXCALA,0.676651305683564,223,0,0,0,0,,,,,,,,,,,,,,,,,,,,,,,,,,,,,,,,,,,,,,,,,,,,,,,,,,,,,,,,,,,,,,,,,,,,,,,,,,,,
SAN LORENZO AXOCOMANITLA,29054,587,2004,November,0,84,425,128,0,,,0,,0,91,983,950,1379,TLAXCALA,0.712835387962292,222,0,0,0,0,,,,,,,,,,,,,,,,,,,,,,,,,,,,,,,,,,,,,,,,,,,,,,,,,,,,,,,,,,,,,,,,,,,,,,,,,,,,
SAN LUCAS TECOPILCO,29055,551,2004,November,141,128,334,192,0,,,0,,38,0,853,833,1261,TLAXCALA,0.67644726407613,0,0,0,0,0,,,,,,,,,,,,,,,,,,,,,,,,,,,,,,,,,,,,,,,,,,,,,,,,,,,,,,,,,,,,,,,,,,,,,,,,,,,,
SAN LUCAS TECOPILCO,29055,552,2004,November,84,59,227,81,0,,,0,,7,0,479,458,676,TLAXCALA,0.708579881656805,0,0,0,0,0,,,,,,,,,,,,,,,,,,,,,,,,,,,,,,,,,,,,,,,,,,,,,,,,,,,,,,,,,,,,,,,,,,,,,,,,,,,,
SAN LUIS TEOLOCHOLCO,29028,378,2004,November,0,119,241,0,0,,,164,,0,0,827,789,1245,TLAXCALA,0.66425702811245,171,94,0,0,0,,,,,,,,,,,,,,,,,,,,,,,,,,,,,,,,,,,,,,,,,,,,,,,,,,,,,,,,,,,,,,,,,,,,,,,,,,,,
SAN LUIS TEOLOCHOLCO,29028,379,2004,November,0,172,316,0,0,,,83,,0,0,899,858,1464,TLAXCALA,0.614071038251366,170,117,0,0,0,,,,,,,,,,,,,,,,,,,,,,,,,,,,,,,,,,,,,,,,,,,,,,,,,,,,,,,,,,,,,,,,,,,,,,,,,,,,
SAN LUIS TEOLOCHOLCO,29028,380,2004,November,0,277,589,0,0,,,92,,0,0,1477,1422,2548,TLAXCALA,0.57967032967033,392,72,0,0,0,,,,,,,,,,,,,,,,,,,,,,,,,,,,,,,,,,,,,,,,,,,,,,,,,,,,,,,,,,,,,,,,,,,,,,,,,,,,
SAN LUIS TEOLOCHOLCO,29028,381,2004,November,0,242,179,0,0,,,64,,0,0,934,867,1448,TLAXCALA,0.645027624309392,264,118,0,0,0,,,,,,,,,,,,,,,,,,,,,,,,,,,,,,,,,,,,,,,,,,,,,,,,,,,,,,,,,,,,,,,,,,,,,,,,,,,,
SAN LUIS TEOLOCHOLCO,29028,382,2004,November,0,141,135,0,0,,,42,,0,0,683,648,1054,TLAXCALA,0.648007590132827,278,52,0,0,0,,,,,,,,,,,,,,,,,,,,,,,,,,,,,,,,,,,,,,,,,,,,,,,,,,,,,,,,,,,,,,,,,,,,,,,,,,,,
SAN LUIS TEOLOCHOLCO,29028,383,2004,November,0,178,229,0,0,,,72,,0,0,747,728,1065,TLAXCALA,0.701408450704225,193,56,0,0,0,,,,,,,,,,,,,,,,,,,,,,,,,,,,,,,,,,,,,,,,,,,,,,,,,,,,,,,,,,,,,,,,,,,,,,,,,,,,
SAN LUIS TEOLOCHOLCO,29028,384,2004,November,0,117,147,0,0,,,177,,0,0,698,667,1058,TLAXCALA,0.659735349716446,169,57,0,0,0,,,,,,,,,,,,,,,,,,,,,,,,,,,,,,,,,,,,,,,,,,,,,,,,,,,,,,,,,,,,,,,,,,,,,,,,,,,,
SAN LUIS TEOLOCHOLCO,29028,385,2004,November,0,23,65,0,0,,,19,,0,0,177,173,209,TLAXCALA,0.84688995215311,49,17,0,0,0,,,,,,,,,,,,,,,,,,,,,,,,,,,,,,,,,,,,,,,,,,,,,,,,,,,,,,,,,,,,,,,,,,,,,,,,,,,,
SAN LUIS TEOLOCHOLCO,29028,386,2004,November,0,246,250,0,0,,,116,,0,0,1082,1020,1543,TLAXCALA,0.701231367465975,293,115,0,0,0,,,,,,,,,,,,,,,,,,,,,,,,,,,,,,,,,,,,,,,,,,,,,,,,,,,,,,,,,,,,,,,,,,,,,,,,,,,,
SAN PABLO DEL MONTE,29025,348,2004,November,359,67,434,357,20,,,255,,21,65,1620,1578,2318,TLAXCALA,0.698878343399482,0,0,0,0,0,,,,,,,,,,,,,,,,,,,,,,,,,,,,,,,,,,,,,,,,,,,,,,,,,,,,,,,,,,,,,,,,,,,,,,,,,,,,
SAN PABLO DEL MONTE,29025,349,2004,November,309,66,497,335,23,,,168,,21,43,1514,1462,2079,TLAXCALA,0.728234728234728,0,0,0,0,0,,,,,,,,,,,,,,,,,,,,,,,,,,,,,,,,,,,,,,,,,,,,,,,,,,,,,,,,,,,,,,,,,,,,,,,,,,,,
SAN PABLO DEL MONTE,29025,350,2004,November,436,37,588,604,5,,,89,,14,42,1900,1815,2731,TLAXCALA,0.695715854998169,0,0,0,0,0,,,,,,,,,,,,,,,,,,,,,,,,,,,,,,,,,,,,,,,,,,,,,,,,,,,,,,,,,,,,,,,,,,,,,,,,,,,,
SAN PABLO DEL MONTE,29025,351,2004,November,315,83,497,357,15,,,76,,12,13,1415,1368,2035,TLAXCALA,0.695331695331695,0,0,0,0,0,,,,,,,,,,,,,,,,,,,,,,,,,,,,,,,,,,,,,,,,,,,,,,,,,,,,,,,,,,,,,,,,,,,,,,,,,,,,
SAN PABLO DEL MONTE,29025,352,2004,November,262,54,463,372,10,,,38,,6,9,1279,1214,1718,TLAXCALA,0.744470314318976,0,0,0,0,0,,,,,,,,,,,,,,,,,,,,,,,,,,,,,,,,,,,,,,,,,,,,,,,,,,,,,,,,,,,,,,,,,,,,,,,,,,,,
SAN PABLO DEL MONTE,29025,353,2004,November,190,146,437,245,5,,,127,,10,15,1221,1175,1912,TLAXCALA,0.638598326359833,0,0,0,0,0,,,,,,,,,,,,,,,,,,,,,,,,,,,,,,,,,,,,,,,,,,,,,,,,,,,,,,,,,,,,,,,,,,,,,,,,,,,,
SAN PABLO DEL MONTE,29025,354,2004,November,395,125,356,385,15,,,153,,62,52,1602,1543,2445,TLAXCALA,0.65521472392638,0,0,0,0,0,,,,,,,,,,,,,,,,,,,,,,,,,,,,,,,,,,,,,,,,,,,,,,,,,,,,,,,,,,,,,,,,,,,,,,,,,,,,
SAN PABLO DEL MONTE,29025,355,2004,November,358,58,519,293,5,,,58,,35,16,1374,1342,1956,TLAXCALA,0.702453987730061,0,0,0,0,0,,,,,,,,,,,,,,,,,,,,,,,,,,,,,,,,,,,,,,,,,,,,,,,,,,,,,,,,,,,,,,,,,,,,,,,,,,,,
SAN PABLO DEL MONTE,29025,356,2004,November,306,65,820,197,13,,,109,,24,18,1594,1552,2362,TLAXCALA,0.674851820491109,0,0,0,0,0,,,,,,,,,,,,,,,,,,,,,,,,,,,,,,,,,,,,,,,,,,,,,,,,,,,,,,,,,,,,,,,,,,,,,,,,,,,,
SAN PABLO DEL MONTE,29025,357,2004,November,269,83,391,361,12,,,126,,27,20,1337,1289,2066,TLAXCALA,0.647144240077444,0,0,0,0,0,,,,,,,,,,,,,,,,,,,,,,,,,,,,,,,,,,,,,,,,,,,,,,,,,,,,,,,,,,,,,,,,,,,,,,,,,,,,
SAN PABLO DEL MONTE,29025,358,2004,November,196,80,420,468,9,,,75,,35,18,1348,1301,2034,TLAXCALA,0.662733529990167,0,0,0,0,0,,,,,,,,,,,,,,,,,,,,,,,,,,,,,,,,,,,,,,,,,,,,,,,,,,,,,,,,,,,,,,,,,,,,,,,,,,,,
SAN PABLO DEL MONTE,29025,359,2004,November,145,194,162,176,8,,,32,,9,70,825,796,1417,TLAXCALA,0.582215949188426,0,0,0,0,0,,,,,,,,,,,,,,,,,,,,,,,,,,,,,,,,,,,,,,,,,,,,,,,,,,,,,,,,,,,,,,,,,,,,,,,,,,,,
SAN PABLO DEL MONTE,29025,360,2004,November,171,245,280,110,2,,,49,,2,19,917,878,1461,TLAXCALA,0.627652292950034,0,0,0,0,0,,,,,,,,,,,,,,,,,,,,,,,,,,,,,,,,,,,,,,,,,,,,,,,,,,,,,,,,,,,,,,,,,,,,,,,,,,,,
SAN PABLO DEL MONTE,29025,361,2004,November,211,211,256,333,14,,,134,,52,21,1288,1232,2024,TLAXCALA,0.636363636363636,0,0,0,0,0,,,,,,,,,,,,,,,,,,,,,,,,,,,,,,,,,,,,,,,,,,,,,,,,,,,,,,,,,,,,,,,,,,,,,,,,,,,,
SAN PABLO DEL MONTE,29025,362,2004,November,247,156,186,352,15,,,116,,54,11,1202,1137,1952,TLAXCALA,0.61577868852459,0,0,0,0,0,,,,,,,,,,,,,,,,,,,,,,,,,,,,,,,,,,,,,,,,,,,,,,,,,,,,,,,,,,,,,,,,,,,,,,,,,,,,
SAN PABLO DEL MONTE,29025,363,2004,November,397,130,507,149,13,,,28,,10,12,1412,1246,1917,TLAXCALA,0.736567553468962,0,0,0,0,0,,,,,,,,,,,,,,,,,,,,,,,,,,,,,,,,,,,,,,,,,,,,,,,,,,,,,,,,,,,,,,,,,,,,,,,,,,,,
SAN PABLO DEL MONTE,29025,364,2004,November,286,133,366,147,11,,,18,,8,3,1090,972,1488,TLAXCALA,0.73252688172043,0,0,0,0,0,,,,,,,,,,,,,,,,,,,,,,,,,,,,,,,,,,,,,,,,,,,,,,,,,,,,,,,,,,,,,,,,,,,,,,,,,,,,
SANCTORUM,29020,292,2004,November,0,397,37,56,0,,,0,,73,0,725,706,1047,TLAXCALA,0.692454632282713,143,0,0,0,0,,,,,,,,,,,,,,,,,,,,,,,,,,,,,,,,,,,,,,,,,,,,,,,,,,,,,,,,,,,,,,,,,,,,,,,,,,,,
SANCTORUM,29020,293,2004,November,0,407,40,57,0,,,0,,44,0,718,703,1037,TLAXCALA,0.692381870781099,155,0,0,0,0,,,,,,,,,,,,,,,,,,,,,,,,,,,,,,,,,,,,,,,,,,,,,,,,,,,,,,,,,,,,,,,,,,,,,,,,,,,,
SANCTORUM,29020,294,2004,November,0,312,14,86,0,,,0,,116,0,670,639,1014,TLAXCALA,0.660749506903353,111,0,0,0,0,,,,,,,,,,,,,,,,,,,,,,,,,,,,,,,,,,,,,,,,,,,,,,,,,,,,,,,,,,,,,,,,,,,,,,,,,,,,
SANCTORUM,29020,297,2004,November,0,49,14,7,0,,,0,,92,0,693,679,997,TLAXCALA,0.695085255767302,517,0,0,0,0,,,,,,,,,,,,,,,,,,,,,,,,,,,,,,,,,,,,,,,,,,,,,,,,,,,,,,,,,,,,,,,,,,,,,,,,,,,,
SANCTORUM,29020,298,2004,November,0,20,15,1,0,,,0,,137,0,476,465,750,TLAXCALA,0.634666666666667,292,0,0,0,0,,,,,,,,,,,,,,,,,,,,,,,,,,,,,,,,,,,,,,,,,,,,,,,,,,,,,,,,,,,,,,,,,,,,,,,,,,,,
SANTA ANA NOPALUCAN,29056,254,2004,November,0,455,327,25,0,,,0,,213,0,1424,1380,1983,TLAXCALA,0.718103883005547,360,0,0,0,0,,,,,,,,,,,,,,,,,,,,,,,,,,,,,,,,,,,,,,,,,,,,,,,,,,,,,,,,,,,,,,,,,,,,,,,,,,,,
SANTA ANA NOPALUCAN,29056,255,2004,November,0,416,372,57,0,,,0,,225,0,1447,1406,2053,TLAXCALA,0.704822211397954,336,0,0,0,0,,,,,,,,,,,,,,,,,,,,,,,,,,,,,,,,,,,,,,,,,,,,,,,,,,,,,,,,,,,,,,,,,,,,,,,,,,,,
SANTA APOLONIA TEACALCO,29057,316,2004,November,168,0,14,173,95,,,254,,178,0,896,882,1228,TLAXCALA,0.729641693811075,0,0,0,0,0,,,,,,,,,,,,,,,,,,,,,,,,,,,,,,,,,,,,,,,,,,,,,,,,,,,,,,,,,,,,,,,,,,,,,,,,,,,,
SANTA APOLONIA TEACALCO,29057,317,2004,November,289,0,12,248,185,,,83,,284,0,1107,1101,1494,TLAXCALA,0.740963855421687,0,0,0,0,0,,,,,,,,,,,,,,,,,,,,,,,,,,,,,,,,,,,,,,,,,,,,,,,,,,,,,,,,,,,,,,,,,,,,,,,,,,,,
SANTA CATARINA AYOMETLA,29058,602,2004,November,0,35,329,45,0,,,249,,40,0,836,812,1326,TLAXCALA,0.630467571644042,114,0,0,0,0,,,,,,,,,,,,,,,,,,,,,,,,,,,,,,,,,,,,,,,,,,,,,,,,,,,,,,,,,,,,,,,,,,,,,,,,,,,,
SANTA CATARINA AYOMETLA,29058,603,2004,November,0,31,137,36,0,,,185,,38,0,490,467,807,TLAXCALA,0.607187112763321,40,0,0,0,0,,,,,,,,,,,,,,,,,,,,,,,,,,,,,,,,,,,,,,,,,,,,,,,,,,,,,,,,,,,,,,,,,,,,,,,,,,,,
SANTA CATARINA AYOMETLA,29058,604,2004,November,0,89,303,270,0,,,496,,46,0,1461,1420,2192,TLAXCALA,0.666514598540146,216,0,0,0,0,,,,,,,,,,,,,,,,,,,,,,,,,,,,,,,,,,,,,,,,,,,,,,,,,,,,,,,,,,,,,,,,,,,,,,,,,,,,
SANTA CATARINA AYOMETLA,29058,605,2004,November,0,9,174,33,0,,,145,,11,0,514,501,816,TLAXCALA,0.629901960784314,129,0,0,0,0,,,,,,,,,,,,,,,,,,,,,,,,,,,,,,,,,,,,,,,,,,,,,,,,,,,,,,,,,,,,,,,,,,,,,,,,,,,,
SANTA CRUZ QUILEHTLA,29059,313,2004,November,0,254,120,140,0,,,0,,0,0,744,717,1278,TLAXCALA,0.582159624413146,203,0,0,0,0,,,,,,,,,,,,,,,,,,,,,,,,,,,,,,,,,,,,,,,,,,,,,,,,,,,,,,,,,,,,,,,,,,,,,,,,,,,,
SANTA CRUZ QUILEHTLA,29059,314,2004,November,0,159,143,66,0,,,0,,0,0,594,584,1043,TLAXCALA,0.569511025886865,216,0,0,0,0,,,,,,,,,,,,,,,,,,,,,,,,,,,,,,,,,,,,,,,,,,,,,,,,,,,,,,,,,,,,,,,,,,,,,,,,,,,,
SANTA CRUZ QUILEHTLA,29059,315,2004,November,0,10,340,254,0,,,0,,0,0,641,612,848,TLAXCALA,0.755896226415094,8,0,0,0,0,,,,,,,,,,,,,,,,,,,,,,,,,,,,,,,,,,,,,,,,,,,,,,,,,,,,,,,,,,,,,,,,,,,,,,,,,,,,
SANTA CRUZ TLAXCALA,29026,365,2004,November,115,148,108,19,0,,,0,,2,6,421,398,647,TLAXCALA,0.650695517774343,0,0,0,0,0,,,,,,,,,,,,,,,,,,,,,,,,,,,,,,,,,,,,,,,,,,,,,,,,,,,,,,,,,,,,,,,,,,,,,,,,,,,,
SANTA CRUZ TLAXCALA,29026,366,2004,November,257,297,163,219,0,,,0,,23,7,1009,966,1456,TLAXCALA,0.692994505494506,0,0,0,0,0,,,,,,,,,,,,,,,,,,,,,,,,,,,,,,,,,,,,,,,,,,,,,,,,,,,,,,,,,,,,,,,,,,,,,,,,,,,,
SANTA CRUZ TLAXCALA,29026,367,2004,November,199,585,144,97,0,,,0,,10,21,1097,1056,1687,TLAXCALA,0.65026674570243,0,0,0,0,0,,,,,,,,,,,,,,,,,,,,,,,,,,,,,,,,,,,,,,,,,,,,,,,,,,,,,,,,,,,,,,,,,,,,,,,,,,,,
SANTA CRUZ TLAXCALA,29026,368,2004,November,228,378,129,115,0,,,0,,6,11,876,867,1319,TLAXCALA,0.664139499620925,0,0,0,0,0,,,,,,,,,,,,,,,,,,,,,,,,,,,,,,,,,,,,,,,,,,,,,,,,,,,,,,,,,,,,,,,,,,,,,,,,,,,,
SANTA CRUZ TLAXCALA,29026,369,2004,November,385,106,157,244,0,,,0,,2,12,954,906,1424,TLAXCALA,0.669943820224719,0,0,0,0,0,,,,,,,,,,,,,,,,,,,,,,,,,,,,,,,,,,,,,,,,,,,,,,,,,,,,,,,,,,,,,,,,,,,,,,,,,,,,
SANTA CRUZ TLAXCALA,29026,370,2004,November,132,37,160,89,0,,,0,,7,5,437,430,551,TLAXCALA,0.793103448275862,0,0,0,0,0,,,,,,,,,,,,,,,,,,,,,,,,,,,,,,,,,,,,,,,,,,,,,,,,,,,,,,,,,,,,,,,,,,,,,,,,,,,,
SANTA CRUZ TLAXCALA,29026,371,2004,November,378,125,299,152,0,,,0,,13,9,1020,976,1787,TLAXCALA,0.570789031897034,0,0,0,0,0,,,,,,,,,,,,,,,,,,,,,,,,,,,,,,,,,,,,,,,,,,,,,,,,,,,,,,,,,,,,,,,,,,,,,,,,,,,,
SANTA ISABEL XILOXOXTLA,29060,391,2004,November,316,146,192,186,0,,,0,,13,0,885,853,1290,TLAXCALA,0.686046511627907,0,0,0,0,0,,,,,,,,,,,,,,,,,,,,,,,,,,,,,,,,,,,,,,,,,,,,,,,,,,,,,,,,,,,,,,,,,,,,,,,,,,,,
SANTA ISABEL XILOXOXTLA,29060,392,2004,November,177,67,253,113,0,,,0,,22,0,645,632,917,TLAXCALA,0.703380588876772,0,0,0,0,0,,,,,,,,,,,,,,,,,,,,,,,,,,,,,,,,,,,,,,,,,,,,,,,,,,,,,,,,,,,,,,,,,,,,,,,,,,,,
TENANCINGO,29027,372,2004,November,174,211,54,0,0,,,82,,0,1,651,634,1145,TLAXCALA,0.568558951965065,0,0,0,112,0,,,,,,,,,,,,,,,,,,,,,,,,,,,,,,,,,,,,,,,,,,,,,,,,,,,,,,,,,,,,,,,,,,,,,,,,,,,,
TENANCINGO,29027,373,2004,November,170,156,57,0,0,,,56,,0,8,575,556,1113,TLAXCALA,0.516621743036837,0,0,0,109,0,,,,,,,,,,,,,,,,,,,,,,,,,,,,,,,,,,,,,,,,,,,,,,,,,,,,,,,,,,,,,,,,,,,,,,,,,,,,
TENANCINGO,29027,374,2004,November,112,80,36,0,0,,,61,,0,10,385,378,779,TLAXCALA,0.494223363286264,0,0,0,79,0,,,,,,,,,,,,,,,,,,,,,,,,,,,,,,,,,,,,,,,,,,,,,,,,,,,,,,,,,,,,,,,,,,,,,,,,,,,,
TENANCINGO,29027,375,2004,November,166,158,95,0,0,,,73,,0,18,876,835,1663,TLAXCALA,0.526758869512929,0,0,0,325,0,,,,,,,,,,,,,,,,,,,,,,,,,,,,,,,,,,,,,,,,,,,,,,,,,,,,,,,,,,,,,,,,,,,,,,,,,,,,
TENANCINGO,29027,376,2004,November,172,197,64,0,0,,,40,,0,37,605,588,1182,TLAXCALA,0.511844331641286,0,0,0,78,0,,,,,,,,,,,,,,,,,,,,,,,,,,,,,,,,,,,,,,,,,,,,,,,,,,,,,,,,,,,,,,,,,,,,,,,,,,,,
TENANCINGO,29027,377,2004,November,219,243,71,0,0,,,50,,0,50,809,772,1611,TLAXCALA,0.502172563625078,0,0,0,139,0,,,,,,,,,,,,,,,,,,,,,,,,,,,,,,,,,,,,,,,,,,,,,,,,,,,,,,,,,,,,,,,,,,,,,,,,,,,,
TEPETITLA DE LARDIZABAL,29019,284,2004,November,47,74,47,98,284,,,38,,48,16,673,652,1093,TLAXCALA,0.615736505032022,0,0,0,0,0,,,,,,,,,,,,,,,,,,,,,,,,,,,,,,,,,,,,,,,,,,,,,,,,,,,,,,,,,,,,,,,,,,,,,,,,,,,,
TEPETITLA DE LARDIZABAL,29019,285,2004,November,49,101,77,67,387,,,41,,51,10,807,783,1295,TLAXCALA,0.623166023166023,0,0,0,0,0,,,,,,,,,,,,,,,,,,,,,,,,,,,,,,,,,,,,,,,,,,,,,,,,,,,,,,,,,,,,,,,,,,,,,,,,,,,,
TEPETITLA DE LARDIZABAL,29019,286,2004,November,39,144,101,273,373,,,72,,96,53,1198,1151,1852,TLAXCALA,0.646868250539957,0,0,0,0,0,,,,,,,,,,,,,,,,,,,,,,,,,,,,,,,,,,,,,,,,,,,,,,,,,,,,,,,,,,,,,,,,,,,,,,,,,,,,
TEPETITLA DE LARDIZABAL,29019,287,2004,November,33,133,99,146,216,,,63,,36,16,763,742,1253,TLAXCALA,0.608938547486034,0,0,0,0,0,,,,,,,,,,,,,,,,,,,,,,,,,,,,,,,,,,,,,,,,,,,,,,,,,,,,,,,,,,,,,,,,,,,,,,,,,,,,
TEPETITLA DE LARDIZABAL,29019,288,2004,November,74,71,55,35,131,,,96,,33,323,855,818,1399,TLAXCALA,0.611150822015726,0,0,0,0,0,,,,,,,,,,,,,,,,,,,,,,,,,,,,,,,,,,,,,,,,,,,,,,,,,,,,,,,,,,,,,,,,,,,,,,,,,,,,
TEPETITLA DE LARDIZABAL,29019,289,2004,November,56,52,33,30,81,,,94,,33,368,779,747,1175,TLAXCALA,0.662978723404255,0,0,0,0,0,,,,,,,,,,,,,,,,,,,,,,,,,,,,,,,,,,,,,,,,,,,,,,,,,,,,,,,,,,,,,,,,,,,,,,,,,,,,
TEPETITLA DE LARDIZABAL,29019,290,2004,November,49,55,82,46,266,,,427,,47,94,1113,1066,1626,TLAXCALA,0.68450184501845,0,0,0,0,0,,,,,,,,,,,,,,,,,,,,,,,,,,,,,,,,,,,,,,,,,,,,,,,,,,,,,,,,,,,,,,,,,,,,,,,,,,,,
TEPETITLA DE LARDIZABAL,29019,291,2004,November,31,5,9,8,94,,,92,,15,4,265,258,316,TLAXCALA,0.838607594936709,0,0,0,0,0,,,,,,,,,,,,,,,,,,,,,,,,,,,,,,,,,,,,,,,,,,,,,,,,,,,,,,,,,,,,,,,,,,,,,,,,,,,,
TEPEYANCO,29029,387,2004,November,0,321,42,19,0,,,1,,4,191,873,821,1349,TLAXCALA,0.647146034099333,243,0,0,0,0,,,,,,,,,,,,,,,,,,,,,,,,,,,,,,,,,,,,,,,,,,,,,,,,,,,,,,,,,,,,,,,,,,,,,,,,,,,,
TEPEYANCO,29029,388,2004,November,0,184,32,8,0,,,7,,8,185,657,636,1083,TLAXCALA,0.606648199445983,212,0,0,0,0,,,,,,,,,,,,,,,,,,,,,,,,,,,,,,,,,,,,,,,,,,,,,,,,,,,,,,,,,,,,,,,,,,,,,,,,,,,,
TEPEYANCO,29029,389,2004,November,0,48,16,5,0,,,4,,13,46,158,153,230,TLAXCALA,0.686956521739131,21,0,0,0,0,,,,,,,,,,,,,,,,,,,,,,,,,,,,,,,,,,,,,,,,,,,,,,,,,,,,,,,,,,,,,,,,,,,,,,,,,,,,
TEPEYANCO,29029,390,2004,November,0,61,79,48,0,,,2,,37,61,409,397,685,TLAXCALA,0.597080291970803,109,0,0,0,0,,,,,,,,,,,,,,,,,,,,,,,,,,,,,,,,,,,,,,,,,,,,,,,,,,,,,,,,,,,,,,,,,,,,,,,,,,,,
TEPEYANCO,29029,393,2004,November,0,63,52,12,0,,,3,,170,50,384,370,545,TLAXCALA,0.704587155963303,20,0,0,0,0,,,,,,,,,,,,,,,,,,,,,,,,,,,,,,,,,,,,,,,,,,,,,,,,,,,,,,,,,,,,,,,,,,,,,,,,,,,,
TEPEYANCO,29029,394,2004,November,0,186,54,25,0,,,41,,110,453,1018,986,1341,TLAXCALA,0.759134973900075,117,0,0,0,0,,,,,,,,,,,,,,,,,,,,,,,,,,,,,,,,,,,,,,,,,,,,,,,,,,,,,,,,,,,,,,,,,,,,,,,,,,,,
TEPEYANCO,29029,397,2004,November,0,188,146,131,0,,,4,,27,179,950,933,1336,TLAXCALA,0.711077844311377,258,0,0,0,0,,,,,,,,,,,,,,,,,,,,,,,,,,,,,,,,,,,,,,,,,,,,,,,,,,,,,,,,,,,,,,,,,,,,,,,,,,,,
TERRENATE,29030,398,2004,November,0,86,625,94,0,,,0,,51,0,1142,1103,1622,TLAXCALA,0.704069050554871,247,0,0,0,0,,,,,,,,,,,,,,,,,,,,,,,,,,,,,,,,,,,,,,,,,,,,,,,,,,,,,,,,,,,,,,,,,,,,,,,,,,,,
TERRENATE,29030,399,2004,November,0,116,244,112,0,,,0,,160,0,829,768,1148,TLAXCALA,0.72212543554007,136,0,0,0,0,,,,,,,,,,,,,,,,,,,,,,,,,,,,,,,,,,,,,,,,,,,,,,,,,,,,,,,,,,,,,,,,,,,,,,,,,,,,
TERRENATE,29030,403,2004,November,0,30,96,347,0,,,0,,41,0,601,556,981,TLAXCALA,0.612640163098879,42,0,0,0,0,,,,,,,,,,,,,,,,,,,,,,,,,,,,,,,,,,,,,,,,,,,,,,,,,,,,,,,,,,,,,,,,,,,,,,,,,,,,
TERRENATE,29030,404,2004,November,0,78,135,105,0,,,0,,22,0,1111,1034,1733,TLAXCALA,0.641084824004616,694,0,0,0,0,,,,,,,,,,,,,,,,,,,,,,,,,,,,,,,,,,,,,,,,,,,,,,,,,,,,,,,,,,,,,,,,,,,,,,,,,,,,
TERRENATE,29030,405,2004,November,0,7,37,18,0,,,0,,20,0,127,121,164,TLAXCALA,0.774390243902439,39,0,0,0,0,,,,,,,,,,,,,,,,,,,,,,,,,,,,,,,,,,,,,,,,,,,,,,,,,,,,,,,,,,,,,,,,,,,,,,,,,,,,
TERRENATE,29030,406,2004,November,0,40,87,37,0,,,0,,4,0,264,252,329,TLAXCALA,0.802431610942249,84,0,0,0,0,,,,,,,,,,,,,,,,,,,,,,,,,,,,,,,,,,,,,,,,,,,,,,,,,,,,,,,,,,,,,,,,,,,,,,,,,,,,
TERRENATE,29030,407,2004,November,0,28,121,75,0,,,0,,74,0,391,366,511,TLAXCALA,0.765166340508806,68,0,0,0,0,,,,,,,,,,,,,,,,,,,,,,,,,,,,,,,,,,,,,,,,,,,,,,,,,,,,,,,,,,,,,,,,,,,,,,,,,,,,
TERRENATE,29030,408,2004,November,0,43,113,118,0,,,0,,47,0,547,511,878,TLAXCALA,0.623006833712984,190,0,0,0,0,,,,,,,,,,,,,,,,,,,,,,,,,,,,,,,,,,,,,,,,,,,,,,,,,,,,,,,,,,,,,,,,,,,,,,,,,,,,
TETLA DE LA SOLIDARIDAD,29031,409,2004,November,0,170,136,12,0,,,8,,1,0,631,616,841,TLAXCALA,0.750297265160523,289,0,0,0,0,,,,,,,,,,,,,,,,,,,,,,,,,,,,,,,,,,,,,,,,,,,,,,,,,,,,,,,,,,,,,,,,,,,,,,,,,,,,
TETLA DE LA SOLIDARIDAD,29031,410,2004,November,0,145,115,18,0,,,10,,0,0,471,445,941,TLAXCALA,0.500531349628055,157,0,0,0,0,,,,,,,,,,,,,,,,,,,,,,,,,,,,,,,,,,,,,,,,,,,,,,,,,,,,,,,,,,,,,,,,,,,,,,,,,,,,
TETLA DE LA SOLIDARIDAD,29031,411,2004,November,0,261,321,36,0,,,9,,6,0,987,946,1472,TLAXCALA,0.670516304347826,313,0,0,0,0,,,,,,,,,,,,,,,,,,,,,,,,,,,,,,,,,,,,,,,,,,,,,,,,,,,,,,,,,,,,,,,,,,,,,,,,,,,,
TETLA DE LA SOLIDARIDAD,29031,412,2004,November,0,326,221,20,0,,,11,,6,0,870,835,1364,TLAXCALA,0.63782991202346,251,0,0,0,0,,,,,,,,,,,,,,,,,,,,,,,,,,,,,,,,,,,,,,,,,,,,,,,,,,,,,,,,,,,,,,,,,,,,,,,,,,,,
TETLA DE LA SOLIDARIDAD,29031,413,2004,November,0,177,151,15,0,,,20,,1,0,621,596,987,TLAXCALA,0.629179331306991,232,0,0,0,0,,,,,,,,,,,,,,,,,,,,,,,,,,,,,,,,,,,,,,,,,,,,,,,,,,,,,,,,,,,,,,,,,,,,,,,,,,,,
TETLA DE LA SOLIDARIDAD,29031,414,2004,November,0,103,123,18,0,,,4,,6,0,451,438,863,TLAXCALA,0.522595596755504,184,0,0,0,0,,,,,,,,,,,,,,,,,,,,,,,,,,,,,,,,,,,,,,,,,,,,,,,,,,,,,,,,,,,,,,,,,,,,,,,,,,,,
TETLA DE LA SOLIDARIDAD,29031,415,2004,November,0,112,175,35,0,,,8,,10,0,555,544,1021,TLAXCALA,0.5435847208619,204,0,0,0,0,,,,,,,,,,,,,,,,,,,,,,,,,,,,,,,,,,,,,,,,,,,,,,,,,,,,,,,,,,,,,,,,,,,,,,,,,,,,
TETLA DE LA SOLIDARIDAD,29031,416,2004,November,0,221,196,38,0,,,1,,2,0,627,603,847,TLAXCALA,0.74025974025974,145,0,0,0,0,,,,,,,,,,,,,,,,,,,,,,,,,,,,,,,,,,,,,,,,,,,,,,,,,,,,,,,,,,,,,,,,,,,,,,,,,,,,
TETLA DE LA SOLIDARIDAD,29031,417,2004,November,0,62,21,12,0,,,0,,0,0,173,156,245,TLAXCALA,0.706122448979592,61,0,0,0,0,,,,,,,,,,,,,,,,,,,,,,,,,,,,,,,,,,,,,,,,,,,,,,,,,,,,,,,,,,,,,,,,,,,,,,,,,,,,
TETLA DE LA SOLIDARIDAD,29031,418,2004,November,0,57,80,24,0,,,2,,0,0,225,216,283,TLAXCALA,0.795053003533569,53,0,0,0,0,,,,,,,,,,,,,,,,,,,,,,,,,,,,,,,,,,,,,,,,,,,,,,,,,,,,,,,,,,,,,,,,,,,,,,,,,,,,
TETLA DE LA SOLIDARIDAD,29031,419,2004,November,0,63,109,17,0,,,1,,0,0,307,294,395,TLAXCALA,0.777215189873418,104,0,0,0,0,,,,,,,,,,,,,,,,,,,,,,,,,,,,,,,,,,,,,,,,,,,,,,,,,,,,,,,,,,,,,,,,,,,,,,,,,,,,
TETLA DE LA SOLIDARIDAD,29031,420,2004,November,0,387,167,28,0,,,13,,5,0,834,802,1375,TLAXCALA,0.606545454545455,202,0,0,0,0,,,,,,,,,,,,,,,,,,,,,,,,,,,,,,,,,,,,,,,,,,,,,,,,,,,,,,,,,,,,,,,,,,,,,,,,,,,,
TETLA DE LA SOLIDARIDAD,29031,421,2004,November,0,326,192,25,0,,,6,,13,0,840,809,1334,TLAXCALA,0.629685157421289,247,0,0,0,0,,,,,,,,,,,,,,,,,,,,,,,,,,,,,,,,,,,,,,,,,,,,,,,,,,,,,,,,,,,,,,,,,,,,,,,,,,,,
TETLA DE LA SOLIDARIDAD,29031,422,2004,November,0,677,303,27,0,,,8,,8,0,1191,1163,1947,TLAXCALA,0.61171032357473,140,0,0,0,0,,,,,,,,,,,,,,,,,,,,,,,,,,,,,,,,,,,,,,,,,,,,,,,,,,,,,,,,,,,,,,,,,,,,,,,,,,,,
TETLATLAHUCA,29032,424,2004,November,0,443,74,0,0,,,0,,0,0,697,676,984,TLAXCALA,0.708333333333333,95,64,0,0,0,,,,,,,,,,,,,,,,,,,,,,,,,,,,,,,,,,,,,,,,,,,,,,,,,,,,,,,,,,,,,,,,,,,,,,,,,,,,
TETLATLAHUCA,29032,425,2004,November,0,24,348,0,0,,,0,,0,0,810,800,1124,TLAXCALA,0.720640569395018,383,45,0,0,0,,,,,,,,,,,,,,,,,,,,,,,,,,,,,,,,,,,,,,,,,,,,,,,,,,,,,,,,,,,,,,,,,,,,,,,,,,,,
TETLATLAHUCA,29032,426,2004,November,0,26,323,0,0,,,0,,0,0,784,775,1168,TLAXCALA,0.671232876712329,370,56,0,0,0,,,,,,,,,,,,,,,,,,,,,,,,,,,,,,,,,,,,,,,,,,,,,,,,,,,,,,,,,,,,,,,,,,,,,,,,,,,,
TETLATLAHUCA,29032,427,2004,November,0,97,186,0,0,,,0,,0,0,920,899,1533,TLAXCALA,0.600130463144162,130,486,0,0,0,,,,,,,,,,,,,,,,,,,,,,,,,,,,,,,,,,,,,,,,,,,,,,,,,,,,,,,,,,,,,,,,,,,,,,,,,,,,
TETLATLAHUCA,29032,428,2004,November,0,62,128,0,0,,,0,,0,0,764,747,1244,TLAXCALA,0.614147909967846,124,433,0,0,0,,,,,,,,,,,,,,,,,,,,,,,,,,,,,,,,,,,,,,,,,,,,,,,,,,,,,,,,,,,,,,,,,,,,,,,,,,,,
TETLATLAHUCA,29032,431,2004,November,0,77,207,0,0,,,0,,0,0,695,675,872,TLAXCALA,0.797018348623853,234,157,0,0,0,,,,,,,,,,,,,,,,,,,,,,,,,,,,,,,,,,,,,,,,,,,,,,,,,,,,,,,,,,,,,,,,,,,,,,,,,,,,
TETLATLAHUCA,29032,434,2004,November,0,115,81,0,0,,,0,,0,0,290,281,465,TLAXCALA,0.623655913978495,54,31,0,0,0,,,,,,,,,,,,,,,,,,,,,,,,,,,,,,,,,,,,,,,,,,,,,,,,,,,,,,,,,,,,,,,,,,,,,,,,,,,,
TLAXCALA,29033,435,2004,November,0,260,70,24,0,,,110,,95,0,801,782,1224,TLAXCALA,0.654411764705882,223,0,0,0,0,,,,,,,,,,,,,,,,,,,,,,,,,,,,,,,,,,,,,,,,,,,,,,,,,,,,,,,,,,,,,,,,,,,,,,,,,,,,
TLAXCALA,29033,436,2004,November,0,217,62,17,0,,,199,,146,0,850,822,1217,TLAXCALA,0.698438783894823,181,0,0,0,0,,,,,,,,,,,,,,,,,,,,,,,,,,,,,,,,,,,,,,,,,,,,,,,,,,,,,,,,,,,,,,,,,,,,,,,,,,,,
TLAXCALA,29033,437,2004,November,0,182,61,19,0,,,120,,104,0,664,646,928,TLAXCALA,0.71551724137931,160,0,0,0,0,,,,,,,,,,,,,,,,,,,,,,,,,,,,,,,,,,,,,,,,,,,,,,,,,,,,,,,,,,,,,,,,,,,,,,,,,,,,
TLAXCALA,29033,438,2004,November,0,378,80,21,0,,,119,,50,0,846,833,1215,TLAXCALA,0.696296296296296,185,0,0,0,0,,,,,,,,,,,,,,,,,,,,,,,,,,,,,,,,,,,,,,,,,,,,,,,,,,,,,,,,,,,,,,,,,,,,,,,,,,,,
TLAXCALA,29033,439,2004,November,0,371,93,20,0,,,132,,90,0,1023,988,1449,TLAXCALA,0.706004140786749,282,0,0,0,0,,,,,,,,,,,,,,,,,,,,,,,,,,,,,,,,,,,,,,,,,,,,,,,,,,,,,,,,,,,,,,,,,,,,,,,,,,,,
TLAXCALA,29033,440,2004,November,0,265,95,31,0,,,151,,70,0,935,906,1343,TLAXCALA,0.69620253164557,294,0,0,0,0,,,,,,,,,,,,,,,,,,,,,,,,,,,,,,,,,,,,,,,,,,,,,,,,,,,,,,,,,,,,,,,,,,,,,,,,,,,,
TLAXCALA,29033,441,2004,November,0,264,66,32,0,,,110,,35,0,835,814,1268,TLAXCALA,0.658517350157729,307,0,0,0,0,,,,,,,,,,,,,,,,,,,,,,,,,,,,,,,,,,,,,,,,,,,,,,,,,,,,,,,,,,,,,,,,,,,,,,,,,,,,
TLAXCALA,29033,442,2004,November,0,271,25,40,0,,,91,,22,0,691,676,1073,TLAXCALA,0.64398881640261,227,0,0,0,0,,,,,,,,,,,,,,,,,,,,,,,,,,,,,,,,,,,,,,,,,,,,,,,,,,,,,,,,,,,,,,,,,,,,,,,,,,,,
TLAXCALA,29033,443,2004,November,0,141,37,14,0,,,64,,50,0,492,481,742,TLAXCALA,0.663072776280323,175,0,0,0,0,,,,,,,,,,,,,,,,,,,,,,,,,,,,,,,,,,,,,,,,,,,,,,,,,,,,,,,,,,,,,,,,,,,,,,,,,,,,
TLAXCALA,29033,444,2004,November,0,577,189,59,0,,,167,,82,0,1597,1549,2697,TLAXCALA,0.592139414163886,475,0,0,0,0,,,,,,,,,,,,,,,,,,,,,,,,,,,,,,,,,,,,,,,,,,,,,,,,,,,,,,,,,,,,,,,,,,,,,,,,,,,,
TLAXCALA,29033,445,2004,November,0,226,66,37,0,,,48,,73,0,760,729,1312,TLAXCALA,0.579268292682927,279,0,0,0,0,,,,,,,,,,,,,,,,,,,,,,,,,,,,,,,,,,,,,,,,,,,,,,,,,,,,,,,,,,,,,,,,,,,,,,,,,,,,
TLAXCALA,29033,446,2004,November,0,143,42,30,0,,,106,,26,0,583,569,916,TLAXCALA,0.63646288209607,222,0,0,0,0,,,,,,,,,,,,,,,,,,,,,,,,,,,,,,,,,,,,,,,,,,,,,,,,,,,,,,,,,,,,,,,,,,,,,,,,,,,,
TLAXCALA,29033,447,2004,November,0,194,34,22,0,,,61,,38,0,601,584,887,TLAXCALA,0.677564825253664,235,0,0,0,0,,,,,,,,,,,,,,,,,,,,,,,,,,,,,,,,,,,,,,,,,,,,,,,,,,,,,,,,,,,,,,,,,,,,,,,,,,,,
TLAXCALA,29033,448,2004,November,0,349,98,71,0,,,110,,58,0,1022,983,1549,TLAXCALA,0.659780503550678,297,0,0,0,0,,,,,,,,,,,,,,,,,,,,,,,,,,,,,,,,,,,,,,,,,,,,,,,,,,,,,,,,,,,,,,,,,,,,,,,,,,,,
TLAXCALA,29033,449,2004,November,0,260,74,36,0,,,109,,55,0,848,827,1313,TLAXCALA,0.645849200304646,293,0,0,0,0,,,,,,,,,,,,,,,,,,,,,,,,,,,,,,,,,,,,,,,,,,,,,,,,,,,,,,,,,,,,,,,,,,,,,,,,,,,,
TLAXCALA,29033,450,2004,November,0,190,56,21,0,,,65,,45,0,591,580,879,TLAXCALA,0.672354948805461,203,0,0,0,0,,,,,,,,,,,,,,,,,,,,,,,,,,,,,,,,,,,,,,,,,,,,,,,,,,,,,,,,,,,,,,,,,,,,,,,,,,,,
TLAXCALA,29033,451,2004,November,0,275,95,50,0,,,143,,81,0,1026,993,1699,TLAXCALA,0.603884638022366,349,0,0,0,0,,,,,,,,,,,,,,,,,,,,,,,,,,,,,,,,,,,,,,,,,,,,,,,,,,,,,,,,,,,,,,,,,,,,,,,,,,,,
TLAXCALA,29033,452,2004,November,0,181,72,46,0,,,105,,48,0,786,757,1264,TLAXCALA,0.621835443037975,305,0,0,0,0,,,,,,,,,,,,,,,,,,,,,,,,,,,,,,,,,,,,,,,,,,,,,,,,,,,,,,,,,,,,,,,,,,,,,,,,,,,,
TLAXCALA,29033,453,2004,November,0,654,222,99,0,,,202,,245,0,2051,2002,3547,TLAXCALA,0.578235128277418,580,0,0,0,0,,,,,,,,,,,,,,,,,,,,,,,,,,,,,,,,,,,,,,,,,,,,,,,,,,,,,,,,,,,,,,,,,,,,,,,,,,,,
TLAXCALA,29033,454,2004,November,0,155,69,17,0,,,46,,18,0,476,462,864,TLAXCALA,0.550925925925926,157,0,0,0,0,,,,,,,,,,,,,,,,,,,,,,,,,,,,,,,,,,,,,,,,,,,,,,,,,,,,,,,,,,,,,,,,,,,,,,,,,,,,
TLAXCALA,29033,455,2004,November,0,161,44,13,0,,,49,,13,0,458,453,738,TLAXCALA,0.62059620596206,173,0,0,0,0,,,,,,,,,,,,,,,,,,,,,,,,,,,,,,,,,,,,,,,,,,,,,,,,,,,,,,,,,,,,,,,,,,,,,,,,,,,,
TLAXCALA,29033,456,2004,November,0,353,108,69,0,,,169,,36,0,1139,1114,1684,TLAXCALA,0.676365795724466,379,0,0,0,0,,,,,,,,,,,,,,,,,,,,,,,,,,,,,,,,,,,,,,,,,,,,,,,,,,,,,,,,,,,,,,,,,,,,,,,,,,,,
TLAXCALA,29033,457,2004,November,0,249,95,35,0,,,127,,30,0,801,782,1203,TLAXCALA,0.665835411471322,246,0,0,0,0,,,,,,,,,,,,,,,,,,,,,,,,,,,,,,,,,,,,,,,,,,,,,,,,,,,,,,,,,,,,,,,,,,,,,,,,,,,,
TLAXCALA,29033,458,2004,November,0,431,178,54,0,,,146,,201,0,1447,1402,2675,TLAXCALA,0.540934579439252,392,0,0,0,0,,,,,,,,,,,,,,,,,,,,,,,,,,,,,,,,,,,,,,,,,,,,,,,,,,,,,,,,,,,,,,,,,,,,,,,,,,,,
TLAXCALA,29033,459,2004,November,0,248,116,72,0,,,142,,48,0,980,957,1560,TLAXCALA,0.628205128205128,331,0,0,0,0,,,,,,,,,,,,,,,,,,,,,,,,,,,,,,,,,,,,,,,,,,,,,,,,,,,,,,,,,,,,,,,,,,,,,,,,,,,,
TLAXCALA,29033,460,2004,November,0,242,67,74,0,,,97,,44,0,816,793,1329,TLAXCALA,0.613995485327314,269,0,0,0,0,,,,,,,,,,,,,,,,,,,,,,,,,,,,,,,,,,,,,,,,,,,,,,,,,,,,,,,,,,,,,,,,,,,,,,,,,,,,
TLAXCALA,29033,461,2004,November,0,326,88,161,0,,,129,,56,0,1139,1104,1751,TLAXCALA,0.650485436893204,344,0,0,0,0,,,,,,,,,,,,,,,,,,,,,,,,,,,,,,,,,,,,,,,,,,,,,,,,,,,,,,,,,,,,,,,,,,,,,,,,,,,,
TLAXCALA,29033,462,2004,November,0,198,75,38,0,,,134,,38,0,694,676,943,TLAXCALA,0.735949098621421,193,0,0,0,0,,,,,,,,,,,,,,,,,,,,,,,,,,,,,,,,,,,,,,,,,,,,,,,,,,,,,,,,,,,,,,,,,,,,,,,,,,,,
TLAXCALA,29033,463,2004,November,0,289,69,85,0,,,139,,51,0,910,897,1494,TLAXCALA,0.609103078982597,264,0,0,0,0,,,,,,,,,,,,,,,,,,,,,,,,,,,,,,,,,,,,,,,,,,,,,,,,,,,,,,,,,,,,,,,,,,,,,,,,,,,,
TLAXCALA,29033,464,2004,November,0,432,175,97,0,,,211,,88,0,1599,1558,2636,TLAXCALA,0.60660091047041,555,0,0,0,0,,,,,,,,,,,,,,,,,,,,,,,,,,,,,,,,,,,,,,,,,,,,,,,,,,,,,,,,,,,,,,,,,,,,,,,,,,,,
TLAXCALA,29033,465,2004,November,0,461,203,69,0,,,237,,129,0,1544,1491,2504,TLAXCALA,0.616613418530351,392,0,0,0,0,,,,,,,,,,,,,,,,,,,,,,,,,,,,,,,,,,,,,,,,,,,,,,,,,,,,,,,,,,,,,,,,,,,,,,,,,,,,
TLAXCALA,29033,466,2004,November,0,229,246,102,0,,,311,,139,0,1414,1362,2440,TLAXCALA,0.579508196721312,335,0,0,0,0,,,,,,,,,,,,,,,,,,,,,,,,,,,,,,,,,,,,,,,,,,,,,,,,,,,,,,,,,,,,,,,,,,,,,,,,,,,,
TLAXCALA,29033,467,2004,November,0,159,33,27,0,,,187,,45,0,596,580,938,TLAXCALA,0.635394456289979,129,0,0,0,0,,,,,,,,,,,,,,,,,,,,,,,,,,,,,,,,,,,,,,,,,,,,,,,,,,,,,,,,,,,,,,,,,,,,,,,,,,,,
TLAXCALA,29033,468,2004,November,0,252,98,42,0,,,144,,242,0,1072,1046,1498,TLAXCALA,0.715620827770361,268,0,0,0,0,,,,,,,,,,,,,,,,,,,,,,,,,,,,,,,,,,,,,,,,,,,,,,,,,,,,,,,,,,,,,,,,,,,,,,,,,,,,
TLAXCALA,29033,469,2004,November,0,225,67,30,0,,,175,,118,0,841,818,1124,TLAXCALA,0.748220640569395,203,0,0,0,0,,,,,,,,,,,,,,,,,,,,,,,,,,,,,,,,,,,,,,,,,,,,,,,,,,,,,,,,,,,,,,,,,,,,,,,,,,,,
TLAXCO,29034,58,2004,November,0,3,30,0,0,,,0,,0,0,77,75,95,TLAXCALA,0.810526315789474,36,6,0,0,0,,,,,,,,,,,,,,,,,,,,,,,,,,,,,,,,,,,,,,,,,,,,,,,,,,,,,,,,,,,,,,,,,,,,,,,,,,,,
TLAXCO,29034,470,2004,November,0,7,186,0,0,,,3,,0,0,403,383,633,TLAXCALA,0.636650868878357,166,21,0,0,0,,,,,,,,,,,,,,,,,,,,,,,,,,,,,,,,,,,,,,,,,,,,,,,,,,,,,,,,,,,,,,,,,,,,,,,,,,,,
TLAXCO,29034,471,2004,November,0,23,265,0,0,,,2,,0,0,534,498,890,TLAXCALA,0.6,183,25,0,0,0,,,,,,,,,,,,,,,,,,,,,,,,,,,,,,,,,,,,,,,,,,,,,,,,,,,,,,,,,,,,,,,,,,,,,,,,,,,,
TLAXCO,29034,472,2004,November,0,19,200,0,0,,,9,,0,0,470,455,837,TLAXCALA,0.561529271206691,206,21,0,0,0,,,,,,,,,,,,,,,,,,,,,,,,,,,,,,,,,,,,,,,,,,,,,,,,,,,,,,,,,,,,,,,,,,,,,,,,,,,,
TLAXCO,29034,473,2004,November,0,17,200,0,0,,,1,,0,0,417,397,705,TLAXCALA,0.591489361702128,171,8,0,0,0,,,,,,,,,,,,,,,,,,,,,,,,,,,,,,,,,,,,,,,,,,,,,,,,,,,,,,,,,,,,,,,,,,,,,,,,,,,,
TLAXCO,29034,474,2004,November,0,10,330,0,0,,,6,,0,0,604,585,989,TLAXCALA,0.610717896865521,193,46,0,0,0,,,,,,,,,,,,,,,,,,,,,,,,,,,,,,,,,,,,,,,,,,,,,,,,,,,,,,,,,,,,,,,,,,,,,,,,,,,,
TLAXCO,29034,475,2004,November,0,56,218,0,0,,,10,,0,0,764,752,1248,TLAXCALA,0.612179487179487,357,111,0,0,0,,,,,,,,,,,,,,,,,,,,,,,,,,,,,,,,,,,,,,,,,,,,,,,,,,,,,,,,,,,,,,,,,,,,,,,,,,,,
TLAXCO,29034,476,2004,November,0,49,445,0,0,,,14,,0,0,932,880,1526,TLAXCALA,0.610747051114024,313,59,0,0,0,,,,,,,,,,,,,,,,,,,,,,,,,,,,,,,,,,,,,,,,,,,,,,,,,,,,,,,,,,,,,,,,,,,,,,,,,,,,
TLAXCO,29034,477,2004,November,0,15,199,0,0,,,4,,0,0,553,541,1003,TLAXCALA,0.551345962113659,308,15,0,0,0,,,,,,,,,,,,,,,,,,,,,,,,,,,,,,,,,,,,,,,,,,,,,,,,,,,,,,,,,,,,,,,,,,,,,,,,,,,,
TLAXCO,29034,478,2004,November,0,3,84,0,0,,,1,,0,0,200,188,328,TLAXCALA,0.609756097560976,89,11,0,0,0,,,,,,,,,,,,,,,,,,,,,,,,,,,,,,,,,,,,,,,,,,,,,,,,,,,,,,,,,,,,,,,,,,,,,,,,,,,,
TLAXCO,29034,479,2004,November,0,22,41,0,0,,,6,,0,0,167,164,234,TLAXCALA,0.713675213675214,82,13,0,0,0,,,,,,,,,,,,,,,,,,,,,,,,,,,,,,,,,,,,,,,,,,,,,,,,,,,,,,,,,,,,,,,,,,,,,,,,,,,,
TLAXCO,29034,480,2004,November,0,11,29,0,0,,,2,,0,0,116,116,183,TLAXCALA,0.633879781420765,71,3,0,0,0,,,,,,,,,,,,,,,,,,,,,,,,,,,,,,,,,,,,,,,,,,,,,,,,,,,,,,,,,,,,,,,,,,,,,,,,,,,,
TLAXCO,29034,481,2004,November,0,60,339,0,0,,,2,,0,0,795,755,1575,TLAXCALA,0.504761904761905,297,57,0,0,0,,,,,,,,,,,,,,,,,,,,,,,,,,,,,,,,,,,,,,,,,,,,,,,,,,,,,,,,,,,,,,,,,,,,,,,,,,,,
TLAXCO,29034,482,2004,November,0,216,249,0,0,,,5,,0,0,769,745,1265,TLAXCALA,0.607905138339921,204,71,0,0,0,,,,,,,,,,,,,,,,,,,,,,,,,,,,,,,,,,,,,,,,,,,,,,,,,,,,,,,,,,,,,,,,,,,,,,,,,,,,
TLAXCO,29034,483,2004,November,0,2,16,0,0,,,1,,0,0,54,54,78,TLAXCALA,0.692307692307692,34,1,0,0,0,,,,,,,,,,,,,,,,,,,,,,,,,,,,,,,,,,,,,,,,,,,,,,,,,,,,,,,,,,,,,,,,,,,,,,,,,,,,
TLAXCO,29034,484,2004,November,0,45,333,0,0,,,3,,0,0,661,639,1108,TLAXCALA,0.596570397111913,112,146,0,0,0,,,,,,,,,,,,,,,,,,,,,,,,,,,,,,,,,,,,,,,,,,,,,,,,,,,,,,,,,,,,,,,,,,,,,,,,,,,,
TLAXCO,29034,485,2004,November,0,31,133,0,0,,,4,,0,0,314,304,501,TLAXCALA,0.626746506986028,101,35,0,0,0,,,,,,,,,,,,,,,,,,,,,,,,,,,,,,,,,,,,,,,,,,,,,,,,,,,,,,,,,,,,,,,,,,,,,,,,,,,,
TLAXCO,29034,486,2004,November,0,17,64,0,0,,,1,,0,0,303,292,448,TLAXCALA,0.676339285714286,113,97,0,0,0,,,,,,,,,,,,,,,,,,,,,,,,,,,,,,,,,,,,,,,,,,,,,,,,,,,,,,,,,,,,,,,,,,,,,,,,,,,,
TLAXCO,29034,487,2004,November,0,24,38,0,0,,,4,,0,0,219,192,696,TLAXCALA,0.314655172413793,112,14,0,0,0,,,,,,,,,,,,,,,,,,,,,,,,,,,,,,,,,,,,,,,,,,,,,,,,,,,,,,,,,,,,,,,,,,,,,,,,,,,,
TLAXCO,29034,488,2004,November,0,57,93,0,0,,,9,,0,0,545,521,881,TLAXCALA,0.618615209988649,266,96,0,0,0,,,,,,,,,,,,,,,,,,,,,,,,,,,,,,,,,,,,,,,,,,,,,,,,,,,,,,,,,,,,,,,,,,,,,,,,,,,,
TLAXCO,29034,489,2004,November,0,0,24,0,0,,,0,,0,0,58,58,95,TLAXCALA,0.610526315789474,32,2,0,0,0,,,,,,,,,,,,,,,,,,,,,,,,,,,,,,,,,,,,,,,,,,,,,,,,,,,,,,,,,,,,,,,,,,,,,,,,,,,,
TLAXCO,29034,490,2004,November,0,8,13,0,0,,,1,,0,0,111,106,154,TLAXCALA,0.720779220779221,80,4,0,0,0,,,,,,,,,,,,,,,,,,,,,,,,,,,,,,,,,,,,,,,,,,,,,,,,,,,,,,,,,,,,,,,,,,,,,,,,,,,,
TLAXCO,29034,491,2004,November,0,100,473,0,0,,,18,,0,0,1170,1071,1934,TLAXCALA,0.604963805584281,424,56,0,0,0,,,,,,,,,,,,,,,,,,,,,,,,,,,,,,,,,,,,,,,,,,,,,,,,,,,,,,,,,,,,,,,,,,,,,,,,,,,,
TLAXCO,29034,492,2004,November,0,2,64,0,0,,,0,,0,0,128,125,202,TLAXCALA,0.633663366336634,59,0,0,0,0,,,,,,,,,,,,,,,,,,,,,,,,,,,,,,,,,,,,,,,,,,,,,,,,,,,,,,,,,,,,,,,,,,,,,,,,,,,,
TLAXCO,29034,493,2004,November,0,9,71,0,0,,,28,,0,0,241,230,370,TLAXCALA,0.651351351351351,111,11,0,0,0,,,,,,,,,,,,,,,,,,,,,,,,,,,,,,,,,,,,,,,,,,,,,,,,,,,,,,,,,,,,,,,,,,,,,,,,,,,,
TLAXCO,29034,494,2004,November,0,44,147,0,0,,,6,,0,0,409,377,592,TLAXCALA,0.690878378378378,61,119,0,0,0,,,,,,,,,,,,,,,,,,,,,,,,,,,,,,,,,,,,,,,,,,,,,,,,,,,,,,,,,,,,,,,,,,,,,,,,,,,,
TLAXCO,29034,495,2004,November,0,33,103,0,0,,,0,,0,0,376,353,607,TLAXCALA,0.619439868204283,96,121,0,0,0,,,,,,,,,,,,,,,,,,,,,,,,,,,,,,,,,,,,,,,,,,,,,,,,,,,,,,,,,,,,,,,,,,,,,,,,,,,,
TLAXCO,29034,496,2004,November,0,8,135,0,0,,,7,,0,0,274,263,450,TLAXCALA,0.608888888888889,90,23,0,0,0,,,,,,,,,,,,,,,,,,,,,,,,,,,,,,,,,,,,,,,,,,,,,,,,,,,,,,,,,,,,,,,,,,,,,,,,,,,,
TLAXCO,29034,497,2004,November,0,14,116,0,0,,,2,,0,0,253,244,351,TLAXCALA,0.720797720797721,90,22,0,0,0,,,,,,,,,,,,,,,,,,,,,,,,,,,,,,,,,,,,,,,,,,,,,,,,,,,,,,,,,,,,,,,,,,,,,,,,,,,,
TLAXCO,29034,498,2004,November,0,6,36,0,0,,,1,,0,0,150,147,236,TLAXCALA,0.635593220338983,101,3,0,0,0,,,,,,,,,,,,,,,,,,,,,,,,,,,,,,,,,,,,,,,,,,,,,,,,,,,,,,,,,,,,,,,,,,,,,,,,,,,,
TLAXCO,29034,499,2004,November,0,13,165,0,0,,,9,,0,0,450,427,562,TLAXCALA,0.800711743772242,187,53,0,0,0,,,,,,,,,,,,,,,,,,,,,,,,,,,,,,,,,,,,,,,,,,,,,,,,,,,,,,,,,,,,,,,,,,,,,,,,,,,,
TLAXCO,29034,500,2004,November,0,9,136,0,0,,,7,,0,0,239,233,378,TLAXCALA,0.632275132275132,65,16,0,0,0,,,,,,,,,,,,,,,,,,,,,,,,,,,,,,,,,,,,,,,,,,,,,,,,,,,,,,,,,,,,,,,,,,,,,,,,,,,,
TLAXCO,29034,501,2004,November,0,52,234,0,0,,,10,,0,0,702,658,1037,TLAXCALA,0.67695274831244,315,47,0,0,0,,,,,,,,,,,,,,,,,,,,,,,,,,,,,,,,,,,,,,,,,,,,,,,,,,,,,,,,,,,,,,,,,,,,,,,,,,,,
TLAXCO,29034,502,2004,November,0,16,56,0,0,,,2,,0,0,173,167,233,TLAXCALA,0.742489270386266,90,3,0,0,0,,,,,,,,,,,,,,,,,,,,,,,,,,,,,,,,,,,,,,,,,,,,,,,,,,,,,,,,,,,,,,,,,,,,,,,,,,,,
TLAXCO,29034,503,2004,November,0,4,20,0,0,,,2,,0,0,90,86,113,TLAXCALA,0.79646017699115,59,1,0,0,0,,,,,,,,,,,,,,,,,,,,,,,,,,,,,,,,,,,,,,,,,,,,,,,,,,,,,,,,,,,,,,,,,,,,,,,,,,,,
TOCATLAN,29035,505,2004,November,0,139,321,491,0,,,0,,41,13,1248,1219,1775,TLAXCALA,0.703098591549296,214,0,0,0,0,,,,,,,,,,,,,,,,,,,,,,,,,,,,,,,,,,,,,,,,,,,,,,,,,,,,,,,,,,,,,,,,,,,,,,,,,,,,
TOCATLAN,29035,506,2004,November,0,67,185,188,0,,,0,,27,8,598,572,894,TLAXCALA,0.668903803131991,97,0,0,0,0,,,,,,,,,,,,,,,,,,,,,,,,,,,,,,,,,,,,,,,,,,,,,,,,,,,,,,,,,,,,,,,,,,,,,,,,,,,,
TOCATLAN,29035,507,2004,November,0,47,65,152,0,,,0,,9,2,344,325,459,TLAXCALA,0.749455337690632,50,0,0,0,0,,,,,,,,,,,,,,,,,,,,,,,,,,,,,,,,,,,,,,,,,,,,,,,,,,,,,,,,,,,,,,,,,,,,,,,,,,,,
TOTOLAC,29036,508,2004,November,0,41,84,13,0,,,0,,190,0,410,395,649,TLAXCALA,0.631741140215716,67,0,0,0,0,,,,,,,,,,,,,,,,,,,,,,,,,,,,,,,,,,,,,,,,,,,,,,,,,,,,,,,,,,,,,,,,,,,,,,,,,,,,
TOTOLAC,29036,509,2004,November,0,70,83,20,0,,,61,,194,0,566,543,858,TLAXCALA,0.65967365967366,115,0,0,0,0,,,,,,,,,,,,,,,,,,,,,,,,,,,,,,,,,,,,,,,,,,,,,,,,,,,,,,,,,,,,,,,,,,,,,,,,,,,,
TOTOLAC,29036,510,2004,November,0,54,95,15,0,,,19,,129,0,488,464,789,TLAXCALA,0.61850443599493,152,0,0,0,0,,,,,,,,,,,,,,,,,,,,,,,,,,,,,,,,,,,,,,,,,,,,,,,,,,,,,,,,,,,,,,,,,,,,,,,,,,,,
TOTOLAC,29036,511,2004,November,0,65,52,5,0,,,55,,107,0,450,437,650,TLAXCALA,0.692307692307692,153,0,0,0,0,,,,,,,,,,,,,,,,,,,,,,,,,,,,,,,,,,,,,,,,,,,,,,,,,,,,,,,,,,,,,,,,,,,,,,,,,,,,
TOTOLAC,29036,512,2004,November,0,56,91,22,0,,,74,,229,0,733,696,1105,TLAXCALA,0.663348416289593,224,0,0,0,0,,,,,,,,,,,,,,,,,,,,,,,,,,,,,,,,,,,,,,,,,,,,,,,,,,,,,,,,,,,,,,,,,,,,,,,,,,,,
TOTOLAC,29036,513,2004,November,0,122,178,39,0,,,73,,370,0,1188,1133,1776,TLAXCALA,0.668918918918919,351,0,0,0,0,,,,,,,,,,,,,,,,,,,,,,,,,,,,,,,,,,,,,,,,,,,,,,,,,,,,,,,,,,,,,,,,,,,,,,,,,,,,
TOTOLAC,29036,514,2004,November,0,85,125,25,0,,,138,,94,0,740,716,1150,TLAXCALA,0.643478260869565,249,0,0,0,0,,,,,,,,,,,,,,,,,,,,,,,,,,,,,,,,,,,,,,,,,,,,,,,,,,,,,,,,,,,,,,,,,,,,,,,,,,,,
TOTOLAC,29036,515,2004,November,0,174,194,50,0,,,60,,182,0,1006,983,1467,TLAXCALA,0.685753237900477,323,0,0,0,0,,,,,,,,,,,,,,,,,,,,,,,,,,,,,,,,,,,,,,,,,,,,,,,,,,,,,,,,,,,,,,,,,,,,,,,,,,,,
TOTOLAC,29036,516,2004,November,0,171,239,25,0,,,63,,190,0,1048,1033,1493,TLAXCALA,0.701942397856664,345,0,0,0,0,,,,,,,,,,,,,,,,,,,,,,,,,,,,,,,,,,,,,,,,,,,,,,,,,,,,,,,,,,,,,,,,,,,,,,,,,,,,
TOTOLAC,29036,517,2004,November,0,121,120,54,0,,,31,,92,0,616,596,905,TLAXCALA,0.680662983425414,178,0,0,0,0,,,,,,,,,,,,,,,,,,,,,,,,,,,,,,,,,,,,,,,,,,,,,,,,,,,,,,,,,,,,,,,,,,,,,,,,,,,,
TOTOLAC,29036,518,2004,November,0,116,137,25,0,,,77,,137,0,665,649,909,TLAXCALA,0.731573157315732,157,0,0,0,0,,,,,,,,,,,,,,,,,,,,,,,,,,,,,,,,,,,,,,,,,,,,,,,,,,,,,,,,,,,,,,,,,,,,,,,,,,,,
TOTOLAC,29036,519,2004,November,0,60,61,22,0,,,49,,112,0,406,406,635,TLAXCALA,0.639370078740158,102,0,0,0,0,,,,,,,,,,,,,,,,,,,,,,,,,,,,,,,,,,,,,,,,,,,,,,,,,,,,,,,,,,,,,,,,,,,,,,,,,,,,
TZOMPANTEPEC,29038,527,2004,November,353,120,226,69,0,,,48,,0,0,1120,1075,1743,TLAXCALA,0.642570281124498,0,0,259,0,0,,,,,,,,,,,,,,,,,,,,,,,,,,,,,,,,,,,,,,,,,,,,,,,,,,,,,,,,,,,,,,,,,,,,,,,,,,,,
TZOMPANTEPEC,29038,528,2004,November,311,173,208,91,0,,,117,,0,0,1235,1192,2012,TLAXCALA,0.613817097415507,0,0,292,0,0,,,,,,,,,,,,,,,,,,,,,,,,,,,,,,,,,,,,,,,,,,,,,,,,,,,,,,,,,,,,,,,,,,,,,,,,,,,,
TZOMPANTEPEC,29038,529,2004,November,210,185,154,66,0,,,55,,0,0,839,796,1166,TLAXCALA,0.719554030874786,0,0,126,0,0,,,,,,,,,,,,,,,,,,,,,,,,,,,,,,,,,,,,,,,,,,,,,,,,,,,,,,,,,,,,,,,,,,,,,,,,,,,,
TZOMPANTEPEC,29038,530,2004,November,149,75,123,36,0,,,15,,0,0,525,508,777,TLAXCALA,0.675675675675676,0,0,110,0,0,,,,,,,,,,,,,,,,,,,,,,,,,,,,,,,,,,,,,,,,,,,,,,,,,,,,,,,,,,,,,,,,,,,,,,,,,,,,
TZOMPANTEPEC,29038,536,2004,November,60,48,65,81,0,,,9,,0,0,360,336,446,TLAXCALA,0.807174887892377,0,0,73,0,0,,,,,,,,,,,,,,,,,,,,,,,,,,,,,,,,,,,,,,,,,,,,,,,,,,,,,,,,,,,,,,,,,,,,,,,,,,,,
TZOMPANTEPEC,29038,537,2004,November,51,21,36,5,0,,,9,,0,0,156,149,226,TLAXCALA,0.690265486725664,0,0,27,0,0,,,,,,,,,,,,,,,,,,,,,,,,,,,,,,,,,,,,,,,,,,,,,,,,,,,,,,,,,,,,,,,,,,,,,,,,,,,,
XALOZTOC,29039,538,2004,November,0,272,346,62,0,,,0,,32,0,1001,959,1469,TLAXCALA,0.68141592920354,247,0,0,0,0,,,,,,,,,,,,,,,,,,,,,,,,,,,,,,,,,,,,,,,,,,,,,,,,,,,,,,,,,,,,,,,,,,,,,,,,,,,,
XALOZTOC,29039,539,2004,November,0,197,454,88,0,,,0,,28,0,1091,1060,1584,TLAXCALA,0.688762626262626,293,0,0,0,0,,,,,,,,,,,,,,,,,,,,,,,,,,,,,,,,,,,,,,,,,,,,,,,,,,,,,,,,,,,,,,,,,,,,,,,,,,,,
XALOZTOC,29039,540,2004,November,0,402,614,88,0,,,0,,25,0,1404,1357,2264,TLAXCALA,0.620141342756184,228,0,0,0,0,,,,,,,,,,,,,,,,,,,,,,,,,,,,,,,,,,,,,,,,,,,,,,,,,,,,,,,,,,,,,,,,,,,,,,,,,,,,
XALOZTOC,29039,541,2004,November,0,183,540,157,0,,,0,,27,0,1292,1234,1992,TLAXCALA,0.64859437751004,327,0,0,0,0,,,,,,,,,,,,,,,,,,,,,,,,,,,,,,,,,,,,,,,,,,,,,,,,,,,,,,,,,,,,,,,,,,,,,,,,,,,,
XALOZTOC,29039,542,2004,November,0,335,429,70,0,,,0,,129,0,1136,1094,1778,TLAXCALA,0.638920134983127,131,0,0,0,0,,,,,,,,,,,,,,,,,,,,,,,,,,,,,,,,,,,,,,,,,,,,,,,,,,,,,,,,,,,,,,,,,,,,,,,,,,,,
XALOZTOC,29039,543,2004,November,0,224,493,65,0,,,0,,12,0,1088,1058,1646,TLAXCALA,0.660996354799514,264,0,0,0,0,,,,,,,,,,,,,,,,,,,,,,,,,,,,,,,,,,,,,,,,,,,,,,,,,,,,,,,,,,,,,,,,,,,,,,,,,,,,
XALOZTOC,29039,544,2004,November,0,47,145,37,0,,,0,,6,0,363,338,465,TLAXCALA,0.780645161290323,103,0,0,0,0,,,,,,,,,,,,,,,,,,,,,,,,,,,,,,,,,,,,,,,,,,,,,,,,,,,,,,,,,,,,,,,,,,,,,,,,,,,,
XALOZTOC,29039,545,2004,November,0,49,58,20,0,,,0,,1,0,194,183,256,TLAXCALA,0.7578125,55,0,0,0,0,,,,,,,,,,,,,,,,,,,,,,,,,,,,,,,,,,,,,,,,,,,,,,,,,,,,,,,,,,,,,,,,,,,,,,,,,,,,
XALOZTOC,29039,546,2004,November,0,26,232,11,0,,,0,,32,0,383,373,503,TLAXCALA,0.761431411530815,72,0,0,0,0,,,,,,,,,,,,,,,,,,,,,,,,,,,,,,,,,,,,,,,,,,,,,,,,,,,,,,,,,,,,,,,,,,,,,,,,,,,,
XALTOCAN,29040,547,2004,November,0,35,95,52,0,,,0,,0,3,487,472,734,TLAXCALA,0.663487738419619,287,0,0,0,0,,,,,,,,,,,,,,,,,,,,,,,,,,,,,,,,,,,,,,,,,,,,,,,,,,,,,,,,,,,,,,,,,,,,,,,,,,,,
XALTOCAN,29040,548,2004,November,0,234,148,174,0,,,0,,21,11,979,935,1526,TLAXCALA,0.641546526867628,347,0,0,0,0,,,,,,,,,,,,,,,,,,,,,,,,,,,,,,,,,,,,,,,,,,,,,,,,,,,,,,,,,,,,,,,,,,,,,,,,,,,,
XALTOCAN,29040,549,2004,November,0,117,123,79,0,,,0,,4,2,552,525,1015,TLAXCALA,0.54384236453202,200,0,0,0,0,,,,,,,,,,,,,,,,,,,,,,,,,,,,,,,,,,,,,,,,,,,,,,,,,,,,,,,,,,,,,,,,,,,,,,,,,,,,
XALTOCAN,29040,550,2004,November,0,67,132,64,0,,,0,,0,3,385,374,674,TLAXCALA,0.571216617210683,108,0,0,0,0,,,,,,,,,,,,,,,,,,,,,,,,,,,,,,,,,,,,,,,,,,,,,,,,,,,,,,,,,,,,,,,,,,,,,,,,,,,,
XALTOCAN,29040,553,2004,November,0,22,28,32,0,,,0,,0,0,149,144,229,TLAXCALA,0.650655021834061,62,0,0,0,0,,,,,,,,,,,,,,,,,,,,,,,,,,,,,,,,,,,,,,,,,,,,,,,,,,,,,,,,,,,,,,,,,,,,,,,,,,,,
XALTOCAN,29040,554,2004,November,0,21,17,28,0,,,0,,1,1,103,98,144,TLAXCALA,0.715277777777778,30,0,0,0,0,,,,,,,,,,,,,,,,,,,,,,,,,,,,,,,,,,,,,,,,,,,,,,,,,,,,,,,,,,,,,,,,,,,,,,,,,,,,
XALTOCAN,29040,555,2004,November,0,66,116,79,0,,,0,,4,2,362,362,537,TLAXCALA,0.674115456238361,95,0,0,0,0,,,,,,,,,,,,,,,,,,,,,,,,,,,,,,,,,,,,,,,,,,,,,,,,,,,,,,,,,,,,,,,,,,,,,,,,,,,,
XALTOCAN,29040,556,2004,November,0,33,70,51,0,,,0,,1,7,374,353,572,TLAXCALA,0.653846153846154,191,0,0,0,0,,,,,,,,,,,,,,,,,,,,,,,,,,,,,,,,,,,,,,,,,,,,,,,,,,,,,,,,,,,,,,,,,,,,,,,,,,,,
XALTOCAN,29040,557,2004,November,0,99,48,61,0,,,0,,1,0,311,301,521,TLAXCALA,0.596928982725528,92,0,0,0,0,,,,,,,,,,,,,,,,,,,,,,,,,,,,,,,,,,,,,,,,,,,,,,,,,,,,,,,,,,,,,,,,,,,,,,,,,,,,
XICOHTZINCO,29042,570,2004,November,0,208,369,380,0,,,17,,0,0,1165,1129,2077,TLAXCALA,0.56090515166105,145,0,10,0,0,,,,,,,,,,,,,,,,,,,,,,,,,,,,,,,,,,,,,,,,,,,,,,,,,,,,,,,,,,,,,,,,,,,,,,,,,,,,
XICOHTZINCO,29042,571,2004,November,0,187,267,278,0,,,20,,0,0,930,910,1486,TLAXCALA,0.625841184387618,142,0,16,0,0,,,,,,,,,,,,,,,,,,,,,,,,,,,,,,,,,,,,,,,,,,,,,,,,,,,,,,,,,,,,,,,,,,,,,,,,,,,,
XICOHTZINCO,29042,572,2004,November,0,157,225,162,0,,,17,,0,0,750,731,1175,TLAXCALA,0.638297872340426,158,0,12,0,0,,,,,,,,,,,,,,,,,,,,,,,,,,,,,,,,,,,,,,,,,,,,,,,,,,,,,,,,,,,,,,,,,,,,,,,,,,,,
XICOHTZINCO,29042,573,2004,November,0,181,292,291,0,,,27,,0,0,1008,995,1663,TLAXCALA,0.60613349368611,181,0,23,0,0,,,,,,,,,,,,,,,,,,,,,,,,,,,,,,,,,,,,,,,,,,,,,,,,,,,,,,,,,,,,,,,,,,,,,,,,,,,,
XICOHTZINCO,29042,574,2004,November,0,198,299,252,0,,,9,,0,0,972,946,1606,TLAXCALA,0.605230386052304,165,0,23,0,0,,,,,,,,,,,,,,,,,,,,,,,,,,,,,,,,,,,,,,,,,,,,,,,,,,,,,,,,,,,,,,,,,,,,,,,,,,,,
YAUHQUEMEHCAN,29043,575,2004,November,222,96,212,123,0,,,0,,192,0,879,845,1566,TLAXCALA,0.561302681992337,0,0,0,0,0,,,,,,,,,,,,,,,,,,,,,,,,,,,,,,,,,,,,,,,,,,,,,,,,,,,,,,,,,,,,,,,,,,,,,,,,,,,,
YAUHQUEMEHCAN,29043,576,2004,November,186,107,138,184,0,,,0,,161,0,797,776,1230,TLAXCALA,0.647967479674797,0,0,0,0,0,,,,,,,,,,,,,,,,,,,,,,,,,,,,,,,,,,,,,,,,,,,,,,,,,,,,,,,,,,,,,,,,,,,,,,,,,,,,
YAUHQUEMEHCAN,29043,577,2004,November,100,64,66,45,0,,,0,,35,0,326,310,483,TLAXCALA,0.674948240165632,0,0,0,0,0,,,,,,,,,,,,,,,,,,,,,,,,,,,,,,,,,,,,,,,,,,,,,,,,,,,,,,,,,,,,,,,,,,,,,,,,,,,,
YAUHQUEMEHCAN,29043,578,2004,November,225,108,77,21,0,,,0,,44,0,485,475,743,TLAXCALA,0.652759084791386,0,0,0,0,0,,,,,,,,,,,,,,,,,,,,,,,,,,,,,,,,,,,,,,,,,,,,,,,,,,,,,,,,,,,,,,,,,,,,,,,,,,,,
YAUHQUEMEHCAN,29043,579,2004,November,108,76,179,92,0,,,0,,97,0,571,552,955,TLAXCALA,0.597905759162304,0,0,0,0,0,,,,,,,,,,,,,,,,,,,,,,,,,,,,,,,,,,,,,,,,,,,,,,,,,,,,,,,,,,,,,,,,,,,,,,,,,,,,
YAUHQUEMEHCAN,29043,580,2004,November,121,99,74,173,0,,,0,,43,0,529,510,819,TLAXCALA,0.645909645909646,0,0,0,0,0,,,,,,,,,,,,,,,,,,,,,,,,,,,,,,,,,,,,,,,,,,,,,,,,,,,,,,,,,,,,,,,,,,,,,,,,,,,,
YAUHQUEMEHCAN,29043,581,2004,November,278,234,138,278,0,,,0,,60,0,1016,988,1802,TLAXCALA,0.563817980022198,0,0,0,0,0,,,,,,,,,,,,,,,,,,,,,,,,,,,,,,,,,,,,,,,,,,,,,,,,,,,,,,,,,,,,,,,,,,,,,,,,,,,,
YAUHQUEMEHCAN,29043,582,2004,November,230,247,310,197,0,,,0,,92,0,1097,1076,1946,TLAXCALA,0.563720452209661,0,0,0,0,0,,,,,,,,,,,,,,,,,,,,,,,,,,,,,,,,,,,,,,,,,,,,,,,,,,,,,,,,,,,,,,,,,,,,,,,,,,,,
YAUHQUEMEHCAN,29043,583,2004,November,350,182,158,34,0,,,0,,9,0,747,733,1376,TLAXCALA,0.542877906976744,0,0,0,0,0,,,,,,,,,,,,,,,,,,,,,,,,,,,,,,,,,,,,,,,,,,,,,,,,,,,,,,,,,,,,,,,,,,,,,,,,,,,,
YAUHQUEMEHCAN,29043,584,2004,November,148,131,90,43,0,,,0,,13,0,447,425,632,TLAXCALA,0.707278481012658,0,0,0,0,0,,,,,,,,,,,,,,,,,,,,,,,,,,,,,,,,,,,,,,,,,,,,,,,,,,,,,,,,,,,,,,,,,,,,,,,,,,,,
YAUHQUEMEHCAN,29043,585,2004,November,472,177,191,72,0,,,0,,233,0,1184,1145,1864,TLAXCALA,0.63519313304721,0,0,0,0,0,,,,,,,,,,,,,,,,,,,,,,,,,,,,,,,,,,,,,,,,,,,,,,,,,,,,,,,,,,,,,,,,,,,,,,,,,,,,
ZACATELCO,29044,588,2004,November,0,76,112,131,0,,,42,,0,8,546,526,933,TLAXCALA,0.585209003215434,157,0,0,0,0,,,,,,,,,,,,,,,,,,,,,,,,,,,,,,,,,,,,,,,,,,,,,,,,,,,,,,,,,,,,,,,,,,,,,,,,,,,,
ZACATELCO,29044,589,2004,November,0,64,306,182,0,,,59,,0,12,803,772,1385,TLAXCALA,0.579783393501805,149,0,0,0,0,,,,,,,,,,,,,,,,,,,,,,,,,,,,,,,,,,,,,,,,,,,,,,,,,,,,,,,,,,,,,,,,,,,,,,,,,,,,
ZACATELCO,29044,590,2004,November,0,103,436,375,0,,,47,,0,9,1185,1153,2172,TLAXCALA,0.545580110497238,183,0,0,0,0,,,,,,,,,,,,,,,,,,,,,,,,,,,,,,,,,,,,,,,,,,,,,,,,,,,,,,,,,,,,,,,,,,,,,,,,,,,,
ZACATELCO,29044,591,2004,November,0,151,495,305,0,,,66,,0,7,1346,1310,2184,TLAXCALA,0.616300366300366,286,0,0,0,0,,,,,,,,,,,,,,,,,,,,,,,,,,,,,,,,,,,,,,,,,,,,,,,,,,,,,,,,,,,,,,,,,,,,,,,,,,,,
ZACATELCO,29044,592,2004,November,0,109,429,299,0,,,60,,0,6,1180,1145,2163,TLAXCALA,0.545538603791031,242,0,0,0,0,,,,,,,,,,,,,,,,,,,,,,,,,,,,,,,,,,,,,,,,,,,,,,,,,,,,,,,,,,,,,,,,,,,,,,,,,,,,
ZACATELCO,29044,593,2004,November,0,151,366,369,0,,,15,,0,3,1175,1151,2100,TLAXCALA,0.55952380952381,247,0,0,0,0,,,,,,,,,,,,,,,,,,,,,,,,,,,,,,,,,,,,,,,,,,,,,,,,,,,,,,,,,,,,,,,,,,,,,,,,,,,,
ZACATELCO,29044,594,2004,November,0,61,208,277,0,,,43,,0,4,737,727,1296,TLAXCALA,0.568672839506173,134,0,0,0,0,,,,,,,,,,,,,,,,,,,,,,,,,,,,,,,,,,,,,,,,,,,,,,,,,,,,,,,,,,,,,,,,,,,,,,,,,,,,
ZACATELCO,29044,595,2004,November,0,81,294,352,0,,,150,,0,9,1071,1043,1769,TLAXCALA,0.605426794799322,157,0,0,0,0,,,,,,,,,,,,,,,,,,,,,,,,,,,,,,,,,,,,,,,,,,,,,,,,,,,,,,,,,,,,,,,,,,,,,,,,,,,,
ZACATELCO,29044,596,2004,November,0,35,295,207,0,,,64,,0,8,730,664,1092,TLAXCALA,0.668498168498168,55,0,0,0,0,,,,,,,,,,,,,,,,,,,,,,,,,,,,,,,,,,,,,,,,,,,,,,,,,,,,,,,,,,,,,,,,,,,,,,,,,,,,
ZACATELCO,29044,597,2004,November,0,37,455,186,0,,,56,,0,7,892,869,1378,TLAXCALA,0.647314949201742,128,0,0,0,0,,,,,,,,,,,,,,,,,,,,,,,,,,,,,,,,,,,,,,,,,,,,,,,,,,,,,,,,,,,,,,,,,,,,,,,,,,,,
ZACATELCO,29044,598,2004,November,0,59,360,175,0,,,54,,0,1,811,790,1464,TLAXCALA,0.55396174863388,141,0,0,0,0,,,,,,,,,,,,,,,,,,,,,,,,,,,,,,,,,,,,,,,,,,,,,,,,,,,,,,,,,,,,,,,,,,,,,,,,,,,,
ZACATELCO,29044,599,2004,November,0,47,326,271,0,,,53,,0,4,922,890,1661,TLAXCALA,0.555087296809151,189,0,0,0,0,,,,,,,,,,,,,,,,,,,,,,,,,,,,,,,,,,,,,,,,,,,,,,,,,,,,,,,,,,,,,,,,,,,,,,,,,,,,
ZACATELCO,29044,600,2004,November,0,66,409,375,0,,,101,,0,9,1258,1230,1987,TLAXCALA,0.633115249119275,270,0,0,0,0,,,,,,,,,,,,,,,,,,,,,,,,,,,,,,,,,,,,,,,,,,,,,,,,,,,,,,,,,,,,,,,,,,,,,,,,,,,,
ZACATELCO,29044,601,2004,November,0,61,441,336,0,,,57,,0,7,1177,1152,1896,TLAXCALA,0.6207805907173,250,0,0,0,0,,,,,,,,,,,,,,,,,,,,,,,,,,,,,,,,,,,,,,,,,,,,,,,,,,,,,,,,,,,,,,,,,,,,,,,,,,,,
ZITLALTEPEC DE TRINIDAD SANCHEZ SANTOS,29037,520,2004,November,0,43,181,33,0,,,86,,14,6,800,750,1323,TLAXCALA,0.604686318972033,387,0,0,0,0,,,,,,,,,,,,,,,,,,,,,,,,,,,,,,,,,,,,,,,,,,,,,,,,,,,,,,,,,,,,,,,,,,,,,,,,,,,,
ZITLALTEPEC DE TRINIDAD SANCHEZ SANTOS,29037,521,2004,November,0,26,205,17,0,,,54,,8,7,585,570,966,TLAXCALA,0.605590062111801,253,0,0,0,0,,,,,,,,,,,,,,,,,,,,,,,,,,,,,,,,,,,,,,,,,,,,,,,,,,,,,,,,,,,,,,,,,,,,,,,,,,,,
ZITLALTEPEC DE TRINIDAD SANCHEZ SANTOS,29037,522,2004,November,0,38,151,45,0,,,57,,27,18,664,643,1215,TLAXCALA,0.546502057613169,307,0,0,0,0,,,,,,,,,,,,,,,,,,,,,,,,,,,,,,,,,,,,,,,,,,,,,,,,,,,,,,,,,,,,,,,,,,,,,,,,,,,,
ZITLALTEPEC DE TRINIDAD SANCHEZ SANTOS,29037,523,2004,November,0,28,196,15,0,,,73,,19,11,759,722,1262,TLAXCALA,0.601426307448494,380,0,0,0,0,,,,,,,,,,,,,,,,,,,,,,,,,,,,,,,,,,,,,,,,,,,,,,,,,,,,,,,,,,,,,,,,,,,,,,,,,,,,
ZITLALTEPEC DE TRINIDAD SANCHEZ SANTOS,29037,524,2004,November,0,6,65,3,0,,,10,,3,12,309,281,401,TLAXCALA,0.770573566084788,182,0,0,0,0,,,,,,,,,,,,,,,,,,,,,,,,,,,,,,,,,,,,,,,,,,,,,,,,,,,,,,,,,,,,,,,,,,,,,,,,,,,,
ZITLALTEPEC DE TRINIDAD SANCHEZ SANTOS,29037,525,2004,November,0,53,129,31,0,,,23,,7,5,525,482,665,TLAXCALA,0.789473684210526,234,0,0,0,0,,,,,,,,,,,,,,,,,,,,,,,,,,,,,,,,,,,,,,,,,,,,,,,,,,,,,,,,,,,,,,,,,,,,,,,,,,,,
ZITLALTEPEC DE TRINIDAD SANCHEZ SANTOS,29037,526,2004,November,0,6,46,2,0,,,2,,0,0,88,78,148,TLAXCALA,0.594594594594595,22,0,0,0,0,,,,,,,,,,,,,,,,,,,,,,,,,,,,,,,,,,,,,,,,,,,,,,,,,,,,,,,,,,,,,,,,,,,,,,,,,,,,
ACUAMANALA DE MIGUEL HIDALGO,29022,309,2007,November,0,,233,0,0,,,0,0,0,,719,719,1009,TLAXCALA,0.712586719524281,200,,,,,286,0,0,0,,,,,,,,,,,,,,,,,,,,,,,,,,,,,,,,,,,,,,,,,,,,,,,,,,,,,,,,,,,,,,,,,,,,,,,,
ACUAMANALA DE MIGUEL HIDALGO,29022,310,2007,November,0,,371,0,0,,,0,0,0,,786,786,1059,TLAXCALA,0.742209631728045,151,,,,,264,0,0,0,,,,,,,,,,,,,,,,,,,,,,,,,,,,,,,,,,,,,,,,,,,,,,,,,,,,,,,,,,,,,,,,,,,,,,,,
ACUAMANALA DE MIGUEL HIDALGO,29022,311,2007,November,0,,301,0,0,,,0,0,0,,600,600,838,TLAXCALA,0.715990453460621,147,,,,,152,0,0,0,,,,,,,,,,,,,,,,,,,,,,,,,,,,,,,,,,,,,,,,,,,,,,,,,,,,,,,,,,,,,,,,,,,,,,,,
ACUAMANALA DE MIGUEL HIDALGO,29022,312,2007,November,0,,171,0,0,,,0,0,0,,429,429,516,TLAXCALA,0.831395348837209,128,,,,,130,0,0,0,,,,,,,,,,,,,,,,,,,,,,,,,,,,,,,,,,,,,,,,,,,,,,,,,,,,,,,,,,,,,,,,,,,,,,,,
AMAXAC DE GUERRERO,29001,1,2007,November,0,,179,33,0,,,0,4,0,,505,505,800,TLAXCALA,0.63125,145,,,,,85,0,59,0,,,,,,,,,,,,,,,,,,,,,,,,,,,,,,,,,,,,,,,,,,,,,,,,,,,,,,,,,,,,,,,,,,,,,,,,
AMAXAC DE GUERRERO,29001,2,2007,November,0,,340,75,0,,,0,27,0,,1462,1462,2424,TLAXCALA,0.603135313531353,532,,,,,286,0,202,0,,,,,,,,,,,,,,,,,,,,,,,,,,,,,,,,,,,,,,,,,,,,,,,,,,,,,,,,,,,,,,,,,,,,,,,,
AMAXAC DE GUERRERO,29001,3,2007,November,0,,347,59,0,,,0,23,0,,1399,1399,2302,TLAXCALA,0.607732406602954,481,,,,,290,0,199,0,,,,,,,,,,,,,,,,,,,,,,,,,,,,,,,,,,,,,,,,,,,,,,,,,,,,,,,,,,,,,,,,,,,,,,,,
AMAXAC DE GUERRERO,29001,4,2007,November,0,,45,26,0,,,0,3,0,,353,353,457,TLAXCALA,0.772428884026258,86,,,,,154,0,39,0,,,,,,,,,,,,,,,,,,,,,,,,,,,,,,,,,,,,,,,,,,,,,,,,,,,,,,,,,,,,,,,,,,,,,,,,
APETATITLAN DE ANTONIO CARVAJAL,29002,5,2007,November,141,,198,0,189,,,19,5,157,,1199,1199,1933,TLAXCALA,0.620279358510088,0,,,,,269,196,25,0,,,,,,,,,,,,,,,,,,,,,,,,,,,,,,,,,,,,,,,,,,,,,,,,,,,,,,,,,,,,,,,,,,,,,,,,
APETATITLAN DE ANTONIO CARVAJAL,29002,6,2007,November,144,,33,0,49,,,12,0,95,,479,479,838,TLAXCALA,0.571599045346062,0,,,,,127,18,1,0,,,,,,,,,,,,,,,,,,,,,,,,,,,,,,,,,,,,,,,,,,,,,,,,,,,,,,,,,,,,,,,,,,,,,,,,
APETATITLAN DE ANTONIO CARVAJAL,29002,7,2007,November,35,,20,0,21,,,1,0,46,,176,176,312,TLAXCALA,0.564102564102564,0,,,,,33,12,8,0,,,,,,,,,,,,,,,,,,,,,,,,,,,,,,,,,,,,,,,,,,,,,,,,,,,,,,,,,,,,,,,,,,,,,,,,
APETATITLAN DE ANTONIO CARVAJAL,29002,8,2007,November,163,,91,0,349,,,45,12,217,,1097,1097,1853,TLAXCALA,0.592012951969779,0,,,,,172,30,18,0,,,,,,,,,,,,,,,,,,,,,,,,,,,,,,,,,,,,,,,,,,,,,,,,,,,,,,,,,,,,,,,,,,,,,,,,
APETATITLAN DE ANTONIO CARVAJAL,29002,9,2007,November,212,,95,0,81,,,23,4,272,,1061,1061,1738,TLAXCALA,0.610471806674338,0,,,,,228,118,28,0,,,,,,,,,,,,,,,,,,,,,,,,,,,,,,,,,,,,,,,,,,,,,,,,,,,,,,,,,,,,,,,,,,,,,,,,
APETATITLAN DE ANTONIO CARVAJAL,29002,10,2007,November,164,,154,0,66,,,15,6,181,,1302,1302,1916,TLAXCALA,0.679540709812109,0,,,,,647,35,34,0,,,,,,,,,,,,,,,,,,,,,,,,,,,,,,,,,,,,,,,,,,,,,,,,,,,,,,,,,,,,,,,,,,,,,,,,
APETATITLAN DE ANTONIO CARVAJAL,29002,11,2007,November,95,,54,0,45,,,10,13,90,,420,420,620,TLAXCALA,0.67741935483871,0,,,,,95,18,0,0,,,,,,,,,,,,,,,,,,,,,,,,,,,,,,,,,,,,,,,,,,,,,,,,,,,,,,,,,,,,,,,,,,,,,,,,
APIZACO,29005,12,2007,November,0,,173,44,0,,,0,0,8,,634,634,1235,TLAXCALA,0.51336032388664,137,,,,,215,9,48,0,,,,,,,,,,,,,,,,,,,,,,,,,,,,,,,,,,,,,,,,,,,,,,,,,,,,,,,,,,,,,,,,,,,,,,,,
APIZACO,29005,13,2007,November,0,,298,53,0,,,0,0,16,,1012,1012,1776,TLAXCALA,0.56981981981982,329,,,,,274,11,31,0,,,,,,,,,,,,,,,,,,,,,,,,,,,,,,,,,,,,,,,,,,,,,,,,,,,,,,,,,,,,,,,,,,,,,,,,
APIZACO,29005,14,2007,November,0,,481,95,0,,,0,0,12,,1582,1582,2950,TLAXCALA,0.536271186440678,481,,,,,453,23,37,0,,,,,,,,,,,,,,,,,,,,,,,,,,,,,,,,,,,,,,,,,,,,,,,,,,,,,,,,,,,,,,,,,,,,,,,,
APIZACO,29005,15,2007,November,0,,193,43,0,,,0,0,4,,741,741,1417,TLAXCALA,0.522935779816514,194,,,,,260,7,40,0,,,,,,,,,,,,,,,,,,,,,,,,,,,,,,,,,,,,,,,,,,,,,,,,,,,,,,,,,,,,,,,,,,,,,,,,
APIZACO,29005,16,2007,November,0,,209,26,0,,,0,0,4,,692,692,1424,TLAXCALA,0.485955056179775,157,,,,,265,8,23,0,,,,,,,,,,,,,,,,,,,,,,,,,,,,,,,,,,,,,,,,,,,,,,,,,,,,,,,,,,,,,,,,,,,,,,,,
APIZACO,29005,17,2007,November,0,,187,67,0,,,0,0,6,,840,840,1558,TLAXCALA,0.539152759948652,247,,,,,281,12,40,0,,,,,,,,,,,,,,,,,,,,,,,,,,,,,,,,,,,,,,,,,,,,,,,,,,,,,,,,,,,,,,,,,,,,,,,,
APIZACO,29005,18,2007,November,0,,119,46,0,,,0,0,2,,729,729,1304,TLAXCALA,0.559049079754601,187,,,,,306,9,60,0,,,,,,,,,,,,,,,,,,,,,,,,,,,,,,,,,,,,,,,,,,,,,,,,,,,,,,,,,,,,,,,,,,,,,,,,
APIZACO,29005,19,2007,November,0,,154,11,0,,,0,0,1,,705,705,1245,TLAXCALA,0.566265060240964,154,,,,,361,7,17,0,,,,,,,,,,,,,,,,,,,,,,,,,,,,,,,,,,,,,,,,,,,,,,,,,,,,,,,,,,,,,,,,,,,,,,,,
APIZACO,29005,20,2007,November,0,,93,5,0,,,0,0,6,,370,370,708,TLAXCALA,0.522598870056497,84,,,,,166,2,14,0,,,,,,,,,,,,,,,,,,,,,,,,,,,,,,,,,,,,,,,,,,,,,,,,,,,,,,,,,,,,,,,,,,,,,,,,
APIZACO,29005,21,2007,November,0,,49,8,0,,,0,0,0,,198,198,358,TLAXCALA,0.553072625698324,56,,,,,74,2,9,0,,,,,,,,,,,,,,,,,,,,,,,,,,,,,,,,,,,,,,,,,,,,,,,,,,,,,,,,,,,,,,,,,,,,,,,,
APIZACO,29005,22,2007,November,0,,232,54,0,,,0,0,2,,804,804,1615,TLAXCALA,0.497832817337461,228,,,,,232,11,45,0,,,,,,,,,,,,,,,,,,,,,,,,,,,,,,,,,,,,,,,,,,,,,,,,,,,,,,,,,,,,,,,,,,,,,,,,
APIZACO,29005,23,2007,November,0,,84,32,0,,,0,0,6,,420,420,812,TLAXCALA,0.517241379310345,108,,,,,135,3,52,0,,,,,,,,,,,,,,,,,,,,,,,,,,,,,,,,,,,,,,,,,,,,,,,,,,,,,,,,,,,,,,,,,,,,,,,,
APIZACO,29005,24,2007,November,0,,105,38,0,,,0,0,2,,518,518,1021,TLAXCALA,0.507345739471107,144,,,,,193,9,27,0,,,,,,,,,,,,,,,,,,,,,,,,,,,,,,,,,,,,,,,,,,,,,,,,,,,,,,,,,,,,,,,,,,,,,,,,
APIZACO,29005,25,2007,November,0,,161,42,0,,,0,0,3,,768,768,1427,TLAXCALA,0.538192011212334,216,,,,,293,10,43,0,,,,,,,,,,,,,,,,,,,,,,,,,,,,,,,,,,,,,,,,,,,,,,,,,,,,,,,,,,,,,,,,,,,,,,,,
APIZACO,29005,26,2007,November,0,,172,43,0,,,0,0,15,,673,673,1376,TLAXCALA,0.489098837209302,204,,,,,185,8,46,0,,,,,,,,,,,,,,,,,,,,,,,,,,,,,,,,,,,,,,,,,,,,,,,,,,,,,,,,,,,,,,,,,,,,,,,,
APIZACO,29005,27,2007,November,0,,225,56,0,,,0,0,16,,912,912,1908,TLAXCALA,0.477987421383648,231,,,,,322,14,48,0,,,,,,,,,,,,,,,,,,,,,,,,,,,,,,,,,,,,,,,,,,,,,,,,,,,,,,,,,,,,,,,,,,,,,,,,
APIZACO,29005,28,2007,November,0,,266,48,0,,,0,0,8,,776,776,1699,TLAXCALA,0.456739258387287,166,,,,,216,20,52,0,,,,,,,,,,,,,,,,,,,,,,,,,,,,,,,,,,,,,,,,,,,,,,,,,,,,,,,,,,,,,,,,,,,,,,,,
APIZACO,29005,29,2007,November,0,,212,49,0,,,0,0,12,,884,884,1822,TLAXCALA,0.485181119648738,253,,,,,292,14,52,0,,,,,,,,,,,,,,,,,,,,,,,,,,,,,,,,,,,,,,,,,,,,,,,,,,,,,,,,,,,,,,,,,,,,,,,,
APIZACO,29005,30,2007,November,0,,573,90,0,,,0,0,4,,1692,1692,3747,TLAXCALA,0.451561248999199,339,,,,,571,25,90,0,,,,,,,,,,,,,,,,,,,,,,,,,,,,,,,,,,,,,,,,,,,,,,,,,,,,,,,,,,,,,,,,,,,,,,,,
APIZACO,29005,31,2007,November,0,,426,41,0,,,0,0,6,,1151,1151,2456,TLAXCALA,0.468648208469055,244,,,,,383,10,41,0,,,,,,,,,,,,,,,,,,,,,,,,,,,,,,,,,,,,,,,,,,,,,,,,,,,,,,,,,,,,,,,,,,,,,,,,
APIZACO,29005,32,2007,November,0,,165,49,0,,,0,0,4,,811,811,1746,TLAXCALA,0.464490263459336,229,,,,,272,17,75,0,,,,,,,,,,,,,,,,,,,,,,,,,,,,,,,,,,,,,,,,,,,,,,,,,,,,,,,,,,,,,,,,,,,,,,,,
APIZACO,29005,33,2007,November,0,,287,37,0,,,0,0,5,,847,847,1920,TLAXCALA,0.441145833333333,159,,,,,307,7,45,0,,,,,,,,,,,,,,,,,,,,,,,,,,,,,,,,,,,,,,,,,,,,,,,,,,,,,,,,,,,,,,,,,,,,,,,,
APIZACO,29005,34,2007,November,0,,186,82,0,,,0,0,4,,788,788,1457,TLAXCALA,0.540837336993823,209,,,,,251,10,46,0,,,,,,,,,,,,,,,,,,,,,,,,,,,,,,,,,,,,,,,,,,,,,,,,,,,,,,,,,,,,,,,,,,,,,,,,
APIZACO,29005,35,2007,November,0,,97,37,0,,,0,0,5,,568,568,1149,TLAXCALA,0.494342906875544,138,,,,,256,4,31,0,,,,,,,,,,,,,,,,,,,,,,,,,,,,,,,,,,,,,,,,,,,,,,,,,,,,,,,,,,,,,,,,,,,,,,,,
APIZACO,29005,36,2007,November,0,,203,48,0,,,0,0,3,,873,873,1811,TLAXCALA,0.48205411374931,234,,,,,323,13,49,0,,,,,,,,,,,,,,,,,,,,,,,,,,,,,,,,,,,,,,,,,,,,,,,,,,,,,,,,,,,,,,,,,,,,,,,,
APIZACO,29005,37,2007,November,0,,158,45,0,,,0,0,4,,724,724,1343,TLAXCALA,0.539091586001489,163,,,,,295,12,47,0,,,,,,,,,,,,,,,,,,,,,,,,,,,,,,,,,,,,,,,,,,,,,,,,,,,,,,,,,,,,,,,,,,,,,,,,
APIZACO,29005,38,2007,November,0,,161,10,0,,,0,0,10,,427,427,717,TLAXCALA,0.595536959553696,114,,,,,111,5,16,0,,,,,,,,,,,,,,,,,,,,,,,,,,,,,,,,,,,,,,,,,,,,,,,,,,,,,,,,,,,,,,,,,,,,,,,,
APIZACO,29005,39,2007,November,0,,184,19,0,,,0,0,6,,560,560,847,TLAXCALA,0.661157024793388,145,,,,,182,1,23,0,,,,,,,,,,,,,,,,,,,,,,,,,,,,,,,,,,,,,,,,,,,,,,,,,,,,,,,,,,,,,,,,,,,,,,,,
APIZACO,29005,40,2007,November,0,,419,31,0,,,0,0,6,,1273,1273,2025,TLAXCALA,0.628641975308642,310,,,,,456,4,47,0,,,,,,,,,,,,,,,,,,,,,,,,,,,,,,,,,,,,,,,,,,,,,,,,,,,,,,,,,,,,,,,,,,,,,,,,
APIZACO,29005,41,2007,November,0,,480,48,0,,,0,0,14,,1435,1435,2175,TLAXCALA,0.659770114942529,304,,,,,541,21,27,0,,,,,,,,,,,,,,,,,,,,,,,,,,,,,,,,,,,,,,,,,,,,,,,,,,,,,,,,,,,,,,,,,,,,,,,,
APIZACO,29005,42,2007,November,0,,83,14,0,,,0,0,2,,194,194,372,TLAXCALA,0.521505376344086,38,,,,,49,1,7,0,,,,,,,,,,,,,,,,,,,,,,,,,,,,,,,,,,,,,,,,,,,,,,,,,,,,,,,,,,,,,,,,,,,,,,,,
APIZACO,29005,43,2007,November,0,,382,62,0,,,0,0,9,,1035,1035,2190,TLAXCALA,0.472602739726027,235,,,,,272,17,58,0,,,,,,,,,,,,,,,,,,,,,,,,,,,,,,,,,,,,,,,,,,,,,,,,,,,,,,,,,,,,,,,,,,,,,,,,
APIZACO,29005,44,2007,November,0,,320,30,0,,,0,0,7,,849,849,1328,TLAXCALA,0.639307228915663,221,,,,,240,6,25,0,,,,,,,,,,,,,,,,,,,,,,,,,,,,,,,,,,,,,,,,,,,,,,,,,,,,,,,,,,,,,,,,,,,,,,,,
APIZACO,29005,45,2007,November,0,,50,9,0,,,0,0,0,,134,134,264,TLAXCALA,0.507575757575758,29,,,,,41,1,4,0,,,,,,,,,,,,,,,,,,,,,,,,,,,,,,,,,,,,,,,,,,,,,,,,,,,,,,,,,,,,,,,,,,,,,,,,
APIZACO,29005,46,2007,November,0,,271,48,0,,,0,0,6,,769,769,1211,TLAXCALA,0.635012386457473,239,,,,,183,5,17,0,,,,,,,,,,,,,,,,,,,,,,,,,,,,,,,,,,,,,,,,,,,,,,,,,,,,,,,,,,,,,,,,,,,,,,,,
APIZACO,29005,47,2007,November,0,,339,44,0,,,0,0,10,,857,857,1694,TLAXCALA,0.50590318772137,102,,,,,328,7,27,0,,,,,,,,,,,,,,,,,,,,,,,,,,,,,,,,,,,,,,,,,,,,,,,,,,,,,,,,,,,,,,,,,,,,,,,,
APIZACO,29005,48,2007,November,0,,35,16,0,,,0,0,2,,236,236,416,TLAXCALA,0.567307692307692,83,,,,,88,3,9,0,,,,,,,,,,,,,,,,,,,,,,,,,,,,,,,,,,,,,,,,,,,,,,,,,,,,,,,,,,,,,,,,,,,,,,,,
ATLANGATEPEC,29003,49,2007,November,0,,22,6,0,,,3,0,0,,407,407,585,TLAXCALA,0.695726495726496,71,,,,,224,0,81,0,,,,,,,,,,,,,,,,,,,,,,,,,,,,,,,,,,,,,,,,,,,,,,,,,,,,,,,,,,,,,,,,,,,,,,,,
ATLANGATEPEC,29003,50,2007,November,0,,12,0,0,,,0,0,0,,194,194,296,TLAXCALA,0.655405405405405,35,,,,,70,0,77,0,,,,,,,,,,,,,,,,,,,,,,,,,,,,,,,,,,,,,,,,,,,,,,,,,,,,,,,,,,,,,,,,,,,,,,,,
ATLANGATEPEC,29003,51,2007,November,0,,15,2,0,,,3,0,0,,178,178,253,TLAXCALA,0.703557312252965,25,,,,,49,0,84,0,,,,,,,,,,,,,,,,,,,,,,,,,,,,,,,,,,,,,,,,,,,,,,,,,,,,,,,,,,,,,,,,,,,,,,,,
ATLANGATEPEC,29003,52,2007,November,0,,2,2,0,,,0,0,0,,46,46,71,TLAXCALA,0.647887323943662,14,,,,,22,0,6,0,,,,,,,,,,,,,,,,,,,,,,,,,,,,,,,,,,,,,,,,,,,,,,,,,,,,,,,,,,,,,,,,,,,,,,,,
ATLANGATEPEC,29003,53,2007,November,0,,38,6,0,,,1,0,5,,587,587,977,TLAXCALA,0.600818833162743,104,,,,,292,0,141,0,,,,,,,,,,,,,,,,,,,,,,,,,,,,,,,,,,,,,,,,,,,,,,,,,,,,,,,,,,,,,,,,,,,,,,,,
ATLANGATEPEC,29003,54,2007,November,0,,14,3,0,,,0,0,2,,198,198,315,TLAXCALA,0.628571428571429,78,,,,,39,0,62,0,,,,,,,,,,,,,,,,,,,,,,,,,,,,,,,,,,,,,,,,,,,,,,,,,,,,,,,,,,,,,,,,,,,,,,,,
ATLANGATEPEC,29003,55,2007,November,0,,13,0,0,,,2,0,0,,178,178,271,TLAXCALA,0.656826568265683,48,,,,,74,0,41,0,,,,,,,,,,,,,,,,,,,,,,,,,,,,,,,,,,,,,,,,,,,,,,,,,,,,,,,,,,,,,,,,,,,,,,,,
ATLANGATEPEC,29003,56,2007,November,0,,48,8,0,,,0,0,1,,620,620,890,TLAXCALA,0.696629213483146,301,,,,,112,0,150,0,,,,,,,,,,,,,,,,,,,,,,,,,,,,,,,,,,,,,,,,,,,,,,,,,,,,,,,,,,,,,,,,,,,,,,,,
ATLANGATEPEC,29003,57,2007,November,0,,14,0,0,,,0,0,1,,172,172,289,TLAXCALA,0.595155709342561,67,,,,,72,0,18,0,,,,,,,,,,,,,,,,,,,,,,,,,,,,,,,,,,,,,,,,,,,,,,,,,,,,,,,,,,,,,,,,,,,,,,,,
ATLTZAYANCA,29004,59,2007,November,0,,66,0,0,,,200,0,1,,633,633,908,TLAXCALA,0.697136563876652,108,,,,,220,11,27,0,,,,,,,,,,,,,,,,,,,,,,,,,,,,,,,,,,,,,,,,,,,,,,,,,,,,,,,,,,,,,,,,,,,,,,,,
ATLTZAYANCA,29004,60,2007,November,0,,35,0,0,,,160,0,1,,389,389,575,TLAXCALA,0.676521739130435,37,,,,,134,4,18,0,,,,,,,,,,,,,,,,,,,,,,,,,,,,,,,,,,,,,,,,,,,,,,,,,,,,,,,,,,,,,,,,,,,,,,,,
ATLTZAYANCA,29004,61,2007,November,0,,35,0,0,,,48,0,2,,226,226,470,TLAXCALA,0.480851063829787,46,,,,,73,1,21,0,,,,,,,,,,,,,,,,,,,,,,,,,,,,,,,,,,,,,,,,,,,,,,,,,,,,,,,,,,,,,,,,,,,,,,,,
ATLTZAYANCA,29004,62,2007,November,0,,28,0,0,,,38,0,2,,163,163,264,TLAXCALA,0.617424242424242,55,,,,,26,4,10,0,,,,,,,,,,,,,,,,,,,,,,,,,,,,,,,,,,,,,,,,,,,,,,,,,,,,,,,,,,,,,,,,,,,,,,,,
ATLTZAYANCA,29004,63,2007,November,0,,28,0,0,,,26,0,0,,201,201,262,TLAXCALA,0.767175572519084,66,,,,,72,1,8,0,,,,,,,,,,,,,,,,,,,,,,,,,,,,,,,,,,,,,,,,,,,,,,,,,,,,,,,,,,,,,,,,,,,,,,,,
ATLTZAYANCA,29004,64,2007,November,0,,7,0,0,,,10,0,0,,127,127,177,TLAXCALA,0.717514124293785,42,,,,,56,4,8,0,,,,,,,,,,,,,,,,,,,,,,,,,,,,,,,,,,,,,,,,,,,,,,,,,,,,,,,,,,,,,,,,,,,,,,,,
ATLTZAYANCA,29004,65,2007,November,0,,6,0,0,,,20,0,0,,166,166,198,TLAXCALA,0.838383838383838,25,,,,,102,1,12,0,,,,,,,,,,,,,,,,,,,,,,,,,,,,,,,,,,,,,,,,,,,,,,,,,,,,,,,,,,,,,,,,,,,,,,,,
ATLTZAYANCA,29004,66,2007,November,0,,44,0,0,,,73,0,1,,283,283,411,TLAXCALA,0.688564476885645,45,,,,,51,38,31,0,,,,,,,,,,,,,,,,,,,,,,,,,,,,,,,,,,,,,,,,,,,,,,,,,,,,,,,,,,,,,,,,,,,,,,,,
ATLTZAYANCA,29004,67,2007,November,0,,41,0,0,,,34,0,0,,112,112,178,TLAXCALA,0.629213483146067,14,,,,,10,0,13,0,,,,,,,,,,,,,,,,,,,,,,,,,,,,,,,,,,,,,,,,,,,,,,,,,,,,,,,,,,,,,,,,,,,,,,,,
ATLTZAYANCA,29004,68,2007,November,0,,68,0,0,,,261,0,0,,969,969,1481,TLAXCALA,0.654287643484132,172,,,,,350,7,111,0,,,,,,,,,,,,,,,,,,,,,,,,,,,,,,,,,,,,,,,,,,,,,,,,,,,,,,,,,,,,,,,,,,,,,,,,
ATLTZAYANCA,29004,69,2007,November,0,,118,0,0,,,48,0,9,,452,452,656,TLAXCALA,0.689024390243902,109,,,,,63,3,102,0,,,,,,,,,,,,,,,,,,,,,,,,,,,,,,,,,,,,,,,,,,,,,,,,,,,,,,,,,,,,,,,,,,,,,,,,
ATLTZAYANCA,29004,70,2007,November,0,,31,0,0,,,121,0,1,,306,306,466,TLAXCALA,0.656652360515021,51,,,,,77,4,21,0,,,,,,,,,,,,,,,,,,,,,,,,,,,,,,,,,,,,,,,,,,,,,,,,,,,,,,,,,,,,,,,,,,,,,,,,
ATLTZAYANCA,29004,71,2007,November,0,,104,0,0,,,112,0,1,,494,494,717,TLAXCALA,0.688981868898187,86,,,,,120,7,64,0,,,,,,,,,,,,,,,,,,,,,,,,,,,,,,,,,,,,,,,,,,,,,,,,,,,,,,,,,,,,,,,,,,,,,,,,
ATLTZAYANCA,29004,72,2007,November,0,,50,0,0,,,128,0,1,,325,325,480,TLAXCALA,0.677083333333333,74,,,,,58,5,9,0,,,,,,,,,,,,,,,,,,,,,,,,,,,,,,,,,,,,,,,,,,,,,,,,,,,,,,,,,,,,,,,,,,,,,,,,
ATLTZAYANCA,29004,73,2007,November,0,,8,0,0,,,28,0,0,,119,119,179,TLAXCALA,0.664804469273743,15,,,,,52,2,14,0,,,,,,,,,,,,,,,,,,,,,,,,,,,,,,,,,,,,,,,,,,,,,,,,,,,,,,,,,,,,,,,,,,,,,,,,
ATLTZAYANCA,29004,74,2007,November,0,,82,0,0,,,166,0,0,,531,531,747,TLAXCALA,0.710843373493976,110,,,,,104,3,66,0,,,,,,,,,,,,,,,,,,,,,,,,,,,,,,,,,,,,,,,,,,,,,,,,,,,,,,,,,,,,,,,,,,,,,,,,
ATLTZAYANCA,29004,75,2007,November,0,,34,0,0,,,72,0,0,,232,232,325,TLAXCALA,0.713846153846154,37,,,,,42,11,36,0,,,,,,,,,,,,,,,,,,,,,,,,,,,,,,,,,,,,,,,,,,,,,,,,,,,,,,,,,,,,,,,,,,,,,,,,
ATLTZAYANCA,29004,76,2007,November,0,,12,0,0,,,32,0,0,,110,110,172,TLAXCALA,0.63953488372093,30,,,,,19,2,15,0,,,,,,,,,,,,,,,,,,,,,,,,,,,,,,,,,,,,,,,,,,,,,,,,,,,,,,,,,,,,,,,,,,,,,,,,
ATLTZAYANCA,29004,77,2007,November,0,,63,0,0,,,117,0,0,,726,726,1058,TLAXCALA,0.686200378071834,109,,,,,370,10,57,0,,,,,,,,,,,,,,,,,,,,,,,,,,,,,,,,,,,,,,,,,,,,,,,,,,,,,,,,,,,,,,,,,,,,,,,,
BENITO JUAREZ,29045,295,2007,November,0,,383,0,0,,,0,0,0,,1393,1393,2021,TLAXCALA,0.689262741217219,425,,,,,192,0,393,0,,,,,,,,,,,,,,,,,,,,,,,,,,,,,,,,,,,,,,,,,,,,,,,,,,,,,,,,,,,,,,,,,,,,,,,,
BENITO JUAREZ,29045,296,2007,November,0,,306,0,0,,,0,0,0,,905,905,1311,TLAXCALA,0.690312738367658,243,,,,,96,0,260,0,,,,,,,,,,,,,,,,,,,,,,,,,,,,,,,,,,,,,,,,,,,,,,,,,,,,,,,,,,,,,,,,,,,,,,,,
CALPULALPAN,29006,78,2007,November,0,,208,295,0,,,24,22,50,,1393,1393,2681,TLAXCALA,0.51958224543081,152,,,,,178,150,314,0,,,,,,,,,,,,,,,,,,,,,,,,,,,,,,,,,,,,,,,,,,,,,,,,,,,,,,,,,,,,,,,,,,,,,,,,
CALPULALPAN,29006,79,2007,November,0,,113,111,0,,,10,11,54,,633,633,1943,TLAXCALA,0.32578486875965,66,,,,,74,28,166,0,,,,,,,,,,,,,,,,,,,,,,,,,,,,,,,,,,,,,,,,,,,,,,,,,,,,,,,,,,,,,,,,,,,,,,,,
CALPULALPAN,29006,80,2007,November,0,,95,135,0,,,1,7,85,,742,742,1427,TLAXCALA,0.519971969166083,112,,,,,59,31,217,0,,,,,,,,,,,,,,,,,,,,,,,,,,,,,,,,,,,,,,,,,,,,,,,,,,,,,,,,,,,,,,,,,,,,,,,,
CALPULALPAN,29006,81,2007,November,0,,91,108,0,,,2,16,52,,739,739,1506,TLAXCALA,0.49070385126162,107,,,,,95,41,227,0,,,,,,,,,,,,,,,,,,,,,,,,,,,,,,,,,,,,,,,,,,,,,,,,,,,,,,,,,,,,,,,,,,,,,,,,
CALPULALPAN,29006,82,2007,November,0,,64,79,0,,,1,9,47,,570,570,1302,TLAXCALA,0.43778801843318,50,,,,,96,47,177,0,,,,,,,,,,,,,,,,,,,,,,,,,,,,,,,,,,,,,,,,,,,,,,,,,,,,,,,,,,,,,,,,,,,,,,,,
CALPULALPAN,29006,83,2007,November,0,,117,182,0,,,12,21,70,,1062,1062,2156,TLAXCALA,0.492578849721707,143,,,,,150,56,311,0,,,,,,,,,,,,,,,,,,,,,,,,,,,,,,,,,,,,,,,,,,,,,,,,,,,,,,,,,,,,,,,,,,,,,,,,
CALPULALPAN,29006,84,2007,November,0,,70,69,0,,,2,4,42,,466,466,853,TLAXCALA,0.54630715123095,58,,,,,58,20,143,0,,,,,,,,,,,,,,,,,,,,,,,,,,,,,,,,,,,,,,,,,,,,,,,,,,,,,,,,,,,,,,,,,,,,,,,,
CALPULALPAN,29006,85,2007,November,0,,170,178,0,,,18,28,32,,998,998,1810,TLAXCALA,0.551381215469613,120,,,,,151,42,259,0,,,,,,,,,,,,,,,,,,,,,,,,,,,,,,,,,,,,,,,,,,,,,,,,,,,,,,,,,,,,,,,,,,,,,,,,
CALPULALPAN,29006,86,2007,November,0,,131,155,0,,,7,75,33,,837,837,1383,TLAXCALA,0.605206073752712,83,,,,,125,65,163,0,,,,,,,,,,,,,,,,,,,,,,,,,,,,,,,,,,,,,,,,,,,,,,,,,,,,,,,,,,,,,,,,,,,,,,,,
CALPULALPAN,29006,87,2007,November,0,,29,84,0,,,7,4,15,,475,475,969,TLAXCALA,0.490196078431373,74,,,,,73,19,170,0,,,,,,,,,,,,,,,,,,,,,,,,,,,,,,,,,,,,,,,,,,,,,,,,,,,,,,,,,,,,,,,,,,,,,,,,
CALPULALPAN,29006,88,2007,November,0,,56,132,0,,,4,8,65,,648,648,1302,TLAXCALA,0.497695852534562,101,,,,,97,21,164,0,,,,,,,,,,,,,,,,,,,,,,,,,,,,,,,,,,,,,,,,,,,,,,,,,,,,,,,,,,,,,,,,,,,,,,,,
CALPULALPAN,29006,89,2007,November,0,,104,146,0,,,11,22,46,,892,892,1698,TLAXCALA,0.525323910482921,102,,,,,117,68,276,0,,,,,,,,,,,,,,,,,,,,,,,,,,,,,,,,,,,,,,,,,,,,,,,,,,,,,,,,,,,,,,,,,,,,,,,,
CALPULALPAN,29006,90,2007,November,0,,72,126,0,,,6,12,31,,780,780,1562,TLAXCALA,0.499359795134443,96,,,,,83,72,282,0,,,,,,,,,,,,,,,,,,,,,,,,,,,,,,,,,,,,,,,,,,,,,,,,,,,,,,,,,,,,,,,,,,,,,,,,
CALPULALPAN,29006,91,2007,November,0,,86,75,0,,,2,6,74,,388,388,590,TLAXCALA,0.657627118644068,18,,,,,20,6,101,0,,,,,,,,,,,,,,,,,,,,,,,,,,,,,,,,,,,,,,,,,,,,,,,,,,,,,,,,,,,,,,,,,,,,,,,,
CALPULALPAN,29006,92,2007,November,0,,255,191,0,,,11,18,15,,908,908,1493,TLAXCALA,0.608171466845278,62,,,,,103,68,185,0,,,,,,,,,,,,,,,,,,,,,,,,,,,,,,,,,,,,,,,,,,,,,,,,,,,,,,,,,,,,,,,,,,,,,,,,
CALPULALPAN,29006,93,2007,November,0,,112,169,0,,,8,8,10,,614,614,1067,TLAXCALA,0.575445173383318,40,,,,,75,21,171,0,,,,,,,,,,,,,,,,,,,,,,,,,,,,,,,,,,,,,,,,,,,,,,,,,,,,,,,,,,,,,,,,,,,,,,,,
CALPULALPAN,29006,94,2007,November,0,,32,205,0,,,7,11,8,,507,507,833,TLAXCALA,0.608643457382953,40,,,,,65,20,119,0,,,,,,,,,,,,,,,,,,,,,,,,,,,,,,,,,,,,,,,,,,,,,,,,,,,,,,,,,,,,,,,,,,,,,,,,
CALPULALPAN,29006,95,2007,November,0,,34,33,0,,,4,1,1,,173,173,323,TLAXCALA,0.535603715170279,27,,,,,35,7,31,0,,,,,,,,,,,,,,,,,,,,,,,,,,,,,,,,,,,,,,,,,,,,,,,,,,,,,,,,,,,,,,,,,,,,,,,,
CALPULALPAN,29006,96,2007,November,0,,34,53,0,,,4,4,1,,287,287,487,TLAXCALA,0.589322381930185,24,,,,,29,61,77,0,,,,,,,,,,,,,,,,,,,,,,,,,,,,,,,,,,,,,,,,,,,,,,,,,,,,,,,,,,,,,,,,,,,,,,,,
CALPULALPAN,29006,97,2007,November,0,,59,87,0,,,7,32,10,,371,371,665,TLAXCALA,0.557894736842105,15,,,,,41,73,47,0,,,,,,,,,,,,,,,,,,,,,,,,,,,,,,,,,,,,,,,,,,,,,,,,,,,,,,,,,,,,,,,,,,,,,,,,
CALPULALPAN,29006,98,2007,November,0,,39,37,0,,,11,37,12,,625,625,1333,TLAXCALA,0.468867216804201,67,,,,,105,193,124,0,,,,,,,,,,,,,,,,,,,,,,,,,,,,,,,,,,,,,,,,,,,,,,,,,,,,,,,,,,,,,,,,,,,,,,,,
CALPULALPAN,29006,99,2007,November,0,,1,2,0,,,0,2,1,,42,42,59,TLAXCALA,0.711864406779661,25,,,,,4,6,1,0,,,,,,,,,,,,,,,,,,,,,,,,,,,,,,,,,,,,,,,,,,,,,,,,,,,,,,,,,,,,,,,,,,,,,,,,
CHIAUTEMPAN,29010,122,2007,November,0,,331,80,0,,,0,0,12,,870,870,1459,TLAXCALA,0.596298834818369,212,,,,,224,0,11,0,,,,,,,,,,,,,,,,,,,,,,,,,,,,,,,,,,,,,,,,,,,,,,,,,,,,,,,,,,,,,,,,,,,,,,,,
CHIAUTEMPAN,29010,123,2007,November,0,,272,65,0,,,0,0,3,,826,826,1459,TLAXCALA,0.56614119259767,186,,,,,276,0,24,0,,,,,,,,,,,,,,,,,,,,,,,,,,,,,,,,,,,,,,,,,,,,,,,,,,,,,,,,,,,,,,,,,,,,,,,,
CHIAUTEMPAN,29010,124,2007,November,0,,360,52,0,,,0,0,11,,795,795,1586,TLAXCALA,0.501261034047919,132,,,,,232,0,8,0,,,,,,,,,,,,,,,,,,,,,,,,,,,,,,,,,,,,,,,,,,,,,,,,,,,,,,,,,,,,,,,,,,,,,,,,
CHIAUTEMPAN,29010,125,2007,November,0,,312,84,0,,,0,0,5,,747,747,1471,TLAXCALA,0.507817811012916,154,,,,,185,0,7,0,,,,,,,,,,,,,,,,,,,,,,,,,,,,,,,,,,,,,,,,,,,,,,,,,,,,,,,,,,,,,,,,,,,,,,,,
CHIAUTEMPAN,29010,126,2007,November,0,,354,160,0,,,0,0,9,,914,914,1551,TLAXCALA,0.5892972275951,259,,,,,126,0,6,0,,,,,,,,,,,,,,,,,,,,,,,,,,,,,,,,,,,,,,,,,,,,,,,,,,,,,,,,,,,,,,,,,,,,,,,,
CHIAUTEMPAN,29010,127,2007,November,0,,462,176,0,,,0,0,11,,1243,1243,2254,TLAXCALA,0.551464063886424,298,,,,,241,0,55,0,,,,,,,,,,,,,,,,,,,,,,,,,,,,,,,,,,,,,,,,,,,,,,,,,,,,,,,,,,,,,,,,,,,,,,,,
CHIAUTEMPAN,29010,128,2007,November,0,,161,110,0,,,0,0,11,,525,525,1143,TLAXCALA,0.459317585301837,100,,,,,129,0,14,0,,,,,,,,,,,,,,,,,,,,,,,,,,,,,,,,,,,,,,,,,,,,,,,,,,,,,,,,,,,,,,,,,,,,,,,,
CHIAUTEMPAN,29010,129,2007,November,0,,149,37,0,,,0,0,12,,599,599,1187,TLAXCALA,0.504633529907329,147,,,,,228,0,26,0,,,,,,,,,,,,,,,,,,,,,,,,,,,,,,,,,,,,,,,,,,,,,,,,,,,,,,,,,,,,,,,,,,,,,,,,
CHIAUTEMPAN,29010,130,2007,November,0,,136,34,0,,,0,0,9,,518,518,910,TLAXCALA,0.569230769230769,118,,,,,197,0,24,0,,,,,,,,,,,,,,,,,,,,,,,,,,,,,,,,,,,,,,,,,,,,,,,,,,,,,,,,,,,,,,,,,,,,,,,,
CHIAUTEMPAN,29010,131,2007,November,0,,213,94,0,,,0,0,2,,688,688,1326,TLAXCALA,0.518853695324284,138,,,,,221,0,20,0,,,,,,,,,,,,,,,,,,,,,,,,,,,,,,,,,,,,,,,,,,,,,,,,,,,,,,,,,,,,,,,,,,,,,,,,
CHIAUTEMPAN,29010,132,2007,November,0,,280,78,0,,,0,0,7,,723,723,1229,TLAXCALA,0.588283157038243,139,,,,,211,0,8,0,,,,,,,,,,,,,,,,,,,,,,,,,,,,,,,,,,,,,,,,,,,,,,,,,,,,,,,,,,,,,,,,,,,,,,,,
CHIAUTEMPAN,29010,133,2007,November,0,,231,30,0,,,0,0,13,,684,684,1120,TLAXCALA,0.610714285714286,142,,,,,254,0,14,0,,,,,,,,,,,,,,,,,,,,,,,,,,,,,,,,,,,,,,,,,,,,,,,,,,,,,,,,,,,,,,,,,,,,,,,,
CHIAUTEMPAN,29010,134,2007,November,0,,103,100,0,,,0,0,4,,387,387,913,TLAXCALA,0.423877327491785,81,,,,,91,0,8,0,,,,,,,,,,,,,,,,,,,,,,,,,,,,,,,,,,,,,,,,,,,,,,,,,,,,,,,,,,,,,,,,,,,,,,,,
CHIAUTEMPAN,29010,135,2007,November,0,,120,64,0,,,0,0,7,,431,431,1003,TLAXCALA,0.429710867397807,103,,,,,122,0,15,0,,,,,,,,,,,,,,,,,,,,,,,,,,,,,,,,,,,,,,,,,,,,,,,,,,,,,,,,,,,,,,,,,,,,,,,,
CHIAUTEMPAN,29010,136,2007,November,0,,40,9,0,,,0,0,10,,223,223,528,TLAXCALA,0.422348484848485,66,,,,,91,0,7,0,,,,,,,,,,,,,,,,,,,,,,,,,,,,,,,,,,,,,,,,,,,,,,,,,,,,,,,,,,,,,,,,,,,,,,,,
CHIAUTEMPAN,29010,137,2007,November,0,,442,92,0,,,0,0,16,,1056,1056,1798,TLAXCALA,0.587319243604004,289,,,,,192,0,25,0,,,,,,,,,,,,,,,,,,,,,,,,,,,,,,,,,,,,,,,,,,,,,,,,,,,,,,,,,,,,,,,,,,,,,,,,
CHIAUTEMPAN,29010,138,2007,November,0,,269,93,0,,,0,0,3,,734,734,1384,TLAXCALA,0.530346820809249,115,,,,,233,0,21,0,,,,,,,,,,,,,,,,,,,,,,,,,,,,,,,,,,,,,,,,,,,,,,,,,,,,,,,,,,,,,,,,,,,,,,,,
CHIAUTEMPAN,29010,139,2007,November,0,,359,126,0,,,0,0,16,,1298,1298,2617,TLAXCALA,0.495987772258311,257,,,,,511,0,29,0,,,,,,,,,,,,,,,,,,,,,,,,,,,,,,,,,,,,,,,,,,,,,,,,,,,,,,,,,,,,,,,,,,,,,,,,
CHIAUTEMPAN,29010,140,2007,November,0,,220,92,0,,,0,0,9,,652,652,1308,TLAXCALA,0.498470948012232,146,,,,,170,0,15,0,,,,,,,,,,,,,,,,,,,,,,,,,,,,,,,,,,,,,,,,,,,,,,,,,,,,,,,,,,,,,,,,,,,,,,,,
CHIAUTEMPAN,29010,141,2007,November,0,,699,274,0,,,0,0,11,,1824,1824,3310,TLAXCALA,0.551057401812689,449,,,,,348,0,43,0,,,,,,,,,,,,,,,,,,,,,,,,,,,,,,,,,,,,,,,,,,,,,,,,,,,,,,,,,,,,,,,,,,,,,,,,
CHIAUTEMPAN,29010,142,2007,November,0,,284,118,0,,,0,0,8,,823,823,1451,TLAXCALA,0.567195037904893,172,,,,,222,0,19,0,,,,,,,,,,,,,,,,,,,,,,,,,,,,,,,,,,,,,,,,,,,,,,,,,,,,,,,,,,,,,,,,,,,,,,,,
CHIAUTEMPAN,29010,143,2007,November,0,,275,74,0,,,0,0,6,,836,836,1490,TLAXCALA,0.561073825503356,239,,,,,227,0,15,0,,,,,,,,,,,,,,,,,,,,,,,,,,,,,,,,,,,,,,,,,,,,,,,,,,,,,,,,,,,,,,,,,,,,,,,,
CHIAUTEMPAN,29010,144,2007,November,0,,413,167,0,,,0,0,22,,1161,1161,2112,TLAXCALA,0.549715909090909,291,,,,,251,0,17,0,,,,,,,,,,,,,,,,,,,,,,,,,,,,,,,,,,,,,,,,,,,,,,,,,,,,,,,,,,,,,,,,,,,,,,,,
CHIAUTEMPAN,29010,145,2007,November,0,,287,124,0,,,0,0,8,,767,767,1338,TLAXCALA,0.573243647234679,185,,,,,158,0,5,0,,,,,,,,,,,,,,,,,,,,,,,,,,,,,,,,,,,,,,,,,,,,,,,,,,,,,,,,,,,,,,,,,,,,,,,,
CHIAUTEMPAN,29010,146,2007,November,0,,240,209,0,,,0,0,5,,760,760,1462,TLAXCALA,0.51983584131327,169,,,,,125,0,12,0,,,,,,,,,,,,,,,,,,,,,,,,,,,,,,,,,,,,,,,,,,,,,,,,,,,,,,,,,,,,,,,,,,,,,,,,
CHIAUTEMPAN,29010,147,2007,November,0,,181,122,0,,,0,0,5,,591,591,1282,TLAXCALA,0.460998439937598,149,,,,,125,0,9,0,,,,,,,,,,,,,,,,,,,,,,,,,,,,,,,,,,,,,,,,,,,,,,,,,,,,,,,,,,,,,,,,,,,,,,,,
CHIAUTEMPAN,29010,148,2007,November,0,,179,125,0,,,0,0,6,,555,555,1138,TLAXCALA,0.487697715289982,138,,,,,93,0,14,0,,,,,,,,,,,,,,,,,,,,,,,,,,,,,,,,,,,,,,,,,,,,,,,,,,,,,,,,,,,,,,,,,,,,,,,,
CHIAUTEMPAN,29010,149,2007,November,0,,285,192,0,,,0,0,8,,982,982,2440,TLAXCALA,0.402459016393443,231,,,,,245,0,21,0,,,,,,,,,,,,,,,,,,,,,,,,,,,,,,,,,,,,,,,,,,,,,,,,,,,,,,,,,,,,,,,,,,,,,,,,
CHIAUTEMPAN,29010,150,2007,November,0,,68,10,0,,,0,0,0,,195,195,1374,TLAXCALA,0.141921397379913,36,,,,,78,0,3,0,,,,,,,,,,,,,,,,,,,,,,,,,,,,,,,,,,,,,,,,,,,,,,,,,,,,,,,,,,,,,,,,,,,,,,,,
CHIAUTEMPAN,29010,156,2007,November,0,,247,85,0,,,0,0,5,,635,635,1212,TLAXCALA,0.523927392739274,139,,,,,146,0,13,0,,,,,,,,,,,,,,,,,,,,,,,,,,,,,,,,,,,,,,,,,,,,,,,,,,,,,,,,,,,,,,,,,,,,,,,,
CHIAUTEMPAN,29010,157,2007,November,0,,194,67,0,,,0,0,6,,443,443,856,TLAXCALA,0.517523364485981,74,,,,,99,0,3,0,,,,,,,,,,,,,,,,,,,,,,,,,,,,,,,,,,,,,,,,,,,,,,,,,,,,,,,,,,,,,,,,,,,,,,,,
CONTLA DE JUAN CUAMATZI,29018,267,2007,November,0,,143,14,0,,,12,0,45,,971,971,1515,TLAXCALA,0.640924092409241,211,,,,,431,36,79,0,,,,,,,,,,,,,,,,,,,,,,,,,,,,,,,,,,,,,,,,,,,,,,,,,,,,,,,,,,,,,,,,,,,,,,,,
CONTLA DE JUAN CUAMATZI,29018,268,2007,November,0,,214,34,0,,,88,0,14,,1109,1109,1829,TLAXCALA,0.606342263531985,319,,,,,262,29,149,0,,,,,,,,,,,,,,,,,,,,,,,,,,,,,,,,,,,,,,,,,,,,,,,,,,,,,,,,,,,,,,,,,,,,,,,,
CONTLA DE JUAN CUAMATZI,29018,269,2007,November,0,,212,30,0,,,37,0,11,,928,928,1480,TLAXCALA,0.627027027027027,236,,,,,217,38,147,0,,,,,,,,,,,,,,,,,,,,,,,,,,,,,,,,,,,,,,,,,,,,,,,,,,,,,,,,,,,,,,,,,,,,,,,,
CONTLA DE JUAN CUAMATZI,29018,270,2007,November,0,,140,30,0,,,54,0,13,,665,665,1001,TLAXCALA,0.664335664335664,100,,,,,161,29,138,0,,,,,,,,,,,,,,,,,,,,,,,,,,,,,,,,,,,,,,,,,,,,,,,,,,,,,,,,,,,,,,,,,,,,,,,,
CONTLA DE JUAN CUAMATZI,29018,271,2007,November,0,,186,35,0,,,67,0,5,,1038,1038,1622,TLAXCALA,0.639950678175092,226,,,,,296,10,213,0,,,,,,,,,,,,,,,,,,,,,,,,,,,,,,,,,,,,,,,,,,,,,,,,,,,,,,,,,,,,,,,,,,,,,,,,
CONTLA DE JUAN CUAMATZI,29018,272,2007,November,0,,353,40,0,,,36,0,27,,1483,1483,2541,TLAXCALA,0.583628492719402,420,,,,,482,43,82,0,,,,,,,,,,,,,,,,,,,,,,,,,,,,,,,,,,,,,,,,,,,,,,,,,,,,,,,,,,,,,,,,,,,,,,,,
CONTLA DE JUAN CUAMATZI,29018,273,2007,November,0,,193,18,0,,,13,0,23,,1083,1083,1669,TLAXCALA,0.648891551827442,274,,,,,473,23,66,0,,,,,,,,,,,,,,,,,,,,,,,,,,,,,,,,,,,,,,,,,,,,,,,,,,,,,,,,,,,,,,,,,,,,,,,,
CONTLA DE JUAN CUAMATZI,29018,274,2007,November,0,,97,87,0,,,109,0,9,,711,711,964,TLAXCALA,0.737551867219917,156,,,,,153,10,90,0,,,,,,,,,,,,,,,,,,,,,,,,,,,,,,,,,,,,,,,,,,,,,,,,,,,,,,,,,,,,,,,,,,,,,,,,
CONTLA DE JUAN CUAMATZI,29018,275,2007,November,0,,90,11,0,,,319,0,10,,867,867,1318,TLAXCALA,0.657814871016692,189,,,,,168,15,65,0,,,,,,,,,,,,,,,,,,,,,,,,,,,,,,,,,,,,,,,,,,,,,,,,,,,,,,,,,,,,,,,,,,,,,,,,
CONTLA DE JUAN CUAMATZI,29018,276,2007,November,0,,71,16,0,,,243,0,18,,897,897,1420,TLAXCALA,0.631690140845071,255,,,,,196,20,78,0,,,,,,,,,,,,,,,,,,,,,,,,,,,,,,,,,,,,,,,,,,,,,,,,,,,,,,,,,,,,,,,,,,,,,,,,
CONTLA DE JUAN CUAMATZI,29018,277,2007,November,0,,37,19,0,,,42,0,5,,264,264,340,TLAXCALA,0.776470588235294,45,,,,,81,6,29,0,,,,,,,,,,,,,,,,,,,,,,,,,,,,,,,,,,,,,,,,,,,,,,,,,,,,,,,,,,,,,,,,,,,,,,,,
CONTLA DE JUAN CUAMATZI,29018,278,2007,November,0,,62,15,0,,,18,0,2,,271,271,440,TLAXCALA,0.615909090909091,10,,,,,47,5,112,0,,,,,,,,,,,,,,,,,,,,,,,,,,,,,,,,,,,,,,,,,,,,,,,,,,,,,,,,,,,,,,,,,,,,,,,,
CONTLA DE JUAN CUAMATZI,29018,279,2007,November,0,,192,21,0,,,60,0,5,,831,831,1395,TLAXCALA,0.595698924731183,219,,,,,116,20,198,0,,,,,,,,,,,,,,,,,,,,,,,,,,,,,,,,,,,,,,,,,,,,,,,,,,,,,,,,,,,,,,,,,,,,,,,,
CONTLA DE JUAN CUAMATZI,29018,280,2007,November,0,,59,5,0,,,12,0,0,,250,250,390,TLAXCALA,0.641025641025641,85,,,,,46,4,39,0,,,,,,,,,,,,,,,,,,,,,,,,,,,,,,,,,,,,,,,,,,,,,,,,,,,,,,,,,,,,,,,,,,,,,,,,
CONTLA DE JUAN CUAMATZI,29018,281,2007,November,0,,101,42,0,,,20,0,11,,662,662,1557,TLAXCALA,0.425176621708414,127,,,,,134,24,203,0,,,,,,,,,,,,,,,,,,,,,,,,,,,,,,,,,,,,,,,,,,,,,,,,,,,,,,,,,,,,,,,,,,,,,,,,
CONTLA DE JUAN CUAMATZI,29018,282,2007,November,0,,29,2,0,,,6,0,3,,177,177,323,TLAXCALA,0.547987616099071,41,,,,,39,3,54,0,,,,,,,,,,,,,,,,,,,,,,,,,,,,,,,,,,,,,,,,,,,,,,,,,,,,,,,,,,,,,,,,,,,,,,,,
CONTLA DE JUAN CUAMATZI,29018,283,2007,November,0,,193,27,0,,,52,0,6,,802,802,1222,TLAXCALA,0.656301145662848,168,,,,,281,9,66,0,,,,,,,,,,,,,,,,,,,,,,,,,,,,,,,,,,,,,,,,,,,,,,,,,,,,,,,,,,,,,,,,,,,,,,,,
CUAPIAXTLA,29008,107,2007,November,0,,125,43,0,,,0,0,0,,1170,1170,1985,TLAXCALA,0.589420654911839,534,,,,,468,0,0,0,,,,,,,,,,,,,,,,,,,,,,,,,,,,,,,,,,,,,,,,,,,,,,,,,,,,,,,,,,,,,,,,,,,,,,,,
CUAPIAXTLA,29008,108,2007,November,0,,106,24,0,,,0,0,0,,797,797,1301,TLAXCALA,0.61260568793236,346,,,,,321,0,0,0,,,,,,,,,,,,,,,,,,,,,,,,,,,,,,,,,,,,,,,,,,,,,,,,,,,,,,,,,,,,,,,,,,,,,,,,
CUAPIAXTLA,29008,109,2007,November,0,,145,20,0,,,0,0,0,,977,977,1669,TLAXCALA,0.585380467345716,445,,,,,367,0,0,0,,,,,,,,,,,,,,,,,,,,,,,,,,,,,,,,,,,,,,,,,,,,,,,,,,,,,,,,,,,,,,,,,,,,,,,,
CUAPIAXTLA,29008,110,2007,November,0,,313,8,0,,,0,0,0,,676,676,1061,TLAXCALA,0.637134778510839,120,,,,,235,0,0,0,,,,,,,,,,,,,,,,,,,,,,,,,,,,,,,,,,,,,,,,,,,,,,,,,,,,,,,,,,,,,,,,,,,,,,,,
CUAPIAXTLA,29008,111,2007,November,0,,38,0,0,,,0,0,0,,175,175,207,TLAXCALA,0.845410628019324,61,,,,,76,0,0,0,,,,,,,,,,,,,,,,,,,,,,,,,,,,,,,,,,,,,,,,,,,,,,,,,,,,,,,,,,,,,,,,,,,,,,,,
CUAPIAXTLA,29008,112,2007,November,0,,4,4,0,,,0,0,0,,86,86,125,TLAXCALA,0.688,36,,,,,42,0,0,0,,,,,,,,,,,,,,,,,,,,,,,,,,,,,,,,,,,,,,,,,,,,,,,,,,,,,,,,,,,,,,,,,,,,,,,,
CUAPIAXTLA,29008,113,2007,November,0,,18,3,0,,,0,0,0,,152,152,224,TLAXCALA,0.678571428571429,73,,,,,58,0,0,0,,,,,,,,,,,,,,,,,,,,,,,,,,,,,,,,,,,,,,,,,,,,,,,,,,,,,,,,,,,,,,,,,,,,,,,,
CUAPIAXTLA,29008,114,2007,November,0,,126,12,0,,,0,0,0,,405,405,589,TLAXCALA,0.687606112054329,118,,,,,149,0,0,0,,,,,,,,,,,,,,,,,,,,,,,,,,,,,,,,,,,,,,,,,,,,,,,,,,,,,,,,,,,,,,,,,,,,,,,,
CUAPIAXTLA,29008,115,2007,November,0,,75,0,0,,,0,0,0,,237,237,300,TLAXCALA,0.79,90,,,,,72,0,0,0,,,,,,,,,,,,,,,,,,,,,,,,,,,,,,,,,,,,,,,,,,,,,,,,,,,,,,,,,,,,,,,,,,,,,,,,
CUAPIAXTLA,29008,116,2007,November,0,,108,5,0,,,0,0,0,,223,223,270,TLAXCALA,0.825925925925926,45,,,,,65,0,0,0,,,,,,,,,,,,,,,,,,,,,,,,,,,,,,,,,,,,,,,,,,,,,,,,,,,,,,,,,,,,,,,,,,,,,,,,
CUAXOMULCO,29009,117,2007,November,0,,204,120,0,,,0,0,0,,773,773,1081,TLAXCALA,0.715078630897317,63,,,,,386,0,0,0,,,,,,,,,,,,,,,,,,,,,,,,,,,,,,,,,,,,,,,,,,,,,,,,,,,,,,,,,,,,,,,,,,,,,,,,
CUAXOMULCO,29009,118,2007,November,0,,150,50,0,,,0,0,0,,614,614,825,TLAXCALA,0.744242424242424,250,,,,,164,0,0,0,,,,,,,,,,,,,,,,,,,,,,,,,,,,,,,,,,,,,,,,,,,,,,,,,,,,,,,,,,,,,,,,,,,,,,,,
CUAXOMULCO,29009,119,2007,November,0,,88,45,0,,,0,0,0,,330,330,450,TLAXCALA,0.733333333333333,88,,,,,109,0,0,0,,,,,,,,,,,,,,,,,,,,,,,,,,,,,,,,,,,,,,,,,,,,,,,,,,,,,,,,,,,,,,,,,,,,,,,,
CUAXOMULCO,29009,120,2007,November,0,,47,4,0,,,0,0,0,,148,148,171,TLAXCALA,0.865497076023392,26,,,,,71,0,0,0,,,,,,,,,,,,,,,,,,,,,,,,,,,,,,,,,,,,,,,,,,,,,,,,,,,,,,,,,,,,,,,,,,,,,,,,
CUAXOMULCO,29009,121,2007,November,0,,122,100,0,,,0,0,0,,634,634,876,TLAXCALA,0.723744292237443,179,,,,,233,0,0,0,,,,,,,,,,,,,,,,,,,,,,,,,,,,,,,,,,,,,,,,,,,,,,,,,,,,,,,,,,,,,,,,,,,,,,,,
EL CARMEN TEQUEXQUITLA,29007,100,2007,November,296,,334,206,0,,,0,0,0,,1107,1107,2177,TLAXCALA,0.508497932935232,0,,,,,271,0,0,0,,,,,,,,,,,,,,,,,,,,,,,,,,,,,,,,,,,,,,,,,,,,,,,,,,,,,,,,,,,,,,,,,,,,,,,,
EL CARMEN TEQUEXQUITLA,29007,101,2007,November,217,,304,180,0,,,0,0,0,,983,983,1816,TLAXCALA,0.541299559471366,0,,,,,282,0,0,0,,,,,,,,,,,,,,,,,,,,,,,,,,,,,,,,,,,,,,,,,,,,,,,,,,,,,,,,,,,,,,,,,,,,,,,,
EL CARMEN TEQUEXQUITLA,29007,102,2007,November,402,,327,85,0,,,0,0,0,,1041,1041,1875,TLAXCALA,0.5552,0,,,,,227,0,0,0,,,,,,,,,,,,,,,,,,,,,,,,,,,,,,,,,,,,,,,,,,,,,,,,,,,,,,,,,,,,,,,,,,,,,,,,
EL CARMEN TEQUEXQUITLA,29007,103,2007,November,136,,156,32,0,,,0,0,0,,508,508,947,TLAXCALA,0.536430834213305,0,,,,,184,0,0,0,,,,,,,,,,,,,,,,,,,,,,,,,,,,,,,,,,,,,,,,,,,,,,,,,,,,,,,,,,,,,,,,,,,,,,,,
EL CARMEN TEQUEXQUITLA,29007,104,2007,November,134,,212,235,0,,,0,0,0,,800,800,1422,TLAXCALA,0.562587904360056,0,,,,,219,0,0,0,,,,,,,,,,,,,,,,,,,,,,,,,,,,,,,,,,,,,,,,,,,,,,,,,,,,,,,,,,,,,,,,,,,,,,,,
EL CARMEN TEQUEXQUITLA,29007,105,2007,November,51,,56,14,0,,,0,0,0,,205,205,285,TLAXCALA,0.719298245614035,0,,,,,84,0,0,0,,,,,,,,,,,,,,,,,,,,,,,,,,,,,,,,,,,,,,,,,,,,,,,,,,,,,,,,,,,,,,,,,,,,,,,,
EL CARMEN TEQUEXQUITLA,29007,106,2007,November,15,,31,17,0,,,0,0,0,,98,98,161,TLAXCALA,0.608695652173913,0,,,,,35,0,0,0,,,,,,,,,,,,,,,,,,,,,,,,,,,,,,,,,,,,,,,,,,,,,,,,,,,,,,,,,,,,,,,,,,,,,,,,
EMILIANO ZAPATA,29046,400,2007,November,0,,23,0,0,,,6,0,0,,61,61,100,TLAXCALA,0.61,22,,,,,5,4,1,0,,,,,,,,,,,,,,,,,,,,,,,,,,,,,,,,,,,,,,,,,,,,,,,,,,,,,,,,,,,,,,,,,,,,,,,,
EMILIANO ZAPATA,29046,401,2007,November,0,,23,0,0,,,0,0,0,,99,99,140,TLAXCALA,0.707142857142857,53,,,,,18,4,1,0,,,,,,,,,,,,,,,,,,,,,,,,,,,,,,,,,,,,,,,,,,,,,,,,,,,,,,,,,,,,,,,,,,,,,,,,
EMILIANO ZAPATA,29046,607,2007,November,0,,324,0,0,,,38,0,0,,1095,1095,1694,TLAXCALA,0.646399055489965,404,,,,,121,194,14,0,,,,,,,,,,,,,,,,,,,,,,,,,,,,,,,,,,,,,,,,,,,,,,,,,,,,,,,,,,,,,,,,,,,,,,,,
EMILIANO ZAPATA,29046,608,2007,November,0,,165,0,0,,,17,0,0,,381,381,541,TLAXCALA,0.704251386321627,69,,,,,16,12,102,0,,,,,,,,,,,,,,,,,,,,,,,,,,,,,,,,,,,,,,,,,,,,,,,,,,,,,,,,,,,,,,,,,,,,,,,,
ESPANITA,29012,165,2007,November,0,,124,0,0,,,0,0,0,,934,934,1528,TLAXCALA,0.611256544502618,132,,,,,488,13,177,0,,,,,,,,,,,,,,,,,,,,,,,,,,,,,,,,,,,,,,,,,,,,,,,,,,,,,,,,,,,,,,,,,,,,,,,,
ESPANITA,29012,166,2007,November,0,,14,0,0,,,0,0,0,,33,33,55,TLAXCALA,0.6,5,,,,,3,2,9,0,,,,,,,,,,,,,,,,,,,,,,,,,,,,,,,,,,,,,,,,,,,,,,,,,,,,,,,,,,,,,,,,,,,,,,,,
ESPANITA,29012,167,2007,November,0,,37,0,0,,,0,0,0,,150,150,246,TLAXCALA,0.609756097560976,40,,,,,60,1,12,0,,,,,,,,,,,,,,,,,,,,,,,,,,,,,,,,,,,,,,,,,,,,,,,,,,,,,,,,,,,,,,,,,,,,,,,,
ESPANITA,29012,168,2007,November,0,,32,0,0,,,0,0,0,,328,328,514,TLAXCALA,0.638132295719844,86,,,,,186,9,15,0,,,,,,,,,,,,,,,,,,,,,,,,,,,,,,,,,,,,,,,,,,,,,,,,,,,,,,,,,,,,,,,,,,,,,,,,
ESPANITA,29012,169,2007,November,0,,65,0,0,,,0,0,0,,127,127,205,TLAXCALA,0.619512195121951,15,,,,,24,17,6,0,,,,,,,,,,,,,,,,,,,,,,,,,,,,,,,,,,,,,,,,,,,,,,,,,,,,,,,,,,,,,,,,,,,,,,,,
ESPANITA,29012,170,2007,November,0,,97,0,0,,,0,0,0,,309,309,619,TLAXCALA,0.499192245557351,33,,,,,106,40,33,0,,,,,,,,,,,,,,,,,,,,,,,,,,,,,,,,,,,,,,,,,,,,,,,,,,,,,,,,,,,,,,,,,,,,,,,,
ESPANITA,29012,171,2007,November,0,,56,0,0,,,0,0,0,,139,139,255,TLAXCALA,0.545098039215686,35,,,,,37,4,7,0,,,,,,,,,,,,,,,,,,,,,,,,,,,,,,,,,,,,,,,,,,,,,,,,,,,,,,,,,,,,,,,,,,,,,,,,
ESPANITA,29012,172,2007,November,0,,53,0,0,,,0,0,0,,149,149,258,TLAXCALA,0.577519379844961,27,,,,,37,4,28,0,,,,,,,,,,,,,,,,,,,,,,,,,,,,,,,,,,,,,,,,,,,,,,,,,,,,,,,,,,,,,,,,,,,,,,,,
ESPANITA,29012,173,2007,November,0,,16,0,0,,,0,0,0,,138,138,224,TLAXCALA,0.616071428571429,31,,,,,58,11,22,0,,,,,,,,,,,,,,,,,,,,,,,,,,,,,,,,,,,,,,,,,,,,,,,,,,,,,,,,,,,,,,,,,,,,,,,,
ESPANITA,29012,174,2007,November,0,,21,0,0,,,0,0,0,,85,85,169,TLAXCALA,0.502958579881657,17,,,,,41,4,2,0,,,,,,,,,,,,,,,,,,,,,,,,,,,,,,,,,,,,,,,,,,,,,,,,,,,,,,,,,,,,,,,,,,,,,,,,
ESPANITA,29012,175,2007,November,0,,137,0,0,,,0,0,0,,294,294,438,TLAXCALA,0.671232876712329,94,,,,,34,3,26,0,,,,,,,,,,,,,,,,,,,,,,,,,,,,,,,,,,,,,,,,,,,,,,,,,,,,,,,,,,,,,,,,,,,,,,,,
ESPANITA,29012,176,2007,November,0,,36,0,0,,,0,0,0,,232,232,387,TLAXCALA,0.599483204134367,40,,,,,75,63,18,0,,,,,,,,,,,,,,,,,,,,,,,,,,,,,,,,,,,,,,,,,,,,,,,,,,,,,,,,,,,,,,,,,,,,,,,,
ESPANITA,29012,177,2007,November,0,,26,0,0,,,0,0,0,,175,175,290,TLAXCALA,0.603448275862069,28,,,,,73,5,43,0,,,,,,,,,,,,,,,,,,,,,,,,,,,,,,,,,,,,,,,,,,,,,,,,,,,,,,,,,,,,,,,,,,,,,,,,
HUAMANTLA,29013,178,2007,November,0,,203,47,0,,,9,0,9,,1408,1408,2720,TLAXCALA,0.517647058823529,470,,,,,636,0,34,0,,,,,,,,,,,,,,,,,,,,,,,,,,,,,,,,,,,,,,,,,,,,,,,,,,,,,,,,,,,,,,,,,,,,,,,,
HUAMANTLA,29013,179,2007,November,0,,228,47,0,,,11,0,6,,1318,1318,2757,TLAXCALA,0.478055857816467,468,,,,,536,0,22,0,,,,,,,,,,,,,,,,,,,,,,,,,,,,,,,,,,,,,,,,,,,,,,,,,,,,,,,,,,,,,,,,,,,,,,,,
HUAMANTLA,29013,180,2007,November,0,,201,40,0,,,15,0,10,,1237,1237,2239,TLAXCALA,0.552478785171952,498,,,,,462,0,11,0,,,,,,,,,,,,,,,,,,,,,,,,,,,,,,,,,,,,,,,,,,,,,,,,,,,,,,,,,,,,,,,,,,,,,,,,
HUAMANTLA,29013,181,2007,November,0,,110,31,0,,,6,0,2,,1093,1093,2089,TLAXCALA,0.523216850167544,396,,,,,530,0,18,0,,,,,,,,,,,,,,,,,,,,,,,,,,,,,,,,,,,,,,,,,,,,,,,,,,,,,,,,,,,,,,,,,,,,,,,,
HUAMANTLA,29013,182,2007,November,0,,87,31,0,,,6,0,7,,599,599,1183,TLAXCALA,0.506339814032122,218,,,,,239,0,11,0,,,,,,,,,,,,,,,,,,,,,,,,,,,,,,,,,,,,,,,,,,,,,,,,,,,,,,,,,,,,,,,,,,,,,,,,
HUAMANTLA,29013,183,2007,November,0,,97,35,0,,,1,0,1,,745,745,1449,TLAXCALA,0.514147688060732,332,,,,,271,0,8,0,,,,,,,,,,,,,,,,,,,,,,,,,,,,,,,,,,,,,,,,,,,,,,,,,,,,,,,,,,,,,,,,,,,,,,,,
HUAMANTLA,29013,184,2007,November,0,,70,22,0,,,2,0,2,,520,520,873,TLAXCALA,0.595647193585338,178,,,,,224,0,22,0,,,,,,,,,,,,,,,,,,,,,,,,,,,,,,,,,,,,,,,,,,,,,,,,,,,,,,,,,,,,,,,,,,,,,,,,
HUAMANTLA,29013,185,2007,November,0,,163,19,0,,,6,0,15,,710,710,1326,TLAXCALA,0.535444947209653,246,,,,,244,0,17,0,,,,,,,,,,,,,,,,,,,,,,,,,,,,,,,,,,,,,,,,,,,,,,,,,,,,,,,,,,,,,,,,,,,,,,,,
HUAMANTLA,29013,186,2007,November,0,,120,23,0,,,6,0,8,,739,739,1343,TLAXCALA,0.550260610573343,208,,,,,364,0,10,0,,,,,,,,,,,,,,,,,,,,,,,,,,,,,,,,,,,,,,,,,,,,,,,,,,,,,,,,,,,,,,,,,,,,,,,,
HUAMANTLA,29013,187,2007,November,0,,98,54,0,,,3,0,2,,941,941,1955,TLAXCALA,0.481329923273657,327,,,,,430,0,27,0,,,,,,,,,,,,,,,,,,,,,,,,,,,,,,,,,,,,,,,,,,,,,,,,,,,,,,,,,,,,,,,,,,,,,,,,
HUAMANTLA,29013,188,2007,November,0,,158,47,0,,,4,0,11,,1083,1083,2371,TLAXCALA,0.456769295655841,424,,,,,413,0,26,0,,,,,,,,,,,,,,,,,,,,,,,,,,,,,,,,,,,,,,,,,,,,,,,,,,,,,,,,,,,,,,,,,,,,,,,,
HUAMANTLA,29013,189,2007,November,0,,84,27,0,,,4,0,0,,775,775,1577,TLAXCALA,0.49143944197844,287,,,,,363,0,10,0,,,,,,,,,,,,,,,,,,,,,,,,,,,,,,,,,,,,,,,,,,,,,,,,,,,,,,,,,,,,,,,,,,,,,,,,
HUAMANTLA,29013,190,2007,November,0,,81,23,0,,,0,0,2,,502,502,1040,TLAXCALA,0.482692307692308,155,,,,,229,0,12,0,,,,,,,,,,,,,,,,,,,,,,,,,,,,,,,,,,,,,,,,,,,,,,,,,,,,,,,,,,,,,,,,,,,,,,,,
HUAMANTLA,29013,191,2007,November,0,,63,26,0,,,2,0,1,,608,608,1160,TLAXCALA,0.524137931034483,198,,,,,299,0,19,0,,,,,,,,,,,,,,,,,,,,,,,,,,,,,,,,,,,,,,,,,,,,,,,,,,,,,,,,,,,,,,,,,,,,,,,,
HUAMANTLA,29013,192,2007,November,0,,176,55,0,,,3,0,15,,915,915,1663,TLAXCALA,0.550210463018641,229,,,,,424,0,13,0,,,,,,,,,,,,,,,,,,,,,,,,,,,,,,,,,,,,,,,,,,,,,,,,,,,,,,,,,,,,,,,,,,,,,,,,
HUAMANTLA,29013,193,2007,November,0,,102,21,0,,,5,0,7,,468,468,659,TLAXCALA,0.710166919575114,117,,,,,172,0,44,0,,,,,,,,,,,,,,,,,,,,,,,,,,,,,,,,,,,,,,,,,,,,,,,,,,,,,,,,,,,,,,,,,,,,,,,,
HUAMANTLA,29013,194,2007,November,0,,214,58,0,,,18,0,8,,1157,1157,2049,TLAXCALA,0.564665690580771,372,,,,,471,0,16,0,,,,,,,,,,,,,,,,,,,,,,,,,,,,,,,,,,,,,,,,,,,,,,,,,,,,,,,,,,,,,,,,,,,,,,,,
HUAMANTLA,29013,195,2007,November,0,,97,60,0,,,5,0,6,,657,657,1254,TLAXCALA,0.523923444976077,253,,,,,216,0,20,0,,,,,,,,,,,,,,,,,,,,,,,,,,,,,,,,,,,,,,,,,,,,,,,,,,,,,,,,,,,,,,,,,,,,,,,,
HUAMANTLA,29013,196,2007,November,0,,46,21,0,,,3,0,3,,466,466,808,TLAXCALA,0.576732673267327,252,,,,,131,0,10,0,,,,,,,,,,,,,,,,,,,,,,,,,,,,,,,,,,,,,,,,,,,,,,,,,,,,,,,,,,,,,,,,,,,,,,,,
HUAMANTLA,29013,197,2007,November,0,,34,2,0,,,0,0,0,,119,119,180,TLAXCALA,0.661111111111111,61,,,,,21,0,1,0,,,,,,,,,,,,,,,,,,,,,,,,,,,,,,,,,,,,,,,,,,,,,,,,,,,,,,,,,,,,,,,,,,,,,,,,
HUAMANTLA,29013,198,2007,November,0,,51,8,0,,,5,0,1,,270,270,393,TLAXCALA,0.687022900763359,105,,,,,99,0,1,0,,,,,,,,,,,,,,,,,,,,,,,,,,,,,,,,,,,,,,,,,,,,,,,,,,,,,,,,,,,,,,,,,,,,,,,,
HUAMANTLA,29013,199,2007,November,0,,65,6,0,,,0,0,1,,375,375,492,TLAXCALA,0.76219512195122,161,,,,,128,0,14,0,,,,,,,,,,,,,,,,,,,,,,,,,,,,,,,,,,,,,,,,,,,,,,,,,,,,,,,,,,,,,,,,,,,,,,,,
HUAMANTLA,29013,200,2007,November,0,,90,19,0,,,2,0,3,,797,797,1114,TLAXCALA,0.715439856373429,340,,,,,300,0,43,0,,,,,,,,,,,,,,,,,,,,,,,,,,,,,,,,,,,,,,,,,,,,,,,,,,,,,,,,,,,,,,,,,,,,,,,,
HUAMANTLA,29013,201,2007,November,0,,413,33,0,,,20,0,10,,1579,1579,2459,TLAXCALA,0.64213094753965,562,,,,,534,0,7,0,,,,,,,,,,,,,,,,,,,,,,,,,,,,,,,,,,,,,,,,,,,,,,,,,,,,,,,,,,,,,,,,,,,,,,,,
HUAMANTLA,29013,202,2007,November,0,,20,4,0,,,2,0,1,,273,273,402,TLAXCALA,0.67910447761194,179,,,,,66,0,1,0,,,,,,,,,,,,,,,,,,,,,,,,,,,,,,,,,,,,,,,,,,,,,,,,,,,,,,,,,,,,,,,,,,,,,,,,
HUAMANTLA,29013,203,2007,November,0,,143,27,0,,,17,0,5,,1020,1020,1667,TLAXCALA,0.611877624475105,434,,,,,366,0,28,0,,,,,,,,,,,,,,,,,,,,,,,,,,,,,,,,,,,,,,,,,,,,,,,,,,,,,,,,,,,,,,,,,,,,,,,,
HUAMANTLA,29013,204,2007,November,0,,74,17,0,,,19,0,8,,758,758,1258,TLAXCALA,0.602543720190779,360,,,,,263,0,17,0,,,,,,,,,,,,,,,,,,,,,,,,,,,,,,,,,,,,,,,,,,,,,,,,,,,,,,,,,,,,,,,,,,,,,,,,
HUAMANTLA,29013,205,2007,November,0,,12,1,0,,,2,0,2,,144,144,189,TLAXCALA,0.761904761904762,73,,,,,53,0,1,0,,,,,,,,,,,,,,,,,,,,,,,,,,,,,,,,,,,,,,,,,,,,,,,,,,,,,,,,,,,,,,,,,,,,,,,,
HUAMANTLA,29013,206,2007,November,0,,91,14,0,,,1,0,2,,514,514,710,TLAXCALA,0.723943661971831,146,,,,,242,0,18,0,,,,,,,,,,,,,,,,,,,,,,,,,,,,,,,,,,,,,,,,,,,,,,,,,,,,,,,,,,,,,,,,,,,,,,,,
HUAMANTLA,29013,207,2007,November,0,,83,11,0,,,1,0,0,,420,420,584,TLAXCALA,0.719178082191781,213,,,,,100,0,12,0,,,,,,,,,,,,,,,,,,,,,,,,,,,,,,,,,,,,,,,,,,,,,,,,,,,,,,,,,,,,,,,,,,,,,,,,
HUAMANTLA,29013,208,2007,November,0,,48,8,0,,,2,0,1,,381,381,609,TLAXCALA,0.625615763546798,118,,,,,190,0,14,0,,,,,,,,,,,,,,,,,,,,,,,,,,,,,,,,,,,,,,,,,,,,,,,,,,,,,,,,,,,,,,,,,,,,,,,,
HUAMANTLA,29013,209,2007,November,0,,19,9,0,,,4,0,0,,317,317,611,TLAXCALA,0.518821603927987,96,,,,,146,0,43,0,,,,,,,,,,,,,,,,,,,,,,,,,,,,,,,,,,,,,,,,,,,,,,,,,,,,,,,,,,,,,,,,,,,,,,,,
HUAMANTLA,29013,210,2007,November,0,,18,0,0,,,0,0,0,,114,114,181,TLAXCALA,0.629834254143646,41,,,,,51,0,4,0,,,,,,,,,,,,,,,,,,,,,,,,,,,,,,,,,,,,,,,,,,,,,,,,,,,,,,,,,,,,,,,,,,,,,,,,
HUAMANTLA,29013,211,2007,November,0,,119,25,0,,,17,0,1,,492,492,724,TLAXCALA,0.679558011049724,181,,,,,132,0,17,0,,,,,,,,,,,,,,,,,,,,,,,,,,,,,,,,,,,,,,,,,,,,,,,,,,,,,,,,,,,,,,,,,,,,,,,,
HUAMANTLA,29013,212,2007,November,0,,32,16,0,,,4,0,0,,225,225,354,TLAXCALA,0.635593220338983,85,,,,,88,0,0,0,,,,,,,,,,,,,,,,,,,,,,,,,,,,,,,,,,,,,,,,,,,,,,,,,,,,,,,,,,,,,,,,,,,,,,,,
HUAMANTLA,29013,213,2007,November,0,,184,50,0,,,3,0,7,,1323,1323,2149,TLAXCALA,0.615635179153095,483,,,,,573,0,23,0,,,,,,,,,,,,,,,,,,,,,,,,,,,,,,,,,,,,,,,,,,,,,,,,,,,,,,,,,,,,,,,,,,,,,,,,
HUAMANTLA,29013,214,2007,November,0,,94,49,0,,,8,0,5,,1001,1001,1492,TLAXCALA,0.670911528150134,471,,,,,356,0,18,0,,,,,,,,,,,,,,,,,,,,,,,,,,,,,,,,,,,,,,,,,,,,,,,,,,,,,,,,,,,,,,,,,,,,,,,,
HUAMANTLA,29013,215,2007,November,0,,12,3,0,,,0,0,1,,161,161,219,TLAXCALA,0.735159817351598,72,,,,,51,0,22,0,,,,,,,,,,,,,,,,,,,,,,,,,,,,,,,,,,,,,,,,,,,,,,,,,,,,,,,,,,,,,,,,,,,,,,,,
HUAMANTLA,29013,216,2007,November,0,,10,11,0,,,0,0,4,,387,387,641,TLAXCALA,0.603744149765991,91,,,,,248,0,23,0,,,,,,,,,,,,,,,,,,,,,,,,,,,,,,,,,,,,,,,,,,,,,,,,,,,,,,,,,,,,,,,,,,,,,,,,
HUAMANTLA,29013,217,2007,November,0,,67,19,0,,,5,0,3,,349,349,573,TLAXCALA,0.609075043630018,119,,,,,119,0,17,0,,,,,,,,,,,,,,,,,,,,,,,,,,,,,,,,,,,,,,,,,,,,,,,,,,,,,,,,,,,,,,,,,,,,,,,,
HUAMANTLA,29013,218,2007,November,0,,69,17,0,,,1,0,1,,340,340,562,TLAXCALA,0.604982206405694,114,,,,,105,0,33,0,,,,,,,,,,,,,,,,,,,,,,,,,,,,,,,,,,,,,,,,,,,,,,,,,,,,,,,,,,,,,,,,,,,,,,,,
HUAMANTLA,29013,219,2007,November,0,,86,9,0,,,0,0,3,,364,364,573,TLAXCALA,0.635253054101222,94,,,,,150,0,22,0,,,,,,,,,,,,,,,,,,,,,,,,,,,,,,,,,,,,,,,,,,,,,,,,,,,,,,,,,,,,,,,,,,,,,,,,
HUEYOTLIPAN,29014,220,2007,November,0,,103,42,0,,,0,0,0,,910,910,1723,TLAXCALA,0.528148578061521,24,,,,,447,0,294,0,,,,,,,,,,,,,,,,,,,,,,,,,,,,,,,,,,,,,,,,,,,,,,,,,,,,,,,,,,,,,,,,,,,,,,,,
HUEYOTLIPAN,29014,221,2007,November,0,,116,34,0,,,0,0,0,,1008,1008,1792,TLAXCALA,0.5625,28,,,,,652,0,178,0,,,,,,,,,,,,,,,,,,,,,,,,,,,,,,,,,,,,,,,,,,,,,,,,,,,,,,,,,,,,,,,,,,,,,,,,
HUEYOTLIPAN,29014,222,2007,November,0,,94,10,0,,,0,0,0,,530,530,808,TLAXCALA,0.655940594059406,281,,,,,89,0,56,0,,,,,,,,,,,,,,,,,,,,,,,,,,,,,,,,,,,,,,,,,,,,,,,,,,,,,,,,,,,,,,,,,,,,,,,,
HUEYOTLIPAN,29014,223,2007,November,0,,55,5,0,,,0,0,0,,179,179,316,TLAXCALA,0.566455696202532,51,,,,,43,0,25,0,,,,,,,,,,,,,,,,,,,,,,,,,,,,,,,,,,,,,,,,,,,,,,,,,,,,,,,,,,,,,,,,,,,,,,,,
HUEYOTLIPAN,29014,224,2007,November,0,,123,33,0,,,0,0,0,,357,357,495,TLAXCALA,0.721212121212121,34,,,,,60,0,107,0,,,,,,,,,,,,,,,,,,,,,,,,,,,,,,,,,,,,,,,,,,,,,,,,,,,,,,,,,,,,,,,,,,,,,,,,
HUEYOTLIPAN,29014,225,2007,November,0,,63,5,0,,,0,0,0,,155,155,232,TLAXCALA,0.668103448275862,16,,,,,58,0,13,0,,,,,,,,,,,,,,,,,,,,,,,,,,,,,,,,,,,,,,,,,,,,,,,,,,,,,,,,,,,,,,,,,,,,,,,,
HUEYOTLIPAN,29014,226,2007,November,0,,48,7,0,,,0,0,0,,253,253,410,TLAXCALA,0.617073170731707,46,,,,,107,0,45,0,,,,,,,,,,,,,,,,,,,,,,,,,,,,,,,,,,,,,,,,,,,,,,,,,,,,,,,,,,,,,,,,,,,,,,,,
HUEYOTLIPAN,29014,227,2007,November,0,,115,10,0,,,0,0,0,,326,326,525,TLAXCALA,0.620952380952381,52,,,,,91,0,58,0,,,,,,,,,,,,,,,,,,,,,,,,,,,,,,,,,,,,,,,,,,,,,,,,,,,,,,,,,,,,,,,,,,,,,,,,
HUEYOTLIPAN,29014,228,2007,November,0,,731,35,0,,,0,0,0,,1197,1197,2417,TLAXCALA,0.495242035581299,169,,,,,219,0,43,0,,,,,,,,,,,,,,,,,,,,,,,,,,,,,,,,,,,,,,,,,,,,,,,,,,,,,,,,,,,,,,,,,,,,,,,,
HUEYOTLIPAN,29014,229,2007,November,0,,35,1,0,,,0,0,0,,96,96,109,TLAXCALA,0.880733944954129,13,,,,,37,0,10,0,,,,,,,,,,,,,,,,,,,,,,,,,,,,,,,,,,,,,,,,,,,,,,,,,,,,,,,,,,,,,,,,,,,,,,,,
HUEYOTLIPAN,29014,230,2007,November,0,,90,11,0,,,0,0,0,,303,303,502,TLAXCALA,0.603585657370518,85,,,,,59,0,58,0,,,,,,,,,,,,,,,,,,,,,,,,,,,,,,,,,,,,,,,,,,,,,,,,,,,,,,,,,,,,,,,,,,,,,,,,
HUEYOTLIPAN,29014,231,2007,November,0,,29,23,0,,,0,0,0,,139,139,269,TLAXCALA,0.516728624535316,12,,,,,48,0,27,0,,,,,,,,,,,,,,,,,,,,,,,,,,,,,,,,,,,,,,,,,,,,,,,,,,,,,,,,,,,,,,,,,,,,,,,,
IXTACUIXTLA DE MARIANO MATAMOROS,29015,232,2007,November,0,,248,79,0,,,0,5,0,,835,835,1571,TLAXCALA,0.531508593252705,79,,,,,225,117,82,0,,,,,,,,,,,,,,,,,,,,,,,,,,,,,,,,,,,,,,,,,,,,,,,,,,,,,,,,,,,,,,,,,,,,,,,,
IXTACUIXTLA DE MARIANO MATAMOROS,29015,233,2007,November,0,,239,59,0,,,0,3,0,,823,823,1543,TLAXCALA,0.533376539209333,76,,,,,271,129,46,0,,,,,,,,,,,,,,,,,,,,,,,,,,,,,,,,,,,,,,,,,,,,,,,,,,,,,,,,,,,,,,,,,,,,,,,,
IXTACUIXTLA DE MARIANO MATAMOROS,29015,234,2007,November,0,,149,54,0,,,0,2,0,,664,664,1148,TLAXCALA,0.578397212543554,65,,,,,262,102,30,0,,,,,,,,,,,,,,,,,,,,,,,,,,,,,,,,,,,,,,,,,,,,,,,,,,,,,,,,,,,,,,,,,,,,,,,,
IXTACUIXTLA DE MARIANO MATAMOROS,29015,235,2007,November,0,,33,11,0,,,0,0,0,,121,121,200,TLAXCALA,0.605,8,,,,,39,11,19,0,,,,,,,,,,,,,,,,,,,,,,,,,,,,,,,,,,,,,,,,,,,,,,,,,,,,,,,,,,,,,,,,,,,,,,,,
IXTACUIXTLA DE MARIANO MATAMOROS,29015,236,2007,November,0,,12,5,0,,,0,0,0,,153,153,247,TLAXCALA,0.619433198380567,28,,,,,106,0,2,0,,,,,,,,,,,,,,,,,,,,,,,,,,,,,,,,,,,,,,,,,,,,,,,,,,,,,,,,,,,,,,,,,,,,,,,,
IXTACUIXTLA DE MARIANO MATAMOROS,29015,237,2007,November,0,,6,2,0,,,0,0,0,,174,174,320,TLAXCALA,0.54375,12,,,,,120,31,3,0,,,,,,,,,,,,,,,,,,,,,,,,,,,,,,,,,,,,,,,,,,,,,,,,,,,,,,,,,,,,,,,,,,,,,,,,
IXTACUIXTLA DE MARIANO MATAMOROS,29015,238,2007,November,0,,14,9,0,,,0,0,0,,116,116,287,TLAXCALA,0.40418118466899,11,,,,,66,11,5,0,,,,,,,,,,,,,,,,,,,,,,,,,,,,,,,,,,,,,,,,,,,,,,,,,,,,,,,,,,,,,,,,,,,,,,,,
IXTACUIXTLA DE MARIANO MATAMOROS,29015,239,2007,November,0,,10,2,0,,,0,1,0,,235,235,444,TLAXCALA,0.529279279279279,13,,,,,201,6,2,0,,,,,,,,,,,,,,,,,,,,,,,,,,,,,,,,,,,,,,,,,,,,,,,,,,,,,,,,,,,,,,,,,,,,,,,,
IXTACUIXTLA DE MARIANO MATAMOROS,29015,240,2007,November,0,,108,23,0,,,0,5,0,,356,356,645,TLAXCALA,0.551937984496124,68,,,,,106,29,17,0,,,,,,,,,,,,,,,,,,,,,,,,,,,,,,,,,,,,,,,,,,,,,,,,,,,,,,,,,,,,,,,,,,,,,,,,
IXTACUIXTLA DE MARIANO MATAMOROS,29015,241,2007,November,0,,171,21,0,,,0,2,0,,669,669,1393,TLAXCALA,0.480258435032304,55,,,,,206,119,95,0,,,,,,,,,,,,,,,,,,,,,,,,,,,,,,,,,,,,,,,,,,,,,,,,,,,,,,,,,,,,,,,,,,,,,,,,
IXTACUIXTLA DE MARIANO MATAMOROS,29015,242,2007,November,0,,149,28,0,,,0,0,0,,554,554,1134,TLAXCALA,0.488536155202822,105,,,,,111,117,44,0,,,,,,,,,,,,,,,,,,,,,,,,,,,,,,,,,,,,,,,,,,,,,,,,,,,,,,,,,,,,,,,,,,,,,,,,
IXTACUIXTLA DE MARIANO MATAMOROS,29015,243,2007,November,0,,61,11,0,,,0,2,0,,192,192,264,TLAXCALA,0.727272727272727,11,,,,,86,15,6,0,,,,,,,,,,,,,,,,,,,,,,,,,,,,,,,,,,,,,,,,,,,,,,,,,,,,,,,,,,,,,,,,,,,,,,,,
IXTACUIXTLA DE MARIANO MATAMOROS,29015,244,2007,November,0,,62,4,0,,,0,0,0,,260,260,448,TLAXCALA,0.580357142857143,32,,,,,109,22,31,0,,,,,,,,,,,,,,,,,,,,,,,,,,,,,,,,,,,,,,,,,,,,,,,,,,,,,,,,,,,,,,,,,,,,,,,,
IXTACUIXTLA DE MARIANO MATAMOROS,29015,245,2007,November,0,,114,38,0,,,0,15,0,,1259,1259,1973,TLAXCALA,0.638114546376077,466,,,,,345,128,153,0,,,,,,,,,,,,,,,,,,,,,,,,,,,,,,,,,,,,,,,,,,,,,,,,,,,,,,,,,,,,,,,,,,,,,,,,
IXTACUIXTLA DE MARIANO MATAMOROS,29015,246,2007,November,0,,62,70,0,,,0,0,0,,420,420,576,TLAXCALA,0.729166666666667,77,,,,,127,71,13,0,,,,,,,,,,,,,,,,,,,,,,,,,,,,,,,,,,,,,,,,,,,,,,,,,,,,,,,,,,,,,,,,,,,,,,,,
IXTACUIXTLA DE MARIANO MATAMOROS,29015,247,2007,November,0,,213,58,0,,,0,4,0,,890,890,1374,TLAXCALA,0.647743813682678,137,,,,,351,67,60,0,,,,,,,,,,,,,,,,,,,,,,,,,,,,,,,,,,,,,,,,,,,,,,,,,,,,,,,,,,,,,,,,,,,,,,,,
IXTACUIXTLA DE MARIANO MATAMOROS,29015,248,2007,November,0,,319,13,0,,,0,0,0,,710,710,1038,TLAXCALA,0.684007707129094,65,,,,,255,37,21,0,,,,,,,,,,,,,,,,,,,,,,,,,,,,,,,,,,,,,,,,,,,,,,,,,,,,,,,,,,,,,,,,,,,,,,,,
IXTACUIXTLA DE MARIANO MATAMOROS,29015,249,2007,November,0,,93,12,0,,,0,2,0,,332,332,475,TLAXCALA,0.698947368421053,14,,,,,141,16,54,0,,,,,,,,,,,,,,,,,,,,,,,,,,,,,,,,,,,,,,,,,,,,,,,,,,,,,,,,,,,,,,,,,,,,,,,,
IXTACUIXTLA DE MARIANO MATAMOROS,29015,250,2007,November,0,,152,60,0,,,0,2,0,,501,501,803,TLAXCALA,0.623910336239104,41,,,,,156,51,39,0,,,,,,,,,,,,,,,,,,,,,,,,,,,,,,,,,,,,,,,,,,,,,,,,,,,,,,,,,,,,,,,,,,,,,,,,
IXTACUIXTLA DE MARIANO MATAMOROS,29015,251,2007,November,0,,241,87,0,,,0,5,0,,1333,1333,2341,TLAXCALA,0.569414780008543,220,,,,,293,332,155,0,,,,,,,,,,,,,,,,,,,,,,,,,,,,,,,,,,,,,,,,,,,,,,,,,,,,,,,,,,,,,,,,,,,,,,,,
IXTACUIXTLA DE MARIANO MATAMOROS,29015,252,2007,November,0,,61,94,0,,,0,0,0,,829,829,1528,TLAXCALA,0.542539267015707,291,,,,,218,145,20,0,,,,,,,,,,,,,,,,,,,,,,,,,,,,,,,,,,,,,,,,,,,,,,,,,,,,,,,,,,,,,,,,,,,,,,,,
IXTACUIXTLA DE MARIANO MATAMOROS,29015,253,2007,November,0,,76,94,0,,,0,1,0,,860,860,1451,TLAXCALA,0.592694693314955,299,,,,,135,241,14,0,,,,,,,,,,,,,,,,,,,,,,,,,,,,,,,,,,,,,,,,,,,,,,,,,,,,,,,,,,,,,,,,,,,,,,,,
IXTACUIXTLA DE MARIANO MATAMOROS,29015,256,2007,November,0,,86,42,0,,,0,0,0,,676,676,1230,TLAXCALA,0.549593495934959,223,,,,,228,44,53,0,,,,,,,,,,,,,,,,,,,,,,,,,,,,,,,,,,,,,,,,,,,,,,,,,,,,,,,,,,,,,,,,,,,,,,,,
IXTACUIXTLA DE MARIANO MATAMOROS,29015,257,2007,November,0,,49,10,0,,,0,2,0,,421,421,828,TLAXCALA,0.508454106280193,133,,,,,147,54,26,0,,,,,,,,,,,,,,,,,,,,,,,,,,,,,,,,,,,,,,,,,,,,,,,,,,,,,,,,,,,,,,,,,,,,,,,,
IXTACUIXTLA DE MARIANO MATAMOROS,29015,258,2007,November,0,,35,13,0,,,0,2,0,,219,219,408,TLAXCALA,0.536764705882353,17,,,,,101,39,12,0,,,,,,,,,,,,,,,,,,,,,,,,,,,,,,,,,,,,,,,,,,,,,,,,,,,,,,,,,,,,,,,,,,,,,,,,
IXTENCO,29016,259,2007,November,0,,96,0,0,,,0,52,113,,804,804,1278,TLAXCALA,0.629107981220657,264,,,,,150,100,29,0,,,,,,,,,,,,,,,,,,,,,,,,,,,,,,,,,,,,,,,,,,,,,,,,,,,,,,,,,,,,,,,,,,,,,,,,
IXTENCO,29016,260,2007,November,0,,117,0,0,,,0,53,85,,692,692,1084,TLAXCALA,0.638376383763838,143,,,,,168,92,34,0,,,,,,,,,,,,,,,,,,,,,,,,,,,,,,,,,,,,,,,,,,,,,,,,,,,,,,,,,,,,,,,,,,,,,,,,
IXTENCO,29016,261,2007,November,0,,183,0,0,,,0,107,113,,877,877,1368,TLAXCALA,0.641081871345029,189,,,,,116,123,46,0,,,,,,,,,,,,,,,,,,,,,,,,,,,,,,,,,,,,,,,,,,,,,,,,,,,,,,,,,,,,,,,,,,,,,,,,
IXTENCO,29016,262,2007,November,0,,110,0,0,,,0,51,58,,489,489,844,TLAXCALA,0.579383886255924,137,,,,,63,52,18,0,,,,,,,,,,,,,,,,,,,,,,,,,,,,,,,,,,,,,,,,,,,,,,,,,,,,,,,,,,,,,,,,,,,,,,,,
LA MAGDALENA TLALTELULCO,29048,150,2007,November,32,,83,24,22,,,0,24,0,,229,229,1374,TLAXCALA,0.166666666666667,0,,,,,30,14,0,0,,,,,,,,,,,,,,,,,,,,,,,,,,,,,,,,,,,,,,,,,,,,,,,,,,,,,,,,,,,,,,,,,,,,,,,,
LA MAGDALENA TLALTELULCO,29048,151,2007,November,400,,426,280,111,,,0,332,0,,2120,2120,3373,TLAXCALA,0.628520604802846,0,,,,,349,222,0,0,,,,,,,,,,,,,,,,,,,,,,,,,,,,,,,,,,,,,,,,,,,,,,,,,,,,,,,,,,,,,,,,,,,,,,,,
LA MAGDALENA TLALTELULCO,29048,152,2007,November,393,,266,198,50,,,0,121,0,,1327,1327,2034,TLAXCALA,0.652409046214356,0,,,,,203,96,0,0,,,,,,,,,,,,,,,,,,,,,,,,,,,,,,,,,,,,,,,,,,,,,,,,,,,,,,,,,,,,,,,,,,,,,,,,
LA MAGDALENA TLALTELULCO,29048,153,2007,November,121,,145,62,70,,,0,107,0,,637,637,1153,TLAXCALA,0.552471812662619,0,,,,,93,39,0,0,,,,,,,,,,,,,,,,,,,,,,,,,,,,,,,,,,,,,,,,,,,,,,,,,,,,,,,,,,,,,,,,,,,,,,,,
LA MAGDALENA TLALTELULCO,29048,154,2007,November,142,,149,81,24,,,0,152,0,,774,774,1270,TLAXCALA,0.609448818897638,0,,,,,132,94,0,0,,,,,,,,,,,,,,,,,,,,,,,,,,,,,,,,,,,,,,,,,,,,,,,,,,,,,,,,,,,,,,,,,,,,,,,,
LA MAGDALENA TLALTELULCO,29048,155,2007,November,159,,114,57,66,,,0,222,0,,775,775,1316,TLAXCALA,0.588905775075988,0,,,,,86,71,0,0,,,,,,,,,,,,,,,,,,,,,,,,,,,,,,,,,,,,,,,,,,,,,,,,,,,,,,,,,,,,,,,,,,,,,,,,
LAZARO CARDENAS,29047,402,2007,November,0,,7,0,0,,,0,0,0,,158,158,211,TLAXCALA,0.748815165876777,66,,,,,55,0,30,0,,,,,,,,,,,,,,,,,,,,,,,,,,,,,,,,,,,,,,,,,,,,,,,,,,,,,,,,,,,,,,,,,,,,,,,,
LAZARO CARDENAS,29047,606,2007,November,0,,84,0,0,,,0,0,0,,1058,1058,1472,TLAXCALA,0.71875,533,,,,,417,0,24,0,,,,,,,,,,,,,,,,,,,,,,,,,,,,,,,,,,,,,,,,,,,,,,,,,,,,,,,,,,,,,,,,,,,,,,,,
MAZATECOCHCO DE JOSE MARIA MORELOS,29017,263,2007,November,0,,371,424,0,,,105,15,0,,1152,1152,1656,TLAXCALA,0.695652173913044,179,,,,,58,0,0,0,,,,,,,,,,,,,,,,,,,,,,,,,,,,,,,,,,,,,,,,,,,,,,,,,,,,,,,,,,,,,,,,,,,,,,,,
MAZATECOCHCO DE JOSE MARIA MORELOS,29017,264,2007,November,0,,402,357,0,,,69,4,0,,1001,1001,1414,TLAXCALA,0.707920792079208,128,,,,,41,0,0,0,,,,,,,,,,,,,,,,,,,,,,,,,,,,,,,,,,,,,,,,,,,,,,,,,,,,,,,,,,,,,,,,,,,,,,,,
MAZATECOCHCO DE JOSE MARIA MORELOS,29017,265,2007,November,0,,303,355,0,,,34,3,0,,947,947,1420,TLAXCALA,0.666901408450704,175,,,,,77,0,0,0,,,,,,,,,,,,,,,,,,,,,,,,,,,,,,,,,,,,,,,,,,,,,,,,,,,,,,,,,,,,,,,,,,,,,,,,
MAZATECOCHCO DE JOSE MARIA MORELOS,29017,266,2007,November,0,,255,399,0,,,74,3,0,,961,961,1431,TLAXCALA,0.671558350803634,173,,,,,57,0,0,0,,,,,,,,,,,,,,,,,,,,,,,,,,,,,,,,,,,,,,,,,,,,,,,,,,,,,,,,,,,,,,,,,,,,,,,,
MUNOZ DE DOMINGO ARENAS,29011,161,2007,November,0,,92,23,0,,,0,0,0,,995,995,1507,TLAXCALA,0.660252156602522,158,,,,,65,0,657,0,,,,,,,,,,,,,,,,,,,,,,,,,,,,,,,,,,,,,,,,,,,,,,,,,,,,,,,,,,,,,,,,,,,,,,,,
MUNOZ DE DOMINGO ARENAS,29011,162,2007,November,0,,28,33,0,,,0,0,0,,560,560,859,TLAXCALA,0.651920838183935,10,,,,,202,0,287,0,,,,,,,,,,,,,,,,,,,,,,,,,,,,,,,,,,,,,,,,,,,,,,,,,,,,,,,,,,,,,,,,,,,,,,,,
MUNOZ DE DOMINGO ARENAS,29011,163,2007,November,0,,9,29,0,,,0,0,0,,250,250,401,TLAXCALA,0.623441396508728,15,,,,,36,0,161,0,,,,,,,,,,,,,,,,,,,,,,,,,,,,,,,,,,,,,,,,,,,,,,,,,,,,,,,,,,,,,,,,,,,,,,,,
MUNOZ DE DOMINGO ARENAS,29011,164,2007,November,0,,11,17,0,,,0,0,0,,159,159,204,TLAXCALA,0.779411764705882,26,,,,,42,0,63,0,,,,,,,,,,,,,,,,,,,,,,,,,,,,,,,,,,,,,,,,,,,,,,,,,,,,,,,,,,,,,,,,,,,,,,,,
NANACAMILPA DE MARIANO ARISTA,29021,299,2007,November,124,,151,133,72,,,132,0,116,,1018,1018,2094,TLAXCALA,0.486150907354346,0,,,,,184,74,32,0,,,,,,,,,,,,,,,,,,,,,,,,,,,,,,,,,,,,,,,,,,,,,,,,,,,,,,,,,,,,,,,,,,,,,,,,
NANACAMILPA DE MARIANO ARISTA,29021,300,2007,November,75,,120,50,41,,,139,0,34,,659,659,1228,TLAXCALA,0.536644951140065,0,,,,,139,39,22,0,,,,,,,,,,,,,,,,,,,,,,,,,,,,,,,,,,,,,,,,,,,,,,,,,,,,,,,,,,,,,,,,,,,,,,,,
NANACAMILPA DE MARIANO ARISTA,29021,301,2007,November,122,,62,46,75,,,338,0,79,,1092,1092,2158,TLAXCALA,0.506024096385542,0,,,,,255,84,31,0,,,,,,,,,,,,,,,,,,,,,,,,,,,,,,,,,,,,,,,,,,,,,,,,,,,,,,,,,,,,,,,,,,,,,,,,
NANACAMILPA DE MARIANO ARISTA,29021,302,2007,November,122,,91,45,64,,,188,0,167,,1034,1034,2129,TLAXCALA,0.485674025364021,0,,,,,243,51,63,0,,,,,,,,,,,,,,,,,,,,,,,,,,,,,,,,,,,,,,,,,,,,,,,,,,,,,,,,,,,,,,,,,,,,,,,,
NANACAMILPA DE MARIANO ARISTA,29021,303,2007,November,50,,24,33,23,,,125,0,30,,447,447,930,TLAXCALA,0.480645161290323,0,,,,,114,27,21,0,,,,,,,,,,,,,,,,,,,,,,,,,,,,,,,,,,,,,,,,,,,,,,,,,,,,,,,,,,,,,,,,,,,,,,,,
NANACAMILPA DE MARIANO ARISTA,29021,304,2007,November,303,,59,13,38,,,14,0,5,,541,541,863,TLAXCALA,0.626882966396292,0,,,,,82,20,7,0,,,,,,,,,,,,,,,,,,,,,,,,,,,,,,,,,,,,,,,,,,,,,,,,,,,,,,,,,,,,,,,,,,,,,,,,
NANACAMILPA DE MARIANO ARISTA,29021,305,2007,November,34,,22,4,21,,,9,0,4,,157,157,315,TLAXCALA,0.498412698412698,0,,,,,31,27,5,0,,,,,,,,,,,,,,,,,,,,,,,,,,,,,,,,,,,,,,,,,,,,,,,,,,,,,,,,,,,,,,,,,,,,,,,,
NANACAMILPA DE MARIANO ARISTA,29021,306,2007,November,9,,20,1,16,,,26,0,3,,89,89,123,TLAXCALA,0.723577235772358,0,,,,,4,8,2,0,,,,,,,,,,,,,,,,,,,,,,,,,,,,,,,,,,,,,,,,,,,,,,,,,,,,,,,,,,,,,,,,,,,,,,,,
NANACAMILPA DE MARIANO ARISTA,29021,307,2007,November,46,,25,11,24,,,20,0,18,,218,218,412,TLAXCALA,0.529126213592233,0,,,,,49,22,3,0,,,,,,,,,,,,,,,,,,,,,,,,,,,,,,,,,,,,,,,,,,,,,,,,,,,,,,,,,,,,,,,,,,,,,,,,
NANACAMILPA DE MARIANO ARISTA,29021,308,2007,November,136,,33,53,61,,,101,0,44,,608,608,969,TLAXCALA,0.627450980392157,0,,,,,126,31,23,0,,,,,,,,,,,,,,,,,,,,,,,,,,,,,,,,,,,,,,,,,,,,,,,,,,,,,,,,,,,,,,,,,,,,,,,,
NATIVITAS,29023,318,2007,November,0,,79,22,0,,,53,0,0,,510,510,850,TLAXCALA,0.6,110,,,,,93,93,60,0,,,,,,,,,,,,,,,,,,,,,,,,,,,,,,,,,,,,,,,,,,,,,,,,,,,,,,,,,,,,,,,,,,,,,,,,
NATIVITAS,29023,319,2007,November,0,,174,104,0,,,84,0,0,,1287,1287,2307,TLAXCALA,0.557867360208062,438,,,,,271,85,131,0,,,,,,,,,,,,,,,,,,,,,,,,,,,,,,,,,,,,,,,,,,,,,,,,,,,,,,,,,,,,,,,,,,,,,,,,
NATIVITAS,29023,320,2007,November,0,,64,9,0,,,79,0,0,,316,316,495,TLAXCALA,0.638383838383838,91,,,,,30,23,20,0,,,,,,,,,,,,,,,,,,,,,,,,,,,,,,,,,,,,,,,,,,,,,,,,,,,,,,,,,,,,,,,,,,,,,,,,
NATIVITAS,29023,321,2007,November,0,,63,26,0,,,104,0,0,,369,369,606,TLAXCALA,0.608910891089109,86,,,,,31,22,37,0,,,,,,,,,,,,,,,,,,,,,,,,,,,,,,,,,,,,,,,,,,,,,,,,,,,,,,,,,,,,,,,,,,,,,,,,
NATIVITAS,29023,322,2007,November,0,,76,49,0,,,46,0,0,,527,527,896,TLAXCALA,0.588169642857143,93,,,,,75,69,119,0,,,,,,,,,,,,,,,,,,,,,,,,,,,,,,,,,,,,,,,,,,,,,,,,,,,,,,,,,,,,,,,,,,,,,,,,
NATIVITAS,29023,323,2007,November,0,,328,19,0,,,41,0,0,,736,736,1457,TLAXCALA,0.505147563486616,161,,,,,46,32,109,0,,,,,,,,,,,,,,,,,,,,,,,,,,,,,,,,,,,,,,,,,,,,,,,,,,,,,,,,,,,,,,,,,,,,,,,,
NATIVITAS,29023,324,2007,November,0,,132,7,0,,,42,0,0,,330,330,526,TLAXCALA,0.627376425855513,79,,,,,52,5,13,0,,,,,,,,,,,,,,,,,,,,,,,,,,,,,,,,,,,,,,,,,,,,,,,,,,,,,,,,,,,,,,,,,,,,,,,,
NATIVITAS,29023,325,2007,November,0,,112,19,0,,,72,0,0,,654,654,1224,TLAXCALA,0.534313725490196,34,,,,,129,28,260,0,,,,,,,,,,,,,,,,,,,,,,,,,,,,,,,,,,,,,,,,,,,,,,,,,,,,,,,,,,,,,,,,,,,,,,,,
NATIVITAS,29023,326,2007,November,0,,721,19,0,,,67,0,0,,1203,1203,1794,TLAXCALA,0.67056856187291,189,,,,,131,19,57,0,,,,,,,,,,,,,,,,,,,,,,,,,,,,,,,,,,,,,,,,,,,,,,,,,,,,,,,,,,,,,,,,,,,,,,,,
NATIVITAS,29023,327,2007,November,0,,251,11,0,,,180,0,0,,976,976,1500,TLAXCALA,0.650666666666667,185,,,,,212,52,85,0,,,,,,,,,,,,,,,,,,,,,,,,,,,,,,,,,,,,,,,,,,,,,,,,,,,,,,,,,,,,,,,,,,,,,,,,
NATIVITAS,29023,328,2007,November,0,,23,15,0,,,244,0,0,,456,456,768,TLAXCALA,0.59375,24,,,,,60,82,8,0,,,,,,,,,,,,,,,,,,,,,,,,,,,,,,,,,,,,,,,,,,,,,,,,,,,,,,,,,,,,,,,,,,,,,,,,
NATIVITAS,29023,329,2007,November,0,,132,16,0,,,115,0,0,,804,804,1285,TLAXCALA,0.62568093385214,196,,,,,181,70,94,0,,,,,,,,,,,,,,,,,,,,,,,,,,,,,,,,,,,,,,,,,,,,,,,,,,,,,,,,,,,,,,,,,,,,,,,,
NATIVITAS,29023,330,2007,November,0,,156,14,0,,,39,0,0,,620,620,1011,TLAXCALA,0.613254203758655,122,,,,,157,57,75,0,,,,,,,,,,,,,,,,,,,,,,,,,,,,,,,,,,,,,,,,,,,,,,,,,,,,,,,,,,,,,,,,,,,,,,,,
NATIVITAS,29023,331,2007,November,0,,119,18,0,,,18,0,0,,569,569,930,TLAXCALA,0.611827956989247,156,,,,,177,28,53,0,,,,,,,,,,,,,,,,,,,,,,,,,,,,,,,,,,,,,,,,,,,,,,,,,,,,,,,,,,,,,,,,,,,,,,,,
PANOTLA,29024,332,2007,November,0,,23,1,0,,,0,1,0,,121,121,766,TLAXCALA,0.157963446475196,23,,,,,68,3,2,0,,,,,,,,,,,,,,,,,,,,,,,,,,,,,,,,,,,,,,,,,,,,,,,,,,,,,,,,,,,,,,,,,,,,,,,,
PANOTLA,29024,333,2007,November,0,,96,4,0,,,0,5,0,,329,329,769,TLAXCALA,0.427828348504551,84,,,,,115,16,9,0,,,,,,,,,,,,,,,,,,,,,,,,,,,,,,,,,,,,,,,,,,,,,,,,,,,,,,,,,,,,,,,,,,,,,,,,
PANOTLA,29024,334,2007,November,0,,246,8,0,,,0,6,0,,570,570,958,TLAXCALA,0.594989561586639,126,,,,,77,53,54,0,,,,,,,,,,,,,,,,,,,,,,,,,,,,,,,,,,,,,,,,,,,,,,,,,,,,,,,,,,,,,,,,,,,,,,,,
PANOTLA,29024,335,2007,November,0,,136,7,0,,,0,5,0,,315,315,733,TLAXCALA,0.429740791268759,50,,,,,53,30,34,0,,,,,,,,,,,,,,,,,,,,,,,,,,,,,,,,,,,,,,,,,,,,,,,,,,,,,,,,,,,,,,,,,,,,,,,,
PANOTLA,29024,336,2007,November,0,,575,16,0,,,0,28,0,,1220,1220,2115,TLAXCALA,0.576832151300236,210,,,,,181,108,102,0,,,,,,,,,,,,,,,,,,,,,,,,,,,,,,,,,,,,,,,,,,,,,,,,,,,,,,,,,,,,,,,,,,,,,,,,
PANOTLA,29024,337,2007,November,0,,419,10,0,,,0,18,0,,1039,1039,1713,TLAXCALA,0.606538237011092,190,,,,,195,69,138,0,,,,,,,,,,,,,,,,,,,,,,,,,,,,,,,,,,,,,,,,,,,,,,,,,,,,,,,,,,,,,,,,,,,,,,,,
PANOTLA,29024,338,2007,November,0,,189,28,0,,,0,8,0,,758,758,1793,TLAXCALA,0.422755158951478,106,,,,,181,67,179,0,,,,,,,,,,,,,,,,,,,,,,,,,,,,,,,,,,,,,,,,,,,,,,,,,,,,,,,,,,,,,,,,,,,,,,,,
PANOTLA,29024,339,2007,November,0,,105,17,0,,,0,6,0,,396,396,768,TLAXCALA,0.515625,41,,,,,32,11,184,0,,,,,,,,,,,,,,,,,,,,,,,,,,,,,,,,,,,,,,,,,,,,,,,,,,,,,,,,,,,,,,,,,,,,,,,,
PANOTLA,29024,340,2007,November,0,,81,20,0,,,0,6,0,,302,302,686,TLAXCALA,0.440233236151603,29,,,,,58,5,103,0,,,,,,,,,,,,,,,,,,,,,,,,,,,,,,,,,,,,,,,,,,,,,,,,,,,,,,,,,,,,,,,,,,,,,,,,
PANOTLA,29024,341,2007,November,0,,26,3,0,,,0,1,0,,110,110,135,TLAXCALA,0.814814814814815,2,,,,,43,0,35,0,,,,,,,,,,,,,,,,,,,,,,,,,,,,,,,,,,,,,,,,,,,,,,,,,,,,,,,,,,,,,,,,,,,,,,,,
PANOTLA,29024,342,2007,November,0,,212,37,0,,,0,21,0,,813,813,1435,TLAXCALA,0.566550522648084,96,,,,,187,76,184,0,,,,,,,,,,,,,,,,,,,,,,,,,,,,,,,,,,,,,,,,,,,,,,,,,,,,,,,,,,,,,,,,,,,,,,,,
PANOTLA,29024,343,2007,November,0,,116,12,0,,,0,6,0,,395,395,545,TLAXCALA,0.724770642201835,29,,,,,54,104,74,0,,,,,,,,,,,,,,,,,,,,,,,,,,,,,,,,,,,,,,,,,,,,,,,,,,,,,,,,,,,,,,,,,,,,,,,,
PANOTLA,29024,344,2007,November,0,,154,17,0,,,0,8,0,,442,442,591,TLAXCALA,0.747884940778342,47,,,,,42,14,160,0,,,,,,,,,,,,,,,,,,,,,,,,,,,,,,,,,,,,,,,,,,,,,,,,,,,,,,,,,,,,,,,,,,,,,,,,
PANOTLA,29024,345,2007,November,0,,329,30,0,,,0,10,0,,914,914,1322,TLAXCALA,0.691376701966717,137,,,,,143,83,182,0,,,,,,,,,,,,,,,,,,,,,,,,,,,,,,,,,,,,,,,,,,,,,,,,,,,,,,,,,,,,,,,,,,,,,,,,
PANOTLA,29024,346,2007,November,0,,208,290,0,,,0,9,0,,982,982,1514,TLAXCALA,0.648612945838838,151,,,,,149,41,134,0,,,,,,,,,,,,,,,,,,,,,,,,,,,,,,,,,,,,,,,,,,,,,,,,,,,,,,,,,,,,,,,,,,,,,,,,
PANOTLA,29024,347,2007,November,0,,211,262,0,,,0,17,0,,977,977,1488,TLAXCALA,0.656586021505376,87,,,,,178,40,182,0,,,,,,,,,,,,,,,,,,,,,,,,,,,,,,,,,,,,,,,,,,,,,,,,,,,,,,,,,,,,,,,,,,,,,,,,
PAPALOTLA DE XICOHTENCATL,29041,558,2007,November,0,,305,17,0,,,31,0,0,,1157,1157,1946,TLAXCALA,0.594552929085303,473,,,,,283,48,0,0,,,,,,,,,,,,,,,,,,,,,,,,,,,,,,,,,,,,,,,,,,,,,,,,,,,,,,,,,,,,,,,,,,,,,,,,
PAPALOTLA DE XICOHTENCATL,29041,559,2007,November,0,,265,16,0,,,20,0,0,,1029,1029,1640,TLAXCALA,0.627439024390244,459,,,,,222,47,0,0,,,,,,,,,,,,,,,,,,,,,,,,,,,,,,,,,,,,,,,,,,,,,,,,,,,,,,,,,,,,,,,,,,,,,,,,
PAPALOTLA DE XICOHTENCATL,29041,560,2007,November,0,,272,21,0,,,30,0,0,,1045,1045,2049,TLAXCALA,0.510004880429478,441,,,,,257,24,0,0,,,,,,,,,,,,,,,,,,,,,,,,,,,,,,,,,,,,,,,,,,,,,,,,,,,,,,,,,,,,,,,,,,,,,,,,
PAPALOTLA DE XICOHTENCATL,29041,561,2007,November,0,,273,13,0,,,16,0,0,,1245,1245,2026,TLAXCALA,0.614511352418559,614,,,,,290,39,0,0,,,,,,,,,,,,,,,,,,,,,,,,,,,,,,,,,,,,,,,,,,,,,,,,,,,,,,,,,,,,,,,,,,,,,,,,
PAPALOTLA DE XICOHTENCATL,29041,562,2007,November,0,,225,3,0,,,56,0,0,,976,976,1711,TLAXCALA,0.570426651081239,419,,,,,249,24,0,0,,,,,,,,,,,,,,,,,,,,,,,,,,,,,,,,,,,,,,,,,,,,,,,,,,,,,,,,,,,,,,,,,,,,,,,,
PAPALOTLA DE XICOHTENCATL,29041,563,2007,November,0,,335,11,0,,,21,0,0,,926,926,1563,TLAXCALA,0.592450415866923,274,,,,,259,26,0,0,,,,,,,,,,,,,,,,,,,,,,,,,,,,,,,,,,,,,,,,,,,,,,,,,,,,,,,,,,,,,,,,,,,,,,,,
PAPALOTLA DE XICOHTENCATL,29041,564,2007,November,0,,275,16,0,,,73,0,0,,945,945,1615,TLAXCALA,0.585139318885449,288,,,,,245,48,0,0,,,,,,,,,,,,,,,,,,,,,,,,,,,,,,,,,,,,,,,,,,,,,,,,,,,,,,,,,,,,,,,,,,,,,,,,
PAPALOTLA DE XICOHTENCATL,29041,565,2007,November,0,,106,7,0,,,44,0,0,,493,493,852,TLAXCALA,0.578638497652582,183,,,,,116,37,0,0,,,,,,,,,,,,,,,,,,,,,,,,,,,,,,,,,,,,,,,,,,,,,,,,,,,,,,,,,,,,,,,,,,,,,,,,
PAPALOTLA DE XICOHTENCATL,29041,566,2007,November,0,,158,9,0,,,22,0,0,,639,639,1044,TLAXCALA,0.612068965517241,250,,,,,171,29,0,0,,,,,,,,,,,,,,,,,,,,,,,,,,,,,,,,,,,,,,,,,,,,,,,,,,,,,,,,,,,,,,,,,,,,,,,,
PAPALOTLA DE XICOHTENCATL,29041,567,2007,November,0,,249,36,0,,,31,0,0,,598,598,1062,TLAXCALA,0.563088512241055,134,,,,,123,25,0,0,,,,,,,,,,,,,,,,,,,,,,,,,,,,,,,,,,,,,,,,,,,,,,,,,,,,,,,,,,,,,,,,,,,,,,,,
PAPALOTLA DE XICOHTENCATL,29041,568,2007,November,0,,110,7,0,,,10,0,0,,382,382,844,TLAXCALA,0.45260663507109,131,,,,,112,12,0,0,,,,,,,,,,,,,,,,,,,,,,,,,,,,,,,,,,,,,,,,,,,,,,,,,,,,,,,,,,,,,,,,,,,,,,,,
PAPALOTLA DE XICOHTENCATL,29041,569,2007,November,0,,83,3,0,,,13,0,0,,271,271,496,TLAXCALA,0.546370967741936,79,,,,,90,3,0,0,,,,,,,,,,,,,,,,,,,,,,,,,,,,,,,,,,,,,,,,,,,,,,,,,,,,,,,,,,,,,,,,,,,,,,,,
SAN DAMIAN TEXOLOC,29049,429,2007,November,0,,81,81,0,,,11,220,0,,1189,1189,1751,TLAXCALA,0.679040548258138,294,,,,,447,55,0,0,,,,,,,,,,,,,,,,,,,,,,,,,,,,,,,,,,,,,,,,,,,,,,,,,,,,,,,,,,,,,,,,,,,,,,,,
SAN DAMIAN TEXOLOC,29049,430,2007,November,0,,93,76,0,,,54,218,0,,1254,1254,1723,TLAXCALA,0.727800348229832,376,,,,,369,68,0,0,,,,,,,,,,,,,,,,,,,,,,,,,,,,,,,,,,,,,,,,,,,,,,,,,,,,,,,,,,,,,,,,,,,,,,,,
SAN FRANCISCO TETLANOHCAN,29050,158,2007,November,0,,575,277,0,,,235,0,17,,1725,1725,2666,TLAXCALA,0.647036759189797,388,,,,,102,0,131,0,,,,,,,,,,,,,,,,,,,,,,,,,,,,,,,,,,,,,,,,,,,,,,,,,,,,,,,,,,,,,,,,,,,,,,,,
SAN FRANCISCO TETLANOHCAN,29050,159,2007,November,0,,377,107,0,,,146,0,22,,1229,1229,1939,TLAXCALA,0.63383187209902,229,,,,,144,0,204,0,,,,,,,,,,,,,,,,,,,,,,,,,,,,,,,,,,,,,,,,,,,,,,,,,,,,,,,,,,,,,,,,,,,,,,,,
SAN FRANCISCO TETLANOHCAN,29050,160,2007,November,0,,531,122,0,,,150,0,22,,1437,1437,2198,TLAXCALA,0.653776160145587,308,,,,,139,0,165,0,,,,,,,,,,,,,,,,,,,,,,,,,,,,,,,,,,,,,,,,,,,,,,,,,,,,,,,,,,,,,,,,,,,,,,,,
SAN JERONIMO ZACUALPAN,29051,432,2007,November,0,,166,0,0,,,0,0,27,,789,789,1160,TLAXCALA,0.680172413793104,297,,,,,109,159,31,0,,,,,,,,,,,,,,,,,,,,,,,,,,,,,,,,,,,,,,,,,,,,,,,,,,,,,,,,,,,,,,,,,,,,,,,,
SAN JERONIMO ZACUALPAN,29051,433,2007,November,0,,277,0,0,,,0,0,52,,965,965,1546,TLAXCALA,0.624191461836999,220,,,,,171,178,67,0,,,,,,,,,,,,,,,,,,,,,,,,,,,,,,,,,,,,,,,,,,,,,,,,,,,,,,,,,,,,,,,,,,,,,,,,
SAN JOSE TEACALCO,29052,531,2007,November,0,,217,19,0,,,0,0,2,,625,625,868,TLAXCALA,0.720046082949309,166,,,,,141,0,80,0,,,,,,,,,,,,,,,,,,,,,,,,,,,,,,,,,,,,,,,,,,,,,,,,,,,,,,,,,,,,,,,,,,,,,,,,
SAN JOSE TEACALCO,29052,532,2007,November,0,,128,9,0,,,0,0,0,,387,387,596,TLAXCALA,0.649328859060403,73,,,,,90,0,87,0,,,,,,,,,,,,,,,,,,,,,,,,,,,,,,,,,,,,,,,,,,,,,,,,,,,,,,,,,,,,,,,,,,,,,,,,
SAN JOSE TEACALCO,29052,533,2007,November,0,,95,30,0,,,0,0,1,,386,386,565,TLAXCALA,0.683185840707965,110,,,,,134,0,16,0,,,,,,,,,,,,,,,,,,,,,,,,,,,,,,,,,,,,,,,,,,,,,,,,,,,,,,,,,,,,,,,,,,,,,,,,
SAN JOSE TEACALCO,29052,534,2007,November,0,,160,34,0,,,0,0,0,,635,635,986,TLAXCALA,0.644016227180527,228,,,,,173,0,40,0,,,,,,,,,,,,,,,,,,,,,,,,,,,,,,,,,,,,,,,,,,,,,,,,,,,,,,,,,,,,,,,,,,,,,,,,
SAN JOSE TEACALCO,29052,535,2007,November,0,,60,19,0,,,0,0,2,,329,329,520,TLAXCALA,0.632692307692308,145,,,,,86,0,17,0,,,,,,,,,,,,,,,,,,,,,,,,,,,,,,,,,,,,,,,,,,,,,,,,,,,,,,,,,,,,,,,,,,,,,,,,
SAN JUAN HUACTZINCO,29053,395,2007,November,0,,140,71,0,,,111,0,0,,1263,1263,2213,TLAXCALA,0.570718481699051,388,,,,,249,210,94,0,,,,,,,,,,,,,,,,,,,,,,,,,,,,,,,,,,,,,,,,,,,,,,,,,,,,,,,,,,,,,,,,,,,,,,,,
SAN JUAN HUACTZINCO,29053,396,2007,November,0,,175,48,0,,,118,0,0,,1172,1172,1906,TLAXCALA,0.614900314795383,342,,,,,238,207,44,0,,,,,,,,,,,,,,,,,,,,,,,,,,,,,,,,,,,,,,,,,,,,,,,,,,,,,,,,,,,,,,,,,,,,,,,,
SAN LORENZO AXOCOMANITLA,29054,586,2007,November,0,,171,0,0,,,214,0,0,,967,967,1490,TLAXCALA,0.648993288590604,281,,,,,208,0,93,0,,,,,,,,,,,,,,,,,,,,,,,,,,,,,,,,,,,,,,,,,,,,,,,,,,,,,,,,,,,,,,,,,,,,,,,,
SAN LORENZO AXOCOMANITLA,29054,587,2007,November,0,,267,0,0,,,193,0,0,,1017,1017,1513,TLAXCALA,0.672174487772637,212,,,,,276,0,69,0,,,,,,,,,,,,,,,,,,,,,,,,,,,,,,,,,,,,,,,,,,,,,,,,,,,,,,,,,,,,,,,,,,,,,,,,
SAN LUCAS TECOPILCO,29055,551,2007,November,0,,54,7,0,,,265,0,0,,891,891,1375,TLAXCALA,0.648,259,,,,,282,0,24,0,,,,,,,,,,,,,,,,,,,,,,,,,,,,,,,,,,,,,,,,,,,,,,,,,,,,,,,,,,,,,,,,,,,,,,,,
SAN LUCAS TECOPILCO,29055,552,2007,November,0,,38,18,0,,,203,0,0,,491,491,759,TLAXCALA,0.646903820816864,118,,,,,94,0,20,0,,,,,,,,,,,,,,,,,,,,,,,,,,,,,,,,,,,,,,,,,,,,,,,,,,,,,,,,,,,,,,,,,,,,,,,,
SAN LUIS TEOLOCHOLCO,29028,378,2007,November,0,,392,65,0,,,64,0,0,,924,924,1357,TLAXCALA,0.680913780397937,135,,,,,230,38,0,0,,,,,,,,,,,,,,,,,,,,,,,,,,,,,,,,,,,,,,,,,,,,,,,,,,,,,,,,,,,,,,,,,,,,,,,,
SAN LUIS TEOLOCHOLCO,29028,379,2007,November,0,,322,34,0,,,201,0,0,,1010,1010,1697,TLAXCALA,0.595167943429582,144,,,,,278,31,0,0,,,,,,,,,,,,,,,,,,,,,,,,,,,,,,,,,,,,,,,,,,,,,,,,,,,,,,,,,,,,,,,,,,,,,,,,
SAN LUIS TEOLOCHOLCO,29028,380,2007,November,0,,311,28,0,,,597,0,0,,1883,1883,2984,TLAXCALA,0.631032171581769,551,,,,,368,28,0,0,,,,,,,,,,,,,,,,,,,,,,,,,,,,,,,,,,,,,,,,,,,,,,,,,,,,,,,,,,,,,,,,,,,,,,,,
SAN LUIS TEOLOCHOLCO,29028,381,2007,November,0,,91,26,0,,,252,0,0,,961,961,1625,TLAXCALA,0.591384615384615,295,,,,,245,52,0,0,,,,,,,,,,,,,,,,,,,,,,,,,,,,,,,,,,,,,,,,,,,,,,,,,,,,,,,,,,,,,,,,,,,,,,,,
SAN LUIS TEOLOCHOLCO,29028,382,2007,November,0,,206,24,0,,,112,0,0,,740,740,1187,TLAXCALA,0.623420387531592,167,,,,,208,23,0,0,,,,,,,,,,,,,,,,,,,,,,,,,,,,,,,,,,,,,,,,,,,,,,,,,,,,,,,,,,,,,,,,,,,,,,,,
SAN LUIS TEOLOCHOLCO,29028,383,2007,November,0,,178,18,0,,,216,0,0,,808,808,1200,TLAXCALA,0.673333333333333,192,,,,,160,44,0,0,,,,,,,,,,,,,,,,,,,,,,,,,,,,,,,,,,,,,,,,,,,,,,,,,,,,,,,,,,,,,,,,,,,,,,,,
SAN LUIS TEOLOCHOLCO,29028,384,2007,November,0,,409,41,0,,,66,0,0,,774,774,1202,TLAXCALA,0.643926788685524,117,,,,,117,24,0,0,,,,,,,,,,,,,,,,,,,,,,,,,,,,,,,,,,,,,,,,,,,,,,,,,,,,,,,,,,,,,,,,,,,,,,,,
SAN LUIS TEOLOCHOLCO,29028,385,2007,November,0,,14,3,0,,,50,0,0,,196,196,244,TLAXCALA,0.80327868852459,39,,,,,86,4,0,0,,,,,,,,,,,,,,,,,,,,,,,,,,,,,,,,,,,,,,,,,,,,,,,,,,,,,,,,,,,,,,,,,,,,,,,,
SAN LUIS TEOLOCHOLCO,29028,386,2007,November,0,,352,11,0,,,104,0,0,,1148,1148,1700,TLAXCALA,0.675294117647059,160,,,,,289,232,0,0,,,,,,,,,,,,,,,,,,,,,,,,,,,,,,,,,,,,,,,,,,,,,,,,,,,,,,,,,,,,,,,,,,,,,,,,
SAN PABLO DEL MONTE,29025,348,2007,November,0,,498,338,0,,,50,21,11,,1729,1729,2603,TLAXCALA,0.664233576642336,135,,,,,676,0,0,0,,,,,,,,,,,,,,,,,,,,,,,,,,,,,,,,,,,,,,,,,,,,,,,,,,,,,,,,,,,,,,,,,,,,,,,,
SAN PABLO DEL MONTE,29025,349,2007,November,0,,496,490,0,,,36,17,2,,1558,1558,2401,TLAXCALA,0.648896293211162,215,,,,,302,0,0,0,,,,,,,,,,,,,,,,,,,,,,,,,,,,,,,,,,,,,,,,,,,,,,,,,,,,,,,,,,,,,,,,,,,,,,,,
SAN PABLO DEL MONTE,29025,350,2007,November,0,,681,698,0,,,11,27,7,,2008,2008,3158,TLAXCALA,0.635845471817606,195,,,,,389,0,0,0,,,,,,,,,,,,,,,,,,,,,,,,,,,,,,,,,,,,,,,,,,,,,,,,,,,,,,,,,,,,,,,,,,,,,,,,
SAN PABLO DEL MONTE,29025,351,2007,November,0,,474,430,0,,,24,31,1,,1493,1493,2426,TLAXCALA,0.615416323165705,76,,,,,457,0,0,0,,,,,,,,,,,,,,,,,,,,,,,,,,,,,,,,,,,,,,,,,,,,,,,,,,,,,,,,,,,,,,,,,,,,,,,,
SAN PABLO DEL MONTE,29025,352,2007,November,0,,436,535,0,,,14,7,6,,1352,1352,1966,TLAXCALA,0.687690742624619,68,,,,,286,0,0,0,,,,,,,,,,,,,,,,,,,,,,,,,,,,,,,,,,,,,,,,,,,,,,,,,,,,,,,,,,,,,,,,,,,,,,,,
SAN PABLO DEL MONTE,29025,353,2007,November,0,,294,482,0,,,57,47,13,,1317,1317,2237,TLAXCALA,0.588734912829683,79,,,,,345,0,0,0,,,,,,,,,,,,,,,,,,,,,,,,,,,,,,,,,,,,,,,,,,,,,,,,,,,,,,,,,,,,,,,,,,,,,,,,
SAN PABLO DEL MONTE,29025,354,2007,November,0,,374,596,0,,,31,30,14,,1671,1671,2681,TLAXCALA,0.623274897426334,200,,,,,426,0,0,0,,,,,,,,,,,,,,,,,,,,,,,,,,,,,,,,,,,,,,,,,,,,,,,,,,,,,,,,,,,,,,,,,,,,,,,,
SAN PABLO DEL MONTE,29025,355,2007,November,0,,501,356,0,,,11,9,14,,1439,1439,2172,TLAXCALA,0.662523020257827,192,,,,,356,0,0,0,,,,,,,,,,,,,,,,,,,,,,,,,,,,,,,,,,,,,,,,,,,,,,,,,,,,,,,,,,,,,,,,,,,,,,,,
SAN PABLO DEL MONTE,29025,356,2007,November,0,,567,552,0,,,18,17,18,,1701,1701,2670,TLAXCALA,0.637078651685393,99,,,,,430,0,0,0,,,,,,,,,,,,,,,,,,,,,,,,,,,,,,,,,,,,,,,,,,,,,,,,,,,,,,,,,,,,,,,,,,,,,,,,
SAN PABLO DEL MONTE,29025,357,2007,November,0,,405,434,0,,,36,65,14,,1404,1404,2250,TLAXCALA,0.624,139,,,,,311,0,0,0,,,,,,,,,,,,,,,,,,,,,,,,,,,,,,,,,,,,,,,,,,,,,,,,,,,,,,,,,,,,,,,,,,,,,,,,
SAN PABLO DEL MONTE,29025,358,2007,November,0,,448,516,0,,,25,36,40,,1470,1470,2334,TLAXCALA,0.629820051413882,96,,,,,309,0,0,0,,,,,,,,,,,,,,,,,,,,,,,,,,,,,,,,,,,,,,,,,,,,,,,,,,,,,,,,,,,,,,,,,,,,,,,,
SAN PABLO DEL MONTE,29025,359,2007,November,0,,225,254,0,,,19,11,35,,898,898,1642,TLAXCALA,0.546894031668697,124,,,,,230,0,0,0,,,,,,,,,,,,,,,,,,,,,,,,,,,,,,,,,,,,,,,,,,,,,,,,,,,,,,,,,,,,,,,,,,,,,,,,
SAN PABLO DEL MONTE,29025,360,2007,November,0,,238,332,0,,,25,6,25,,1000,1000,1655,TLAXCALA,0.604229607250755,135,,,,,239,0,0,0,,,,,,,,,,,,,,,,,,,,,,,,,,,,,,,,,,,,,,,,,,,,,,,,,,,,,,,,,,,,,,,,,,,,,,,,
SAN PABLO DEL MONTE,29025,361,2007,November,0,,438,202,0,,,22,19,13,,1382,1382,2278,TLAXCALA,0.60667251975417,463,,,,,225,0,0,0,,,,,,,,,,,,,,,,,,,,,,,,,,,,,,,,,,,,,,,,,,,,,,,,,,,,,,,,,,,,,,,,,,,,,,,,
SAN PABLO DEL MONTE,29025,362,2007,November,0,,387,190,0,,,52,17,21,,1299,1299,2267,TLAXCALA,0.573003970004411,388,,,,,244,0,0,0,,,,,,,,,,,,,,,,,,,,,,,,,,,,,,,,,,,,,,,,,,,,,,,,,,,,,,,,,,,,,,,,,,,,,,,,
SAN PABLO DEL MONTE,29025,363,2007,November,0,,610,567,0,,,12,11,12,,1591,1591,2362,TLAXCALA,0.673581710414903,77,,,,,302,0,0,0,,,,,,,,,,,,,,,,,,,,,,,,,,,,,,,,,,,,,,,,,,,,,,,,,,,,,,,,,,,,,,,,,,,,,,,,
SAN PABLO DEL MONTE,29025,364,2007,November,0,,384,340,0,,,7,16,8,,1051,1051,1702,TLAXCALA,0.617508813160987,73,,,,,223,0,0,0,,,,,,,,,,,,,,,,,,,,,,,,,,,,,,,,,,,,,,,,,,,,,,,,,,,,,,,,,,,,,,,,,,,,,,,,
SANCTORUM,29020,292,2007,November,0,,24,5,0,,,0,345,0,,734,734,1161,TLAXCALA,0.632213608957795,14,,,,,243,74,29,0,,,,,,,,,,,,,,,,,,,,,,,,,,,,,,,,,,,,,,,,,,,,,,,,,,,,,,,,,,,,,,,,,,,,,,,,
SANCTORUM,29020,293,2007,November,0,,24,2,0,,,0,339,0,,741,741,1108,TLAXCALA,0.668772563176895,16,,,,,267,67,26,0,,,,,,,,,,,,,,,,,,,,,,,,,,,,,,,,,,,,,,,,,,,,,,,,,,,,,,,,,,,,,,,,,,,,,,,,
SANCTORUM,29020,294,2007,November,0,,24,3,0,,,0,308,0,,667,667,1035,TLAXCALA,0.644444444444445,11,,,,,206,89,26,0,,,,,,,,,,,,,,,,,,,,,,,,,,,,,,,,,,,,,,,,,,,,,,,,,,,,,,,,,,,,,,,,,,,,,,,,
SANCTORUM,29020,297,2007,November,0,,24,27,0,,,0,392,0,,755,755,1141,TLAXCALA,0.661700262927257,87,,,,,194,27,4,0,,,,,,,,,,,,,,,,,,,,,,,,,,,,,,,,,,,,,,,,,,,,,,,,,,,,,,,,,,,,,,,,,,,,,,,,
SANCTORUM,29020,298,2007,November,0,,15,21,0,,,0,286,0,,528,528,915,TLAXCALA,0.577049180327869,31,,,,,164,7,4,0,,,,,,,,,,,,,,,,,,,,,,,,,,,,,,,,,,,,,,,,,,,,,,,,,,,,,,,,,,,,,,,,,,,,,,,,
SANTA ANA NOPALUCAN,29056,254,2007,November,0,,269,29,0,,,0,0,0,,1588,1588,2244,TLAXCALA,0.707664884135472,770,,,,,477,43,0,0,,,,,,,,,,,,,,,,,,,,,,,,,,,,,,,,,,,,,,,,,,,,,,,,,,,,,,,,,,,,,,,,,,,,,,,,
SANTA ANA NOPALUCAN,29056,255,2007,November,0,,398,12,0,,,0,0,0,,1604,1604,2246,TLAXCALA,0.714158504007124,718,,,,,458,18,0,0,,,,,,,,,,,,,,,,,,,,,,,,,,,,,,,,,,,,,,,,,,,,,,,,,,,,,,,,,,,,,,,,,,,,,,,,
SANTA APOLONIA TEACALCO,29057,316,2007,November,0,,250,65,0,,,0,0,45,,1032,1032,1418,TLAXCALA,0.727785613540197,196,,,,,200,201,75,0,,,,,,,,,,,,,,,,,,,,,,,,,,,,,,,,,,,,,,,,,,,,,,,,,,,,,,,,,,,,,,,,,,,,,,,,
SANTA APOLONIA TEACALCO,29057,317,2007,November,0,,131,81,0,,,0,0,30,,1130,1130,1616,TLAXCALA,0.699257425742574,210,,,,,243,185,250,0,,,,,,,,,,,,,,,,,,,,,,,,,,,,,,,,,,,,,,,,,,,,,,,,,,,,,,,,,,,,,,,,,,,,,,,,
SANTA CATARINA AYOMETLA,29058,602,2007,November,90,,360,34,38,,,138,77,0,,920,920,1489,TLAXCALA,0.617864338482203,0,,,,,120,24,39,0,,,,,,,,,,,,,,,,,,,,,,,,,,,,,,,,,,,,,,,,,,,,,,,,,,,,,,,,,,,,,,,,,,,,,,,,
SANTA CATARINA AYOMETLA,29058,603,2007,November,52,,186,15,3,,,131,31,0,,559,559,935,TLAXCALA,0.597860962566845,0,,,,,68,22,51,0,,,,,,,,,,,,,,,,,,,,,,,,,,,,,,,,,,,,,,,,,,,,,,,,,,,,,,,,,,,,,,,,,,,,,,,,
SANTA CATARINA AYOMETLA,29058,604,2007,November,282,,327,73,69,,,283,179,0,,1523,1523,2377,TLAXCALA,0.640723601177955,0,,,,,159,47,104,0,,,,,,,,,,,,,,,,,,,,,,,,,,,,,,,,,,,,,,,,,,,,,,,,,,,,,,,,,,,,,,,,,,,,,,,,
SANTA CATARINA AYOMETLA,29058,605,2007,November,110,,115,17,4,,,126,68,0,,577,577,919,TLAXCALA,0.627856365614799,0,,,,,77,25,35,0,,,,,,,,,,,,,,,,,,,,,,,,,,,,,,,,,,,,,,,,,,,,,,,,,,,,,,,,,,,,,,,,,,,,,,,,
SANTA CRUZ QUILEHTLA,29059,313,2007,November,0,,96,161,0,,,0,0,0,,831,831,1438,TLAXCALA,0.5778859527121,481,,,,,80,13,0,0,,,,,,,,,,,,,,,,,,,,,,,,,,,,,,,,,,,,,,,,,,,,,,,,,,,,,,,,,,,,,,,,,,,,,,,,
SANTA CRUZ QUILEHTLA,29059,314,2007,November,0,,109,75,0,,,0,0,0,,644,644,1168,TLAXCALA,0.551369863013699,402,,,,,55,3,0,0,,,,,,,,,,,,,,,,,,,,,,,,,,,,,,,,,,,,,,,,,,,,,,,,,,,,,,,,,,,,,,,,,,,,,,,,
SANTA CRUZ QUILEHTLA,29059,315,2007,November,0,,362,264,0,,,0,0,0,,631,631,965,TLAXCALA,0.653886010362694,2,,,,,3,0,0,0,,,,,,,,,,,,,,,,,,,,,,,,,,,,,,,,,,,,,,,,,,,,,,,,,,,,,,,,,,,,,,,,,,,,,,,,
SANTA CRUZ TLAXCALA,29026,365,2007,November,0,,17,63,0,,,0,5,0,,421,421,845,TLAXCALA,0.498224852071006,107,,,,,210,0,19,0,,,,,,,,,,,,,,,,,,,,,,,,,,,,,,,,,,,,,,,,,,,,,,,,,,,,,,,,,,,,,,,,,,,,,,,,
SANTA CRUZ TLAXCALA,29026,366,2007,November,0,,19,191,0,,,0,35,0,,1055,1055,1596,TLAXCALA,0.661027568922306,380,,,,,416,0,14,0,,,,,,,,,,,,,,,,,,,,,,,,,,,,,,,,,,,,,,,,,,,,,,,,,,,,,,,,,,,,,,,,,,,,,,,,
SANTA CRUZ TLAXCALA,29026,367,2007,November,0,,70,241,0,,,0,57,0,,1096,1096,1778,TLAXCALA,0.616422947131609,316,,,,,388,0,24,0,,,,,,,,,,,,,,,,,,,,,,,,,,,,,,,,,,,,,,,,,,,,,,,,,,,,,,,,,,,,,,,,,,,,,,,,
SANTA CRUZ TLAXCALA,29026,368,2007,November,0,,42,184,0,,,0,37,0,,933,933,1438,TLAXCALA,0.648817802503477,262,,,,,378,0,30,0,,,,,,,,,,,,,,,,,,,,,,,,,,,,,,,,,,,,,,,,,,,,,,,,,,,,,,,,,,,,,,,,,,,,,,,,
SANTA CRUZ TLAXCALA,29026,369,2007,November,0,,90,103,0,,,0,38,0,,933,933,1582,TLAXCALA,0.589759797724399,282,,,,,372,0,48,0,,,,,,,,,,,,,,,,,,,,,,,,,,,,,,,,,,,,,,,,,,,,,,,,,,,,,,,,,,,,,,,,,,,,,,,,
SANTA CRUZ TLAXCALA,29026,370,2007,November,0,,59,73,0,,,0,7,0,,497,497,662,TLAXCALA,0.750755287009064,180,,,,,171,0,7,0,,,,,,,,,,,,,,,,,,,,,,,,,,,,,,,,,,,,,,,,,,,,,,,,,,,,,,,,,,,,,,,,,,,,,,,,
SANTA CRUZ TLAXCALA,29026,371,2007,November,0,,122,86,0,,,0,20,0,,1205,1205,1997,TLAXCALA,0.603405107661492,466,,,,,463,0,48,0,,,,,,,,,,,,,,,,,,,,,,,,,,,,,,,,,,,,,,,,,,,,,,,,,,,,,,,,,,,,,,,,,,,,,,,,
SANTA ISABEL XILOXOXTLA,29060,391,2007,November,0,,203,258,0,,,0,0,0,,920,920,1451,TLAXCALA,0.634045485871813,316,,,,,143,0,0,0,,,,,,,,,,,,,,,,,,,,,,,,,,,,,,,,,,,,,,,,,,,,,,,,,,,,,,,,,,,,,,,,,,,,,,,,
SANTA ISABEL XILOXOXTLA,29060,392,2007,November,0,,282,70,0,,,0,0,0,,715,715,1061,TLAXCALA,0.673892554194157,260,,,,,103,0,0,0,,,,,,,,,,,,,,,,,,,,,,,,,,,,,,,,,,,,,,,,,,,,,,,,,,,,,,,,,,,,,,,,,,,,,,,,
TENANCINGO,29027,372,2007,November,0,,58,0,0,,,131,19,0,,706,706,1238,TLAXCALA,0.570274636510501,208,,,,,247,43,0,0,,,,,,,,,,,,,,,,,,,,,,,,,,,,,,,,,,,,,,,,,,,,,,,,,,,,,,,,,,,,,,,,,,,,,,,,
TENANCINGO,29027,373,2007,November,0,,52,0,0,,,121,7,0,,600,600,1138,TLAXCALA,0.527240773286468,253,,,,,155,12,0,0,,,,,,,,,,,,,,,,,,,,,,,,,,,,,,,,,,,,,,,,,,,,,,,,,,,,,,,,,,,,,,,,,,,,,,,,
TENANCINGO,29027,375,2007,November,0,,212,0,0,,,227,13,0,,914,914,1772,TLAXCALA,0.515801354401806,206,,,,,203,53,0,0,,,,,,,,,,,,,,,,,,,,,,,,,,,,,,,,,,,,,,,,,,,,,,,,,,,,,,,,,,,,,,,,,,,,,,,,
TENANCINGO,29027,376,2007,November,0,,56,0,0,,,137,11,0,,653,653,1252,TLAXCALA,0.521565495207668,185,,,,,215,49,0,0,,,,,,,,,,,,,,,,,,,,,,,,,,,,,,,,,,,,,,,,,,,,,,,,,,,,,,,,,,,,,,,,,,,,,,,,
TENANCINGO,29027,377,2007,November,0,,182,0,0,,,161,0,0,,868,868,1721,TLAXCALA,0.504357931435212,272,,,,,192,61,0,0,,,,,,,,,,,,,,,,,,,,,,,,,,,,,,,,,,,,,,,,,,,,,,,,,,,,,,,,,,,,,,,,,,,,,,,,
TEPETITLA DE LARDIZABAL,29019,284,2007,November,46,,115,38,122,,,10,0,63,,745,745,1209,TLAXCALA,0.616211745244003,0,,,,,106,85,160,0,,,,,,,,,,,,,,,,,,,,,,,,,,,,,,,,,,,,,,,,,,,,,,,,,,,,,,,,,,,,,,,,,,,,,,,,
TEPETITLA DE LARDIZABAL,29019,285,2007,November,75,,135,44,112,,,15,0,50,,797,797,1335,TLAXCALA,0.597003745318352,0,,,,,112,156,98,0,,,,,,,,,,,,,,,,,,,,,,,,,,,,,,,,,,,,,,,,,,,,,,,,,,,,,,,,,,,,,,,,,,,,,,,,
TEPETITLA DE LARDIZABAL,29019,286,2007,November,130,,262,41,107,,,23,0,121,,1278,1278,2035,TLAXCALA,0.628009828009828,0,,,,,178,101,315,0,,,,,,,,,,,,,,,,,,,,,,,,,,,,,,,,,,,,,,,,,,,,,,,,,,,,,,,,,,,,,,,,,,,,,,,,
TEPETITLA DE LARDIZABAL,29019,287,2007,November,98,,126,25,79,,,19,0,91,,836,836,1401,TLAXCALA,0.596716630977873,0,,,,,182,41,175,0,,,,,,,,,,,,,,,,,,,,,,,,,,,,,,,,,,,,,,,,,,,,,,,,,,,,,,,,,,,,,,,,,,,,,,,,
TEPETITLA DE LARDIZABAL,29019,288,2007,November,592,,78,13,19,,,191,0,15,,1018,1018,1706,TLAXCALA,0.596717467760844,0,,,,,52,39,19,0,,,,,,,,,,,,,,,,,,,,,,,,,,,,,,,,,,,,,,,,,,,,,,,,,,,,,,,,,,,,,,,,,,,,,,,,
TEPETITLA DE LARDIZABAL,29019,289,2007,November,489,,49,11,16,,,103,0,3,,808,808,1296,TLAXCALA,0.623456790123457,0,,,,,57,32,48,0,,,,,,,,,,,,,,,,,,,,,,,,,,,,,,,,,,,,,,,,,,,,,,,,,,,,,,,,,,,,,,,,,,,,,,,,
TEPETITLA DE LARDIZABAL,29019,290,2007,November,380,,124,44,109,,,156,0,92,,1220,1220,1920,TLAXCALA,0.635416666666667,0,,,,,144,97,74,0,,,,,,,,,,,,,,,,,,,,,,,,,,,,,,,,,,,,,,,,,,,,,,,,,,,,,,,,,,,,,,,,,,,,,,,,
TEPETITLA DE LARDIZABAL,29019,291,2007,November,64,,36,2,37,,,65,0,9,,309,309,384,TLAXCALA,0.8046875,0,,,,,30,55,11,0,,,,,,,,,,,,,,,,,,,,,,,,,,,,,,,,,,,,,,,,,,,,,,,,,,,,,,,,,,,,,,,,,,,,,,,,
TEPEYANCO,29029,387,2007,November,286,,31,70,99,,,0,0,4,,923,923,1474,TLAXCALA,0.626187245590231,0,,,,,394,27,12,0,,,,,,,,,,,,,,,,,,,,,,,,,,,,,,,,,,,,,,,,,,,,,,,,,,,,,,,,,,,,,,,,,,,,,,,,
TEPEYANCO,29029,388,2007,November,236,,16,46,84,,,0,0,4,,721,721,1156,TLAXCALA,0.623702422145329,0,,,,,288,44,3,0,,,,,,,,,,,,,,,,,,,,,,,,,,,,,,,,,,,,,,,,,,,,,,,,,,,,,,,,,,,,,,,,,,,,,,,,
TEPEYANCO,29029,389,2007,November,20,,1,10,54,,,0,0,2,,179,179,284,TLAXCALA,0.630281690140845,0,,,,,71,14,7,0,,,,,,,,,,,,,,,,,,,,,,,,,,,,,,,,,,,,,,,,,,,,,,,,,,,,,,,,,,,,,,,,,,,,,,,,
TEPEYANCO,29029,390,2007,November,81,,23,21,154,,,0,0,5,,460,460,746,TLAXCALA,0.616621983914209,0,,,,,151,19,6,0,,,,,,,,,,,,,,,,,,,,,,,,,,,,,,,,,,,,,,,,,,,,,,,,,,,,,,,,,,,,,,,,,,,,,,,,
TEPEYANCO,29029,393,2007,November,49,,15,25,131,,,0,0,3,,392,392,624,TLAXCALA,0.628205128205128,0,,,,,134,12,23,0,,,,,,,,,,,,,,,,,,,,,,,,,,,,,,,,,,,,,,,,,,,,,,,,,,,,,,,,,,,,,,,,,,,,,,,,
TEPEYANCO,29029,394,2007,November,149,,50,54,411,,,0,0,1,,1102,1102,1478,TLAXCALA,0.745602165087957,0,,,,,267,15,155,0,,,,,,,,,,,,,,,,,,,,,,,,,,,,,,,,,,,,,,,,,,,,,,,,,,,,,,,,,,,,,,,,,,,,,,,,
TEPEYANCO,29029,397,2007,November,115,,155,103,286,,,0,0,13,,1001,1001,1468,TLAXCALA,0.681880108991826,0,,,,,221,30,78,0,,,,,,,,,,,,,,,,,,,,,,,,,,,,,,,,,,,,,,,,,,,,,,,,,,,,,,,,,,,,,,,,,,,,,,,,
TERRENATE,29030,398,2007,November,0,,328,27,0,,,245,43,10,,1137,1137,1823,TLAXCALA,0.623697202413604,192,,,,,196,0,96,0,,,,,,,,,,,,,,,,,,,,,,,,,,,,,,,,,,,,,,,,,,,,,,,,,,,,,,,,,,,,,,,,,,,,,,,,
TERRENATE,29030,399,2007,November,0,,161,18,0,,,360,16,7,,771,771,1271,TLAXCALA,0.6066089693155,60,,,,,138,0,11,0,,,,,,,,,,,,,,,,,,,,,,,,,,,,,,,,,,,,,,,,,,,,,,,,,,,,,,,,,,,,,,,,,,,,,,,,
TERRENATE,29030,403,2007,November,0,,61,273,0,,,36,3,14,,574,574,1062,TLAXCALA,0.540489642184557,20,,,,,133,0,34,0,,,,,,,,,,,,,,,,,,,,,,,,,,,,,,,,,,,,,,,,,,,,,,,,,,,,,,,,,,,,,,,,,,,,,,,,
TERRENATE,29030,404,2007,November,0,,172,117,0,,,103,52,15,,1088,1088,1916,TLAXCALA,0.567849686847599,65,,,,,470,0,94,0,,,,,,,,,,,,,,,,,,,,,,,,,,,,,,,,,,,,,,,,,,,,,,,,,,,,,,,,,,,,,,,,,,,,,,,,
TERRENATE,29030,405,2007,November,0,,20,6,0,,,15,2,1,,130,130,180,TLAXCALA,0.722222222222222,26,,,,,41,0,19,0,,,,,,,,,,,,,,,,,,,,,,,,,,,,,,,,,,,,,,,,,,,,,,,,,,,,,,,,,,,,,,,,,,,,,,,,
TERRENATE,29030,406,2007,November,0,,57,10,0,,,32,6,0,,273,273,360,TLAXCALA,0.758333333333333,37,,,,,116,0,15,0,,,,,,,,,,,,,,,,,,,,,,,,,,,,,,,,,,,,,,,,,,,,,,,,,,,,,,,,,,,,,,,,,,,,,,,,
TERRENATE,29030,407,2007,November,0,,62,12,0,,,61,40,1,,405,405,552,TLAXCALA,0.733695652173913,17,,,,,183,0,29,0,,,,,,,,,,,,,,,,,,,,,,,,,,,,,,,,,,,,,,,,,,,,,,,,,,,,,,,,,,,,,,,,,,,,,,,,
TERRENATE,29030,408,2007,November,0,,96,10,0,,,48,28,3,,606,606,970,TLAXCALA,0.624742268041237,22,,,,,339,0,60,0,,,,,,,,,,,,,,,,,,,,,,,,,,,,,,,,,,,,,,,,,,,,,,,,,,,,,,,,,,,,,,,,,,,,,,,,
TETLA DE LA SOLIDARIDAD,29031,409,2007,November,0,,124,33,0,,,0,0,0,,670,670,992,TLAXCALA,0.675403225806452,302,,,,,142,68,1,0,,,,,,,,,,,,,,,,,,,,,,,,,,,,,,,,,,,,,,,,,,,,,,,,,,,,,,,,,,,,,,,,,,,,,,,,
TETLA DE LA SOLIDARIDAD,29031,410,2007,November,0,,80,47,0,,,0,0,1,,673,673,1036,TLAXCALA,0.6496138996139,375,,,,,159,10,1,0,,,,,,,,,,,,,,,,,,,,,,,,,,,,,,,,,,,,,,,,,,,,,,,,,,,,,,,,,,,,,,,,,,,,,,,,
TETLA DE LA SOLIDARIDAD,29031,411,2007,November,0,,262,31,0,,,0,0,6,,1042,1042,1773,TLAXCALA,0.58770445572476,299,,,,,311,128,5,0,,,,,,,,,,,,,,,,,,,,,,,,,,,,,,,,,,,,,,,,,,,,,,,,,,,,,,,,,,,,,,,,,,,,,,,,
TETLA DE LA SOLIDARIDAD,29031,412,2007,November,0,,170,17,0,,,0,0,9,,986,986,1732,TLAXCALA,0.569284064665127,363,,,,,267,156,4,0,,,,,,,,,,,,,,,,,,,,,,,,,,,,,,,,,,,,,,,,,,,,,,,,,,,,,,,,,,,,,,,,,,,,,,,,
TETLA DE LA SOLIDARIDAD,29031,413,2007,November,0,,133,26,0,,,0,0,2,,637,637,1051,TLAXCALA,0.606089438629876,309,,,,,92,72,3,0,,,,,,,,,,,,,,,,,,,,,,,,,,,,,,,,,,,,,,,,,,,,,,,,,,,,,,,,,,,,,,,,,,,,,,,,
TETLA DE LA SOLIDARIDAD,29031,414,2007,November,0,,78,22,0,,,0,0,4,,342,342,847,TLAXCALA,0.403778040141677,102,,,,,90,42,4,0,,,,,,,,,,,,,,,,,,,,,,,,,,,,,,,,,,,,,,,,,,,,,,,,,,,,,,,,,,,,,,,,,,,,,,,,
TETLA DE LA SOLIDARIDAD,29031,415,2007,November,0,,73,18,0,,,0,0,1,,456,456,1070,TLAXCALA,0.426168224299065,177,,,,,115,69,3,0,,,,,,,,,,,,,,,,,,,,,,,,,,,,,,,,,,,,,,,,,,,,,,,,,,,,,,,,,,,,,,,,,,,,,,,,
TETLA DE LA SOLIDARIDAD,29031,416,2007,November,0,,47,14,0,,,0,0,0,,637,637,914,TLAXCALA,0.696936542669584,314,,,,,247,10,5,0,,,,,,,,,,,,,,,,,,,,,,,,,,,,,,,,,,,,,,,,,,,,,,,,,,,,,,,,,,,,,,,,,,,,,,,,
TETLA DE LA SOLIDARIDAD,29031,417,2007,November,0,,45,22,0,,,0,0,0,,177,177,257,TLAXCALA,0.688715953307393,39,,,,,63,6,2,0,,,,,,,,,,,,,,,,,,,,,,,,,,,,,,,,,,,,,,,,,,,,,,,,,,,,,,,,,,,,,,,,,,,,,,,,
TETLA DE LA SOLIDARIDAD,29031,418,2007,November,0,,39,44,0,,,0,0,1,,207,207,317,TLAXCALA,0.652996845425868,107,,,,,11,5,0,0,,,,,,,,,,,,,,,,,,,,,,,,,,,,,,,,,,,,,,,,,,,,,,,,,,,,,,,,,,,,,,,,,,,,,,,,
TETLA DE LA SOLIDARIDAD,29031,419,2007,November,0,,71,11,0,,,0,0,2,,348,348,460,TLAXCALA,0.756521739130435,180,,,,,47,37,0,0,,,,,,,,,,,,,,,,,,,,,,,,,,,,,,,,,,,,,,,,,,,,,,,,,,,,,,,,,,,,,,,,,,,,,,,,
TETLA DE LA SOLIDARIDAD,29031,420,2007,November,0,,101,78,0,,,0,0,11,,904,904,1477,TLAXCALA,0.612051455653351,256,,,,,428,24,6,0,,,,,,,,,,,,,,,,,,,,,,,,,,,,,,,,,,,,,,,,,,,,,,,,,,,,,,,,,,,,,,,,,,,,,,,,
TETLA DE LA SOLIDARIDAD,29031,421,2007,November,0,,123,101,0,,,0,0,8,,856,856,1530,TLAXCALA,0.559477124183007,198,,,,,397,21,8,0,,,,,,,,,,,,,,,,,,,,,,,,,,,,,,,,,,,,,,,,,,,,,,,,,,,,,,,,,,,,,,,,,,,,,,,,
TETLA DE LA SOLIDARIDAD,29031,422,2007,November,0,,336,44,0,,,0,0,10,,1244,1244,2229,TLAXCALA,0.5580978017048,429,,,,,406,15,4,0,,,,,,,,,,,,,,,,,,,,,,,,,,,,,,,,,,,,,,,,,,,,,,,,,,,,,,,,,,,,,,,,,,,,,,,,
TETLA DE LA SOLIDARIDAD,29031,423,2007,November,0,,49,2,0,,,0,0,0,,147,147,181,TLAXCALA,0.812154696132597,32,,,,,63,1,0,0,,,,,,,,,,,,,,,,,,,,,,,,,,,,,,,,,,,,,,,,,,,,,,,,,,,,,,,,,,,,,,,,,,,,,,,,
TETLATLAHUCA,29032,424,2007,November,0,,670,21,0,,,1,0,0,,792,792,1125,TLAXCALA,0.704,14,,,,,66,6,14,0,,,,,,,,,,,,,,,,,,,,,,,,,,,,,,,,,,,,,,,,,,,,,,,,,,,,,,,,,,,,,,,,,,,,,,,,
TETLATLAHUCA,29032,425,2007,November,0,,388,32,0,,,3,0,0,,843,843,1249,TLAXCALA,0.674939951961569,216,,,,,113,2,89,0,,,,,,,,,,,,,,,,,,,,,,,,,,,,,,,,,,,,,,,,,,,,,,,,,,,,,,,,,,,,,,,,,,,,,,,,
TETLATLAHUCA,29032,426,2007,November,0,,408,34,0,,,1,0,0,,809,809,1266,TLAXCALA,0.639020537124803,162,,,,,117,11,76,0,,,,,,,,,,,,,,,,,,,,,,,,,,,,,,,,,,,,,,,,,,,,,,,,,,,,,,,,,,,,,,,,,,,,,,,,
TETLATLAHUCA,29032,427,2007,November,0,,211,164,0,,,1,0,0,,895,895,1646,TLAXCALA,0.543742405832321,114,,,,,221,27,157,0,,,,,,,,,,,,,,,,,,,,,,,,,,,,,,,,,,,,,,,,,,,,,,,,,,,,,,,,,,,,,,,,,,,,,,,,
TETLATLAHUCA,29032,428,2007,November,0,,109,193,0,,,4,0,0,,789,789,1366,TLAXCALA,0.577598828696925,70,,,,,258,14,141,0,,,,,,,,,,,,,,,,,,,,,,,,,,,,,,,,,,,,,,,,,,,,,,,,,,,,,,,,,,,,,,,,,,,,,,,,
TETLATLAHUCA,29032,431,2007,November,0,,317,22,0,,,1,0,0,,726,726,960,TLAXCALA,0.75625,205,,,,,126,4,51,0,,,,,,,,,,,,,,,,,,,,,,,,,,,,,,,,,,,,,,,,,,,,,,,,,,,,,,,,,,,,,,,,,,,,,,,,
TETLATLAHUCA,29032,434,2007,November,0,,172,5,0,,,0,0,0,,355,355,512,TLAXCALA,0.693359375,139,,,,,35,0,4,0,,,,,,,,,,,,,,,,,,,,,,,,,,,,,,,,,,,,,,,,,,,,,,,,,,,,,,,,,,,,,,,,,,,,,,,,
TLAXCALA,29033,435,2007,November,0,,85,29,0,,,0,0,0,,842,842,1397,TLAXCALA,0.602720114531138,0,,,,,362,23,0,343,,,,,,,,,,,,,,,,,,,,,,,,,,,,,,,,,,,,,,,,,,,,,,,,,,,,,,,,,,,,,,,,,,,,,,,,
TLAXCALA,29033,436,2007,November,0,,63,23,0,,,0,0,0,,908,908,1414,TLAXCALA,0.642149929278642,0,,,,,456,16,0,350,,,,,,,,,,,,,,,,,,,,,,,,,,,,,,,,,,,,,,,,,,,,,,,,,,,,,,,,,,,,,,,,,,,,,,,,
TLAXCALA,29033,437,2007,November,0,,54,11,0,,,0,0,0,,703,703,1069,TLAXCALA,0.657623947614593,0,,,,,322,9,0,307,,,,,,,,,,,,,,,,,,,,,,,,,,,,,,,,,,,,,,,,,,,,,,,,,,,,,,,,,,,,,,,,,,,,,,,,
TLAXCALA,29033,438,2007,November,0,,88,10,0,,,0,0,0,,865,865,1325,TLAXCALA,0.652830188679245,0,,,,,456,10,0,301,,,,,,,,,,,,,,,,,,,,,,,,,,,,,,,,,,,,,,,,,,,,,,,,,,,,,,,,,,,,,,,,,,,,,,,,
TLAXCALA,29033,439,2007,November,0,,82,25,0,,,0,0,0,,1023,1023,1671,TLAXCALA,0.612208258527828,0,,,,,375,20,0,521,,,,,,,,,,,,,,,,,,,,,,,,,,,,,,,,,,,,,,,,,,,,,,,,,,,,,,,,,,,,,,,,,,,,,,,,
TLAXCALA,29033,440,2007,November,0,,68,31,0,,,0,0,0,,920,920,1465,TLAXCALA,0.627986348122867,0,,,,,379,21,0,421,,,,,,,,,,,,,,,,,,,,,,,,,,,,,,,,,,,,,,,,,,,,,,,,,,,,,,,,,,,,,,,,,,,,,,,,
TLAXCALA,29033,441,2007,November,0,,36,22,0,,,0,0,0,,682,682,1225,TLAXCALA,0.556734693877551,0,,,,,237,18,0,369,,,,,,,,,,,,,,,,,,,,,,,,,,,,,,,,,,,,,,,,,,,,,,,,,,,,,,,,,,,,,,,,,,,,,,,,
TLAXCALA,29033,442,2007,November,0,,27,20,0,,,0,0,0,,642,642,1120,TLAXCALA,0.573214285714286,0,,,,,257,14,0,324,,,,,,,,,,,,,,,,,,,,,,,,,,,,,,,,,,,,,,,,,,,,,,,,,,,,,,,,,,,,,,,,,,,,,,,,
TLAXCALA,29033,443,2007,November,0,,22,9,0,,,0,0,0,,395,395,744,TLAXCALA,0.530913978494624,0,,,,,162,8,0,194,,,,,,,,,,,,,,,,,,,,,,,,,,,,,,,,,,,,,,,,,,,,,,,,,,,,,,,,,,,,,,,,,,,,,,,,
TLAXCALA,29033,444,2007,November,0,,176,42,0,,,0,0,0,,1461,1461,3021,TLAXCALA,0.483614697120159,0,,,,,549,45,0,649,,,,,,,,,,,,,,,,,,,,,,,,,,,,,,,,,,,,,,,,,,,,,,,,,,,,,,,,,,,,,,,,,,,,,,,,
TLAXCALA,29033,445,2007,November,0,,75,26,0,,,0,0,0,,749,749,1340,TLAXCALA,0.558955223880597,0,,,,,323,11,0,314,,,,,,,,,,,,,,,,,,,,,,,,,,,,,,,,,,,,,,,,,,,,,,,,,,,,,,,,,,,,,,,,,,,,,,,,
TLAXCALA,29033,446,2007,November,0,,20,11,0,,,0,0,0,,516,516,882,TLAXCALA,0.585034013605442,0,,,,,164,7,0,314,,,,,,,,,,,,,,,,,,,,,,,,,,,,,,,,,,,,,,,,,,,,,,,,,,,,,,,,,,,,,,,,,,,,,,,,
TLAXCALA,29033,447,2007,November,0,,19,10,0,,,0,0,0,,504,504,864,TLAXCALA,0.583333333333333,0,,,,,217,5,0,253,,,,,,,,,,,,,,,,,,,,,,,,,,,,,,,,,,,,,,,,,,,,,,,,,,,,,,,,,,,,,,,,,,,,,,,,
TLAXCALA,29033,448,2007,November,0,,85,18,0,,,0,0,0,,1044,1044,1700,TLAXCALA,0.614117647058824,0,,,,,439,18,0,484,,,,,,,,,,,,,,,,,,,,,,,,,,,,,,,,,,,,,,,,,,,,,,,,,,,,,,,,,,,,,,,,,,,,,,,,
TLAXCALA,29033,449,2007,November,0,,55,14,0,,,0,0,0,,788,788,1364,TLAXCALA,0.577712609970675,0,,,,,339,7,0,373,,,,,,,,,,,,,,,,,,,,,,,,,,,,,,,,,,,,,,,,,,,,,,,,,,,,,,,,,,,,,,,,,,,,,,,,
TLAXCALA,29033,450,2007,November,0,,25,11,0,,,0,0,0,,495,495,877,TLAXCALA,0.56442417331813,0,,,,,173,16,0,270,,,,,,,,,,,,,,,,,,,,,,,,,,,,,,,,,,,,,,,,,,,,,,,,,,,,,,,,,,,,,,,,,,,,,,,,
TLAXCALA,29033,451,2007,November,0,,55,40,0,,,0,0,0,,973,973,1754,TLAXCALA,0.554732041049031,0,,,,,379,19,0,480,,,,,,,,,,,,,,,,,,,,,,,,,,,,,,,,,,,,,,,,,,,,,,,,,,,,,,,,,,,,,,,,,,,,,,,,
TLAXCALA,29033,452,2007,November,0,,61,27,0,,,0,0,0,,765,765,1385,TLAXCALA,0.552346570397112,0,,,,,251,15,0,411,,,,,,,,,,,,,,,,,,,,,,,,,,,,,,,,,,,,,,,,,,,,,,,,,,,,,,,,,,,,,,,,,,,,,,,,
TLAXCALA,29033,453,2007,November,0,,225,62,0,,,0,0,0,,2177,2177,4267,TLAXCALA,0.510194516053433,0,,,,,856,45,0,989,,,,,,,,,,,,,,,,,,,,,,,,,,,,,,,,,,,,,,,,,,,,,,,,,,,,,,,,,,,,,,,,,,,,,,,,
TLAXCALA,29033,454,2007,November,0,,23,12,0,,,0,0,0,,409,409,870,TLAXCALA,0.470114942528736,0,,,,,143,11,0,220,,,,,,,,,,,,,,,,,,,,,,,,,,,,,,,,,,,,,,,,,,,,,,,,,,,,,,,,,,,,,,,,,,,,,,,,
TLAXCALA,29033,455,2007,November,0,,22,12,0,,,0,0,0,,398,398,763,TLAXCALA,0.521625163826999,0,,,,,137,9,0,218,,,,,,,,,,,,,,,,,,,,,,,,,,,,,,,,,,,,,,,,,,,,,,,,,,,,,,,,,,,,,,,,,,,,,,,,
TLAXCALA,29033,456,2007,November,0,,88,38,0,,,0,0,0,,957,957,1790,TLAXCALA,0.53463687150838,0,,,,,344,9,0,478,,,,,,,,,,,,,,,,,,,,,,,,,,,,,,,,,,,,,,,,,,,,,,,,,,,,,,,,,,,,,,,,,,,,,,,,
TLAXCALA,29033,457,2007,November,0,,87,27,0,,,0,0,0,,739,739,1227,TLAXCALA,0.602281988590057,0,,,,,279,20,0,326,,,,,,,,,,,,,,,,,,,,,,,,,,,,,,,,,,,,,,,,,,,,,,,,,,,,,,,,,,,,,,,,,,,,,,,,
TLAXCALA,29033,458,2007,November,0,,108,42,0,,,0,0,0,,1669,1669,3335,TLAXCALA,0.500449775112444,0,,,,,819,32,0,668,,,,,,,,,,,,,,,,,,,,,,,,,,,,,,,,,,,,,,,,,,,,,,,,,,,,,,,,,,,,,,,,,,,,,,,,
TLAXCALA,29033,459,2007,November,0,,67,41,0,,,0,0,0,,962,962,1753,TLAXCALA,0.548773531089561,0,,,,,354,29,0,471,,,,,,,,,,,,,,,,,,,,,,,,,,,,,,,,,,,,,,,,,,,,,,,,,,,,,,,,,,,,,,,,,,,,,,,,
TLAXCALA,29033,460,2007,November,0,,39,23,0,,,0,0,0,,719,719,1372,TLAXCALA,0.524052478134111,0,,,,,239,20,0,398,,,,,,,,,,,,,,,,,,,,,,,,,,,,,,,,,,,,,,,,,,,,,,,,,,,,,,,,,,,,,,,,,,,,,,,,
TLAXCALA,29033,461,2007,November,0,,73,25,0,,,0,0,0,,1030,1030,1906,TLAXCALA,0.540398740818468,0,,,,,399,19,0,514,,,,,,,,,,,,,,,,,,,,,,,,,,,,,,,,,,,,,,,,,,,,,,,,,,,,,,,,,,,,,,,,,,,,,,,,
TLAXCALA,29033,462,2007,November,0,,114,20,0,,,0,0,0,,830,830,1175,TLAXCALA,0.706382978723404,0,,,,,227,22,0,447,,,,,,,,,,,,,,,,,,,,,,,,,,,,,,,,,,,,,,,,,,,,,,,,,,,,,,,,,,,,,,,,,,,,,,,,
TLAXCALA,29033,463,2007,November,0,,47,20,0,,,0,0,0,,822,822,1587,TLAXCALA,0.517958412098299,0,,,,,363,15,0,377,,,,,,,,,,,,,,,,,,,,,,,,,,,,,,,,,,,,,,,,,,,,,,,,,,,,,,,,,,,,,,,,,,,,,,,,
TLAXCALA,29033,464,2007,November,0,,137,29,0,,,0,0,0,,1545,1545,3185,TLAXCALA,0.485086342229199,0,,,,,550,27,0,802,,,,,,,,,,,,,,,,,,,,,,,,,,,,,,,,,,,,,,,,,,,,,,,,,,,,,,,,,,,,,,,,,,,,,,,,
TLAXCALA,29033,465,2007,November,0,,162,30,0,,,0,0,0,,1623,1623,2943,TLAXCALA,0.551478083588175,0,,,,,663,32,0,736,,,,,,,,,,,,,,,,,,,,,,,,,,,,,,,,,,,,,,,,,,,,,,,,,,,,,,,,,,,,,,,,,,,,,,,,
TLAXCALA,29033,466,2007,November,0,,165,54,0,,,0,0,0,,1603,1603,2791,TLAXCALA,0.574346112504479,0,,,,,779,31,0,574,,,,,,,,,,,,,,,,,,,,,,,,,,,,,,,,,,,,,,,,,,,,,,,,,,,,,,,,,,,,,,,,,,,,,,,,
TLAXCALA,29033,467,2007,November,0,,48,9,0,,,0,0,0,,674,674,1038,TLAXCALA,0.649325626204239,0,,,,,322,9,0,286,,,,,,,,,,,,,,,,,,,,,,,,,,,,,,,,,,,,,,,,,,,,,,,,,,,,,,,,,,,,,,,,,,,,,,,,
TLAXCALA,29033,468,2007,November,0,,128,60,0,,,0,0,0,,1116,1116,1660,TLAXCALA,0.672289156626506,0,,,,,419,21,0,488,,,,,,,,,,,,,,,,,,,,,,,,,,,,,,,,,,,,,,,,,,,,,,,,,,,,,,,,,,,,,,,,,,,,,,,,
TLAXCALA,29033,469,2007,November,0,,78,28,0,,,0,0,0,,867,867,1244,TLAXCALA,0.696945337620579,0,,,,,302,35,0,424,,,,,,,,,,,,,,,,,,,,,,,,,,,,,,,,,,,,,,,,,,,,,,,,,,,,,,,,,,,,,,,,,,,,,,,,
TLAXCO,29034,58,2007,November,0,,12,0,0,,,6,37,0,,88,88,126,TLAXCALA,0.698412698412698,8,,,,,20,3,2,0,,,,,,,,,,,,,,,,,,,,,,,,,,,,,,,,,,,,,,,,,,,,,,,,,,,,,,,,,,,,,,,,,,,,,,,,
TLAXCO,29034,470,2007,November,0,,77,0,0,,,27,152,0,,381,381,738,TLAXCALA,0.516260162601626,37,,,,,59,5,24,0,,,,,,,,,,,,,,,,,,,,,,,,,,,,,,,,,,,,,,,,,,,,,,,,,,,,,,,,,,,,,,,,,,,,,,,,
TLAXCO,29034,471,2007,November,0,,118,0,0,,,80,177,0,,554,554,1002,TLAXCALA,0.552894211576846,36,,,,,111,6,26,0,,,,,,,,,,,,,,,,,,,,,,,,,,,,,,,,,,,,,,,,,,,,,,,,,,,,,,,,,,,,,,,,,,,,,,,,
TLAXCO,29034,472,2007,November,0,,72,0,0,,,112,205,0,,520,520,944,TLAXCALA,0.550847457627119,43,,,,,74,6,8,0,,,,,,,,,,,,,,,,,,,,,,,,,,,,,,,,,,,,,,,,,,,,,,,,,,,,,,,,,,,,,,,,,,,,,,,,
TLAXCO,29034,473,2007,November,0,,85,0,0,,,59,183,0,,482,482,818,TLAXCALA,0.589242053789731,24,,,,,107,5,19,0,,,,,,,,,,,,,,,,,,,,,,,,,,,,,,,,,,,,,,,,,,,,,,,,,,,,,,,,,,,,,,,,,,,,,,,,
TLAXCO,29034,474,2007,November,0,,77,0,0,,,32,331,0,,661,661,1168,TLAXCALA,0.565924657534247,45,,,,,131,6,39,0,,,,,,,,,,,,,,,,,,,,,,,,,,,,,,,,,,,,,,,,,,,,,,,,,,,,,,,,,,,,,,,,,,,,,,,,
TLAXCO,29034,475,2007,November,0,,46,0,0,,,218,222,0,,763,763,1317,TLAXCALA,0.579347000759301,53,,,,,211,6,7,0,,,,,,,,,,,,,,,,,,,,,,,,,,,,,,,,,,,,,,,,,,,,,,,,,,,,,,,,,,,,,,,,,,,,,,,,
TLAXCO,29034,476,2007,November,0,,176,0,0,,,93,379,0,,974,974,1820,TLAXCALA,0.535164835164835,58,,,,,235,7,26,0,,,,,,,,,,,,,,,,,,,,,,,,,,,,,,,,,,,,,,,,,,,,,,,,,,,,,,,,,,,,,,,,,,,,,,,,
TLAXCO,29034,477,2007,November,0,,81,0,0,,,74,208,0,,593,593,1051,TLAXCALA,0.564224548049477,76,,,,,132,14,8,0,,,,,,,,,,,,,,,,,,,,,,,,,,,,,,,,,,,,,,,,,,,,,,,,,,,,,,,,,,,,,,,,,,,,,,,,
TLAXCO,29034,478,2007,November,0,,29,0,0,,,36,80,0,,246,246,382,TLAXCALA,0.643979057591623,44,,,,,46,7,4,0,,,,,,,,,,,,,,,,,,,,,,,,,,,,,,,,,,,,,,,,,,,,,,,,,,,,,,,,,,,,,,,,,,,,,,,,
TLAXCO,29034,479,2007,November,0,,44,0,0,,,3,0,0,,113,113,255,TLAXCALA,0.443137254901961,12,,,,,53,1,0,0,,,,,,,,,,,,,,,,,,,,,,,,,,,,,,,,,,,,,,,,,,,,,,,,,,,,,,,,,,,,,,,,,,,,,,,,
TLAXCO,29034,480,2007,November,0,,11,0,0,,,1,5,0,,102,102,196,TLAXCALA,0.520408163265306,21,,,,,61,2,1,0,,,,,,,,,,,,,,,,,,,,,,,,,,,,,,,,,,,,,,,,,,,,,,,,,,,,,,,,,,,,,,,,,,,,,,,,
TLAXCO,29034,481,2007,November,0,,330,0,0,,,55,200,0,,1009,1009,1754,TLAXCALA,0.575256556442417,77,,,,,275,8,64,0,,,,,,,,,,,,,,,,,,,,,,,,,,,,,,,,,,,,,,,,,,,,,,,,,,,,,,,,,,,,,,,,,,,,,,,,
TLAXCO,29034,482,2007,November,0,,237,0,0,,,14,98,0,,784,784,1386,TLAXCALA,0.565656565656566,89,,,,,287,7,52,0,,,,,,,,,,,,,,,,,,,,,,,,,,,,,,,,,,,,,,,,,,,,,,,,,,,,,,,,,,,,,,,,,,,,,,,,
TLAXCO,29034,483,2007,November,0,,7,0,0,,,1,19,0,,67,67,93,TLAXCALA,0.720430107526882,8,,,,,26,2,4,0,,,,,,,,,,,,,,,,,,,,,,,,,,,,,,,,,,,,,,,,,,,,,,,,,,,,,,,,,,,,,,,,,,,,,,,,
TLAXCO,29034,484,2007,November,0,,85,0,0,,,6,114,0,,711,711,1287,TLAXCALA,0.552447552447552,95,,,,,234,4,173,0,,,,,,,,,,,,,,,,,,,,,,,,,,,,,,,,,,,,,,,,,,,,,,,,,,,,,,,,,,,,,,,,,,,,,,,,
TLAXCO,29034,485,2007,November,0,,77,0,0,,,65,34,0,,314,314,536,TLAXCALA,0.585820895522388,15,,,,,59,6,58,0,,,,,,,,,,,,,,,,,,,,,,,,,,,,,,,,,,,,,,,,,,,,,,,,,,,,,,,,,,,,,,,,,,,,,,,,
TLAXCO,29034,486,2007,November,0,,47,0,0,,,10,81,0,,289,289,478,TLAXCALA,0.604602510460251,13,,,,,113,8,17,0,,,,,,,,,,,,,,,,,,,,,,,,,,,,,,,,,,,,,,,,,,,,,,,,,,,,,,,,,,,,,,,,,,,,,,,,
TLAXCO,29034,487,2007,November,0,,17,0,0,,,1,18,0,,125,125,566,TLAXCALA,0.220848056537102,15,,,,,53,2,19,0,,,,,,,,,,,,,,,,,,,,,,,,,,,,,,,,,,,,,,,,,,,,,,,,,,,,,,,,,,,,,,,,,,,,,,,,
TLAXCO,29034,488,2007,November,0,,82,0,0,,,26,110,0,,552,552,1016,TLAXCALA,0.543307086614173,55,,,,,139,8,132,0,,,,,,,,,,,,,,,,,,,,,,,,,,,,,,,,,,,,,,,,,,,,,,,,,,,,,,,,,,,,,,,,,,,,,,,,
TLAXCO,29034,489,2007,November,0,,5,0,0,,,0,24,0,,50,50,97,TLAXCALA,0.515463917525773,7,,,,,12,0,2,0,,,,,,,,,,,,,,,,,,,,,,,,,,,,,,,,,,,,,,,,,,,,,,,,,,,,,,,,,,,,,,,,,,,,,,,,
TLAXCO,29034,490,2007,November,0,,25,0,0,,,2,14,0,,114,114,158,TLAXCALA,0.721518987341772,4,,,,,57,2,10,0,,,,,,,,,,,,,,,,,,,,,,,,,,,,,,,,,,,,,,,,,,,,,,,,,,,,,,,,,,,,,,,,,,,,,,,,
TLAXCO,29034,491,2007,November,0,,562,0,0,,,20,191,0,,1257,1257,2138,TLAXCALA,0.587932647333957,141,,,,,74,9,260,0,,,,,,,,,,,,,,,,,,,,,,,,,,,,,,,,,,,,,,,,,,,,,,,,,,,,,,,,,,,,,,,,,,,,,,,,
TLAXCO,29034,492,2007,November,0,,50,0,0,,,5,35,0,,139,139,212,TLAXCALA,0.655660377358491,15,,,,,31,0,3,0,,,,,,,,,,,,,,,,,,,,,,,,,,,,,,,,,,,,,,,,,,,,,,,,,,,,,,,,,,,,,,,,,,,,,,,,
TLAXCO,29034,493,2007,November,0,,62,0,0,,,5,37,0,,240,240,414,TLAXCALA,0.579710144927536,35,,,,,70,5,26,0,,,,,,,,,,,,,,,,,,,,,,,,,,,,,,,,,,,,,,,,,,,,,,,,,,,,,,,,,,,,,,,,,,,,,,,,
TLAXCO,29034,494,2007,November,0,,42,0,0,,,5,46,0,,419,419,655,TLAXCALA,0.63969465648855,40,,,,,127,6,153,0,,,,,,,,,,,,,,,,,,,,,,,,,,,,,,,,,,,,,,,,,,,,,,,,,,,,,,,,,,,,,,,,,,,,,,,,
TLAXCO,29034,495,2007,November,0,,62,0,0,,,14,145,0,,410,410,663,TLAXCALA,0.618401206636501,53,,,,,118,4,14,0,,,,,,,,,,,,,,,,,,,,,,,,,,,,,,,,,,,,,,,,,,,,,,,,,,,,,,,,,,,,,,,,,,,,,,,,
TLAXCO,29034,496,2007,November,0,,83,0,0,,,29,80,0,,290,290,493,TLAXCALA,0.588235294117647,43,,,,,23,3,29,0,,,,,,,,,,,,,,,,,,,,,,,,,,,,,,,,,,,,,,,,,,,,,,,,,,,,,,,,,,,,,,,,,,,,,,,,
TLAXCO,29034,497,2007,November,0,,90,0,0,,,4,58,0,,242,242,361,TLAXCALA,0.670360110803324,19,,,,,56,1,14,0,,,,,,,,,,,,,,,,,,,,,,,,,,,,,,,,,,,,,,,,,,,,,,,,,,,,,,,,,,,,,,,,,,,,,,,,
TLAXCO,29034,498,2007,November,0,,50,0,0,,,1,27,0,,178,178,250,TLAXCALA,0.712,22,,,,,58,2,18,0,,,,,,,,,,,,,,,,,,,,,,,,,,,,,,,,,,,,,,,,,,,,,,,,,,,,,,,,,,,,,,,,,,,,,,,,
TLAXCO,29034,499,2007,November,0,,68,0,0,,,23,108,0,,423,423,623,TLAXCALA,0.678972712680578,29,,,,,118,3,74,0,,,,,,,,,,,,,,,,,,,,,,,,,,,,,,,,,,,,,,,,,,,,,,,,,,,,,,,,,,,,,,,,,,,,,,,,
TLAXCO,29034,500,2007,November,0,,38,0,0,,,3,57,0,,250,250,425,TLAXCALA,0.588235294117647,56,,,,,47,0,49,0,,,,,,,,,,,,,,,,,,,,,,,,,,,,,,,,,,,,,,,,,,,,,,,,,,,,,,,,,,,,,,,,,,,,,,,,
TLAXCO,29034,501,2007,November,0,,90,0,0,,,7,180,0,,713,713,1151,TLAXCALA,0.619461337966985,263,,,,,98,7,68,0,,,,,,,,,,,,,,,,,,,,,,,,,,,,,,,,,,,,,,,,,,,,,,,,,,,,,,,,,,,,,,,,,,,,,,,,
TLAXCO,29034,502,2007,November,0,,123,0,0,,,0,11,0,,198,198,272,TLAXCALA,0.727941176470588,30,,,,,23,2,9,0,,,,,,,,,,,,,,,,,,,,,,,,,,,,,,,,,,,,,,,,,,,,,,,,,,,,,,,,,,,,,,,,,,,,,,,,
TLAXCO,29034,503,2007,November,0,,41,0,0,,,1,4,0,,88,88,121,TLAXCALA,0.727272727272727,9,,,,,30,1,2,0,,,,,,,,,,,,,,,,,,,,,,,,,,,,,,,,,,,,,,,,,,,,,,,,,,,,,,,,,,,,,,,,,,,,,,,,
TLAXCO,29034,504,2007,November,0,,77,0,0,,,0,9,0,,125,125,153,TLAXCALA,0.816993464052288,18,,,,,17,1,3,0,,,,,,,,,,,,,,,,,,,,,,,,,,,,,,,,,,,,,,,,,,,,,,,,,,,,,,,,,,,,,,,,,,,,,,,,
TOCATLAN,29035,505,2007,November,0,,462,0,0,,,182,0,0,,1244,1244,1952,TLAXCALA,0.637295081967213,214,,,,,92,0,294,0,,,,,,,,,,,,,,,,,,,,,,,,,,,,,,,,,,,,,,,,,,,,,,,,,,,,,,,,,,,,,,,,,,,,,,,,
TOCATLAN,29035,506,2007,November,0,,208,0,0,,,33,0,0,,600,600,969,TLAXCALA,0.619195046439629,239,,,,,42,0,78,0,,,,,,,,,,,,,,,,,,,,,,,,,,,,,,,,,,,,,,,,,,,,,,,,,,,,,,,,,,,,,,,,,,,,,,,,
TOCATLAN,29035,507,2007,November,0,,117,0,0,,,35,0,0,,359,359,507,TLAXCALA,0.708086785009862,74,,,,,33,0,100,0,,,,,,,,,,,,,,,,,,,,,,,,,,,,,,,,,,,,,,,,,,,,,,,,,,,,,,,,,,,,,,,,,,,,,,,,
TOTOLAC,29036,508,2007,November,89,,126,0,32,,,16,3,42,,446,446,714,TLAXCALA,0.624649859943978,0,,,,,58,63,17,0,,,,,,,,,,,,,,,,,,,,,,,,,,,,,,,,,,,,,,,,,,,,,,,,,,,,,,,,,,,,,,,,,,,,,,,,
TOTOLAC,29036,509,2007,November,77,,105,0,104,,,39,2,60,,609,609,963,TLAXCALA,0.632398753894081,0,,,,,98,101,23,0,,,,,,,,,,,,,,,,,,,,,,,,,,,,,,,,,,,,,,,,,,,,,,,,,,,,,,,,,,,,,,,,,,,,,,,,
TOTOLAC,29036,510,2007,November,64,,60,0,46,,,22,1,73,,438,438,861,TLAXCALA,0.508710801393728,0,,,,,68,77,27,0,,,,,,,,,,,,,,,,,,,,,,,,,,,,,,,,,,,,,,,,,,,,,,,,,,,,,,,,,,,,,,,,,,,,,,,,
TOTOLAC,29036,511,2007,November,78,,66,0,9,,,17,3,120,,455,455,720,TLAXCALA,0.631944444444445,0,,,,,72,73,17,0,,,,,,,,,,,,,,,,,,,,,,,,,,,,,,,,,,,,,,,,,,,,,,,,,,,,,,,,,,,,,,,,,,,,,,,,
TOTOLAC,29036,512,2007,November,101,,112,0,21,,,63,2,167,,774,774,1296,TLAXCALA,0.597222222222222,0,,,,,136,148,24,0,,,,,,,,,,,,,,,,,,,,,,,,,,,,,,,,,,,,,,,,,,,,,,,,,,,,,,,,,,,,,,,,,,,,,,,,
TOTOLAC,29036,513,2007,November,121,,151,0,105,,,74,5,114,,1051,1051,1939,TLAXCALA,0.542031975244972,0,,,,,294,135,52,0,,,,,,,,,,,,,,,,,,,,,,,,,,,,,,,,,,,,,,,,,,,,,,,,,,,,,,,,,,,,,,,,,,,,,,,,
TOTOLAC,29036,514,2007,November,123,,133,0,47,,,29,7,30,,664,664,1226,TLAXCALA,0.541598694942904,0,,,,,159,120,16,0,,,,,,,,,,,,,,,,,,,,,,,,,,,,,,,,,,,,,,,,,,,,,,,,,,,,,,,,,,,,,,,,,,,,,,,,
TOTOLAC,29036,515,2007,November,115,,427,0,15,,,67,4,23,,993,993,1588,TLAXCALA,0.625314861460957,0,,,,,99,192,51,0,,,,,,,,,,,,,,,,,,,,,,,,,,,,,,,,,,,,,,,,,,,,,,,,,,,,,,,,,,,,,,,,,,,,,,,,
TOTOLAC,29036,516,2007,November,128,,440,0,11,,,47,4,4,,1041,1041,1579,TLAXCALA,0.659278024065864,0,,,,,86,281,40,0,,,,,,,,,,,,,,,,,,,,,,,,,,,,,,,,,,,,,,,,,,,,,,,,,,,,,,,,,,,,,,,,,,,,,,,,
TOTOLAC,29036,517,2007,November,113,,237,0,4,,,86,9,10,,632,632,1029,TLAXCALA,0.614188532555879,0,,,,,64,94,15,0,,,,,,,,,,,,,,,,,,,,,,,,,,,,,,,,,,,,,,,,,,,,,,,,,,,,,,,,,,,,,,,,,,,,,,,,
TOTOLAC,29036,518,2007,November,61,,239,0,8,,,82,8,8,,639,639,989,TLAXCALA,0.646107178968655,0,,,,,67,152,14,0,,,,,,,,,,,,,,,,,,,,,,,,,,,,,,,,,,,,,,,,,,,,,,,,,,,,,,,,,,,,,,,,,,,,,,,,
TOTOLAC,29036,519,2007,November,50,,60,0,30,,,12,4,36,,315,315,661,TLAXCALA,0.476550680786687,0,,,,,55,62,6,0,,,,,,,,,,,,,,,,,,,,,,,,,,,,,,,,,,,,,,,,,,,,,,,,,,,,,,,,,,,,,,,,,,,,,,,,
TZOMPANTEPEC,29038,527,2007,November,0,,175,303,0,,,50,9,270,,1236,1236,2263,TLAXCALA,0.546177640300486,122,,,,,173,134,0,0,,,,,,,,,,,,,,,,,,,,,,,,,,,,,,,,,,,,,,,,,,,,,,,,,,,,,,,,,,,,,,,,,,,,,,,,
TZOMPANTEPEC,29038,528,2007,November,0,,120,264,0,,,47,17,343,,1211,1211,2323,TLAXCALA,0.521308652604391,139,,,,,123,158,0,0,,,,,,,,,,,,,,,,,,,,,,,,,,,,,,,,,,,,,,,,,,,,,,,,,,,,,,,,,,,,,,,,,,,,,,,,
TZOMPANTEPEC,29038,529,2007,November,0,,239,31,0,,,5,40,4,,873,873,1228,TLAXCALA,0.710912052117264,249,,,,,299,6,0,0,,,,,,,,,,,,,,,,,,,,,,,,,,,,,,,,,,,,,,,,,,,,,,,,,,,,,,,,,,,,,,,,,,,,,,,,
TZOMPANTEPEC,29038,530,2007,November,0,,248,3,0,,,2,21,1,,565,565,842,TLAXCALA,0.671021377672209,223,,,,,66,1,0,0,,,,,,,,,,,,,,,,,,,,,,,,,,,,,,,,,,,,,,,,,,,,,,,,,,,,,,,,,,,,,,,,,,,,,,,,
TZOMPANTEPEC,29038,536,2007,November,0,,87,44,0,,,1,13,3,,384,384,514,TLAXCALA,0.747081712062257,82,,,,,153,1,0,0,,,,,,,,,,,,,,,,,,,,,,,,,,,,,,,,,,,,,,,,,,,,,,,,,,,,,,,,,,,,,,,,,,,,,,,,
TZOMPANTEPEC,29038,537,2007,November,0,,54,10,0,,,1,0,1,,144,144,243,TLAXCALA,0.592592592592593,43,,,,,34,1,0,0,,,,,,,,,,,,,,,,,,,,,,,,,,,,,,,,,,,,,,,,,,,,,,,,,,,,,,,,,,,,,,,,,,,,,,,,
XALOZTOC,29039,538,2007,November,0,,161,387,0,,,30,0,4,,1007,1007,1620,TLAXCALA,0.621604938271605,136,,,,,105,30,154,0,,,,,,,,,,,,,,,,,,,,,,,,,,,,,,,,,,,,,,,,,,,,,,,,,,,,,,,,,,,,,,,,,,,,,,,,
XALOZTOC,29039,539,2007,November,0,,234,338,0,,,31,0,5,,1135,1135,1703,TLAXCALA,0.666470933646506,247,,,,,69,60,151,0,,,,,,,,,,,,,,,,,,,,,,,,,,,,,,,,,,,,,,,,,,,,,,,,,,,,,,,,,,,,,,,,,,,,,,,,
XALOZTOC,29039,540,2007,November,0,,496,381,0,,,37,0,7,,1462,1462,2459,TLAXCALA,0.594550630337536,205,,,,,154,14,168,0,,,,,,,,,,,,,,,,,,,,,,,,,,,,,,,,,,,,,,,,,,,,,,,,,,,,,,,,,,,,,,,,,,,,,,,,
XALOZTOC,29039,541,2007,November,0,,302,368,0,,,68,0,3,,1316,1316,2233,TLAXCALA,0.589341692789969,227,,,,,141,40,167,0,,,,,,,,,,,,,,,,,,,,,,,,,,,,,,,,,,,,,,,,,,,,,,,,,,,,,,,,,,,,,,,,,,,,,,,,
XALOZTOC,29039,542,2007,November,0,,256,162,0,,,27,0,3,,1134,1134,1944,TLAXCALA,0.583333333333333,58,,,,,294,11,323,0,,,,,,,,,,,,,,,,,,,,,,,,,,,,,,,,,,,,,,,,,,,,,,,,,,,,,,,,,,,,,,,,,,,,,,,,
XALOZTOC,29039,543,2007,November,0,,361,267,0,,,20,0,4,,1071,1071,1801,TLAXCALA,0.594669627984453,185,,,,,134,10,90,0,,,,,,,,,,,,,,,,,,,,,,,,,,,,,,,,,,,,,,,,,,,,,,,,,,,,,,,,,,,,,,,,,,,,,,,,
XALOZTOC,29039,544,2007,November,0,,93,69,0,,,3,0,1,,344,344,484,TLAXCALA,0.710743801652893,65,,,,,39,6,68,0,,,,,,,,,,,,,,,,,,,,,,,,,,,,,,,,,,,,,,,,,,,,,,,,,,,,,,,,,,,,,,,,,,,,,,,,
XALOZTOC,29039,545,2007,November,0,,45,56,0,,,9,0,0,,230,230,323,TLAXCALA,0.712074303405573,50,,,,,37,8,25,0,,,,,,,,,,,,,,,,,,,,,,,,,,,,,,,,,,,,,,,,,,,,,,,,,,,,,,,,,,,,,,,,,,,,,,,,
XALTOCAN,29040,547,2007,November,0,,171,23,0,,,0,0,2,,419,419,833,TLAXCALA,0.503001200480192,27,,,,,142,54,0,0,,,,,,,,,,,,,,,,,,,,,,,,,,,,,,,,,,,,,,,,,,,,,,,,,,,,,,,,,,,,,,,,,,,,,,,,
XALTOCAN,29040,548,2007,November,0,,344,121,0,,,0,0,4,,910,910,1671,TLAXCALA,0.54458408138839,120,,,,,259,62,0,0,,,,,,,,,,,,,,,,,,,,,,,,,,,,,,,,,,,,,,,,,,,,,,,,,,,,,,,,,,,,,,,,,,,,,,,,
XALTOCAN,29040,549,2007,November,0,,107,10,0,,,0,0,0,,708,708,1162,TLAXCALA,0.609294320137694,19,,,,,563,9,0,0,,,,,,,,,,,,,,,,,,,,,,,,,,,,,,,,,,,,,,,,,,,,,,,,,,,,,,,,,,,,,,,,,,,,,,,,
XALTOCAN,29040,550,2007,November,0,,40,27,0,,,0,0,1,,441,441,735,TLAXCALA,0.6,8,,,,,354,11,0,0,,,,,,,,,,,,,,,,,,,,,,,,,,,,,,,,,,,,,,,,,,,,,,,,,,,,,,,,,,,,,,,,,,,,,,,,
XALTOCAN,29040,554,2007,November,0,,43,10,0,,,0,0,4,,112,112,163,TLAXCALA,0.687116564417178,15,,,,,34,6,0,0,,,,,,,,,,,,,,,,,,,,,,,,,,,,,,,,,,,,,,,,,,,,,,,,,,,,,,,,,,,,,,,,,,,,,,,,
XALTOCAN,29040,555,2007,November,0,,99,11,0,,,0,0,2,,381,381,574,TLAXCALA,0.663763066202091,66,,,,,188,15,0,0,,,,,,,,,,,,,,,,,,,,,,,,,,,,,,,,,,,,,,,,,,,,,,,,,,,,,,,,,,,,,,,,,,,,,,,,
XALTOCAN,29040,556,2007,November,0,,192,18,0,,,0,0,1,,372,372,608,TLAXCALA,0.611842105263158,17,,,,,115,29,0,0,,,,,,,,,,,,,,,,,,,,,,,,,,,,,,,,,,,,,,,,,,,,,,,,,,,,,,,,,,,,,,,,,,,,,,,,
XALTOCAN,29040,557,2007,November,0,,87,5,0,,,0,0,0,,332,332,570,TLAXCALA,0.582456140350877,34,,,,,202,4,0,0,,,,,,,,,,,,,,,,,,,,,,,,,,,,,,,,,,,,,,,,,,,,,,,,,,,,,,,,,,,,,,,,,,,,,,,,
XICOHTZINCO,29042,570,2007,November,0,,207,306,0,,,163,0,21,,1274,1274,2220,TLAXCALA,0.573873873873874,164,,,,,218,83,112,0,,,,,,,,,,,,,,,,,,,,,,,,,,,,,,,,,,,,,,,,,,,,,,,,,,,,,,,,,,,,,,,,,,,,,,,,
XICOHTZINCO,29042,571,2007,November,0,,134,230,0,,,114,0,39,,1010,1010,1582,TLAXCALA,0.638432364096081,137,,,,,239,64,53,0,,,,,,,,,,,,,,,,,,,,,,,,,,,,,,,,,,,,,,,,,,,,,,,,,,,,,,,,,,,,,,,,,,,,,,,,
XICOHTZINCO,29042,572,2007,November,0,,183,157,0,,,86,0,25,,845,845,1306,TLAXCALA,0.647013782542113,111,,,,,155,59,69,0,,,,,,,,,,,,,,,,,,,,,,,,,,,,,,,,,,,,,,,,,,,,,,,,,,,,,,,,,,,,,,,,,,,,,,,,
XICOHTZINCO,29042,573,2007,November,0,,162,189,0,,,119,0,41,,1026,1026,1723,TLAXCALA,0.595473012188044,133,,,,,255,65,62,0,,,,,,,,,,,,,,,,,,,,,,,,,,,,,,,,,,,,,,,,,,,,,,,,,,,,,,,,,,,,,,,,,,,,,,,,
XICOHTZINCO,29042,574,2007,November,0,,204,174,0,,,116,0,19,,1192,1192,1893,TLAXCALA,0.629688325409403,180,,,,,309,79,111,0,,,,,,,,,,,,,,,,,,,,,,,,,,,,,,,,,,,,,,,,,,,,,,,,,,,,,,,,,,,,,,,,,,,,,,,,
YAUHQUEMEHCAN,29043,575,2007,November,0,,205,72,0,,,0,0,113,,903,903,1677,TLAXCALA,0.538461538461538,118,,,,,371,16,8,0,,,,,,,,,,,,,,,,,,,,,,,,,,,,,,,,,,,,,,,,,,,,,,,,,,,,,,,,,,,,,,,,,,,,,,,,
YAUHQUEMEHCAN,29043,576,2007,November,0,,85,98,0,,,0,0,147,,800,800,1384,TLAXCALA,0.578034682080925,100,,,,,357,9,4,0,,,,,,,,,,,,,,,,,,,,,,,,,,,,,,,,,,,,,,,,,,,,,,,,,,,,,,,,,,,,,,,,,,,,,,,,
YAUHQUEMEHCAN,29043,577,2007,November,0,,20,48,0,,,0,0,28,,344,344,534,TLAXCALA,0.644194756554307,43,,,,,199,4,2,0,,,,,,,,,,,,,,,,,,,,,,,,,,,,,,,,,,,,,,,,,,,,,,,,,,,,,,,,,,,,,,,,,,,,,,,,
YAUHQUEMEHCAN,29043,578,2007,November,0,,36,76,0,,,0,0,81,,515,515,801,TLAXCALA,0.642946317103621,82,,,,,223,6,11,0,,,,,,,,,,,,,,,,,,,,,,,,,,,,,,,,,,,,,,,,,,,,,,,,,,,,,,,,,,,,,,,,,,,,,,,,
YAUHQUEMEHCAN,29043,579,2007,November,0,,60,60,0,,,0,0,194,,621,621,1077,TLAXCALA,0.576601671309192,86,,,,,202,14,5,0,,,,,,,,,,,,,,,,,,,,,,,,,,,,,,,,,,,,,,,,,,,,,,,,,,,,,,,,,,,,,,,,,,,,,,,,
YAUHQUEMEHCAN,29043,580,2007,November,0,,210,53,0,,,0,0,77,,587,587,1108,TLAXCALA,0.529783393501805,82,,,,,132,17,16,0,,,,,,,,,,,,,,,,,,,,,,,,,,,,,,,,,,,,,,,,,,,,,,,,,,,,,,,,,,,,,,,,,,,,,,,,
YAUHQUEMEHCAN,29043,581,2007,November,0,,243,88,0,,,0,0,182,,945,945,2121,TLAXCALA,0.445544554455446,148,,,,,200,50,34,0,,,,,,,,,,,,,,,,,,,,,,,,,,,,,,,,,,,,,,,,,,,,,,,,,,,,,,,,,,,,,,,,,,,,,,,,
YAUHQUEMEHCAN,29043,582,2007,November,0,,504,138,0,,,0,0,161,,1357,1357,2650,TLAXCALA,0.512075471698113,194,,,,,297,38,25,0,,,,,,,,,,,,,,,,,,,,,,,,,,,,,,,,,,,,,,,,,,,,,,,,,,,,,,,,,,,,,,,,,,,,,,,,
YAUHQUEMEHCAN,29043,583,2007,November,0,,58,167,0,,,0,0,165,,743,743,1821,TLAXCALA,0.408017572762219,93,,,,,184,50,26,0,,,,,,,,,,,,,,,,,,,,,,,,,,,,,,,,,,,,,,,,,,,,,,,,,,,,,,,,,,,,,,,,,,,,,,,,
YAUHQUEMEHCAN,29043,584,2007,November,0,,28,50,0,,,0,0,89,,453,453,728,TLAXCALA,0.622252747252747,21,,,,,146,54,65,0,,,,,,,,,,,,,,,,,,,,,,,,,,,,,,,,,,,,,,,,,,,,,,,,,,,,,,,,,,,,,,,,,,,,,,,,
YAUHQUEMEHCAN,29043,585,2007,November,0,,104,139,0,,,0,0,241,,1238,1238,2077,TLAXCALA,0.596051998074145,160,,,,,412,94,88,0,,,,,,,,,,,,,,,,,,,,,,,,,,,,,,,,,,,,,,,,,,,,,,,,,,,,,,,,,,,,,,,,,,,,,,,,
ZACATELCO,29044,588,2007,November,0,,185,0,0,,,0,13,35,,544,544,1010,TLAXCALA,0.538613861386139,20,,,,,109,134,48,0,,,,,,,,,,,,,,,,,,,,,,,,,,,,,,,,,,,,,,,,,,,,,,,,,,,,,,,,,,,,,,,,,,,,,,,,
ZACATELCO,29044,589,2007,November,0,,223,0,0,,,0,13,77,,844,844,1520,TLAXCALA,0.555263157894737,37,,,,,167,137,190,0,,,,,,,,,,,,,,,,,,,,,,,,,,,,,,,,,,,,,,,,,,,,,,,,,,,,,,,,,,,,,,,,,,,,,,,,
ZACATELCO,29044,590,2007,November,0,,387,0,0,,,0,8,137,,1383,1383,2479,TLAXCALA,0.557886244453409,47,,,,,224,256,324,0,,,,,,,,,,,,,,,,,,,,,,,,,,,,,,,,,,,,,,,,,,,,,,,,,,,,,,,,,,,,,,,,,,,,,,,,
ZACATELCO,29044,591,2007,November,0,,462,0,0,,,0,11,130,,1351,1351,2384,TLAXCALA,0.566694630872483,41,,,,,197,224,286,0,,,,,,,,,,,,,,,,,,,,,,,,,,,,,,,,,,,,,,,,,,,,,,,,,,,,,,,,,,,,,,,,,,,,,,,,
ZACATELCO,29044,592,2007,November,0,,341,0,0,,,0,56,158,,1339,1339,2522,TLAXCALA,0.530927835051546,40,,,,,177,281,286,0,,,,,,,,,,,,,,,,,,,,,,,,,,,,,,,,,,,,,,,,,,,,,,,,,,,,,,,,,,,,,,,,,,,,,,,,
ZACATELCO,29044,593,2007,November,0,,302,0,0,,,0,23,130,,1205,1205,2237,TLAXCALA,0.538667858739383,41,,,,,213,244,252,0,,,,,,,,,,,,,,,,,,,,,,,,,,,,,,,,,,,,,,,,,,,,,,,,,,,,,,,,,,,,,,,,,,,,,,,,
ZACATELCO,29044,594,2007,November,0,,190,0,0,,,0,10,115,,822,822,1467,TLAXCALA,0.560327198364008,30,,,,,121,93,263,0,,,,,,,,,,,,,,,,,,,,,,,,,,,,,,,,,,,,,,,,,,,,,,,,,,,,,,,,,,,,,,,,,,,,,,,,
ZACATELCO,29044,595,2007,November,0,,242,0,0,,,0,22,136,,1030,1030,1873,TLAXCALA,0.549919914575547,37,,,,,150,128,315,0,,,,,,,,,,,,,,,,,,,,,,,,,,,,,,,,,,,,,,,,,,,,,,,,,,,,,,,,,,,,,,,,,,,,,,,,
ZACATELCO,29044,596,2007,November,0,,192,0,0,,,0,16,52,,744,744,1153,TLAXCALA,0.645273200346921,17,,,,,116,195,156,0,,,,,,,,,,,,,,,,,,,,,,,,,,,,,,,,,,,,,,,,,,,,,,,,,,,,,,,,,,,,,,,,,,,,,,,,
ZACATELCO,29044,597,2007,November,0,,221,0,0,,,0,15,73,,927,927,1498,TLAXCALA,0.618825100133511,26,,,,,164,228,200,0,,,,,,,,,,,,,,,,,,,,,,,,,,,,,,,,,,,,,,,,,,,,,,,,,,,,,,,,,,,,,,,,,,,,,,,,
ZACATELCO,29044,598,2007,November,0,,217,0,0,,,0,8,76,,898,898,1642,TLAXCALA,0.546894031668697,33,,,,,135,252,177,0,,,,,,,,,,,,,,,,,,,,,,,,,,,,,,,,,,,,,,,,,,,,,,,,,,,,,,,,,,,,,,,,,,,,,,,,
ZACATELCO,29044,599,2007,November,0,,256,0,0,,,0,18,147,,1084,1084,1910,TLAXCALA,0.567539267015707,38,,,,,136,294,195,0,,,,,,,,,,,,,,,,,,,,,,,,,,,,,,,,,,,,,,,,,,,,,,,,,,,,,,,,,,,,,,,,,,,,,,,,
ZACATELCO,29044,600,2007,November,0,,317,0,0,,,0,12,159,,1332,1332,2261,TLAXCALA,0.589119858469704,61,,,,,254,266,263,0,,,,,,,,,,,,,,,,,,,,,,,,,,,,,,,,,,,,,,,,,,,,,,,,,,,,,,,,,,,,,,,,,,,,,,,,
ZACATELCO,29044,601,2007,November,0,,422,0,0,,,0,23,106,,1343,1343,2119,TLAXCALA,0.633789523360076,52,,,,,211,259,270,0,,,,,,,,,,,,,,,,,,,,,,,,,,,,,,,,,,,,,,,,,,,,,,,,,,,,,,,,,,,,,,,,,,,,,,,,
ZITLALTEPEC DE TRINIDAD SANCHEZ SANTOS,29037,520,2007,November,0,,34,0,0,,,9,0,0,,799,799,1355,TLAXCALA,0.589667896678967,385,,,,,371,0,0,0,,,,,,,,,,,,,,,,,,,,,,,,,,,,,,,,,,,,,,,,,,,,,,,,,,,,,,,,,,,,,,,,,,,,,,,,
ZITLALTEPEC DE TRINIDAD SANCHEZ SANTOS,29037,521,2007,November,0,,25,0,0,,,8,0,0,,604,604,987,TLAXCALA,0.611955420466059,211,,,,,360,0,0,0,,,,,,,,,,,,,,,,,,,,,,,,,,,,,,,,,,,,,,,,,,,,,,,,,,,,,,,,,,,,,,,,,,,,,,,,
ZITLALTEPEC DE TRINIDAD SANCHEZ SANTOS,29037,522,2007,November,0,,22,0,0,,,22,0,0,,714,714,1264,TLAXCALA,0.564873417721519,264,,,,,406,0,0,0,,,,,,,,,,,,,,,,,,,,,,,,,,,,,,,,,,,,,,,,,,,,,,,,,,,,,,,,,,,,,,,,,,,,,,,,
ZITLALTEPEC DE TRINIDAD SANCHEZ SANTOS,29037,523,2007,November,0,,26,0,0,,,13,0,0,,727,727,1306,TLAXCALA,0.556661562021439,246,,,,,442,0,0,0,,,,,,,,,,,,,,,,,,,,,,,,,,,,,,,,,,,,,,,,,,,,,,,,,,,,,,,,,,,,,,,,,,,,,,,,
ZITLALTEPEC DE TRINIDAD SANCHEZ SANTOS,29037,524,2007,November,0,,19,0,0,,,8,0,0,,304,304,451,TLAXCALA,0.674057649667406,132,,,,,145,0,0,0,,,,,,,,,,,,,,,,,,,,,,,,,,,,,,,,,,,,,,,,,,,,,,,,,,,,,,,,,,,,,,,,,,,,,,,,
ZITLALTEPEC DE TRINIDAD SANCHEZ SANTOS,29037,525,2007,November,0,,26,0,0,,,30,0,0,,508,508,723,TLAXCALA,0.702627939142462,259,,,,,193,0,0,0,,,,,,,,,,,,,,,,,,,,,,,,,,,,,,,,,,,,,,,,,,,,,,,,,,,,,,,,,,,,,,,,,,,,,,,,
ZITLALTEPEC DE TRINIDAD SANCHEZ SANTOS,29037,526,2007,November,0,,8,0,0,,,3,0,0,,92,92,150,TLAXCALA,0.613333333333333,13,,,,,68,0,0,0,,,,,,,,,,,,,,,,,,,,,,,,,,,,,,,,,,,,,,,,,,,,,,,,,,,,,,,,,,,,,,,,,,,,,,,,
ACUAMANALA DE MIGUEL HIDALGO,29022,309,2010,July,0,,189,0,0,,,0,,,,876,857,1130,TLAXCALA,0.775221238938053,430,,,,,,,,,193,0,0,0,0,39,6,0,0,0,0,,,,,,,,,,,,,,,,,,,,,,,,,,,,,,,,,,,,,,,,,,,,,,,,,,,,,,,,,,,,,
ACUAMANALA DE MIGUEL HIDALGO,29022,310,2010,July,0,,234,0,0,,,0,,,,848,830,1148,TLAXCALA,0.738675958188153,278,,,,,,,,,248,0,0,0,0,55,15,0,0,0,0,,,,,,,,,,,,,,,,,,,,,,,,,,,,,,,,,,,,,,,,,,,,,,,,,,,,,,,,,,,,,
ACUAMANALA DE MIGUEL HIDALGO,29022,311,2010,July,0,,179,0,0,,,0,,,,698,678,959,TLAXCALA,0.727841501564129,249,,,,,,,,,217,0,0,0,0,30,3,0,0,0,0,,,,,,,,,,,,,,,,,,,,,,,,,,,,,,,,,,,,,,,,,,,,,,,,,,,,,,,,,,,,,
ACUAMANALA DE MIGUEL HIDALGO,29022,312,2010,July,0,,108,0,0,,,0,,,,413,407,577,TLAXCALA,0.7157712305026,145,,,,,,,,,144,0,0,0,0,9,1,0,0,0,0,,,,,,,,,,,,,,,,,,,,,,,,,,,,,,,,,,,,,,,,,,,,,,,,,,,,,,,,,,,,,
AMAXAC DE GUERRERO,29001,1,2010,July,0,,244,9,0,,,0,,,,637,616,897,TLAXCALA,0.710144927536232,156,,,,,,,,,106,0,0,0,0,0,78,0,4,0,19,,,,,,,,,,,,,,,,,,,,,,,,,,,,,,,,,,,,,,,,,,,,,,,,,,,,,,,,,,,,,
AMAXAC DE GUERRERO,29001,2,2010,July,0,,422,63,0,,,0,,,,1789,1682,2623,TLAXCALA,0.682043461685093,664,,,,,,,,,320,0,0,0,0,0,112,0,13,0,88,,,,,,,,,,,,,,,,,,,,,,,,,,,,,,,,,,,,,,,,,,,,,,,,,,,,,,,,,,,,,
AMAXAC DE GUERRERO,29001,3,2010,July,0,,421,64,0,,,0,,,,1621,1583,2507,TLAXCALA,0.646589549262066,494,,,,,,,,,365,0,0,0,0,0,136,0,20,0,83,,,,,,,,,,,,,,,,,,,,,,,,,,,,,,,,,,,,,,,,,,,,,,,,,,,,,,,,,,,,,
AMAXAC DE GUERRERO,29001,4,2010,July,0,,122,10,0,,,0,,,,380,380,500,TLAXCALA,0.76,109,,,,,,,,,88,0,0,0,0,0,37,0,3,0,11,,,,,,,,,,,,,,,,,,,,,,,,,,,,,,,,,,,,,,,,,,,,,,,,,,,,,,,,,,,,,
APETATITLAN DE ANTONIO CARVAJAL,29002,5,2010,July,0,,155,179,0,,,15,,,,1336,1307,2056,TLAXCALA,0.649805447470817,473,,,,,,,,,414,0,0,0,0,0,71,0,0,0,0,,,,,,,,,,,,,,,,,,,,,,,,,,,,,,,,,,,,,,,,,,,,,,,,,,,,,,,,,,,,,
APETATITLAN DE ANTONIO CARVAJAL,29002,6,2010,July,0,,65,34,0,,,20,,,,539,522,833,TLAXCALA,0.647058823529412,156,,,,,,,,,242,0,0,0,0,0,5,0,0,0,0,,,,,,,,,,,,,,,,,,,,,,,,,,,,,,,,,,,,,,,,,,,,,,,,,,,,,,,,,,,,,
APETATITLAN DE ANTONIO CARVAJAL,29002,7,2010,July,0,,21,19,0,,,3,,,,220,211,328,TLAXCALA,0.670731707317073,100,,,,,,,,,65,0,0,0,0,0,3,0,0,0,0,,,,,,,,,,,,,,,,,,,,,,,,,,,,,,,,,,,,,,,,,,,,,,,,,,,,,,,,,,,,,
APETATITLAN DE ANTONIO CARVAJAL,29002,8,2010,July,0,,166,43,0,,,44,,,,1219,1197,1913,TLAXCALA,0.637219027705175,403,,,,,,,,,517,0,0,0,0,0,24,0,0,0,0,,,,,,,,,,,,,,,,,,,,,,,,,,,,,,,,,,,,,,,,,,,,,,,,,,,,,,,,,,,,,
APETATITLAN DE ANTONIO CARVAJAL,29002,9,2010,July,0,,76,10,0,,,2,,,,1347,1324,1926,TLAXCALA,0.699376947040499,1032,,,,,,,,,188,0,0,0,0,0,16,0,0,0,0,,,,,,,,,,,,,,,,,,,,,,,,,,,,,,,,,,,,,,,,,,,,,,,,,,,,,,,,,,,,,
APETATITLAN DE ANTONIO CARVAJAL,29002,10,2010,July,0,,912,10,0,,,10,,,,1456,1421,2092,TLAXCALA,0.695984703632887,293,,,,,,,,,161,0,0,0,0,0,35,0,0,0,0,,,,,,,,,,,,,,,,,,,,,,,,,,,,,,,,,,,,,,,,,,,,,,,,,,,,,,,,,,,,,
APETATITLAN DE ANTONIO CARVAJAL,29002,11,2010,July,0,,68,9,0,,,6,,,,474,463,674,TLAXCALA,0.70326409495549,229,,,,,,,,,141,0,0,0,0,0,10,0,0,0,0,,,,,,,,,,,,,,,,,,,,,,,,,,,,,,,,,,,,,,,,,,,,,,,,,,,,,,,,,,,,,
APIZACO,29005,12,2010,July,0,,108,148,0,,,18,,,,650,622,1201,TLAXCALA,0.541215653621982,144,,,,,,,,,163,0,0,0,0,0,6,25,2,4,4,,,,,,,,,,,,,,,,,,,,,,,,,,,,,,,,,,,,,,,,,,,,,,,,,,,,,,,,,,,,,
APIZACO,29005,13,2010,July,0,,300,236,0,,,28,,,,1156,1115,1897,TLAXCALA,0.60938323668951,222,,,,,,,,,231,0,0,0,0,0,26,38,5,7,22,,,,,,,,,,,,,,,,,,,,,,,,,,,,,,,,,,,,,,,,,,,,,,,,,,,,,,,,,,,,,
APIZACO,29005,14,2010,July,0,,421,270,0,,,33,,,,1611,1572,2766,TLAXCALA,0.582429501084599,292,,,,,,,,,451,0,0,0,0,0,47,25,17,7,9,,,,,,,,,,,,,,,,,,,,,,,,,,,,,,,,,,,,,,,,,,,,,,,,,,,,,,,,,,,,,
APIZACO,29005,15,2010,July,0,,140,229,0,,,16,,,,823,794,1457,TLAXCALA,0.564859299931366,162,,,,,,,,,173,0,0,0,0,0,10,36,3,8,17,,,,,,,,,,,,,,,,,,,,,,,,,,,,,,,,,,,,,,,,,,,,,,,,,,,,,,,,,,,,,
APIZACO,29005,16,2010,July,0,,238,164,0,,,16,,,,863,839,1490,TLAXCALA,0.579194630872483,111,,,,,,,,,238,0,0,0,0,0,8,23,1,6,34,,,,,,,,,,,,,,,,,,,,,,,,,,,,,,,,,,,,,,,,,,,,,,,,,,,,,,,,,,,,,
APIZACO,29005,17,2010,July,0,,116,328,0,,,21,,,,896,882,1549,TLAXCALA,0.57843770174306,234,,,,,,,,,144,0,0,0,0,0,6,16,4,10,3,,,,,,,,,,,,,,,,,,,,,,,,,,,,,,,,,,,,,,,,,,,,,,,,,,,,,,,,,,,,,
APIZACO,29005,18,2010,July,0,,104,235,0,,,15,,,,781,754,1285,TLAXCALA,0.607782101167315,160,,,,,,,,,190,0,0,0,0,0,11,24,4,7,4,,,,,,,,,,,,,,,,,,,,,,,,,,,,,,,,,,,,,,,,,,,,,,,,,,,,,,,,,,,,,
APIZACO,29005,19,2010,July,0,,112,220,0,,,10,,,,762,728,1279,TLAXCALA,0.595777951524629,121,,,,,,,,,210,0,0,0,0,0,9,26,1,8,11,,,,,,,,,,,,,,,,,,,,,,,,,,,,,,,,,,,,,,,,,,,,,,,,,,,,,,,,,,,,,
APIZACO,29005,20,2010,July,0,,79,91,0,,,15,,,,392,385,734,TLAXCALA,0.534059945504087,71,,,,,,,,,106,0,0,0,0,0,1,10,2,6,4,,,,,,,,,,,,,,,,,,,,,,,,,,,,,,,,,,,,,,,,,,,,,,,,,,,,,,,,,,,,,
APIZACO,29005,21,2010,July,0,,42,74,0,,,5,,,,255,250,368,TLAXCALA,0.692934782608696,59,,,,,,,,,58,0,0,0,0,0,1,8,0,2,1,,,,,,,,,,,,,,,,,,,,,,,,,,,,,,,,,,,,,,,,,,,,,,,,,,,,,,,,,,,,,
APIZACO,29005,22,2010,July,0,,142,238,0,,,17,,,,867,840,1544,TLAXCALA,0.561528497409326,208,,,,,,,,,188,0,0,0,0,0,8,19,3,10,7,,,,,,,,,,,,,,,,,,,,,,,,,,,,,,,,,,,,,,,,,,,,,,,,,,,,,,,,,,,,,
APIZACO,29005,23,2010,July,0,,59,207,0,,,11,,,,479,459,823,TLAXCALA,0.582017010935601,90,,,,,,,,,62,0,0,0,0,0,7,9,2,10,2,,,,,,,,,,,,,,,,,,,,,,,,,,,,,,,,,,,,,,,,,,,,,,,,,,,,,,,,,,,,,
APIZACO,29005,24,2010,July,0,,77,179,0,,,14,,,,535,513,974,TLAXCALA,0.549281314168378,108,,,,,,,,,105,0,0,0,0,0,3,6,1,16,4,,,,,,,,,,,,,,,,,,,,,,,,,,,,,,,,,,,,,,,,,,,,,,,,,,,,,,,,,,,,,
APIZACO,29005,25,2010,July,0,,105,293,0,,,29,,,,845,816,1387,TLAXCALA,0.609228550829128,159,,,,,,,,,189,0,0,0,0,0,5,9,6,17,4,,,,,,,,,,,,,,,,,,,,,,,,,,,,,,,,,,,,,,,,,,,,,,,,,,,,,,,,,,,,,
APIZACO,29005,26,2010,July,0,,145,245,0,,,19,,,,812,784,1421,TLAXCALA,0.571428571428571,116,,,,,,,,,230,0,0,0,0,0,6,7,2,8,6,,,,,,,,,,,,,,,,,,,,,,,,,,,,,,,,,,,,,,,,,,,,,,,,,,,,,,,,,,,,,
APIZACO,29005,27,2010,July,0,,158,296,0,,,36,,,,1060,1018,1970,TLAXCALA,0.538071065989848,210,,,,,,,,,251,0,0,0,0,0,8,29,10,12,8,,,,,,,,,,,,,,,,,,,,,,,,,,,,,,,,,,,,,,,,,,,,,,,,,,,,,,,,,,,,,
APIZACO,29005,28,2010,July,0,,143,247,0,,,17,,,,811,775,1643,TLAXCALA,0.493609251369446,149,,,,,,,,,159,0,0,0,0,0,9,11,7,22,11,,,,,,,,,,,,,,,,,,,,,,,,,,,,,,,,,,,,,,,,,,,,,,,,,,,,,,,,,,,,,
APIZACO,29005,29,2010,July,0,,175,297,0,,,18,,,,964,918,1739,TLAXCALA,0.554341575618171,151,,,,,,,,,229,0,0,0,0,0,18,13,2,8,7,,,,,,,,,,,,,,,,,,,,,,,,,,,,,,,,,,,,,,,,,,,,,,,,,,,,,,,,,,,,,
APIZACO,29005,30,2010,July,0,,473,441,0,,,70,,,,1989,1927,3710,TLAXCALA,0.536118598382749,365,,,,,,,,,402,0,0,0,0,0,21,110,8,22,15,,,,,,,,,,,,,,,,,,,,,,,,,,,,,,,,,,,,,,,,,,,,,,,,,,,,,,,,,,,,,
APIZACO,29005,31,2010,July,0,,336,251,0,,,49,,,,1365,1308,2684,TLAXCALA,0.508569299552906,222,,,,,,,,,324,0,0,0,0,0,19,83,6,9,9,,,,,,,,,,,,,,,,,,,,,,,,,,,,,,,,,,,,,,,,,,,,,,,,,,,,,,,,,,,,,
APIZACO,29005,32,2010,July,0,,126,313,0,,,25,,,,948,913,1778,TLAXCALA,0.53318335208099,188,,,,,,,,,203,0,0,0,0,0,23,12,4,11,8,,,,,,,,,,,,,,,,,,,,,,,,,,,,,,,,,,,,,,,,,,,,,,,,,,,,,,,,,,,,,
APIZACO,29005,33,2010,July,0,,199,304,0,,,24,,,,1020,987,2003,TLAXCALA,0.509236145781328,171,,,,,,,,,235,0,0,0,0,0,8,33,5,5,3,,,,,,,,,,,,,,,,,,,,,,,,,,,,,,,,,,,,,,,,,,,,,,,,,,,,,,,,,,,,,
APIZACO,29005,34,2010,July,0,,111,277,0,,,36,,,,862,839,1468,TLAXCALA,0.587193460490463,159,,,,,,,,,214,0,0,0,0,0,5,21,1,7,8,,,,,,,,,,,,,,,,,,,,,,,,,,,,,,,,,,,,,,,,,,,,,,,,,,,,,,,,,,,,,
APIZACO,29005,35,2010,July,0,,97,230,0,,,49,,,,1310,1251,1174,TLAXCALA,1.11584327086882,373,,,,,,,,,456,0,0,0,0,0,19,8,4,5,10,,,,,,,,,,,,,,,,,,,,,,,,,,,,,,,,,,,,,,,,,,,,,,,,,,,,,,,,,,,,,
APIZACO,29005,36,2010,July,0,,194,418,0,,,53,,,,1186,1139,1936,TLAXCALA,0.612603305785124,205,,,,,,,,,216,0,0,0,0,0,13,22,4,8,6,,,,,,,,,,,,,,,,,,,,,,,,,,,,,,,,,,,,,,,,,,,,,,,,,,,,,,,,,,,,,
APIZACO,29005,37,2010,July,0,,74,174,0,,,58,,,,812,782,1363,TLAXCALA,0.595744680851064,181,,,,,,,,,204,0,0,0,0,0,21,21,8,10,31,,,,,,,,,,,,,,,,,,,,,,,,,,,,,,,,,,,,,,,,,,,,,,,,,,,,,,,,,,,,,
APIZACO,29005,38,2010,July,0,,125,29,0,,,19,,,,504,481,763,TLAXCALA,0.660550458715596,122,,,,,,,,,143,0,0,0,0,0,11,25,1,1,5,,,,,,,,,,,,,,,,,,,,,,,,,,,,,,,,,,,,,,,,,,,,,,,,,,,,,,,,,,,,,
APIZACO,29005,39,2010,July,0,,109,29,0,,,69,,,,662,641,943,TLAXCALA,0.702014846235419,197,,,,,,,,,150,0,0,0,0,0,29,22,1,14,21,,,,,,,,,,,,,,,,,,,,,,,,,,,,,,,,,,,,,,,,,,,,,,,,,,,,,,,,,,,,,
APIZACO,29005,40,2010,July,0,,356,65,0,,,37,,,,1377,1309,2210,TLAXCALA,0.623076923076923,269,,,,,,,,,322,0,0,0,0,0,131,62,9,18,40,,,,,,,,,,,,,,,,,,,,,,,,,,,,,,,,,,,,,,,,,,,,,,,,,,,,,,,,,,,,,
APIZACO,29005,41,2010,July,0,,420,117,0,,,54,,,,1526,1475,2411,TLAXCALA,0.632932393197843,308,,,,,,,,,377,0,0,0,0,0,75,71,6,8,39,,,,,,,,,,,,,,,,,,,,,,,,,,,,,,,,,,,,,,,,,,,,,,,,,,,,,,,,,,,,,
APIZACO,29005,42,2010,July,0,,81,37,0,,,16,,,,265,254,442,TLAXCALA,0.599547511312217,44,,,,,,,,,56,0,0,0,0,0,0,7,7,6,0,,,,,,,,,,,,,,,,,,,,,,,,,,,,,,,,,,,,,,,,,,,,,,,,,,,,,,,,,,,,,
APIZACO,29005,43,2010,July,0,,199,198,0,,,32,,,,885,839,1698,TLAXCALA,0.521201413427562,109,,,,,,,,,227,0,0,0,0,0,15,22,8,13,16,,,,,,,,,,,,,,,,,,,,,,,,,,,,,,,,,,,,,,,,,,,,,,,,,,,,,,,,,,,,,
APIZACO,29005,44,2010,July,0,,217,136,0,,,30,,,,982,924,1528,TLAXCALA,0.642670157068063,160,,,,,,,,,251,0,0,0,0,0,27,58,10,23,12,,,,,,,,,,,,,,,,,,,,,,,,,,,,,,,,,,,,,,,,,,,,,,,,,,,,,,,,,,,,,
APIZACO,29005,45,2010,July,0,,33,56,0,,,7,,,,175,175,330,TLAXCALA,0.53030303030303,32,,,,,,,,,41,0,0,0,0,0,3,1,1,0,1,,,,,,,,,,,,,,,,,,,,,,,,,,,,,,,,,,,,,,,,,,,,,,,,,,,,,,,,,,,,,
APIZACO,29005,46,2010,July,0,,170,128,0,,,22,,,,818,794,1468,TLAXCALA,0.557220708446867,185,,,,,,,,,192,0,0,0,0,0,20,16,2,13,46,,,,,,,,,,,,,,,,,,,,,,,,,,,,,,,,,,,,,,,,,,,,,,,,,,,,,,,,,,,,,
APIZACO,29005,47,2010,July,0,,318,148,0,,,29,,,,1121,1098,2018,TLAXCALA,0.555500495540139,193,,,,,,,,,313,0,0,0,0,0,16,40,7,21,13,,,,,,,,,,,,,,,,,,,,,,,,,,,,,,,,,,,,,,,,,,,,,,,,,,,,,,,,,,,,,
APIZACO,29005,48,2010,July,0,,26,88,0,,,5,,,,254,248,399,TLAXCALA,0.636591478696742,58,,,,,,,,,55,0,0,0,0,0,6,5,0,4,1,,,,,,,,,,,,,,,,,,,,,,,,,,,,,,,,,,,,,,,,,,,,,,,,,,,,,,,,,,,,,
ATLANGATEPEC,29003,49,2010,July,0,,7,0,0,,,0,,,,463,452,617,TLAXCALA,0.750405186385737,155,,,,,,,,,52,0,0,0,0,121,11,101,0,0,5,,,,,,,,,,,,,,,,,,,,,,,,,,,,,,,,,,,,,,,,,,,,,,,,,,,,,,,,,,,,,
ATLANGATEPEC,29003,50,2010,July,0,,3,0,0,,,0,,,,240,237,318,TLAXCALA,0.754716981132076,99,,,,,,,,,39,0,0,0,0,35,1,59,0,0,1,,,,,,,,,,,,,,,,,,,,,,,,,,,,,,,,,,,,,,,,,,,,,,,,,,,,,,,,,,,,,
ATLANGATEPEC,29003,51,2010,July,0,,2,0,0,,,0,,,,203,193,276,TLAXCALA,0.735507246376812,110,,,,,,,,,51,0,0,0,0,8,2,19,0,0,1,,,,,,,,,,,,,,,,,,,,,,,,,,,,,,,,,,,,,,,,,,,,,,,,,,,,,,,,,,,,,
ATLANGATEPEC,29003,52,2010,July,0,,0,0,0,,,0,,,,55,55,80,TLAXCALA,0.6875,23,,,,,,,,,11,0,0,0,0,2,0,18,0,0,1,,,,,,,,,,,,,,,,,,,,,,,,,,,,,,,,,,,,,,,,,,,,,,,,,,,,,,,,,,,,,
ATLANGATEPEC,29003,53,2010,July,0,,17,0,0,,,0,,,,679,650,1019,TLAXCALA,0.666339548577036,142,,,,,,,,,166,0,0,0,0,169,10,140,0,0,6,,,,,,,,,,,,,,,,,,,,,,,,,,,,,,,,,,,,,,,,,,,,,,,,,,,,,,,,,,,,,
ATLANGATEPEC,29003,54,2010,July,0,,3,0,0,,,0,,,,220,209,337,TLAXCALA,0.652818991097923,80,,,,,,,,,51,0,0,0,0,2,2,69,0,2,0,,,,,,,,,,,,,,,,,,,,,,,,,,,,,,,,,,,,,,,,,,,,,,,,,,,,,,,,,,,,,
ATLANGATEPEC,29003,55,2010,July,0,,4,0,0,,,0,,,,203,191,293,TLAXCALA,0.692832764505119,45,,,,,,,,,17,0,0,0,0,63,13,47,0,0,2,,,,,,,,,,,,,,,,,,,,,,,,,,,,,,,,,,,,,,,,,,,,,,,,,,,,,,,,,,,,,
ATLANGATEPEC,29003,56,2010,July,0,,9,0,0,,,0,,,,712,696,993,TLAXCALA,0.717019133937563,368,,,,,,,,,96,0,0,0,0,108,21,58,0,0,36,,,,,,,,,,,,,,,,,,,,,,,,,,,,,,,,,,,,,,,,,,,,,,,,,,,,,,,,,,,,,
ATLANGATEPEC,29003,57,2010,July,0,,9,0,0,,,0,,,,228,217,316,TLAXCALA,0.721518987341772,79,,,,,,,,,53,0,0,0,0,19,3,52,0,0,2,,,,,,,,,,,,,,,,,,,,,,,,,,,,,,,,,,,,,,,,,,,,,,,,,,,,,,,,,,,,,
ATLTZAYANCA,29004,59,2010,July,0,,0,0,0,,,0,,,,669,653,941,TLAXCALA,0.710945802337938,167,,,,,,,,,132,0,145,0,0,0,209,0,0,0,0,,,,,,,,,,,,,,,,,,,,,,,,,,,,,,,,,,,,,,,,,,,,,,,,,,,,,,,,,,,,,
ATLTZAYANCA,29004,60,2010,July,0,,0,0,0,,,0,,,,443,422,624,TLAXCALA,0.709935897435897,135,,,,,,,,,82,0,94,0,0,0,111,0,0,0,0,,,,,,,,,,,,,,,,,,,,,,,,,,,,,,,,,,,,,,,,,,,,,,,,,,,,,,,,,,,,,
ATLTZAYANCA,29004,61,2010,July,0,,0,0,0,,,0,,,,305,292,502,TLAXCALA,0.607569721115538,135,,,,,,,,,26,0,21,0,0,0,110,0,0,0,0,,,,,,,,,,,,,,,,,,,,,,,,,,,,,,,,,,,,,,,,,,,,,,,,,,,,,,,,,,,,,
ATLTZAYANCA,29004,62,2010,July,0,,0,0,0,,,0,,,,199,185,293,TLAXCALA,0.679180887372014,39,,,,,,,,,22,0,6,0,0,0,118,0,0,0,0,,,,,,,,,,,,,,,,,,,,,,,,,,,,,,,,,,,,,,,,,,,,,,,,,,,,,,,,,,,,,
ATLTZAYANCA,29004,63,2010,July,0,,0,0,0,,,0,,,,211,203,269,TLAXCALA,0.784386617100372,38,,,,,,,,,40,0,23,0,0,0,102,0,0,0,0,,,,,,,,,,,,,,,,,,,,,,,,,,,,,,,,,,,,,,,,,,,,,,,,,,,,,,,,,,,,,
ATLTZAYANCA,29004,64,2010,July,0,,0,0,0,,,0,,,,140,129,188,TLAXCALA,0.74468085106383,37,,,,,,,,,46,0,1,0,0,0,45,0,0,0,0,,,,,,,,,,,,,,,,,,,,,,,,,,,,,,,,,,,,,,,,,,,,,,,,,,,,,,,,,,,,,
ATLTZAYANCA,29004,66,2010,July,0,,0,0,0,,,0,,,,268,252,438,TLAXCALA,0.611872146118721,133,,,,,,,,,52,0,18,0,0,0,49,0,0,0,0,,,,,,,,,,,,,,,,,,,,,,,,,,,,,,,,,,,,,,,,,,,,,,,,,,,,,,,,,,,,,
ATLTZAYANCA,29004,67,2010,July,0,,0,0,0,,,0,,,,148,139,193,TLAXCALA,0.766839378238342,19,,,,,,,,,32,0,12,0,0,0,76,0,0,0,0,,,,,,,,,,,,,,,,,,,,,,,,,,,,,,,,,,,,,,,,,,,,,,,,,,,,,,,,,,,,,
ATLTZAYANCA,29004,68,2010,July,0,,0,0,0,,,0,,,,1020,979,1599,TLAXCALA,0.637898686679175,263,,,,,,,,,191,0,149,0,0,0,376,0,0,0,0,,,,,,,,,,,,,,,,,,,,,,,,,,,,,,,,,,,,,,,,,,,,,,,,,,,,,,,,,,,,,
ATLTZAYANCA,29004,69,2010,July,0,,0,0,0,,,0,,,,557,543,719,TLAXCALA,0.774687065368568,196,,,,,,,,,107,0,44,0,0,0,196,0,0,0,0,,,,,,,,,,,,,,,,,,,,,,,,,,,,,,,,,,,,,,,,,,,,,,,,,,,,,,,,,,,,,
ATLTZAYANCA,29004,70,2010,July,0,,0,0,0,,,0,,,,375,375,500,TLAXCALA,0.75,168,,,,,,,,,59,0,56,0,0,0,92,0,0,0,0,,,,,,,,,,,,,,,,,,,,,,,,,,,,,,,,,,,,,,,,,,,,,,,,,,,,,,,,,,,,,
ATLTZAYANCA,29004,71,2010,July,0,,0,0,0,,,0,,,,582,551,769,TLAXCALA,0.756827048114434,209,,,,,,,,,86,0,42,0,0,0,214,0,0,0,0,,,,,,,,,,,,,,,,,,,,,,,,,,,,,,,,,,,,,,,,,,,,,,,,,,,,,,,,,,,,,
ATLTZAYANCA,29004,72,2010,July,0,,0,0,0,,,0,,,,428,404,523,TLAXCALA,0.818355640535373,160,,,,,,,,,90,0,9,0,0,0,145,0,0,0,0,,,,,,,,,,,,,,,,,,,,,,,,,,,,,,,,,,,,,,,,,,,,,,,,,,,,,,,,,,,,,
ATLTZAYANCA,29004,73,2010,July,0,,0,0,0,,,0,,,,158,153,201,TLAXCALA,0.786069651741294,38,,,,,,,,,43,0,17,0,0,0,55,0,0,0,0,,,,,,,,,,,,,,,,,,,,,,,,,,,,,,,,,,,,,,,,,,,,,,,,,,,,,,,,,,,,,
ATLTZAYANCA,29004,74,2010,July,0,,0,0,0,,,0,,,,598,598,826,TLAXCALA,0.723970944309927,169,,,,,,,,,96,0,31,0,0,0,302,0,0,0,0,,,,,,,,,,,,,,,,,,,,,,,,,,,,,,,,,,,,,,,,,,,,,,,,,,,,,,,,,,,,,
ATLTZAYANCA,29004,75,2010,July,0,,0,0,0,,,0,,,,256,247,344,TLAXCALA,0.744186046511628,135,,,,,,,,,28,0,38,0,0,0,46,0,0,0,0,,,,,,,,,,,,,,,,,,,,,,,,,,,,,,,,,,,,,,,,,,,,,,,,,,,,,,,,,,,,,
ATLTZAYANCA,29004,76,2010,July,0,,0,0,0,,,0,,,,149,145,190,TLAXCALA,0.78421052631579,65,,,,,,,,,47,0,11,0,0,0,22,0,0,0,0,,,,,,,,,,,,,,,,,,,,,,,,,,,,,,,,,,,,,,,,,,,,,,,,,,,,,,,,,,,,,
ATLTZAYANCA,29004,77,2010,July,0,,0,0,0,,,0,,,,869,829,1178,TLAXCALA,0.737691001697793,347,,,,,,,,,161,0,134,0,0,0,187,0,0,0,0,,,,,,,,,,,,,,,,,,,,,,,,,,,,,,,,,,,,,,,,,,,,,,,,,,,,,,,,,,,,,
BENITO JUAREZ,29045,295,2010,July,0,,104,130,0,,,272,,,,1560,1525,2187,TLAXCALA,0.713305898491084,626,,,,,,,,,281,0,0,0,0,0,112,0,0,0,0,,,,,,,,,,,,,,,,,,,,,,,,,,,,,,,,,,,,,,,,,,,,,,,,,,,,,,,,,,,,,
BENITO JUAREZ,29045,296,2010,July,0,,77,51,0,,,254,,,,1013,987,1386,TLAXCALA,0.730880230880231,363,,,,,,,,,143,0,0,0,0,0,52,47,0,0,0,,,,,,,,,,,,,,,,,,,,,,,,,,,,,,,,,,,,,,,,,,,,,,,,,,,,,,,,,,,,,
CALPULALPAN,29006,78,2010,July,474,,305,128,24,,,23,,,,1582,1467,3000,TLAXCALA,0.527333333333333,0,,,,,,,,,202,0,0,0,0,0,35,53,203,14,6,,,,,,,,,,,,,,,,,,,,,,,,,,,,,,,,,,,,,,,,,,,,,,,,,,,,,,,,,,,,,
CALPULALPAN,29006,79,2010,July,318,,144,122,26,,,13,,,,1019,953,1960,TLAXCALA,0.519897959183673,0,,,,,,,,,94,0,0,0,0,0,61,24,142,9,0,,,,,,,,,,,,,,,,,,,,,,,,,,,,,,,,,,,,,,,,,,,,,,,,,,,,,,,,,,,,,
CALPULALPAN,29006,80,2010,July,228,,94,93,13,,,10,,,,779,725,1428,TLAXCALA,0.545518207282913,0,,,,,,,,,75,0,0,0,0,0,74,28,91,19,0,,,,,,,,,,,,,,,,,,,,,,,,,,,,,,,,,,,,,,,,,,,,,,,,,,,,,,,,,,,,,
CALPULALPAN,29006,81,2010,July,246,,118,93,16,,,11,,,,821,789,1636,TLAXCALA,0.501833740831296,0,,,,,,,,,97,0,0,0,0,0,100,22,82,4,0,,,,,,,,,,,,,,,,,,,,,,,,,,,,,,,,,,,,,,,,,,,,,,,,,,,,,,,,,,,,,
CALPULALPAN,29006,82,2010,July,263,,94,54,15,,,16,,,,717,677,1442,TLAXCALA,0.497226074895978,0,,,,,,,,,67,0,0,0,0,0,37,21,100,10,0,,,,,,,,,,,,,,,,,,,,,,,,,,,,,,,,,,,,,,,,,,,,,,,,,,,,,,,,,,,,,
CALPULALPAN,29006,83,2010,July,423,,183,82,10,,,19,,,,1129,1074,2203,TLAXCALA,0.512482977757603,0,,,,,,,,,115,0,0,0,0,0,43,30,147,22,0,,,,,,,,,,,,,,,,,,,,,,,,,,,,,,,,,,,,,,,,,,,,,,,,,,,,,,,,,,,,,
CALPULALPAN,29006,84,2010,July,167,,56,58,6,,,19,,,,471,440,830,TLAXCALA,0.567469879518072,0,,,,,,,,,45,0,0,0,0,0,17,9,57,6,0,,,,,,,,,,,,,,,,,,,,,,,,,,,,,,,,,,,,,,,,,,,,,,,,,,,,,,,,,,,,,
CALPULALPAN,29006,85,2010,July,286,,199,107,24,,,35,,,,1086,1032,1872,TLAXCALA,0.580128205128205,0,,,,,,,,,139,0,0,0,0,0,33,40,164,5,0,,,,,,,,,,,,,,,,,,,,,,,,,,,,,,,,,,,,,,,,,,,,,,,,,,,,,,,,,,,,,
CALPULALPAN,29006,86,2010,July,304,,142,58,18,,,20,,,,897,862,1465,TLAXCALA,0.612286689419795,0,,,,,,,,,139,0,0,0,0,0,12,41,126,2,0,,,,,,,,,,,,,,,,,,,,,,,,,,,,,,,,,,,,,,,,,,,,,,,,,,,,,,,,,,,,,
CALPULALPAN,29006,87,2010,July,195,,77,28,7,,,27,,,,516,482,973,TLAXCALA,0.530318602261048,0,,,,,,,,,32,0,0,0,0,0,9,29,76,1,1,,,,,,,,,,,,,,,,,,,,,,,,,,,,,,,,,,,,,,,,,,,,,,,,,,,,,,,,,,,,,
CALPULALPAN,29006,88,2010,July,250,,79,63,9,,,19,,,,712,667,1318,TLAXCALA,0.540212443095599,0,,,,,,,,,62,0,0,0,0,0,13,32,130,10,0,,,,,,,,,,,,,,,,,,,,,,,,,,,,,,,,,,,,,,,,,,,,,,,,,,,,,,,,,,,,,
CALPULALPAN,29006,89,2010,July,437,,147,63,18,,,12,,,,1027,987,1816,TLAXCALA,0.565528634361233,0,,,,,,,,,85,0,0,0,0,0,25,46,142,12,0,,,,,,,,,,,,,,,,,,,,,,,,,,,,,,,,,,,,,,,,,,,,,,,,,,,,,,,,,,,,,
CALPULALPAN,29006,90,2010,July,369,,177,63,21,,,19,,,,966,907,1841,TLAXCALA,0.524714828897339,0,,,,,,,,,86,0,0,0,0,0,26,24,110,12,0,,,,,,,,,,,,,,,,,,,,,,,,,,,,,,,,,,,,,,,,,,,,,,,,,,,,,,,,,,,,,
CALPULALPAN,29006,91,2010,July,157,,96,37,1,,,3,,,,464,464,628,TLAXCALA,0.738853503184713,0,,,,,,,,,112,0,0,0,0,0,15,5,38,0,0,,,,,,,,,,,,,,,,,,,,,,,,,,,,,,,,,,,,,,,,,,,,,,,,,,,,,,,,,,,,,
CALPULALPAN,29006,92,2010,July,139,,622,51,8,,,4,,,,1093,1059,1600,TLAXCALA,0.683125,0,,,,,,,,,181,0,0,0,0,0,7,1,44,2,0,,,,,,,,,,,,,,,,,,,,,,,,,,,,,,,,,,,,,,,,,,,,,,,,,,,,,,,,,,,,,
CALPULALPAN,29006,93,2010,July,166,,280,37,2,,,9,,,,713,683,1177,TLAXCALA,0.605777400169924,0,,,,,,,,,76,0,0,0,0,0,11,2,98,2,0,,,,,,,,,,,,,,,,,,,,,,,,,,,,,,,,,,,,,,,,,,,,,,,,,,,,,,,,,,,,,
CALPULALPAN,29006,94,2010,July,117,,180,17,3,,,4,,,,553,537,846,TLAXCALA,0.653664302600473,0,,,,,,,,,53,0,0,0,0,0,12,9,140,2,0,,,,,,,,,,,,,,,,,,,,,,,,,,,,,,,,,,,,,,,,,,,,,,,,,,,,,,,,,,,,,
CALPULALPAN,29006,95,2010,July,69,,64,4,1,,,1,,,,242,223,352,TLAXCALA,0.6875,0,,,,,,,,,64,0,0,0,0,0,11,4,5,0,0,,,,,,,,,,,,,,,,,,,,,,,,,,,,,,,,,,,,,,,,,,,,,,,,,,,,,,,,,,,,,
CALPULALPAN,29006,96,2010,July,103,,119,7,11,,,3,,,,346,333,519,TLAXCALA,0.666666666666667,0,,,,,,,,,60,0,0,0,0,0,2,0,27,1,0,,,,,,,,,,,,,,,,,,,,,,,,,,,,,,,,,,,,,,,,,,,,,,,,,,,,,,,,,,,,,
CALPULALPAN,29006,97,2010,July,243,,34,70,6,,,27,,,,619,619,734,TLAXCALA,0.843324250681199,0,,,,,,,,,201,0,0,0,0,0,15,2,19,2,0,,,,,,,,,,,,,,,,,,,,,,,,,,,,,,,,,,,,,,,,,,,,,,,,,,,,,,,,,,,,,
CALPULALPAN,29006,98,2010,July,274,,134,30,20,,,16,,,,767,739,1395,TLAXCALA,0.549820788530466,0,,,,,,,,,160,0,0,0,0,0,32,19,51,3,0,,,,,,,,,,,,,,,,,,,,,,,,,,,,,,,,,,,,,,,,,,,,,,,,,,,,,,,,,,,,,
CALPULALPAN,29006,99,2010,July,25,,1,1,0,,,0,,,,53,51,59,TLAXCALA,0.898305084745763,0,,,,,,,,,20,0,0,0,0,0,2,0,2,0,0,,,,,,,,,,,,,,,,,,,,,,,,,,,,,,,,,,,,,,,,,,,,,,,,,,,,,,,,,,,,,
CHIAUTEMPAN,29010,122,2010,July,0,,181,0,0,,,0,,,,992,970,1506,TLAXCALA,0.658698539176627,295,,,,,,,,,130,0,0,0,0,286,61,10,0,0,7,,,,,,,,,,,,,,,,,,,,,,,,,,,,,,,,,,,,,,,,,,,,,,,,,,,,,,,,,,,,,
CHIAUTEMPAN,29010,123,2010,July,0,,238,0,0,,,0,,,,960,912,1515,TLAXCALA,0.633663366336634,237,,,,,,,,,138,0,0,0,0,178,88,25,0,0,8,,,,,,,,,,,,,,,,,,,,,,,,,,,,,,,,,,,,,,,,,,,,,,,,,,,,,,,,,,,,,
CHIAUTEMPAN,29010,124,2010,July,0,,200,0,0,,,0,,,,899,868,1692,TLAXCALA,0.531323877068558,199,,,,,,,,,150,0,0,0,0,287,9,18,0,0,5,,,,,,,,,,,,,,,,,,,,,,,,,,,,,,,,,,,,,,,,,,,,,,,,,,,,,,,,,,,,,
CHIAUTEMPAN,29010,125,2010,July,0,,186,0,0,,,0,,,,869,847,1568,TLAXCALA,0.554209183673469,169,,,,,,,,,145,0,0,0,0,268,38,31,0,0,10,,,,,,,,,,,,,,,,,,,,,,,,,,,,,,,,,,,,,,,,,,,,,,,,,,,,,,,,,,,,,
CHIAUTEMPAN,29010,126,2010,July,0,,280,0,0,,,0,,,,1142,1103,1729,TLAXCALA,0.660497397339503,248,,,,,,,,,139,0,0,0,0,343,56,31,0,0,6,,,,,,,,,,,,,,,,,,,,,,,,,,,,,,,,,,,,,,,,,,,,,,,,,,,,,,,,,,,,,
CHIAUTEMPAN,29010,127,2010,July,0,,249,0,0,,,0,,,,1306,1255,2332,TLAXCALA,0.560034305317324,347,,,,,,,,,199,0,0,0,0,330,82,29,0,0,19,,,,,,,,,,,,,,,,,,,,,,,,,,,,,,,,,,,,,,,,,,,,,,,,,,,,,,,,,,,,,
CHIAUTEMPAN,29010,128,2010,July,0,,113,0,0,,,0,,,,586,571,1106,TLAXCALA,0.529837251356239,179,,,,,,,,,100,0,0,0,0,123,33,20,0,0,3,,,,,,,,,,,,,,,,,,,,,,,,,,,,,,,,,,,,,,,,,,,,,,,,,,,,,,,,,,,,,
CHIAUTEMPAN,29010,129,2010,July,0,,157,0,0,,,0,,,,735,708,1179,TLAXCALA,0.623409669211196,212,,,,,,,,,112,0,0,0,0,155,42,22,0,0,8,,,,,,,,,,,,,,,,,,,,,,,,,,,,,,,,,,,,,,,,,,,,,,,,,,,,,,,,,,,,,
CHIAUTEMPAN,29010,130,2010,July,0,,155,0,0,,,0,,,,571,554,880,TLAXCALA,0.648863636363636,157,,,,,,,,,99,0,0,0,0,92,19,24,0,0,8,,,,,,,,,,,,,,,,,,,,,,,,,,,,,,,,,,,,,,,,,,,,,,,,,,,,,,,,,,,,,
CHIAUTEMPAN,29010,131,2010,July,0,,257,0,0,,,0,,,,803,783,1262,TLAXCALA,0.636291600633915,162,,,,,,,,,130,0,0,0,0,134,45,45,0,0,10,,,,,,,,,,,,,,,,,,,,,,,,,,,,,,,,,,,,,,,,,,,,,,,,,,,,,,,,,,,,,
CHIAUTEMPAN,29010,132,2010,July,0,,258,0,0,,,0,,,,831,810,1229,TLAXCALA,0.676159479251424,192,,,,,,,,,139,0,0,0,0,160,44,13,0,0,4,,,,,,,,,,,,,,,,,,,,,,,,,,,,,,,,,,,,,,,,,,,,,,,,,,,,,,,,,,,,,
CHIAUTEMPAN,29010,133,2010,July,0,,166,0,0,,,0,,,,753,659,1129,TLAXCALA,0.66696191319752,210,,,,,,,,,138,0,0,0,0,54,42,41,5,0,3,,,,,,,,,,,,,,,,,,,,,,,,,,,,,,,,,,,,,,,,,,,,,,,,,,,,,,,,,,,,,
CHIAUTEMPAN,29010,134,2010,July,0,,95,0,0,,,0,,,,452,441,876,TLAXCALA,0.515981735159817,155,,,,,,,,,65,0,0,0,0,98,5,17,0,0,6,,,,,,,,,,,,,,,,,,,,,,,,,,,,,,,,,,,,,,,,,,,,,,,,,,,,,,,,,,,,,
CHIAUTEMPAN,29010,135,2010,July,0,,67,0,0,,,0,,,,536,523,1000,TLAXCALA,0.536,197,,,,,,,,,86,0,0,0,0,137,19,12,0,0,5,,,,,,,,,,,,,,,,,,,,,,,,,,,,,,,,,,,,,,,,,,,,,,,,,,,,,,,,,,,,,
CHIAUTEMPAN,29010,136,2010,July,0,,50,0,0,,,0,,,,322,300,545,TLAXCALA,0.590825688073395,134,,,,,,,,,61,0,0,0,0,22,16,13,0,0,4,,,,,,,,,,,,,,,,,,,,,,,,,,,,,,,,,,,,,,,,,,,,,,,,,,,,,,,,,,,,,
CHIAUTEMPAN,29010,137,2010,July,0,,290,0,0,,,0,,,,1173,1130,1957,TLAXCALA,0.599386816555953,298,,,,,,,,,196,0,0,0,0,245,41,44,0,0,16,,,,,,,,,,,,,,,,,,,,,,,,,,,,,,,,,,,,,,,,,,,,,,,,,,,,,,,,,,,,,
CHIAUTEMPAN,29010,138,2010,July,0,,233,0,0,,,0,,,,824,789,1356,TLAXCALA,0.607669616519174,161,,,,,,,,,158,0,0,0,0,165,49,20,0,0,3,,,,,,,,,,,,,,,,,,,,,,,,,,,,,,,,,,,,,,,,,,,,,,,,,,,,,,,,,,,,,
CHIAUTEMPAN,29010,139,2010,July,0,,404,0,0,,,0,,,,1541,1491,2572,TLAXCALA,0.599144634525661,364,,,,,,,,,302,0,0,0,0,272,97,32,0,0,20,,,,,,,,,,,,,,,,,,,,,,,,,,,,,,,,,,,,,,,,,,,,,,,,,,,,,,,,,,,,,
CHIAUTEMPAN,29010,140,2010,July,0,,173,0,0,,,0,,,,766,739,1387,TLAXCALA,0.552271088680606,230,,,,,,,,,93,0,0,0,0,174,28,29,0,0,12,,,,,,,,,,,,,,,,,,,,,,,,,,,,,,,,,,,,,,,,,,,,,,,,,,,,,,,,,,,,,
CHIAUTEMPAN,29010,141,2010,July,0,,530,0,0,,,0,,,,2214,2124,3638,TLAXCALA,0.608576140736669,632,,,,,,,,,281,0,0,0,0,484,53,93,0,0,51,,,,,,,,,,,,,,,,,,,,,,,,,,,,,,,,,,,,,,,,,,,,,,,,,,,,,,,,,,,,,
CHIAUTEMPAN,29010,142,2010,July,0,,248,0,0,,,0,,,,1003,951,1612,TLAXCALA,0.622208436724566,272,,,,,,,,,129,0,0,0,0,223,25,39,0,0,15,,,,,,,,,,,,,,,,,,,,,,,,,,,,,,,,,,,,,,,,,,,,,,,,,,,,,,,,,,,,,
CHIAUTEMPAN,29010,143,2010,July,0,,215,0,0,,,0,,,,931,895,1601,TLAXCALA,0.581511555277951,186,,,,,,,,,183,0,0,0,0,207,72,20,0,0,12,,,,,,,,,,,,,,,,,,,,,,,,,,,,,,,,,,,,,,,,,,,,,,,,,,,,,,,,,,,,,
CHIAUTEMPAN,29010,144,2010,July,0,,319,0,0,,,0,,,,1384,1340,2433,TLAXCALA,0.568845047266749,417,,,,,,,,,210,0,0,0,0,290,66,24,0,0,14,,,,,,,,,,,,,,,,,,,,,,,,,,,,,,,,,,,,,,,,,,,,,,,,,,,,,,,,,,,,,
CHIAUTEMPAN,29010,145,2010,July,0,,147,0,0,,,0,,,,865,822,1483,TLAXCALA,0.583277140930546,208,,,,,,,,,170,0,0,0,0,232,35,18,0,0,12,,,,,,,,,,,,,,,,,,,,,,,,,,,,,,,,,,,,,,,,,,,,,,,,,,,,,,,,,,,,,
CHIAUTEMPAN,29010,146,2010,July,0,,154,0,0,,,0,,,,851,819,1553,TLAXCALA,0.547971667739858,224,,,,,,,,,97,0,0,0,0,260,20,47,0,0,17,,,,,,,,,,,,,,,,,,,,,,,,,,,,,,,,,,,,,,,,,,,,,,,,,,,,,,,,,,,,,
CHIAUTEMPAN,29010,147,2010,July,0,,300,0,0,,,0,,,,785,754,1398,TLAXCALA,0.561516452074392,156,,,,,,,,,169,0,0,0,0,90,16,5,0,0,18,,,,,,,,,,,,,,,,,,,,,,,,,,,,,,,,,,,,,,,,,,,,,,,,,,,,,,,,,,,,,
CHIAUTEMPAN,29010,148,2010,July,0,,223,0,0,,,0,,,,714,633,1243,TLAXCALA,0.574416733708769,138,,,,,,,,,153,0,0,0,0,48,19,13,0,0,39,,,,,,,,,,,,,,,,,,,,,,,,,,,,,,,,,,,,,,,,,,,,,,,,,,,,,,,,,,,,,
CHIAUTEMPAN,29010,149,2010,July,0,,284,0,0,,,0,,,,1191,1153,2623,TLAXCALA,0.454060236370568,353,,,,,,,,,271,0,0,0,0,162,29,36,0,0,18,,,,,,,,,,,,,,,,,,,,,,,,,,,,,,,,,,,,,,,,,,,,,,,,,,,,,,,,,,,,,
CHIAUTEMPAN,29010,150,2010,July,0,,82,0,0,,,0,,,,324,309,919,TLAXCALA,0.352557127312296,75,,,,,,,,,70,0,0,0,0,69,7,6,0,0,0,,,,,,,,,,,,,,,,,,,,,,,,,,,,,,,,,,,,,,,,,,,,,,,,,,,,,,,,,,,,,
CHIAUTEMPAN,29010,156,2010,July,0,,123,0,0,,,0,,,,692,658,1278,TLAXCALA,0.541471048513302,147,,,,,,,,,172,0,0,0,0,185,12,7,0,0,12,,,,,,,,,,,,,,,,,,,,,,,,,,,,,,,,,,,,,,,,,,,,,,,,,,,,,,,,,,,,,
CHIAUTEMPAN,29010,157,2010,July,0,,92,0,0,,,0,,,,480,456,925,TLAXCALA,0.518918918918919,84,,,,,,,,,111,0,0,0,0,144,14,5,0,2,4,,,,,,,,,,,,,,,,,,,,,,,,,,,,,,,,,,,,,,,,,,,,,,,,,,,,,,,,,,,,,
CONTLA DE JUAN CUAMATZI,29018,267,2010,July,454,,31,0,199,,,0,,,,1046,1008,1612,TLAXCALA,0.648883374689826,0,,,,,,,,,287,0,0,0,0,0,37,0,0,0,0,,,,,,,,,,,,,,,,,,,,,,,,,,,,,,,,,,,,,,,,,,,,,,,,,,,,,,,,,,,,,
CONTLA DE JUAN CUAMATZI,29018,268,2010,July,475,,36,0,170,,,0,,,,1234,1202,2010,TLAXCALA,0.613930348258707,0,,,,,,,,,488,0,0,0,0,0,33,0,0,0,0,,,,,,,,,,,,,,,,,,,,,,,,,,,,,,,,,,,,,,,,,,,,,,,,,,,,,,,,,,,,,
CONTLA DE JUAN CUAMATZI,29018,269,2010,July,436,,29,0,164,,,0,,,,941,913,1542,TLAXCALA,0.610246433203632,0,,,,,,,,,258,0,0,0,0,0,26,0,0,0,0,,,,,,,,,,,,,,,,,,,,,,,,,,,,,,,,,,,,,,,,,,,,,,,,,,,,,,,,,,,,,
CONTLA DE JUAN CUAMATZI,29018,270,2010,July,254,,23,0,114,,,0,,,,690,667,1083,TLAXCALA,0.637119113573407,0,,,,,,,,,263,0,0,0,0,0,13,0,0,0,0,,,,,,,,,,,,,,,,,,,,,,,,,,,,,,,,,,,,,,,,,,,,,,,,,,,,,,,,,,,,,
CONTLA DE JUAN CUAMATZI,29018,271,2010,July,500,,26,0,201,,,0,,,,1100,1076,1684,TLAXCALA,0.653206650831354,0,,,,,,,,,336,0,0,0,0,0,13,0,0,0,0,,,,,,,,,,,,,,,,,,,,,,,,,,,,,,,,,,,,,,,,,,,,,,,,,,,,,,,,,,,,,
CONTLA DE JUAN CUAMATZI,29018,272,2010,July,806,,63,0,278,,,0,,,,1795,1767,2766,TLAXCALA,0.648951554591468,0,,,,,,,,,591,0,0,0,0,0,29,0,0,0,0,,,,,,,,,,,,,,,,,,,,,,,,,,,,,,,,,,,,,,,,,,,,,,,,,,,,,,,,,,,,,
CONTLA DE JUAN CUAMATZI,29018,273,2010,July,525,,32,0,198,,,0,,,,1157,1113,1776,TLAXCALA,0.651463963963964,0,,,,,,,,,335,0,0,0,0,0,23,0,0,0,0,,,,,,,,,,,,,,,,,,,,,,,,,,,,,,,,,,,,,,,,,,,,,,,,,,,,,,,,,,,,,
CONTLA DE JUAN CUAMATZI,29018,274,2010,July,277,,55,0,187,,,0,,,,763,745,1060,TLAXCALA,0.719811320754717,0,,,,,,,,,209,0,0,0,0,0,17,0,0,0,0,,,,,,,,,,,,,,,,,,,,,,,,,,,,,,,,,,,,,,,,,,,,,,,,,,,,,,,,,,,,,
CONTLA DE JUAN CUAMATZI,29018,275,2010,July,276,,17,0,314,,,0,,,,950,923,1433,TLAXCALA,0.662944870900209,0,,,,,,,,,275,0,0,0,0,0,41,0,0,0,0,,,,,,,,,,,,,,,,,,,,,,,,,,,,,,,,,,,,,,,,,,,,,,,,,,,,,,,,,,,,,
CONTLA DE JUAN CUAMATZI,29018,276,2010,July,375,,22,0,360,,,0,,,,1080,1057,1562,TLAXCALA,0.691421254801537,0,,,,,,,,,246,0,0,0,0,0,54,0,0,0,0,,,,,,,,,,,,,,,,,,,,,,,,,,,,,,,,,,,,,,,,,,,,,,,,,,,,,,,,,,,,,
CONTLA DE JUAN CUAMATZI,29018,277,2010,July,110,,10,0,50,,,0,,,,291,274,371,TLAXCALA,0.784366576819407,0,,,,,,,,,91,0,0,0,0,0,13,0,0,0,0,,,,,,,,,,,,,,,,,,,,,,,,,,,,,,,,,,,,,,,,,,,,,,,,,,,,,,,,,,,,,
CONTLA DE JUAN CUAMATZI,29018,278,2010,July,95,,6,0,82,,,0,,,,263,249,468,TLAXCALA,0.561965811965812,0,,,,,,,,,60,0,0,0,0,0,6,0,0,0,0,,,,,,,,,,,,,,,,,,,,,,,,,,,,,,,,,,,,,,,,,,,,,,,,,,,,,,,,,,,,,
CONTLA DE JUAN CUAMATZI,29018,279,2010,July,590,,83,0,111,,,0,,,,957,930,1498,TLAXCALA,0.638851802403204,0,,,,,,,,,134,0,0,0,0,0,12,0,0,0,0,,,,,,,,,,,,,,,,,,,,,,,,,,,,,,,,,,,,,,,,,,,,,,,,,,,,,,,,,,,,,
CONTLA DE JUAN CUAMATZI,29018,280,2010,July,74,,8,0,88,,,0,,,,250,244,424,TLAXCALA,0.589622641509434,0,,,,,,,,,66,0,0,0,0,0,8,0,0,0,0,,,,,,,,,,,,,,,,,,,,,,,,,,,,,,,,,,,,,,,,,,,,,,,,,,,,,,,,,,,,,
CONTLA DE JUAN CUAMATZI,29018,281,2010,July,222,,61,0,193,,,0,,,,881,848,1675,TLAXCALA,0.525970149253731,0,,,,,,,,,347,0,0,0,0,0,25,0,0,0,0,,,,,,,,,,,,,,,,,,,,,,,,,,,,,,,,,,,,,,,,,,,,,,,,,,,,,,,,,,,,,
CONTLA DE JUAN CUAMATZI,29018,282,2010,July,120,,11,0,10,,,0,,,,214,201,365,TLAXCALA,0.586301369863014,0,,,,,,,,,48,0,0,0,0,0,12,0,0,0,0,,,,,,,,,,,,,,,,,,,,,,,,,,,,,,,,,,,,,,,,,,,,,,,,,,,,,,,,,,,,,
CONTLA DE JUAN CUAMATZI,29018,283,2010,July,318,,18,0,169,,,0,,,,805,781,1292,TLAXCALA,0.623065015479876,0,,,,,,,,,260,0,0,0,0,0,16,0,0,0,0,,,,,,,,,,,,,,,,,,,,,,,,,,,,,,,,,,,,,,,,,,,,,,,,,,,,,,,,,,,,,
CUAPIAXTLA,29008,107,2010,July,0,,71,0,0,,,0,,,,1417,1368,2173,TLAXCALA,0.65209387942936,489,,,,,,,,,349,0,0,0,0,289,54,116,0,0,0,,,,,,,,,,,,,,,,,,,,,,,,,,,,,,,,,,,,,,,,,,,,,,,,,,,,,,,,,,,,,
CUAPIAXTLA,29008,108,2010,July,0,,73,0,0,,,0,,,,1935,1913,1387,TLAXCALA,1.39509733237203,1257,,,,,,,,,260,0,0,0,0,182,31,110,0,0,0,,,,,,,,,,,,,,,,,,,,,,,,,,,,,,,,,,,,,,,,,,,,,,,,,,,,,,,,,,,,,
CUAPIAXTLA,29008,109,2010,July,0,,89,0,0,,,0,,,,1184,1151,1835,TLAXCALA,0.645231607629428,268,,,,,,,,,355,0,0,0,0,225,72,142,0,0,0,,,,,,,,,,,,,,,,,,,,,,,,,,,,,,,,,,,,,,,,,,,,,,,,,,,,,,,,,,,,,
CUAPIAXTLA,29008,110,2010,July,0,,39,0,0,,,0,,,,831,780,1139,TLAXCALA,0.729587357330992,338,,,,,,,,,144,0,0,0,0,80,38,141,0,0,0,,,,,,,,,,,,,,,,,,,,,,,,,,,,,,,,,,,,,,,,,,,,,,,,,,,,,,,,,,,,,
CUAPIAXTLA,29008,111,2010,July,0,,7,0,0,,,0,,,,167,167,220,TLAXCALA,0.759090909090909,35,,,,,,,,,44,0,0,0,0,22,4,55,0,0,0,,,,,,,,,,,,,,,,,,,,,,,,,,,,,,,,,,,,,,,,,,,,,,,,,,,,,,,,,,,,,
CUAPIAXTLA,29008,112,2010,July,0,,3,0,0,,,0,,,,112,105,132,TLAXCALA,0.848484848484848,37,,,,,,,,,22,0,0,0,0,24,7,12,0,0,0,,,,,,,,,,,,,,,,,,,,,,,,,,,,,,,,,,,,,,,,,,,,,,,,,,,,,,,,,,,,,
CUAPIAXTLA,29008,113,2010,July,0,,4,0,0,,,0,,,,184,172,238,TLAXCALA,0.773109243697479,46,,,,,,,,,34,0,0,0,0,51,11,26,0,0,0,,,,,,,,,,,,,,,,,,,,,,,,,,,,,,,,,,,,,,,,,,,,,,,,,,,,,,,,,,,,,
CUAPIAXTLA,29008,114,2010,July,0,,32,0,0,,,0,,,,472,441,652,TLAXCALA,0.723926380368098,132,,,,,,,,,89,0,0,0,0,111,10,67,0,0,0,,,,,,,,,,,,,,,,,,,,,,,,,,,,,,,,,,,,,,,,,,,,,,,,,,,,,,,,,,,,,
CUAPIAXTLA,29008,115,2010,July,0,,2,0,0,,,0,,,,279,260,338,TLAXCALA,0.825443786982249,87,,,,,,,,,37,0,0,0,0,48,36,50,0,0,0,,,,,,,,,,,,,,,,,,,,,,,,,,,,,,,,,,,,,,,,,,,,,,,,,,,,,,,,,,,,,
CUAPIAXTLA,29008,116,2010,July,0,,17,0,0,,,0,,,,259,247,315,TLAXCALA,0.822222222222222,109,,,,,,,,,63,0,0,0,0,30,6,22,0,0,0,,,,,,,,,,,,,,,,,,,,,,,,,,,,,,,,,,,,,,,,,,,,,,,,,,,,,,,,,,,,,
CUAXOMULCO,29009,117,2010,July,133,,0,0,182,,,0,,,,788,753,1157,TLAXCALA,0.681071737251513,0,,,,,,,,,111,0,327,0,0,0,0,0,0,0,0,,,,,,,,,,,,,,,,,,,,,,,,,,,,,,,,,,,,,,,,,,,,,,,,,,,,,,,,,,,,,
CUAXOMULCO,29009,118,2010,July,195,,0,0,218,,,0,,,,706,687,1115,TLAXCALA,0.633183856502242,0,,,,,,,,,89,0,185,0,0,0,0,0,0,0,0,,,,,,,,,,,,,,,,,,,,,,,,,,,,,,,,,,,,,,,,,,,,,,,,,,,,,,,,,,,,,
CUAXOMULCO,29009,119,2010,July,101,,0,0,97,,,0,,,,372,362,472,TLAXCALA,0.788135593220339,0,,,,,,,,,38,0,126,0,0,0,0,0,0,0,0,,,,,,,,,,,,,,,,,,,,,,,,,,,,,,,,,,,,,,,,,,,,,,,,,,,,,,,,,,,,,
CUAXOMULCO,29009,120,2010,July,46,,0,0,19,,,0,,,,164,163,188,TLAXCALA,0.872340425531915,0,,,,,,,,,46,0,52,0,0,0,0,0,0,0,0,,,,,,,,,,,,,,,,,,,,,,,,,,,,,,,,,,,,,,,,,,,,,,,,,,,,,,,,,,,,,
CUAXOMULCO,29009,121,2010,July,110,,0,0,83,,,0,,,,361,361,478,TLAXCALA,0.755230125523013,0,,,,,,,,,70,0,98,0,0,0,0,0,0,0,0,,,,,,,,,,,,,,,,,,,,,,,,,,,,,,,,,,,,,,,,,,,,,,,,,,,,,,,,,,,,,
EL CARMEN TEQUEXQUITLA,29007,100,2010,July,0,,549,0,0,,,0,,,,1347,1244,2326,TLAXCALA,0.579105760963027,292,,,,,,,,,254,0,0,0,0,67,82,0,0,0,0,,,,,,,,,,,,,,,,,,,,,,,,,,,,,,,,,,,,,,,,,,,,,,,,,,,,,,,,,,,,,
EL CARMEN TEQUEXQUITLA,29007,101,2010,July,0,,562,0,0,,,0,,,,1154,1076,1895,TLAXCALA,0.608970976253298,231,,,,,,,,,158,0,0,0,0,32,93,0,0,0,0,,,,,,,,,,,,,,,,,,,,,,,,,,,,,,,,,,,,,,,,,,,,,,,,,,,,,,,,,,,,,
EL CARMEN TEQUEXQUITLA,29007,102,2010,July,0,,478,0,0,,,0,,,,1168,1090,1989,TLAXCALA,0.587229763700352,311,,,,,,,,,207,0,0,0,0,42,52,0,0,0,0,,,,,,,,,,,,,,,,,,,,,,,,,,,,,,,,,,,,,,,,,,,,,,,,,,,,,,,,,,,,,
EL CARMEN TEQUEXQUITLA,29007,103,2010,July,0,,221,0,0,,,0,,,,628,572,1056,TLAXCALA,0.59469696969697,120,,,,,,,,,147,0,0,0,0,12,72,0,0,0,0,,,,,,,,,,,,,,,,,,,,,,,,,,,,,,,,,,,,,,,,,,,,,,,,,,,,,,,,,,,,,
EL CARMEN TEQUEXQUITLA,29007,104,2010,July,0,,354,0,0,,,0,,,,990,932,1683,TLAXCALA,0.588235294117647,215,,,,,,,,,211,0,0,0,0,46,106,0,0,0,0,,,,,,,,,,,,,,,,,,,,,,,,,,,,,,,,,,,,,,,,,,,,,,,,,,,,,,,,,,,,,
EL CARMEN TEQUEXQUITLA,29007,105,2010,July,0,,54,0,0,,,0,,,,251,234,320,TLAXCALA,0.784375,88,,,,,,,,,77,0,0,0,0,8,7,0,0,0,0,,,,,,,,,,,,,,,,,,,,,,,,,,,,,,,,,,,,,,,,,,,,,,,,,,,,,,,,,,,,,
EL CARMEN TEQUEXQUITLA,29007,106,2010,July,0,,41,0,0,,,0,,,,152,150,192,TLAXCALA,0.791666666666667,50,,,,,,,,,56,0,0,0,0,2,1,0,0,0,0,,,,,,,,,,,,,,,,,,,,,,,,,,,,,,,,,,,,,,,,,,,,,,,,,,,,,,,,,,,,,
EMILIANO ZAPATA,29046,400,2010,July,0,,7,7,0,,,14,,,,70,60,101,TLAXCALA,0.693069306930693,8,,,,,,,,,21,0,0,0,0,0,3,0,0,0,0,,,,,,,,,,,,,,,,,,,,,,,,,,,,,,,,,,,,,,,,,,,,,,,,,,,,,,,,,,,,,
EMILIANO ZAPATA,29046,401,2010,July,0,,30,10,0,,,29,,,,126,114,156,TLAXCALA,0.807692307692308,26,,,,,,,,,19,0,0,0,0,0,0,0,0,0,0,,,,,,,,,,,,,,,,,,,,,,,,,,,,,,,,,,,,,,,,,,,,,,,,,,,,,,,,,,,,,
EMILIANO ZAPATA,29046,607,2010,July,0,,443,40,0,,,323,,,,1336,1275,1786,TLAXCALA,0.748040313549832,230,,,,,,,,,213,0,0,0,0,0,26,0,0,0,0,,,,,,,,,,,,,,,,,,,,,,,,,,,,,,,,,,,,,,,,,,,,,,,,,,,,,,,,,,,,,
EMILIANO ZAPATA,29046,608,2010,July,0,,194,35,0,,,67,,,,456,433,589,TLAXCALA,0.774193548387097,58,,,,,,,,,40,0,0,0,0,0,39,0,0,0,0,,,,,,,,,,,,,,,,,,,,,,,,,,,,,,,,,,,,,,,,,,,,,,,,,,,,,,,,,,,,,
ESPANITA,29012,165,2010,July,0,,0,31,0,,,0,,,,1058,998,1692,TLAXCALA,0.625295508274232,89,,,,,,,,,281,0,0,100,0,0,290,16,57,134,0,,,,,,,,,,,,,,,,,,,,,,,,,,,,,,,,,,,,,,,,,,,,,,,,,,,,,,,,,,,,,
ESPANITA,29012,166,2010,July,0,,0,1,0,,,0,,,,41,40,62,TLAXCALA,0.661290322580645,9,,,,,,,,,9,0,0,4,0,0,3,1,4,9,0,,,,,,,,,,,,,,,,,,,,,,,,,,,,,,,,,,,,,,,,,,,,,,,,,,,,,,,,,,,,,
ESPANITA,29012,167,2010,July,0,,0,16,0,,,0,,,,161,150,266,TLAXCALA,0.605263157894737,23,,,,,,,,,34,0,0,7,0,0,41,7,5,17,0,,,,,,,,,,,,,,,,,,,,,,,,,,,,,,,,,,,,,,,,,,,,,,,,,,,,,,,,,,,,,
ESPANITA,29012,168,2010,July,0,,0,14,0,,,0,,,,400,368,597,TLAXCALA,0.670016750418761,31,,,,,,,,,130,0,0,24,0,0,79,14,55,21,0,,,,,,,,,,,,,,,,,,,,,,,,,,,,,,,,,,,,,,,,,,,,,,,,,,,,,,,,,,,,,
ESPANITA,29012,169,2010,July,0,,0,26,0,,,0,,,,143,139,219,TLAXCALA,0.65296803652968,19,,,,,,,,,32,0,0,11,0,0,21,2,6,22,0,,,,,,,,,,,,,,,,,,,,,,,,,,,,,,,,,,,,,,,,,,,,,,,,,,,,,,,,,,,,,
ESPANITA,29012,170,2010,July,0,,0,24,0,,,0,,,,372,349,670,TLAXCALA,0.555223880597015,50,,,,,,,,,126,0,0,56,0,0,40,5,5,43,0,,,,,,,,,,,,,,,,,,,,,,,,,,,,,,,,,,,,,,,,,,,,,,,,,,,,,,,,,,,,,
ESPANITA,29012,171,2010,July,0,,0,6,0,,,0,,,,154,143,266,TLAXCALA,0.578947368421053,20,,,,,,,,,18,0,0,15,0,0,30,5,3,46,0,,,,,,,,,,,,,,,,,,,,,,,,,,,,,,,,,,,,,,,,,,,,,,,,,,,,,,,,,,,,,
ESPANITA,29012,172,2010,July,0,,0,8,0,,,0,,,,162,151,669,TLAXCALA,0.242152466367713,19,,,,,,,,,37,0,0,8,0,0,30,5,16,28,0,,,,,,,,,,,,,,,,,,,,,,,,,,,,,,,,,,,,,,,,,,,,,,,,,,,,,,,,,,,,,
ESPANITA,29012,173,2010,July,0,,0,6,0,,,0,,,,166,148,246,TLAXCALA,0.67479674796748,46,,,,,,,,,27,0,0,17,0,0,33,3,10,6,0,,,,,,,,,,,,,,,,,,,,,,,,,,,,,,,,,,,,,,,,,,,,,,,,,,,,,,,,,,,,,
ESPANITA,29012,174,2010,July,0,,0,7,0,,,0,,,,122,114,183,TLAXCALA,0.666666666666667,20,,,,,,,,,54,0,0,7,0,0,14,1,2,9,0,,,,,,,,,,,,,,,,,,,,,,,,,,,,,,,,,,,,,,,,,,,,,,,,,,,,,,,,,,,,,
ESPANITA,29012,175,2010,July,0,,0,5,0,,,0,,,,329,322,497,TLAXCALA,0.661971830985916,38,,,,,,,,,104,0,0,53,0,0,50,3,43,26,0,,,,,,,,,,,,,,,,,,,,,,,,,,,,,,,,,,,,,,,,,,,,,,,,,,,,,,,,,,,,,
ESPANITA,29012,176,2010,July,0,,0,27,0,,,0,,,,233,213,404,TLAXCALA,0.576732673267327,31,,,,,,,,,48,0,0,57,0,0,16,3,5,26,0,,,,,,,,,,,,,,,,,,,,,,,,,,,,,,,,,,,,,,,,,,,,,,,,,,,,,,,,,,,,,
ESPANITA,29012,177,2010,July,0,,0,9,0,,,0,,,,227,217,328,TLAXCALA,0.692073170731707,7,,,,,,,,,27,0,0,3,0,0,135,5,12,19,0,,,,,,,,,,,,,,,,,,,,,,,,,,,,,,,,,,,,,,,,,,,,,,,,,,,,,,,,,,,,,
HUAMANTLA,29013,178,2010,July,0,,131,34,0,,,20,,,,1679,1630,2905,TLAXCALA,0.577969018932874,970,,,,,,,,,432,0,0,0,0,0,8,11,24,0,0,,,,,,,,,,,,,,,,,,,,,,,,,,,,,,,,,,,,,,,,,,,,,,,,,,,,,,,,,,,,,
HUAMANTLA,29013,179,2010,July,0,,121,26,0,,,0,,,,1735,1595,3094,TLAXCALA,0.56076276664512,952,,,,,,,,,440,0,0,0,0,0,0,33,23,0,0,,,,,,,,,,,,,,,,,,,,,,,,,,,,,,,,,,,,,,,,,,,,,,,,,,,,,,,,,,,,,
HUAMANTLA,29013,180,2010,July,0,,75,42,0,,,0,,,,1463,1391,2471,TLAXCALA,0.592067988668555,871,,,,,,,,,354,0,0,0,0,0,28,0,21,0,0,,,,,,,,,,,,,,,,,,,,,,,,,,,,,,,,,,,,,,,,,,,,,,,,,,,,,,,,,,,,,
HUAMANTLA,29013,181,2010,July,0,,59,24,0,,,0,,,,1249,1203,2120,TLAXCALA,0.589150943396226,697,,,,,,,,,379,0,0,0,0,0,0,13,31,0,0,,,,,,,,,,,,,,,,,,,,,,,,,,,,,,,,,,,,,,,,,,,,,,,,,,,,,,,,,,,,,
HUAMANTLA,29013,182,2010,July,0,,43,8,0,,,0,,,,688,648,1257,TLAXCALA,0.54733492442323,368,,,,,,,,,199,0,0,0,0,0,0,20,10,0,0,,,,,,,,,,,,,,,,,,,,,,,,,,,,,,,,,,,,,,,,,,,,,,,,,,,,,,,,,,,,,
HUAMANTLA,29013,183,2010,July,0,,54,11,0,,,0,,,,991,957,1665,TLAXCALA,0.595195195195195,634,,,,,,,,,236,0,0,0,0,0,0,12,10,0,0,,,,,,,,,,,,,,,,,,,,,,,,,,,,,,,,,,,,,,,,,,,,,,,,,,,,,,,,,,,,,
HUAMANTLA,29013,184,2010,July,0,,37,9,0,,,0,,,,660,649,988,TLAXCALA,0.668016194331984,402,,,,,,,,,181,0,0,0,0,0,0,17,3,0,0,,,,,,,,,,,,,,,,,,,,,,,,,,,,,,,,,,,,,,,,,,,,,,,,,,,,,,,,,,,,,
HUAMANTLA,29013,185,2010,July,0,,50,12,0,,,0,,,,744,720,1325,TLAXCALA,0.561509433962264,432,,,,,,,,,205,0,0,0,0,0,0,11,10,0,0,,,,,,,,,,,,,,,,,,,,,,,,,,,,,,,,,,,,,,,,,,,,,,,,,,,,,,,,,,,,,
HUAMANTLA,29013,186,2010,July,0,,52,10,0,,,0,,,,777,740,1336,TLAXCALA,0.581586826347305,376,,,,,,,,,274,0,0,0,0,0,0,6,22,0,0,,,,,,,,,,,,,,,,,,,,,,,,,,,,,,,,,,,,,,,,,,,,,,,,,,,,,,,,,,,,,
HUAMANTLA,29013,187,2010,July,0,,64,14,0,,,0,,,,1052,1025,1942,TLAXCALA,0.541709577754892,563,,,,,,,,,325,0,0,0,0,0,0,24,35,0,0,,,,,,,,,,,,,,,,,,,,,,,,,,,,,,,,,,,,,,,,,,,,,,,,,,,,,,,,,,,,,
HUAMANTLA,29013,188,2010,July,0,,103,17,0,,,0,,,,1591,1404,2728,TLAXCALA,0.583211143695015,795,,,,,,,,,416,0,0,0,0,0,0,41,32,0,0,,,,,,,,,,,,,,,,,,,,,,,,,,,,,,,,,,,,,,,,,,,,,,,,,,,,,,,,,,,,,
HUAMANTLA,29013,189,2010,July,0,,67,5,0,,,0,,,,813,801,1522,TLAXCALA,0.534165571616294,444,,,,,,,,,271,0,0,0,0,0,0,10,4,0,0,,,,,,,,,,,,,,,,,,,,,,,,,,,,,,,,,,,,,,,,,,,,,,,,,,,,,,,,,,,,,
HUAMANTLA,29013,190,2010,July,0,,36,11,0,,,0,,,,565,534,1034,TLAXCALA,0.54642166344294,312,,,,,,,,,154,0,0,0,0,0,0,8,13,0,0,,,,,,,,,,,,,,,,,,,,,,,,,,,,,,,,,,,,,,,,,,,,,,,,,,,,,,,,,,,,,
HUAMANTLA,29013,191,2010,July,0,,40,15,0,,,0,,,,707,678,1150,TLAXCALA,0.614782608695652,391,,,,,,,,,197,0,0,0,0,0,0,20,15,0,0,,,,,,,,,,,,,,,,,,,,,,,,,,,,,,,,,,,,,,,,,,,,,,,,,,,,,,,,,,,,,
HUAMANTLA,29013,192,2010,July,0,,92,33,0,,,0,,,,1097,1034,1740,TLAXCALA,0.630459770114943,482,,,,,,,,,359,0,0,0,0,0,0,47,21,0,0,,,,,,,,,,,,,,,,,,,,,,,,,,,,,,,,,,,,,,,,,,,,,,,,,,,,,,,,,,,,,
HUAMANTLA,29013,193,2010,July,0,,16,25,0,,,0,,,,480,459,725,TLAXCALA,0.662068965517241,267,,,,,,,,,127,0,0,0,0,0,0,11,13,0,0,,,,,,,,,,,,,,,,,,,,,,,,,,,,,,,,,,,,,,,,,,,,,,,,,,,,,,,,,,,,,
HUAMANTLA,29013,194,2010,July,0,,77,53,0,,,0,,,,1273,1212,2169,TLAXCALA,0.586906408483172,692,,,,,,,,,335,0,0,0,0,0,0,35,20,0,0,,,,,,,,,,,,,,,,,,,,,,,,,,,,,,,,,,,,,,,,,,,,,,,,,,,,,,,,,,,,,
HUAMANTLA,29013,195,2010,July,0,,55,24,0,,,0,,,,875,835,1444,TLAXCALA,0.60595567867036,459,,,,,,,,,249,0,0,0,0,0,0,27,21,0,0,,,,,,,,,,,,,,,,,,,,,,,,,,,,,,,,,,,,,,,,,,,,,,,,,,,,,,,,,,,,,
HUAMANTLA,29013,196,2010,July,0,,13,13,0,,,0,,,,618,570,878,TLAXCALA,0.703872437357631,346,,,,,,,,,177,0,0,0,0,0,0,18,3,0,0,,,,,,,,,,,,,,,,,,,,,,,,,,,,,,,,,,,,,,,,,,,,,,,,,,,,,,,,,,,,,
HUAMANTLA,29013,197,2010,July,0,,19,3,0,,,0,,,,135,131,186,TLAXCALA,0.725806451612903,49,,,,,,,,,49,0,0,0,0,0,3,0,8,0,0,,,,,,,,,,,,,,,,,,,,,,,,,,,,,,,,,,,,,,,,,,,,,,,,,,,,,,,,,,,,,
HUAMANTLA,29013,198,2010,July,0,,13,4,0,,,0,,,,298,289,432,TLAXCALA,0.689814814814815,122,,,,,,,,,134,0,0,0,0,0,11,0,5,0,0,,,,,,,,,,,,,,,,,,,,,,,,,,,,,,,,,,,,,,,,,,,,,,,,,,,,,,,,,,,,,
HUAMANTLA,29013,199,2010,July,0,,32,7,0,,,0,,,,436,419,531,TLAXCALA,0.821092278719397,285,,,,,,,,,90,0,0,0,0,0,0,4,1,0,0,,,,,,,,,,,,,,,,,,,,,,,,,,,,,,,,,,,,,,,,,,,,,,,,,,,,,,,,,,,,,
HUAMANTLA,29013,200,2010,July,0,,145,7,0,,,0,,,,926,891,1223,TLAXCALA,0.757154538021259,445,,,,,,,,,249,0,0,0,0,0,0,24,21,0,0,,,,,,,,,,,,,,,,,,,,,,,,,,,,,,,,,,,,,,,,,,,,,,,,,,,,,,,,,,,,,
HUAMANTLA,29013,201,2010,July,0,,143,38,0,,,0,,,,1822,1671,2668,TLAXCALA,0.682908545727137,882,,,,,,,,,515,0,0,0,0,0,64,0,29,0,0,,,,,,,,,,,,,,,,,,,,,,,,,,,,,,,,,,,,,,,,,,,,,,,,,,,,,,,,,,,,,
HUAMANTLA,29013,202,2010,July,0,,24,8,0,,,0,,,,329,309,428,TLAXCALA,0.768691588785047,181,,,,,,,,,84,0,0,0,0,0,8,0,4,0,0,,,,,,,,,,,,,,,,,,,,,,,,,,,,,,,,,,,,,,,,,,,,,,,,,,,,,,,,,,,,,
HUAMANTLA,29013,203,2010,July,0,,87,23,0,,,0,,,,1166,1114,1742,TLAXCALA,0.669345579793341,547,,,,,,,,,400,0,0,0,0,0,30,0,27,0,0,,,,,,,,,,,,,,,,,,,,,,,,,,,,,,,,,,,,,,,,,,,,,,,,,,,,,,,,,,,,,
HUAMANTLA,29013,204,2010,July,0,,112,16,0,,,0,,,,967,901,1453,TLAXCALA,0.665519614590503,452,,,,,,,,,267,0,0,0,0,0,24,0,30,0,0,,,,,,,,,,,,,,,,,,,,,,,,,,,,,,,,,,,,,,,,,,,,,,,,,,,,,,,,,,,,,
HUAMANTLA,29013,205,2010,July,0,,7,1,0,,,0,,,,165,165,612,TLAXCALA,0.269607843137255,65,,,,,,,,,92,0,0,0,0,0,0,0,0,0,0,,,,,,,,,,,,,,,,,,,,,,,,,,,,,,,,,,,,,,,,,,,,,,,,,,,,,,,,,,,,,
HUAMANTLA,29013,206,2010,July,0,,30,24,0,,,0,,,,600,567,773,TLAXCALA,0.776196636481242,217,,,,,,,,,217,0,0,0,0,0,0,77,2,0,0,,,,,,,,,,,,,,,,,,,,,,,,,,,,,,,,,,,,,,,,,,,,,,,,,,,,,,,,,,,,,
HUAMANTLA,29013,207,2010,July,0,,64,7,0,,,0,,,,460,446,669,TLAXCALA,0.687593423019432,285,,,,,,,,,80,0,0,0,0,0,0,8,2,0,0,,,,,,,,,,,,,,,,,,,,,,,,,,,,,,,,,,,,,,,,,,,,,,,,,,,,,,,,,,,,,
HUAMANTLA,29013,208,2010,July,0,,32,15,0,,,0,,,,461,461,634,TLAXCALA,0.727129337539432,194,,,,,,,,,173,0,0,0,0,0,0,45,2,0,0,,,,,,,,,,,,,,,,,,,,,,,,,,,,,,,,,,,,,,,,,,,,,,,,,,,,,,,,,,,,,
HUAMANTLA,29013,209,2010,July,0,,23,7,0,,,0,,,,511,494,647,TLAXCALA,0.789799072642968,267,,,,,,,,,166,0,0,0,0,0,0,29,2,0,0,,,,,,,,,,,,,,,,,,,,,,,,,,,,,,,,,,,,,,,,,,,,,,,,,,,,,,,,,,,,,
HUAMANTLA,29013,210,2010,July,0,,6,1,0,,,0,,,,131,129,189,TLAXCALA,0.693121693121693,56,,,,,,,,,65,0,0,0,0,0,0,1,0,0,0,,,,,,,,,,,,,,,,,,,,,,,,,,,,,,,,,,,,,,,,,,,,,,,,,,,,,,,,,,,,,
HUAMANTLA,29013,211,2010,July,0,,30,4,0,,,0,,,,571,544,778,TLAXCALA,0.733933161953727,347,,,,,,,,,156,0,0,0,0,0,0,5,2,0,0,,,,,,,,,,,,,,,,,,,,,,,,,,,,,,,,,,,,,,,,,,,,,,,,,,,,,,,,,,,,,
HUAMANTLA,29013,212,2010,July,0,,10,9,0,,,0,,,,278,266,386,TLAXCALA,0.72020725388601,128,,,,,,,,,110,0,0,0,0,0,3,0,6,0,0,,,,,,,,,,,,,,,,,,,,,,,,,,,,,,,,,,,,,,,,,,,,,,,,,,,,,,,,,,,,,
HUAMANTLA,29013,213,2010,July,0,,187,22,0,,,0,,,,1534,1437,2352,TLAXCALA,0.652210884353742,735,,,,,,,,,347,0,0,0,0,0,90,0,56,0,0,,,,,,,,,,,,,,,,,,,,,,,,,,,,,,,,,,,,,,,,,,,,,,,,,,,,,,,,,,,,,
HUAMANTLA,29013,214,2010,July,0,,55,13,0,,,0,,,,1099,1027,1629,TLAXCALA,0.674647022713321,605,,,,,,,,,266,0,0,0,0,0,59,0,29,0,0,,,,,,,,,,,,,,,,,,,,,,,,,,,,,,,,,,,,,,,,,,,,,,,,,,,,,,,,,,,,,
HUAMANTLA,29013,215,2010,July,0,,11,1,0,,,0,,,,201,193,255,TLAXCALA,0.788235294117647,87,,,,,,,,,83,0,0,0,0,0,0,11,0,0,0,,,,,,,,,,,,,,,,,,,,,,,,,,,,,,,,,,,,,,,,,,,,,,,,,,,,,,,,,,,,,
HUAMANTLA,29013,216,2010,July,0,,8,11,0,,,0,,,,466,423,699,TLAXCALA,0.666666666666667,229,,,,,,,,,141,0,0,0,0,0,0,32,2,0,0,,,,,,,,,,,,,,,,,,,,,,,,,,,,,,,,,,,,,,,,,,,,,,,,,,,,,,,,,,,,,
HUAMANTLA,29013,217,2010,July,0,,27,2,0,,,0,,,,402,386,612,TLAXCALA,0.656862745098039,239,,,,,,,,,110,0,0,0,0,0,0,5,3,0,0,,,,,,,,,,,,,,,,,,,,,,,,,,,,,,,,,,,,,,,,,,,,,,,,,,,,,,,,,,,,,
HUAMANTLA,29013,218,2010,July,0,,32,6,0,,,0,,,,412,396,598,TLAXCALA,0.688963210702341,215,,,,,,,,,107,0,0,0,0,0,0,28,8,0,0,,,,,,,,,,,,,,,,,,,,,,,,,,,,,,,,,,,,,,,,,,,,,,,,,,,,,,,,,,,,,
HUAMANTLA,29013,219,2010,July,0,,32,7,0,,,0,,,,401,377,601,TLAXCALA,0.667221297836938,166,,,,,,,,,149,0,0,0,0,0,0,16,7,0,0,,,,,,,,,,,,,,,,,,,,,,,,,,,,,,,,,,,,,,,,,,,,,,,,,,,,,,,,,,,,,
HUEYOTLIPAN,29014,220,2010,July,0,,10,34,0,,,0,,,,1203,1161,1852,TLAXCALA,0.649568034557236,101,,,,,,,,,363,0,0,0,0,0,142,485,0,0,26,,,,,,,,,,,,,,,,,,,,,,,,,,,,,,,,,,,,,,,,,,,,,,,,,,,,,,,,,,,,,
HUEYOTLIPAN,29014,221,2010,July,0,,8,36,0,,,0,,,,1212,1163,1923,TLAXCALA,0.630265210608424,65,,,,,,,,,393,0,0,0,0,0,186,459,0,0,16,,,,,,,,,,,,,,,,,,,,,,,,,,,,,,,,,,,,,,,,,,,,,,,,,,,,,,,,,,,,,
HUEYOTLIPAN,29014,222,2010,July,0,,42,11,0,,,0,,,,658,622,925,TLAXCALA,0.711351351351351,94,,,,,,,,,171,0,0,0,0,0,51,248,0,0,5,,,,,,,,,,,,,,,,,,,,,,,,,,,,,,,,,,,,,,,,,,,,,,,,,,,,,,,,,,,,,
HUEYOTLIPAN,29014,223,2010,July,0,,2,11,0,,,0,,,,229,211,334,TLAXCALA,0.68562874251497,22,,,,,,,,,75,0,0,0,0,0,11,90,0,0,0,,,,,,,,,,,,,,,,,,,,,,,,,,,,,,,,,,,,,,,,,,,,,,,,,,,,,,,,,,,,,
HUEYOTLIPAN,29014,224,2010,July,0,,7,5,0,,,0,,,,438,433,548,TLAXCALA,0.799270072992701,20,,,,,,,,,225,0,0,0,0,0,8,162,0,0,6,,,,,,,,,,,,,,,,,,,,,,,,,,,,,,,,,,,,,,,,,,,,,,,,,,,,,,,,,,,,,
HUEYOTLIPAN,29014,225,2010,July,0,,8,14,0,,,0,,,,168,158,243,TLAXCALA,0.691358024691358,18,,,,,,,,,54,0,0,0,0,0,5,57,0,0,2,,,,,,,,,,,,,,,,,,,,,,,,,,,,,,,,,,,,,,,,,,,,,,,,,,,,,,,,,,,,,
HUEYOTLIPAN,29014,226,2010,July,0,,4,6,0,,,0,,,,320,299,457,TLAXCALA,0.700218818380744,111,,,,,,,,,87,0,0,0,0,0,26,64,0,0,1,,,,,,,,,,,,,,,,,,,,,,,,,,,,,,,,,,,,,,,,,,,,,,,,,,,,,,,,,,,,,
HUEYOTLIPAN,29014,227,2010,July,0,,17,21,0,,,0,,,,410,396,582,TLAXCALA,0.70446735395189,62,,,,,,,,,124,0,0,0,0,0,27,142,0,0,3,,,,,,,,,,,,,,,,,,,,,,,,,,,,,,,,,,,,,,,,,,,,,,,,,,,,,,,,,,,,,
HUEYOTLIPAN,29014,228,2010,July,0,,283,59,0,,,0,,,,1395,1308,2621,TLAXCALA,0.532239603204884,642,,,,,,,,,140,0,0,0,0,0,46,127,0,3,8,,,,,,,,,,,,,,,,,,,,,,,,,,,,,,,,,,,,,,,,,,,,,,,,,,,,,,,,,,,,,
HUEYOTLIPAN,29014,229,2010,July,0,,18,7,0,,,0,,,,85,78,115,TLAXCALA,0.739130434782609,27,,,,,,,,,3,0,0,0,0,0,11,11,0,0,1,,,,,,,,,,,,,,,,,,,,,,,,,,,,,,,,,,,,,,,,,,,,,,,,,,,,,,,,,,,,,
HUEYOTLIPAN,29014,230,2010,July,0,,51,15,0,,,0,,,,338,338,537,TLAXCALA,0.629422718808194,69,,,,,,,,,40,0,0,0,0,0,15,147,0,0,1,,,,,,,,,,,,,,,,,,,,,,,,,,,,,,,,,,,,,,,,,,,,,,,,,,,,,,,,,,,,,
HUEYOTLIPAN,29014,231,2010,July,0,,2,11,0,,,0,,,,140,133,289,TLAXCALA,0.484429065743945,47,,,,,,,,,29,0,0,0,0,0,6,29,0,0,9,,,,,,,,,,,,,,,,,,,,,,,,,,,,,,,,,,,,,,,,,,,,,,,,,,,,,,,,,,,,,
IXTACUIXTLA DE MARIANO MATAMOROS,29015,232,2010,July,601,,0,0,0,,,0,,,,995,976,1713,TLAXCALA,0.580852305896089,0,,,,,,,,,306,0,69,0,0,0,0,0,0,0,0,,,,,,,,,,,,,,,,,,,,,,,,,,,,,,,,,,,,,,,,,,,,,,,,,,,,,,,,,,,,,
IXTACUIXTLA DE MARIANO MATAMOROS,29015,233,2010,July,448,,0,0,0,,,0,,,,922,891,1646,TLAXCALA,0.560145808019441,0,,,,,,,,,375,0,68,0,0,0,0,0,0,0,0,,,,,,,,,,,,,,,,,,,,,,,,,,,,,,,,,,,,,,,,,,,,,,,,,,,,,,,,,,,,,
IXTACUIXTLA DE MARIANO MATAMOROS,29015,234,2010,July,313,,0,0,0,,,0,,,,734,691,1224,TLAXCALA,0.599673202614379,0,,,,,,,,,360,0,18,0,0,0,0,0,0,0,0,,,,,,,,,,,,,,,,,,,,,,,,,,,,,,,,,,,,,,,,,,,,,,,,,,,,,,,,,,,,,
IXTACUIXTLA DE MARIANO MATAMOROS,29015,235,2010,July,59,,0,0,0,,,0,,,,136,129,204,TLAXCALA,0.666666666666667,0,,,,,,,,,60,0,10,0,0,0,0,0,0,0,0,,,,,,,,,,,,,,,,,,,,,,,,,,,,,,,,,,,,,,,,,,,,,,,,,,,,,,,,,,,,,
IXTACUIXTLA DE MARIANO MATAMOROS,29015,236,2010,July,53,,0,0,0,,,0,,,,169,164,265,TLAXCALA,0.637735849056604,0,,,,,,,,,97,0,14,0,0,0,0,0,0,0,0,,,,,,,,,,,,,,,,,,,,,,,,,,,,,,,,,,,,,,,,,,,,,,,,,,,,,,,,,,,,,
IXTACUIXTLA DE MARIANO MATAMOROS,29015,237,2010,July,93,,0,0,0,,,0,,,,197,191,337,TLAXCALA,0.584569732937685,0,,,,,,,,,86,0,12,0,0,0,0,0,0,0,0,,,,,,,,,,,,,,,,,,,,,,,,,,,,,,,,,,,,,,,,,,,,,,,,,,,,,,,,,,,,,
IXTACUIXTLA DE MARIANO MATAMOROS,29015,238,2010,July,65,,0,0,0,,,0,,,,152,147,309,TLAXCALA,0.491909385113269,0,,,,,,,,,69,0,13,0,0,0,0,0,0,0,0,,,,,,,,,,,,,,,,,,,,,,,,,,,,,,,,,,,,,,,,,,,,,,,,,,,,,,,,,,,,,
IXTACUIXTLA DE MARIANO MATAMOROS,29015,239,2010,July,98,,0,0,0,,,0,,,,267,261,470,TLAXCALA,0.568085106382979,0,,,,,,,,,159,0,4,0,0,0,0,0,0,0,0,,,,,,,,,,,,,,,,,,,,,,,,,,,,,,,,,,,,,,,,,,,,,,,,,,,,,,,,,,,,,
IXTACUIXTLA DE MARIANO MATAMOROS,29015,240,2010,July,214,,0,0,0,,,0,,,,419,394,688,TLAXCALA,0.609011627906977,0,,,,,,,,,143,0,37,0,0,0,0,0,0,0,0,,,,,,,,,,,,,,,,,,,,,,,,,,,,,,,,,,,,,,,,,,,,,,,,,,,,,,,,,,,,,
IXTACUIXTLA DE MARIANO MATAMOROS,29015,241,2010,July,357,,0,0,0,,,0,,,,805,761,1519,TLAXCALA,0.529953917050691,0,,,,,,,,,308,0,96,0,0,0,0,0,0,0,0,,,,,,,,,,,,,,,,,,,,,,,,,,,,,,,,,,,,,,,,,,,,,,,,,,,,,,,,,,,,,
IXTACUIXTLA DE MARIANO MATAMOROS,29015,242,2010,July,324,,0,0,0,,,0,,,,613,593,1236,TLAXCALA,0.495954692556634,0,,,,,,,,,171,0,98,0,0,0,0,0,0,0,0,,,,,,,,,,,,,,,,,,,,,,,,,,,,,,,,,,,,,,,,,,,,,,,,,,,,,,,,,,,,,
IXTACUIXTLA DE MARIANO MATAMOROS,29015,243,2010,July,88,,0,0,0,,,0,,,,201,196,274,TLAXCALA,0.733576642335767,0,,,,,,,,,102,0,6,0,0,0,0,0,0,0,0,,,,,,,,,,,,,,,,,,,,,,,,,,,,,,,,,,,,,,,,,,,,,,,,,,,,,,,,,,,,,
IXTACUIXTLA DE MARIANO MATAMOROS,29015,244,2010,July,140,,0,0,0,,,0,,,,268,253,475,TLAXCALA,0.56421052631579,0,,,,,,,,,72,0,41,0,0,0,0,0,0,0,0,,,,,,,,,,,,,,,,,,,,,,,,,,,,,,,,,,,,,,,,,,,,,,,,,,,,,,,,,,,,,
IXTACUIXTLA DE MARIANO MATAMOROS,29015,245,2010,July,791,,0,0,0,,,0,,,,1407,1366,2121,TLAXCALA,0.663366336633663,0,,,,,,,,,368,0,207,0,0,0,0,0,0,0,0,,,,,,,,,,,,,,,,,,,,,,,,,,,,,,,,,,,,,,,,,,,,,,,,,,,,,,,,,,,,,
IXTACUIXTLA DE MARIANO MATAMOROS,29015,246,2010,July,234,,0,0,0,,,0,,,,458,438,622,TLAXCALA,0.736334405144695,0,,,,,,,,,146,0,58,0,0,0,0,0,0,0,0,,,,,,,,,,,,,,,,,,,,,,,,,,,,,,,,,,,,,,,,,,,,,,,,,,,,,,,,,,,,,
IXTACUIXTLA DE MARIANO MATAMOROS,29015,247,2010,July,432,,0,0,0,,,0,,,,936,898,1490,TLAXCALA,0.628187919463087,0,,,,,,,,,358,0,108,0,0,0,0,0,0,0,0,,,,,,,,,,,,,,,,,,,,,,,,,,,,,,,,,,,,,,,,,,,,,,,,,,,,,,,,,,,,,
IXTACUIXTLA DE MARIANO MATAMOROS,29015,248,2010,July,475,,0,0,0,,,0,,,,778,759,1112,TLAXCALA,0.699640287769784,0,,,,,,,,,222,0,62,0,0,0,0,0,0,0,0,,,,,,,,,,,,,,,,,,,,,,,,,,,,,,,,,,,,,,,,,,,,,,,,,,,,,,,,,,,,,
IXTACUIXTLA DE MARIANO MATAMOROS,29015,249,2010,July,115,,0,0,0,,,0,,,,337,320,524,TLAXCALA,0.643129770992367,0,,,,,,,,,170,0,35,0,0,0,0,0,0,0,0,,,,,,,,,,,,,,,,,,,,,,,,,,,,,,,,,,,,,,,,,,,,,,,,,,,,,,,,,,,,,
IXTACUIXTLA DE MARIANO MATAMOROS,29015,250,2010,July,301,,0,0,0,,,0,,,,573,556,841,TLAXCALA,0.681331747919144,0,,,,,,,,,182,0,73,0,0,0,0,0,0,0,0,,,,,,,,,,,,,,,,,,,,,,,,,,,,,,,,,,,,,,,,,,,,,,,,,,,,,,,,,,,,,
IXTACUIXTLA DE MARIANO MATAMOROS,29015,251,2010,July,577,,0,0,0,,,0,,,,1534,1480,2543,TLAXCALA,0.603224537947306,0,,,,,,,,,503,0,400,0,0,0,0,0,0,0,0,,,,,,,,,,,,,,,,,,,,,,,,,,,,,,,,,,,,,,,,,,,,,,,,,,,,,,,,,,,,,
IXTACUIXTLA DE MARIANO MATAMOROS,29015,252,2010,July,559,,0,0,0,,,0,,,,924,915,1668,TLAXCALA,0.553956834532374,0,,,,,,,,,286,0,70,0,0,0,0,0,0,0,0,,,,,,,,,,,,,,,,,,,,,,,,,,,,,,,,,,,,,,,,,,,,,,,,,,,,,,,,,,,,,
IXTACUIXTLA DE MARIANO MATAMOROS,29015,253,2010,July,552,,0,0,0,,,0,,,,899,883,1509,TLAXCALA,0.595758780649437,0,,,,,,,,,242,0,89,0,0,0,0,0,0,0,0,,,,,,,,,,,,,,,,,,,,,,,,,,,,,,,,,,,,,,,,,,,,,,,,,,,,,,,,,,,,,
IXTACUIXTLA DE MARIANO MATAMOROS,29015,256,2010,July,286,,0,0,0,,,0,,,,748,735,1329,TLAXCALA,0.562829194883371,0,,,,,,,,,365,0,84,0,0,0,0,0,0,0,0,,,,,,,,,,,,,,,,,,,,,,,,,,,,,,,,,,,,,,,,,,,,,,,,,,,,,,,,,,,,,
IXTACUIXTLA DE MARIANO MATAMOROS,29015,257,2010,July,216,,0,0,0,,,0,,,,477,459,896,TLAXCALA,0.532366071428571,0,,,,,,,,,172,0,71,0,0,0,0,0,0,0,0,,,,,,,,,,,,,,,,,,,,,,,,,,,,,,,,,,,,,,,,,,,,,,,,,,,,,,,,,,,,,
IXTACUIXTLA DE MARIANO MATAMOROS,29015,258,2010,July,102,,0,0,0,,,0,,,,218,210,399,TLAXCALA,0.546365914786967,0,,,,,,,,,74,0,34,0,0,0,0,0,0,0,0,,,,,,,,,,,,,,,,,,,,,,,,,,,,,,,,,,,,,,,,,,,,,,,,,,,,,,,,,,,,,
IXTENCO,29016,259,2010,July,0,,65,16,0,,,94,,,,853,803,1312,TLAXCALA,0.65015243902439,163,,,,,,,,,126,0,0,0,0,0,114,196,0,29,0,,,,,,,,,,,,,,,,,,,,,,,,,,,,,,,,,,,,,,,,,,,,,,,,,,,,,,,,,,,,,
IXTENCO,29016,260,2010,July,0,,54,12,0,,,76,,,,776,734,1133,TLAXCALA,0.684907325684025,136,,,,,,,,,88,0,0,0,0,0,132,206,0,30,0,,,,,,,,,,,,,,,,,,,,,,,,,,,,,,,,,,,,,,,,,,,,,,,,,,,,,,,,,,,,,
IXTENCO,29016,261,2010,July,0,,47,13,0,,,105,,,,754,699,1414,TLAXCALA,0.533239038189533,122,,,,,,,,,92,0,0,0,0,0,170,134,0,16,0,,,,,,,,,,,,,,,,,,,,,,,,,,,,,,,,,,,,,,,,,,,,,,,,,,,,,,,,,,,,,
IXTENCO,29016,262,2010,July,0,,25,5,0,,,51,,,,300,287,471,TLAXCALA,0.636942675159236,45,,,,,,,,,46,0,0,0,0,0,56,51,0,8,0,,,,,,,,,,,,,,,,,,,,,,,,,,,,,,,,,,,,,,,,,,,,,,,,,,,,,,,,,,,,,
LA MAGDALENA TLALTELULCO,29048,150,2010,July,87,,42,12,33,,,0,,,,303,298,919,TLAXCALA,0.329706202393906,0,,,,,,,,,33,0,0,0,0,0,34,0,0,57,0,,,,,,,,,,,,,,,,,,,,,,,,,,,,,,,,,,,,,,,,,,,,,,,,,,,,,,,,,,,,,
LA MAGDALENA TLALTELULCO,29048,151,2010,July,287,,454,0,264,,,0,,,,2577,2524,3804,TLAXCALA,0.677444794952681,0,,,,,,,,,456,0,0,0,0,266,459,0,0,338,0,,,,,,,,,,,,,,,,,,,,,,,,,,,,,,,,,,,,,,,,,,,,,,,,,,,,,,,,,,,,,
LA MAGDALENA TLALTELULCO,29048,152,2010,July,174,,213,0,495,,,0,,,,1642,1595,2384,TLAXCALA,0.688758389261745,0,,,,,,,,,245,0,0,0,0,133,238,0,0,97,0,,,,,,,,,,,,,,,,,,,,,,,,,,,,,,,,,,,,,,,,,,,,,,,,,,,,,,,,,,,,,
LA MAGDALENA TLALTELULCO,29048,153,2010,July,125,,184,0,81,,,0,,,,805,766,1269,TLAXCALA,0.634357762017337,0,,,,,,,,,103,0,0,0,0,74,90,0,0,109,0,,,,,,,,,,,,,,,,,,,,,,,,,,,,,,,,,,,,,,,,,,,,,,,,,,,,,,,,,,,,,
LA MAGDALENA TLALTELULCO,29048,154,2010,July,99,,156,0,88,,,0,,,,925,896,1402,TLAXCALA,0.659771754636234,0,,,,,,,,,180,0,0,0,0,95,101,0,0,177,0,,,,,,,,,,,,,,,,,,,,,,,,,,,,,,,,,,,,,,,,,,,,,,,,,,,,,,,,,,,,,
LA MAGDALENA TLALTELULCO,29048,155,2010,July,137,,125,0,126,,,0,,,,990,962,1512,TLAXCALA,0.654761904761905,0,,,,,,,,,155,0,0,0,0,91,119,0,0,209,0,,,,,,,,,,,,,,,,,,,,,,,,,,,,,,,,,,,,,,,,,,,,,,,,,,,,,,,,,,,,,
LAZARO CARDENAS,29047,402,2010,July,0,,6,3,0,,,9,,,,168,161,224,TLAXCALA,0.75,32,,,,,,,,,35,0,0,0,0,0,28,24,0,24,0,,,,,,,,,,,,,,,,,,,,,,,,,,,,,,,,,,,,,,,,,,,,,,,,,,,,,,,,,,,,,
LAZARO CARDENAS,29047,606,2010,July,0,,271,35,0,,,87,,,,1208,1182,1628,TLAXCALA,0.742014742014742,162,,,,,,,,,231,0,0,0,0,0,34,247,0,115,0,,,,,,,,,,,,,,,,,,,,,,,,,,,,,,,,,,,,,,,,,,,,,,,,,,,,,,,,,,,,,
MAZATECOCHCO DE JOSE MARIA MORELOSS,29017,263,2010,July,0,,599,0,0,,,0,,,,1310,1280,1810,TLAXCALA,0.723756906077348,208,,,,,,,,,128,0,0,0,0,0,0,254,0,0,91,,,,,,,,,,,,,,,,,,,,,,,,,,,,,,,,,,,,,,,,,,,,,,,,,,,,,,,,,,,,,
MAZATECOCHCO DE JOSE MARIA MORELOSS,29017,264,2010,July,0,,274,0,0,,,0,,,,1109,1082,1519,TLAXCALA,0.730085582620145,374,,,,,,,,,155,0,0,0,0,0,0,212,0,0,67,,,,,,,,,,,,,,,,,,,,,,,,,,,,,,,,,,,,,,,,,,,,,,,,,,,,,,,,,,,,,
MAZATECOCHCO DE JOSE MARIA MORELOSS,29017,265,2010,July,0,,311,0,0,,,0,,,,1094,1074,1596,TLAXCALA,0.68546365914787,213,,,,,,,,,242,0,0,0,0,0,0,269,0,0,39,,,,,,,,,,,,,,,,,,,,,,,,,,,,,,,,,,,,,,,,,,,,,,,,,,,,,,,,,,,,,
MAZATECOCHCO DE JOSE MARIA MORELOSS,29017,266,2010,July,0,,377,0,0,,,0,,,,1006,984,1509,TLAXCALA,0.666666666666667,152,,,,,,,,,157,0,0,0,0,0,0,258,0,0,40,,,,,,,,,,,,,,,,,,,,,,,,,,,,,,,,,,,,,,,,,,,,,,,,,,,,,,,,,,,,,
MUNOZ DE DOMINGO ARENAS,29011,161,2010,July,0,,142,0,0,,,0,,,,1148,1103,1630,TLAXCALA,0.704294478527607,183,,,,,,,,,70,0,0,0,0,302,101,0,0,0,305,,,,,,,,,,,,,,,,,,,,,,,,,,,,,,,,,,,,,,,,,,,,,,,,,,,,,,,,,,,,,
MUNOZ DE DOMINGO ARENAS,29011,162,2010,July,0,,23,0,0,,,0,,,,629,601,920,TLAXCALA,0.683695652173913,134,,,,,,,,,136,0,0,0,0,56,223,0,0,0,29,,,,,,,,,,,,,,,,,,,,,,,,,,,,,,,,,,,,,,,,,,,,,,,,,,,,,,,,,,,,,
MUNOZ DE DOMINGO ARENAS,29011,163,2010,July,0,,50,0,0,,,0,,,,295,286,434,TLAXCALA,0.679723502304148,61,,,,,,,,,27,0,0,0,0,35,97,0,0,0,16,,,,,,,,,,,,,,,,,,,,,,,,,,,,,,,,,,,,,,,,,,,,,,,,,,,,,,,,,,,,,
MUNOZ DE DOMINGO ARENAS,29011,164,2010,July,0,,29,26,0,,,0,,,,180,173,218,TLAXCALA,0.825688073394496,32,,,,,,,,,14,0,0,0,0,0,54,0,0,0,18,,,,,,,,,,,,,,,,,,,,,,,,,,,,,,,,,,,,,,,,,,,,,,,,,,,,,,,,,,,,,
NANACAMILPA DE MARIANO ARISTA,29021,299,2010,July,178,,457,0,20,,,78,,,,1228,1177,2242,TLAXCALA,0.547725245316682,0,,,,,,,,,257,0,0,0,0,0,48,86,53,0,0,,,,,,,,,,,,,,,,,,,,,,,,,,,,,,,,,,,,,,,,,,,,,,,,,,,,,,,,,,,,,
NANACAMILPA DE MARIANO ARISTA,29021,300,2010,July,158,,190,0,16,,,70,,,,796,768,1292,TLAXCALA,0.61609907120743,0,,,,,,,,,220,0,0,0,0,0,13,76,25,0,0,,,,,,,,,,,,,,,,,,,,,,,,,,,,,,,,,,,,,,,,,,,,,,,,,,,,,,,,,,,,,
NANACAMILPA DE MARIANO ARISTA,29021,301,2010,July,309,,242,0,18,,,161,,,,1313,1252,2213,TLAXCALA,0.593312245820154,0,,,,,,,,,270,0,0,0,0,0,26,167,59,0,0,,,,,,,,,,,,,,,,,,,,,,,,,,,,,,,,,,,,,,,,,,,,,,,,,,,,,,,,,,,,,
NANACAMILPA DE MARIANO ARISTA,29021,302,2010,July,323,,237,0,18,,,107,,,,1211,1187,2248,TLAXCALA,0.538701067615658,0,,,,,,,,,256,0,0,0,0,0,90,120,36,0,0,,,,,,,,,,,,,,,,,,,,,,,,,,,,,,,,,,,,,,,,,,,,,,,,,,,,,,,,,,,,,
NANACAMILPA DE MARIANO ARISTA,29021,303,2010,July,123,,117,0,5,,,61,,,,551,540,921,TLAXCALA,0.598262757871878,0,,,,,,,,,101,0,0,0,0,0,20,96,17,0,0,,,,,,,,,,,,,,,,,,,,,,,,,,,,,,,,,,,,,,,,,,,,,,,,,,,,,,,,,,,,,
NANACAMILPA DE MARIANO ARISTA,29021,304,2010,July,169,,31,0,6,,,128,,,,612,573,904,TLAXCALA,0.676991150442478,0,,,,,,,,,129,0,0,0,0,0,20,87,3,0,0,,,,,,,,,,,,,,,,,,,,,,,,,,,,,,,,,,,,,,,,,,,,,,,,,,,,,,,,,,,,,
NANACAMILPA DE MARIANO ARISTA,29021,305,2010,July,82,,24,0,2,,,11,,,,207,201,336,TLAXCALA,0.616071428571429,0,,,,,,,,,51,0,0,0,0,0,3,25,3,0,0,,,,,,,,,,,,,,,,,,,,,,,,,,,,,,,,,,,,,,,,,,,,,,,,,,,,,,,,,,,,,
NANACAMILPA DE MARIANO ARISTA,29021,306,2010,July,43,,15,0,3,,,13,,,,93,93,123,TLAXCALA,0.75609756097561,0,,,,,,,,,11,0,0,0,0,0,1,6,1,0,0,,,,,,,,,,,,,,,,,,,,,,,,,,,,,,,,,,,,,,,,,,,,,,,,,,,,,,,,,,,,,
NANACAMILPA DE MARIANO ARISTA,29021,307,2010,July,80,,37,0,2,,,23,,,,268,250,467,TLAXCALA,0.573875802997859,0,,,,,,,,,49,0,0,0,0,0,11,47,1,0,0,,,,,,,,,,,,,,,,,,,,,,,,,,,,,,,,,,,,,,,,,,,,,,,,,,,,,,,,,,,,,
NANACAMILPA DE MARIANO ARISTA,29021,308,2010,July,169,,141,0,8,,,26,,,,711,686,1051,TLAXCALA,0.676498572787821,0,,,,,,,,,170,0,0,0,0,0,37,123,12,0,0,,,,,,,,,,,,,,,,,,,,,,,,,,,,,,,,,,,,,,,,,,,,,,,,,,,,,,,,,,,,,
NATIVITAS,29023,318,2010,July,0,,14,179,0,,,2,,,,573,556,878,TLAXCALA,0.652619589977221,256,,,,,,,,,80,0,0,0,0,0,25,0,0,0,0,,,,,,,,,,,,,,,,,,,,,,,,,,,,,,,,,,,,,,,,,,,,,,,,,,,,,,,,,,,,,
NATIVITAS,29023,319,2010,July,0,,90,570,0,,,8,,,,1434,1392,2418,TLAXCALA,0.593052109181142,343,,,,,,,,,283,0,0,0,0,0,98,0,0,0,0,,,,,,,,,,,,,,,,,,,,,,,,,,,,,,,,,,,,,,,,,,,,,,,,,,,,,,,,,,,,,
NATIVITAS,29023,320,2010,July,0,,22,118,0,,,3,,,,388,377,535,TLAXCALA,0.725233644859813,151,,,,,,,,,56,0,0,0,0,0,27,0,0,0,0,,,,,,,,,,,,,,,,,,,,,,,,,,,,,,,,,,,,,,,,,,,,,,,,,,,,,,,,,,,,,
NATIVITAS,29023,321,2010,July,0,,19,153,0,,,0,,,,424,424,682,TLAXCALA,0.621700879765396,118,,,,,,,,,41,0,0,0,0,0,93,0,0,0,0,,,,,,,,,,,,,,,,,,,,,,,,,,,,,,,,,,,,,,,,,,,,,,,,,,,,,,,,,,,,,
NATIVITAS,29023,322,2010,July,0,,40,246,0,,,3,,,,667,648,988,TLAXCALA,0.675101214574899,182,,,,,,,,,116,0,0,0,0,0,61,0,0,0,0,,,,,,,,,,,,,,,,,,,,,,,,,,,,,,,,,,,,,,,,,,,,,,,,,,,,,,,,,,,,,
NATIVITAS,29023,323,2010,July,0,,724,70,0,,,1,,,,989,950,1598,TLAXCALA,0.618898623279099,127,,,,,,,,,24,0,0,0,0,0,4,0,0,0,0,,,,,,,,,,,,,,,,,,,,,,,,,,,,,,,,,,,,,,,,,,,,,,,,,,,,,,,,,,,,,
NATIVITAS,29023,324,2010,July,0,,263,25,0,,,0,,,,387,373,595,TLAXCALA,0.650420168067227,72,,,,,,,,,11,0,0,0,0,0,2,0,0,0,0,,,,,,,,,,,,,,,,,,,,,,,,,,,,,,,,,,,,,,,,,,,,,,,,,,,,,,,,,,,,,
NATIVITAS,29023,325,2010,July,0,,106,258,0,,,7,,,,801,764,1319,TLAXCALA,0.607278241091736,164,,,,,,,,,148,0,0,0,0,0,81,0,0,0,0,,,,,,,,,,,,,,,,,,,,,,,,,,,,,,,,,,,,,,,,,,,,,,,,,,,,,,,,,,,,,
NATIVITAS,29023,326,2010,July,0,,138,518,0,,,5,,,,1372,1315,1992,TLAXCALA,0.688755020080321,437,,,,,,,,,123,0,0,0,0,0,94,0,0,0,0,,,,,,,,,,,,,,,,,,,,,,,,,,,,,,,,,,,,,,,,,,,,,,,,,,,,,,,,,,,,,
NATIVITAS,29023,327,2010,July,0,,60,619,0,,,3,,,,1098,1060,1619,TLAXCALA,0.678196417541692,209,,,,,,,,,137,0,0,0,0,0,32,0,0,0,0,,,,,,,,,,,,,,,,,,,,,,,,,,,,,,,,,,,,,,,,,,,,,,,,,,,,,,,,,,,,,
NATIVITAS,29023,328,2010,July,0,,24,164,0,,,4,,,,476,447,802,TLAXCALA,0.593516209476309,156,,,,,,,,,64,0,0,0,0,0,35,0,0,0,0,,,,,,,,,,,,,,,,,,,,,,,,,,,,,,,,,,,,,,,,,,,,,,,,,,,,,,,,,,,,,
NATIVITAS,29023,329,2010,July,0,,56,276,0,,,8,,,,873,853,1366,TLAXCALA,0.63909224011713,330,,,,,,,,,108,0,0,0,0,0,39,36,0,0,0,,,,,,,,,,,,,,,,,,,,,,,,,,,,,,,,,,,,,,,,,,,,,,,,,,,,,,,,,,,,,
NATIVITAS,29023,330,2010,July,0,,42,223,0,,,2,,,,682,664,1074,TLAXCALA,0.635009310986965,210,,,,,,,,,122,0,0,0,0,0,65,0,0,0,0,,,,,,,,,,,,,,,,,,,,,,,,,,,,,,,,,,,,,,,,,,,,,,,,,,,,,,,,,,,,,
NATIVITAS,29023,331,2010,July,0,,13,203,0,,,1,,,,627,584,1014,TLAXCALA,0.618343195266272,176,,,,,,,,,159,0,0,0,0,0,31,1,0,0,0,,,,,,,,,,,,,,,,,,,,,,,,,,,,,,,,,,,,,,,,,,,,,,,,,,,,,,,,,,,,,
PANOTLA,29024,332,2010,July,27,,0,0,2,,,2,,,,87,80,638,TLAXCALA,0.136363636363636,0,,,,,,,,,31,0,0,0,5,0,3,2,0,5,3,,,,,,,,,,,,,,,,,,,,,,,,,,,,,,,,,,,,,,,,,,,,,,,,,,,,,,,,,,,,,
PANOTLA,29024,333,2010,July,252,,0,0,13,,,41,,,,538,516,1042,TLAXCALA,0.516314779270633,0,,,,,,,,,85,0,0,0,39,0,22,12,0,44,8,,,,,,,,,,,,,,,,,,,,,,,,,,,,,,,,,,,,,,,,,,,,,,,,,,,,,,,,,,,,,
PANOTLA,29024,334,2010,July,158,,0,0,23,,,72,,,,646,625,979,TLAXCALA,0.659856996935649,0,,,,,,,,,68,0,0,0,25,0,19,32,0,217,11,,,,,,,,,,,,,,,,,,,,,,,,,,,,,,,,,,,,,,,,,,,,,,,,,,,,,,,,,,,,,
PANOTLA,29024,335,2010,July,93,,0,0,12,,,44,,,,386,373,786,TLAXCALA,0.491094147582697,0,,,,,,,,,33,0,0,0,10,0,14,35,0,120,12,,,,,,,,,,,,,,,,,,,,,,,,,,,,,,,,,,,,,,,,,,,,,,,,,,,,,,,,,,,,,
PANOTLA,29024,336,2010,July,343,,0,0,71,,,152,,,,1558,1492,2378,TLAXCALA,0.655172413793103,0,,,,,,,,,202,0,0,0,66,0,44,158,0,424,32,,,,,,,,,,,,,,,,,,,,,,,,,,,,,,,,,,,,,,,,,,,,,,,,,,,,,,,,,,,,,
PANOTLA,29024,337,2010,July,234,,0,0,21,,,93,,,,1227,1174,1749,TLAXCALA,0.701543739279588,0,,,,,,,,,119,0,0,0,51,0,27,253,0,355,21,,,,,,,,,,,,,,,,,,,,,,,,,,,,,,,,,,,,,,,,,,,,,,,,,,,,,,,,,,,,,
PANOTLA,29024,338,2010,July,302,,0,0,21,,,53,,,,1152,1063,2001,TLAXCALA,0.575712143928036,0,,,,,,,,,128,0,0,0,109,0,244,127,0,45,34,,,,,,,,,,,,,,,,,,,,,,,,,,,,,,,,,,,,,,,,,,,,,,,,,,,,,,,,,,,,,
PANOTLA,29024,339,2010,July,109,,0,0,34,,,11,,,,435,402,819,TLAXCALA,0.531135531135531,0,,,,,,,,,129,0,0,0,19,0,29,39,0,18,14,,,,,,,,,,,,,,,,,,,,,,,,,,,,,,,,,,,,,,,,,,,,,,,,,,,,,,,,,,,,,
PANOTLA,29024,340,2010,July,99,,0,0,16,,,14,,,,371,349,685,TLAXCALA,0.541605839416059,0,,,,,,,,,89,0,0,0,24,0,16,62,0,26,3,,,,,,,,,,,,,,,,,,,,,,,,,,,,,,,,,,,,,,,,,,,,,,,,,,,,,,,,,,,,,
PANOTLA,29024,341,2010,July,39,,0,0,3,,,6,,,,127,124,153,TLAXCALA,0.830065359477124,0,,,,,,,,,15,0,0,0,4,0,16,34,0,7,0,,,,,,,,,,,,,,,,,,,,,,,,,,,,,,,,,,,,,,,,,,,,,,,,,,,,,,,,,,,,,
PANOTLA,29024,342,2010,July,255,,0,0,65,,,43,,,,1087,1024,1574,TLAXCALA,0.690597204574333,0,,,,,,,,,459,0,0,0,31,0,19,83,0,46,23,,,,,,,,,,,,,,,,,,,,,,,,,,,,,,,,,,,,,,,,,,,,,,,,,,,,,,,,,,,,,
PANOTLA,29024,343,2010,July,102,,0,0,22,,,8,,,,456,445,599,TLAXCALA,0.76126878130217,0,,,,,,,,,56,0,0,0,67,0,58,56,0,67,9,,,,,,,,,,,,,,,,,,,,,,,,,,,,,,,,,,,,,,,,,,,,,,,,,,,,,,,,,,,,,
PANOTLA,29024,344,2010,July,159,,0,0,70,,,8,,,,492,483,622,TLAXCALA,0.790996784565916,0,,,,,,,,,92,0,0,0,20,0,92,21,0,20,1,,,,,,,,,,,,,,,,,,,,,,,,,,,,,,,,,,,,,,,,,,,,,,,,,,,,,,,,,,,,,
PANOTLA,29024,345,2010,July,316,,0,0,109,,,21,,,,989,938,1428,TLAXCALA,0.692577030812325,0,,,,,,,,,184,0,0,0,72,0,44,79,0,112,1,,,,,,,,,,,,,,,,,,,,,,,,,,,,,,,,,,,,,,,,,,,,,,,,,,,,,,,,,,,,,
PANOTLA,29024,346,2010,July,457,,0,0,112,,,15,,,,1010,996,1564,TLAXCALA,0.645780051150895,0,,,,,,,,,138,0,0,0,112,0,11,71,0,69,11,,,,,,,,,,,,,,,,,,,,,,,,,,,,,,,,,,,,,,,,,,,,,,,,,,,,,,,,,,,,,
PANOTLA,29024,347,2010,July,448,,0,0,89,,,24,,,,1052,1022,1594,TLAXCALA,0.659974905897114,0,,,,,,,,,121,0,0,0,114,0,24,108,0,76,18,,,,,,,,,,,,,,,,,,,,,,,,,,,,,,,,,,,,,,,,,,,,,,,,,,,,,,,,,,,,,
PAPALOTLA DE XICOHTENCATL,29041,558,2010,July,0,,910,19,0,,,13,,,,1302,1266,2071,TLAXCALA,0.628681796233704,165,,,,,,,,,129,0,0,0,0,0,13,0,0,0,17,,,,,,,,,,,,,,,,,,,,,,,,,,,,,,,,,,,,,,,,,,,,,,,,,,,,,,,,,,,,,
PAPALOTLA DE XICOHTENCATL,29041,559,2010,July,0,,424,19,0,,,34,,,,1042,1005,1714,TLAXCALA,0.607934655775963,310,,,,,,,,,203,0,0,0,0,0,15,0,0,0,0,,,,,,,,,,,,,,,,,,,,,,,,,,,,,,,,,,,,,,,,,,,,,,,,,,,,,,,,,,,,,
PAPALOTLA DE XICOHTENCATL,29041,560,2010,July,0,,412,24,0,,,98,,,,1096,1023,2191,TLAXCALA,0.500228206298494,280,,,,,,,,,196,0,0,0,0,0,13,0,0,0,0,,,,,,,,,,,,,,,,,,,,,,,,,,,,,,,,,,,,,,,,,,,,,,,,,,,,,,,,,,,,,
PAPALOTLA DE XICOHTENCATL,29041,561,2010,July,0,,548,15,0,,,17,,,,1214,1164,2109,TLAXCALA,0.575628259838786,414,,,,,,,,,164,0,0,0,0,0,6,0,0,0,0,,,,,,,,,,,,,,,,,,,,,,,,,,,,,,,,,,,,,,,,,,,,,,,,,,,,,,,,,,,,,
PAPALOTLA DE XICOHTENCATL,29041,562,2010,July,0,,497,16,0,,,26,,,,993,959,1841,TLAXCALA,0.539380771319935,272,,,,,,,,,131,0,0,0,0,0,17,0,0,0,0,,,,,,,,,,,,,,,,,,,,,,,,,,,,,,,,,,,,,,,,,,,,,,,,,,,,,,,,,,,,,
PAPALOTLA DE XICOHTENCATL,29041,563,2010,July,0,,394,13,0,,,50,,,,1091,1047,1713,TLAXCALA,0.636894337419732,459,,,,,,,,,122,0,0,0,0,0,9,0,0,0,0,,,,,,,,,,,,,,,,,,,,,,,,,,,,,,,,,,,,,,,,,,,,,,,,,,,,,,,,,,,,,
PAPALOTLA DE XICOHTENCATL,29041,564,2010,July,0,,332,32,0,,,33,,,,1013,959,1712,TLAXCALA,0.591705607476636,390,,,,,,,,,164,0,0,0,0,0,8,0,0,0,0,,,,,,,,,,,,,,,,,,,,,,,,,,,,,,,,,,,,,,,,,,,,,,,,,,,,,,,,,,,,,
PAPALOTLA DE XICOHTENCATL,29041,565,2010,July,0,,167,13,0,,,9,,,,591,552,954,TLAXCALA,0.619496855345912,262,,,,,,,,,93,0,0,0,0,0,8,0,0,0,0,,,,,,,,,,,,,,,,,,,,,,,,,,,,,,,,,,,,,,,,,,,,,,,,,,,,,,,,,,,,,
PAPALOTLA DE XICOHTENCATL,29041,566,2010,July,0,,204,9,0,,,10,,,,752,711,1164,TLAXCALA,0.646048109965636,346,,,,,,,,,137,0,0,0,0,0,5,0,0,0,0,,,,,,,,,,,,,,,,,,,,,,,,,,,,,,,,,,,,,,,,,,,,,,,,,,,,,,,,,,,,,
PAPALOTLA DE XICOHTENCATL,29041,567,2010,July,0,,326,13,0,,,7,,,,668,618,1164,TLAXCALA,0.573883161512027,195,,,,,,,,,70,0,0,0,0,0,7,0,0,0,0,,,,,,,,,,,,,,,,,,,,,,,,,,,,,,,,,,,,,,,,,,,,,,,,,,,,,,,,,,,,,
PAPALOTLA DE XICOHTENCATL,29041,568,2010,July,0,,173,10,0,,,2,,,,439,425,965,TLAXCALA,0.454922279792746,135,,,,,,,,,98,0,0,0,0,0,7,0,0,0,0,,,,,,,,,,,,,,,,,,,,,,,,,,,,,,,,,,,,,,,,,,,,,,,,,,,,,,,,,,,,,
PAPALOTLA DE XICOHTENCATL,29041,569,2010,July,0,,99,4,0,,,10,,,,283,276,591,TLAXCALA,0.478849407783418,116,,,,,,,,,45,0,0,0,0,0,2,0,0,0,0,,,,,,,,,,,,,,,,,,,,,,,,,,,,,,,,,,,,,,,,,,,,,,,,,,,,,,,,,,,,,
SAN DAMIAN TEXOLOC,29049,429,2010,July,441,,66,0,73,,,0,,,,1267,1235,1804,TLAXCALA,0.702328159645233,0,,,,,,,,,200,0,0,0,0,22,0,106,327,0,0,,,,,,,,,,,,,,,,,,,,,,,,,,,,,,,,,,,,,,,,,,,,,,,,,,,,,,,,,,,,,
SAN DAMIAN TEXOLOC,29049,430,2010,July,518,,31,0,53,,,0,,,,1369,1335,1876,TLAXCALA,0.729744136460554,0,,,,,,,,,212,0,0,0,0,33,0,85,403,0,0,,,,,,,,,,,,,,,,,,,,,,,,,,,,,,,,,,,,,,,,,,,,,,,,,,,,,,,,,,,,,
SAN FRANCISCO TETLANOHCAN,29050,158,2010,July,0,,163,0,0,,,0,,,,1881,1832,2828,TLAXCALA,0.665134370579915,921,,,,,,,,,585,0,0,0,0,79,84,0,0,0,0,,,,,,,,,,,,,,,,,,,,,,,,,,,,,,,,,,,,,,,,,,,,,,,,,,,,,,,,,,,,,
SAN FRANCISCO TETLANOHCAN,29050,159,2010,July,0,,121,0,0,,,0,,,,1415,1392,2121,TLAXCALA,0.667138142385667,593,,,,,,,,,508,0,0,0,0,85,85,0,0,0,0,,,,,,,,,,,,,,,,,,,,,,,,,,,,,,,,,,,,,,,,,,,,,,,,,,,,,,,,,,,,,
SAN FRANCISCO TETLANOHCAN,29050,160,2010,July,0,,142,0,0,,,0,,,,1629,1578,2399,TLAXCALA,0.679032930387662,700,,,,,,,,,606,0,0,0,0,82,48,0,0,0,0,,,,,,,,,,,,,,,,,,,,,,,,,,,,,,,,,,,,,,,,,,,,,,,,,,,,,,,,,,,,,
SAN JERONIMO ZACUALPAN,29051,432,2010,July,0,,20,0,0,,,0,,,,888,867,1211,TLAXCALA,0.73327828241123,139,,,,,,,,,315,0,0,0,0,252,122,0,19,0,0,,,,,,,,,,,,,,,,,,,,,,,,,,,,,,,,,,,,,,,,,,,,,,,,,,,,,,,,,,,,,
SAN JERONIMO ZACUALPAN,29051,433,2010,July,0,,81,0,0,,,0,,,,1051,1041,1617,TLAXCALA,0.649969078540507,119,,,,,,,,,277,0,0,0,0,362,184,0,18,0,0,,,,,,,,,,,,,,,,,,,,,,,,,,,,,,,,,,,,,,,,,,,,,,,,,,,,,,,,,,,,,
SAN JOSE TEACALCO,29052,531,2010,July,71,,167,0,76,,,0,,,,743,723,969,TLAXCALA,0.766769865841073,0,,,,,,,,,202,0,0,0,0,184,23,0,0,0,0,,,,,,,,,,,,,,,,,,,,,,,,,,,,,,,,,,,,,,,,,,,,,,,,,,,,,,,,,,,,,
SAN JOSE TEACALCO,29052,532,2010,July,110,,107,0,33,,,0,,,,450,442,630,TLAXCALA,0.714285714285714,0,,,,,,,,,101,0,0,0,0,88,3,0,0,0,0,,,,,,,,,,,,,,,,,,,,,,,,,,,,,,,,,,,,,,,,,,,,,,,,,,,,,,,,,,,,,
SAN JOSE TEACALCO,29052,533,2010,July,86,,80,0,29,,,0,,,,449,441,586,TLAXCALA,0.766211604095563,0,,,,,,,,,135,0,0,0,0,83,28,0,0,0,0,,,,,,,,,,,,,,,,,,,,,,,,,,,,,,,,,,,,,,,,,,,,,,,,,,,,,,,,,,,,,
SAN JOSE TEACALCO,29052,534,2010,July,139,,106,0,116,,,0,,,,735,716,1037,TLAXCALA,0.70877531340405,0,,,,,,,,,119,0,0,0,0,227,9,0,0,0,0,,,,,,,,,,,,,,,,,,,,,,,,,,,,,,,,,,,,,,,,,,,,,,,,,,,,,,,,,,,,,
SAN JOSE TEACALCO,29052,535,2010,July,99,,69,0,22,,,0,,,,390,378,561,TLAXCALA,0.695187165775401,0,,,,,,,,,69,0,0,0,0,105,14,0,0,0,0,,,,,,,,,,,,,,,,,,,,,,,,,,,,,,,,,,,,,,,,,,,,,,,,,,,,,,,,,,,,,
SAN JUAN HUACTZINCO,29053,395,2010,July,0,,208,0,0,,,0,,,,1349,1301,2423,TLAXCALA,0.556747833264548,255,,,,,,,,,364,0,0,0,0,59,125,290,0,0,0,,,,,,,,,,,,,,,,,,,,,,,,,,,,,,,,,,,,,,,,,,,,,,,,,,,,,,,,,,,,,
SAN JUAN HUACTZINCO,29053,396,2010,July,0,,190,0,0,,,0,,,,1241,1207,2038,TLAXCALA,0.608930323846909,189,,,,,,,,,326,0,0,0,0,53,145,304,0,0,0,,,,,,,,,,,,,,,,,,,,,,,,,,,,,,,,,,,,,,,,,,,,,,,,,,,,,,,,,,,,,
SAN LORENZO AXOCOMANITLA,29054,586,2010,July,0,,181,0,0,,,0,,,,1079,1041,1593,TLAXCALA,0.677338355304457,168,,,,,,,,,299,0,0,0,0,34,0,359,0,0,0,,,,,,,,,,,,,,,,,,,,,,,,,,,,,,,,,,,,,,,,,,,,,,,,,,,,,,,,,,,,,
SAN LORENZO AXOCOMANITLA,29054,587,2010,July,0,,153,0,0,,,0,,,,1157,1097,1613,TLAXCALA,0.717296962182269,162,,,,,,,,,326,0,0,0,0,40,0,416,0,0,0,,,,,,,,,,,,,,,,,,,,,,,,,,,,,,,,,,,,,,,,,,,,,,,,,,,,,,,,,,,,,
SAN LUCAS TECOPILCO,29055,551,2010,July,0,,42,0,0,,,0,,,,985,972,1477,TLAXCALA,0.666892349356804,119,,,,,,,,,295,0,0,0,0,246,61,194,0,11,4,,,,,,,,,,,,,,,,,,,,,,,,,,,,,,,,,,,,,,,,,,,,,,,,,,,,,,,,,,,,,
SAN LUCAS TECOPILCO,29055,552,2010,July,0,,10,0,0,,,0,,,,608,584,853,TLAXCALA,0.712778429073857,143,,,,,,,,,131,0,0,0,0,174,27,90,0,9,0,,,,,,,,,,,,,,,,,,,,,,,,,,,,,,,,,,,,,,,,,,,,,,,,,,,,,,,,,,,,,
SAN PABLO DEL MONTE,29025,348,2010,July,0,,440,0,54,,,0,,,,1844,1774,2693,TLAXCALA,0.684738210174527,0,,,,,,,,,319,522,0,0,0,251,0,153,26,0,9,,,,,,,,,,,,,,,,,,,,,,,,,,,,,,,,,,,,,,,,,,,,,,,,,,,,,,,,,,,,,
SAN PABLO DEL MONTE,29025,349,2010,July,0,,433,0,98,,,0,,,,1743,1689,2620,TLAXCALA,0.665267175572519,0,,,,,,,,,193,449,0,0,0,372,0,125,11,0,8,,,,,,,,,,,,,,,,,,,,,,,,,,,,,,,,,,,,,,,,,,,,,,,,,,,,,,,,,,,,,
SAN PABLO DEL MONTE,29025,350,2010,July,0,,449,0,167,,,0,,,,2399,2324,3474,TLAXCALA,0.69055843408175,0,,,,,,,,,312,709,0,0,0,420,0,232,26,0,9,,,,,,,,,,,,,,,,,,,,,,,,,,,,,,,,,,,,,,,,,,,,,,,,,,,,,,,,,,,,,
SAN PABLO DEL MONTE,29025,351,2010,July,0,,357,0,36,,,0,,,,1848,1790,2689,TLAXCALA,0.687244328746746,0,,,,,,,,,333,596,0,0,0,213,0,244,9,0,2,,,,,,,,,,,,,,,,,,,,,,,,,,,,,,,,,,,,,,,,,,,,,,,,,,,,,,,,,,,,,
SAN PABLO DEL MONTE,29025,352,2010,July,0,,330,0,40,,,0,,,,1494,1444,2091,TLAXCALA,0.714490674318508,0,,,,,,,,,133,611,0,0,0,93,0,223,9,0,5,,,,,,,,,,,,,,,,,,,,,,,,,,,,,,,,,,,,,,,,,,,,,,,,,,,,,,,,,,,,,
SAN PABLO DEL MONTE,29025,353,2010,July,0,,602,0,54,,,0,,,,1592,1550,2446,TLAXCALA,0.650858544562551,0,,,,,,,,,266,377,0,0,0,109,0,126,10,0,6,,,,,,,,,,,,,,,,,,,,,,,,,,,,,,,,,,,,,,,,,,,,,,,,,,,,,,,,,,,,,
SAN PABLO DEL MONTE,29025,354,2010,July,0,,423,0,27,,,0,,,,1848,1793,2761,TLAXCALA,0.669322709163347,0,,,,,,,,,488,484,0,0,0,162,0,114,86,0,9,,,,,,,,,,,,,,,,,,,,,,,,,,,,,,,,,,,,,,,,,,,,,,,,,,,,,,,,,,,,,
SAN PABLO DEL MONTE,29025,355,2010,July,0,,332,0,39,,,0,,,,1540,1489,2256,TLAXCALA,0.682624113475177,0,,,,,,,,,297,499,0,0,0,187,0,119,8,0,8,,,,,,,,,,,,,,,,,,,,,,,,,,,,,,,,,,,,,,,,,,,,,,,,,,,,,,,,,,,,,
SAN PABLO DEL MONTE,29025,356,2010,July,0,,351,0,45,,,0,,,,1871,1814,2821,TLAXCALA,0.663239985820631,0,,,,,,,,,234,648,0,0,0,355,0,160,13,0,8,,,,,,,,,,,,,,,,,,,,,,,,,,,,,,,,,,,,,,,,,,,,,,,,,,,,,,,,,,,,,
SAN PABLO DEL MONTE,29025,357,2010,July,0,,283,0,45,,,0,,,,1507,1382,2349,TLAXCALA,0.641549595572584,0,,,,,,,,,208,480,0,0,0,225,0,117,7,0,17,,,,,,,,,,,,,,,,,,,,,,,,,,,,,,,,,,,,,,,,,,,,,,,,,,,,,,,,,,,,,
SAN PABLO DEL MONTE,29025,358,2010,July,0,,179,0,27,,,0,,,,1084,1049,1693,TLAXCALA,0.640283520378027,0,,,,,,,,,192,310,0,0,0,261,0,68,5,0,7,,,,,,,,,,,,,,,,,,,,,,,,,,,,,,,,,,,,,,,,,,,,,,,,,,,,,,,,,,,,,
SAN PABLO DEL MONTE,29025,359,2010,July,0,,136,0,21,,,0,,,,1078,1039,1769,TLAXCALA,0.609383832673827,0,,,,,,,,,236,357,0,0,0,144,0,119,6,0,20,,,,,,,,,,,,,,,,,,,,,,,,,,,,,,,,,,,,,,,,,,,,,,,,,,,,,,,,,,,,,
SAN PABLO DEL MONTE,29025,360,2010,July,0,,143,0,28,,,0,,,,1102,1061,1744,TLAXCALA,0.631880733944954,0,,,,,,,,,196,384,0,0,0,105,0,168,7,0,30,,,,,,,,,,,,,,,,,,,,,,,,,,,,,,,,,,,,,,,,,,,,,,,,,,,,,,,,,,,,,
SAN PABLO DEL MONTE,29025,361,2010,July,0,,301,0,102,,,0,,,,1495,1442,2391,TLAXCALA,0.625261396905061,0,,,,,,,,,367,444,0,0,0,121,0,59,32,0,16,,,,,,,,,,,,,,,,,,,,,,,,,,,,,,,,,,,,,,,,,,,,,,,,,,,,,,,,,,,,,
SAN PABLO DEL MONTE,29025,362,2010,July,0,,378,0,63,,,0,,,,1490,1452,2483,TLAXCALA,0.600080547724527,0,,,,,,,,,374,367,0,0,0,119,0,98,42,0,11,,,,,,,,,,,,,,,,,,,,,,,,,,,,,,,,,,,,,,,,,,,,,,,,,,,,,,,,,,,,,
SAN PABLO DEL MONTE,29025,363,2010,July,0,,335,0,52,,,0,,,,1934,1822,2759,TLAXCALA,0.700978615440377,0,,,,,,,,,275,586,0,0,0,340,0,107,100,0,27,,,,,,,,,,,,,,,,,,,,,,,,,,,,,,,,,,,,,,,,,,,,,,,,,,,,,,,,,,,,,
SAN PABLO DEL MONTE,29025,364,2010,July,0,,235,0,36,,,0,,,,1356,1254,1938,TLAXCALA,0.69969040247678,0,,,,,,,,,343,354,0,0,0,138,0,92,31,0,25,,,,,,,,,,,,,,,,,,,,,,,,,,,,,,,,,,,,,,,,,,,,,,,,,,,,,,,,,,,,,
SANCTORUM DE LAZARO CARDENAS,29020,292,2010,July,0,,3,45,0,,,0,,,,815,777,1246,TLAXCALA,0.654093097913323,178,,,,,,,,,93,0,0,0,0,0,0,433,25,0,0,,,,,,,,,,,,,,,,,,,,,,,,,,,,,,,,,,,,,,,,,,,,,,,,,,,,,,,,,,,,,
SANCTORUM DE LAZARO CARDENAS,29020,293,2010,July,0,,0,32,0,,,0,,,,848,809,1223,TLAXCALA,0.693376941946034,251,,,,,,,,,156,0,0,0,0,0,0,347,23,0,0,,,,,,,,,,,,,,,,,,,,,,,,,,,,,,,,,,,,,,,,,,,,,,,,,,,,,,,,,,,,,
SANCTORUM DE LAZARO CARDENAS,29020,294,2010,July,0,,1,14,0,,,0,,,,693,645,1056,TLAXCALA,0.65625,220,,,,,,,,,110,0,0,0,0,0,0,285,15,0,0,,,,,,,,,,,,,,,,,,,,,,,,,,,,,,,,,,,,,,,,,,,,,,,,,,,,,,,,,,,,,
SANCTORUM DE LAZARO CARDENAS,29020,297,2010,July,0,,5,10,0,,,0,,,,845,814,1199,TLAXCALA,0.704753961634696,82,,,,,,,,,392,0,0,0,0,0,0,296,29,0,0,,,,,,,,,,,,,,,,,,,,,,,,,,,,,,,,,,,,,,,,,,,,,,,,,,,,,,,,,,,,,
SANCTORUM DE LAZARO CARDENAS,29020,298,2010,July,0,,3,9,0,,,0,,,,681,666,1029,TLAXCALA,0.661807580174927,104,,,,,,,,,302,0,0,0,0,0,0,224,24,0,0,,,,,,,,,,,,,,,,,,,,,,,,,,,,,,,,,,,,,,,,,,,,,,,,,,,,,,,,,,,,,
SANTA ANA NOPALUCAN,29056,254,2010,July,0,,275,0,0,,,0,,,,1666,1636,2374,TLAXCALA,0.701769165964617,369,,,,,,,,,576,0,0,0,0,27,75,314,0,0,0,,,,,,,,,,,,,,,,,,,,,,,,,,,,,,,,,,,,,,,,,,,,,,,,,,,,,,,,,,,,,
SANTA ANA NOPALUCAN,29056,255,2010,July,0,,432,0,0,,,0,,,,1581,1500,2338,TLAXCALA,0.676218990590248,329,,,,,,,,,425,0,0,0,0,30,44,240,0,0,0,,,,,,,,,,,,,,,,,,,,,,,,,,,,,,,,,,,,,,,,,,,,,,,,,,,,,,,,,,,,,
SANTA APOLONIA TEACALCO,29057,316,2010,July,0,,321,0,0,,,0,,,,1173,1140,1540,TLAXCALA,0.761688311688312,323,,,,,,,,,297,0,0,0,0,71,16,0,0,112,0,,,,,,,,,,,,,,,,,,,,,,,,,,,,,,,,,,,,,,,,,,,,,,,,,,,,,,,,,,,,,
SANTA APOLONIA TEACALCO,29057,317,2010,July,0,,400,0,0,,,0,,,,1338,1303,1737,TLAXCALA,0.770293609671848,200,,,,,,,,,378,0,0,0,0,110,35,0,0,180,0,,,,,,,,,,,,,,,,,,,,,,,,,,,,,,,,,,,,,,,,,,,,,,,,,,,,,,,,,,,,,
SANTA CATARINA AYOMETLA,29058,602,2010,July,0,,189,272,0,,,0,,,,1067,1039,1651,TLAXCALA,0.646274984857662,175,,,,,,,,,274,0,0,0,0,0,5,0,0,0,124,,,,,,,,,,,,,,,,,,,,,,,,,,,,,,,,,,,,,,,,,,,,,,,,,,,,,,,,,,,,,
SANTA CATARINA AYOMETLA,29058,603,2010,July,0,,119,249,0,,,0,,,,712,677,1087,TLAXCALA,0.655013799448022,59,,,,,,,,,221,0,0,0,0,0,6,0,0,0,23,,,,,,,,,,,,,,,,,,,,,,,,,,,,,,,,,,,,,,,,,,,,,,,,,,,,,,,,,,,,,
SANTA CATARINA AYOMETLA,29058,604,2010,July,0,,190,424,0,,,0,,,,1634,1586,2551,TLAXCALA,0.640533124264994,248,,,,,,,,,511,0,0,0,0,0,24,0,0,0,189,,,,,,,,,,,,,,,,,,,,,,,,,,,,,,,,,,,,,,,,,,,,,,,,,,,,,,,,,,,,,
SANTA CATARINA AYOMETLA,29058,605,2010,July,0,,94,125,0,,,0,,,,672,662,1034,TLAXCALA,0.649903288201161,154,,,,,,,,,188,0,0,0,0,0,12,0,0,0,89,,,,,,,,,,,,,,,,,,,,,,,,,,,,,,,,,,,,,,,,,,,,,,,,,,,,,,,,,,,,,
SANTA CRUZ QUILEHTLA,29059,313,2010,July,0,,202,0,0,,,0,,,,901,888,1555,TLAXCALA,0.579421221864952,390,,,,,,,,,200,0,0,0,0,18,42,36,0,0,0,,,,,,,,,,,,,,,,,,,,,,,,,,,,,,,,,,,,,,,,,,,,,,,,,,,,,,,,,,,,,
SANTA CRUZ QUILEHTLA,29059,314,2010,July,0,,169,0,0,,,0,,,,732,699,1297,TLAXCALA,0.56437933693138,291,,,,,,,,,150,0,0,0,0,13,45,31,0,0,0,,,,,,,,,,,,,,,,,,,,,,,,,,,,,,,,,,,,,,,,,,,,,,,,,,,,,,,,,,,,,
SANTA CRUZ QUILEHTLA,29059,315,2010,July,0,,18,0,0,,,0,,,,678,651,1084,TLAXCALA,0.625461254612546,41,,,,,,,,,69,0,0,0,0,454,3,66,0,0,0,,,,,,,,,,,,,,,,,,,,,,,,,,,,,,,,,,,,,,,,,,,,,,,,,,,,,,,,,,,,,
SANTA CRUZ TLAXCALA,29026,365,2010,July,0,,0,0,0,,,0,,,,744,703,1189,TLAXCALA,0.625735912531539,347,,,,,,,,,239,0,44,0,0,0,20,53,0,0,0,,,,,,,,,,,,,,,,,,,,,,,,,,,,,,,,,,,,,,,,,,,,,,,,,,,,,,,,,,,,,
SANTA CRUZ TLAXCALA,29026,366,2010,July,0,,0,0,0,,,0,,,,1358,1329,1806,TLAXCALA,0.751937984496124,561,,,,,,,,,555,0,67,0,0,0,75,71,0,0,0,,,,,,,,,,,,,,,,,,,,,,,,,,,,,,,,,,,,,,,,,,,,,,,,,,,,,,,,,,,,,
SANTA CRUZ TLAXCALA,29026,367,2010,July,0,,0,0,0,,,0,,,,1194,1169,1808,TLAXCALA,0.660398230088496,589,,,,,,,,,430,0,96,0,0,0,25,29,0,0,0,,,,,,,,,,,,,,,,,,,,,,,,,,,,,,,,,,,,,,,,,,,,,,,,,,,,,,,,,,,,,
SANTA CRUZ TLAXCALA,29026,368,2010,July,0,,0,0,0,,,0,,,,1106,1081,1601,TLAXCALA,0.690818238600874,509,,,,,,,,,384,0,88,0,0,0,46,54,0,0,0,,,,,,,,,,,,,,,,,,,,,,,,,,,,,,,,,,,,,,,,,,,,,,,,,,,,,,,,,,,,,
SANTA CRUZ TLAXCALA,29026,369,2010,July,0,,0,0,0,,,0,,,,1121,1082,1703,TLAXCALA,0.658250146799765,533,,,,,,,,,328,0,130,0,0,0,29,62,0,0,0,,,,,,,,,,,,,,,,,,,,,,,,,,,,,,,,,,,,,,,,,,,,,,,,,,,,,,,,,,,,,
SANTA CRUZ TLAXCALA,29026,370,2010,July,0,,0,0,0,,,0,,,,529,529,730,TLAXCALA,0.724657534246575,298,,,,,,,,,164,0,42,0,0,0,8,17,0,0,0,,,,,,,,,,,,,,,,,,,,,,,,,,,,,,,,,,,,,,,,,,,,,,,,,,,,,,,,,,,,,
SANTA CRUZ TLAXCALA,29026,371,2010,July,0,,0,0,0,,,0,,,,1444,1407,2172,TLAXCALA,0.664825046040516,559,,,,,,,,,602,0,94,0,0,0,24,128,0,0,0,,,,,,,,,,,,,,,,,,,,,,,,,,,,,,,,,,,,,,,,,,,,,,,,,,,,,,,,,,,,,
SANTA ISABEL XILOXOXTLA,29060,391,2010,July,0,,471,0,0,,,0,,,,963,946,1561,TLAXCALA,0.616912235746317,272,,,,,,,,,190,0,0,0,0,0,13,0,0,0,0,,,,,,,,,,,,,,,,,,,,,,,,,,,,,,,,,,,,,,,,,,,,,,,,,,,,,,,,,,,,,
SANTA ISABEL XILOXOXTLA,29060,392,2010,July,0,,320,0,0,,,0,,,,767,736,1174,TLAXCALA,0.653321976149915,266,,,,,,,,,137,0,0,0,0,0,13,0,0,0,0,,,,,,,,,,,,,,,,,,,,,,,,,,,,,,,,,,,,,,,,,,,,,,,,,,,,,,,,,,,,,
TENANCINGO,29027,372,2010,July,0,,33,111,0,,,129,,,,756,729,1270,TLAXCALA,0.595275590551181,217,,,,,,,,,218,0,0,0,0,0,3,0,0,0,18,,,,,,,,,,,,,,,,,,,,,,,,,,,,,,,,,,,,,,,,,,,,,,,,,,,,,,,,,,,,,
TENANCINGO,29027,373,2010,July,0,,25,132,0,,,95,,,,687,669,1193,TLAXCALA,0.575859178541492,183,,,,,,,,,200,0,0,0,0,0,10,0,0,0,24,,,,,,,,,,,,,,,,,,,,,,,,,,,,,,,,,,,,,,,,,,,,,,,,,,,,,,,,,,,,,
TENANCINGO,29027,374,2010,July,0,,31,34,0,,,134,,,,467,449,867,TLAXCALA,0.538638985005767,128,,,,,,,,,107,0,0,0,0,0,2,0,0,0,13,,,,,,,,,,,,,,,,,,,,,,,,,,,,,,,,,,,,,,,,,,,,,,,,,,,,,,,,,,,,,
TENANCINGO,29027,375,2010,July,0,,120,36,0,,,342,,,,978,950,1863,TLAXCALA,0.524959742351047,237,,,,,,,,,176,0,0,0,0,0,2,0,0,0,37,,,,,,,,,,,,,,,,,,,,,,,,,,,,,,,,,,,,,,,,,,,,,,,,,,,,,,,,,,,,,
TENANCINGO,29027,376,2010,July,0,,35,78,0,,,175,,,,732,713,1370,TLAXCALA,0.534306569343066,201,,,,,,,,,191,0,0,0,0,0,6,0,0,0,27,,,,,,,,,,,,,,,,,,,,,,,,,,,,,,,,,,,,,,,,,,,,,,,,,,,,,,,,,,,,,
TENANCINGO,29027,377,2010,July,0,,44,86,0,,,279,,,,976,955,1775,TLAXCALA,0.549859154929577,307,,,,,,,,,191,0,0,0,0,0,31,4,0,0,13,,,,,,,,,,,,,,,,,,,,,,,,,,,,,,,,,,,,,,,,,,,,,,,,,,,,,,,,,,,,,
SAN LUIS TEOLOCHOLCO,29028,378,2010,July,0,,290,0,0,,,0,,,,957,921,1421,TLAXCALA,0.673469387755102,236,,,,,,,,,222,0,0,0,0,0,100,73,0,0,0,,,,,,,,,,,,,,,,,,,,,,,,,,,,,,,,,,,,,,,,,,,,,,,,,,,,,,,,,,,,,
SAN LUIS TEOLOCHOLCO,29028,379,2010,July,0,,326,0,0,,,0,,,,1191,1167,1915,TLAXCALA,0.621932114882507,254,,,,,,,,,361,0,0,0,0,0,123,103,0,0,0,,,,,,,,,,,,,,,,,,,,,,,,,,,,,,,,,,,,,,,,,,,,,,,,,,,,,,,,,,,,,
SAN LUIS TEOLOCHOLCO,29028,380,2010,July,0,,629,0,0,,,0,,,,2067,1996,3259,TLAXCALA,0.634243633016263,475,,,,,,,,,374,0,0,0,0,0,94,424,0,0,0,,,,,,,,,,,,,,,,,,,,,,,,,,,,,,,,,,,,,,,,,,,,,,,,,,,,,,,,,,,,,
SAN LUIS TEOLOCHOLCO,29028,381,2010,July,0,,198,0,0,,,0,,,,1144,1066,1763,TLAXCALA,0.648893930799773,409,,,,,,,,,234,0,0,0,0,0,70,155,0,0,0,,,,,,,,,,,,,,,,,,,,,,,,,,,,,,,,,,,,,,,,,,,,,,,,,,,,,,,,,,,,,
SAN LUIS TEOLOCHOLCO,29028,382,2010,July,0,,285,0,0,,,0,,,,817,795,1270,TLAXCALA,0.643307086614173,153,,,,,,,,,181,0,0,0,0,0,85,91,0,0,0,,,,,,,,,,,,,,,,,,,,,,,,,,,,,,,,,,,,,,,,,,,,,,,,,,,,,,,,,,,,,
SAN LUIS TEOLOCHOLCO,29028,383,2010,July,0,,233,0,0,,,0,,,,933,896,1308,TLAXCALA,0.713302752293578,263,,,,,,,,,138,0,0,0,0,0,137,125,0,0,0,,,,,,,,,,,,,,,,,,,,,,,,,,,,,,,,,,,,,,,,,,,,,,,,,,,,,,,,,,,,,
SAN LUIS TEOLOCHOLCO,29028,384,2010,July,0,,237,0,0,,,0,,,,911,885,1354,TLAXCALA,0.672821270310192,261,,,,,,,,,188,0,0,0,0,0,97,102,0,0,0,,,,,,,,,,,,,,,,,,,,,,,,,,,,,,,,,,,,,,,,,,,,,,,,,,,,,,,,,,,,,
SAN LUIS TEOLOCHOLCO,29028,385,2010,July,0,,39,0,0,,,0,,,,233,211,284,TLAXCALA,0.820422535211268,94,,,,,,,,,45,0,0,0,0,0,8,25,0,0,0,,,,,,,,,,,,,,,,,,,,,,,,,,,,,,,,,,,,,,,,,,,,,,,,,,,,,,,,,,,,,
SAN LUIS TEOLOCHOLCO,29028,386,2010,July,0,,302,0,0,,,0,,,,1313,1283,1831,TLAXCALA,0.717094483888586,290,,,,,,,,,424,0,0,0,0,0,58,209,0,0,0,,,,,,,,,,,,,,,,,,,,,,,,,,,,,,,,,,,,,,,,,,,,,,,,,,,,,,,,,,,,,
TEPETITLA DE LARDIZABAL,29019,284,2010,July,26,,30,46,217,,,45,,,,833,804,1274,TLAXCALA,0.653846153846154,0,,,,,,,,,197,0,0,0,0,0,115,120,0,0,8,,,,,,,,,,,,,,,,,,,,,,,,,,,,,,,,,,,,,,,,,,,,,,,,,,,,,,,,,,,,,
TEPETITLA DE LARDIZABAL,29019,285,2010,July,25,,69,17,206,,,54,,,,863,819,1375,TLAXCALA,0.627636363636364,0,,,,,,,,,227,0,0,0,0,0,36,169,0,0,16,,,,,,,,,,,,,,,,,,,,,,,,,,,,,,,,,,,,,,,,,,,,,,,,,,,,,,,,,,,,,
TEPETITLA DE LARDIZABAL,29019,286,2010,July,46,,106,39,183,,,107,,,,1275,1240,2090,TLAXCALA,0.610047846889952,0,,,,,,,,,337,0,0,0,0,0,168,244,0,0,10,,,,,,,,,,,,,,,,,,,,,,,,,,,,,,,,,,,,,,,,,,,,,,,,,,,,,,,,,,,,,
TEPETITLA DE LARDIZABAL,29019,287,2010,July,46,,44,34,120,,,71,,,,966,894,1562,TLAXCALA,0.618437900128041,0,,,,,,,,,241,0,0,0,0,0,145,181,0,0,12,,,,,,,,,,,,,,,,,,,,,,,,,,,,,,,,,,,,,,,,,,,,,,,,,,,,,,,,,,,,,
TEPETITLA DE LARDIZABAL,29019,288,2010,July,174,,34,20,59,,,426,,,,1195,1145,1989,TLAXCALA,0.600804424333836,0,,,,,,,,,242,0,0,0,0,0,92,76,0,0,22,,,,,,,,,,,,,,,,,,,,,,,,,,,,,,,,,,,,,,,,,,,,,,,,,,,,,,,,,,,,,
TEPETITLA DE LARDIZABAL,29019,289,2010,July,97,,27,38,39,,,362,,,,888,840,1364,TLAXCALA,0.651026392961877,0,,,,,,,,,204,0,0,0,0,0,40,23,0,0,10,,,,,,,,,,,,,,,,,,,,,,,,,,,,,,,,,,,,,,,,,,,,,,,,,,,,,,,,,,,,,
TEPETITLA DE LARDIZABAL,29019,290,2010,July,179,,74,51,117,,,729,,,,1507,1458,2181,TLAXCALA,0.69096744612563,0,,,,,,,,,195,0,0,0,0,0,51,38,0,0,24,,,,,,,,,,,,,,,,,,,,,,,,,,,,,,,,,,,,,,,,,,,,,,,,,,,,,,,,,,,,,
TEPETITLA DE LARDIZABAL,29019,291,2010,July,36,,15,6,44,,,49,,,,348,338,411,TLAXCALA,0.846715328467153,0,,,,,,,,,131,0,0,0,0,0,26,26,0,0,5,,,,,,,,,,,,,,,,,,,,,,,,,,,,,,,,,,,,,,,,,,,,,,,,,,,,,,,,,,,,,
TEPEYANCO,29029,387,2010,July,0,,0,0,0,,,0,,,,1028,1000,1564,TLAXCALA,0.657289002557545,211,,,,,,,,,233,0,199,0,0,0,117,114,113,0,13,,,,,,,,,,,,,,,,,,,,,,,,,,,,,,,,,,,,,,,,,,,,,,,,,,,,,,,,,,,,,
TEPEYANCO,29029,388,2010,July,0,,0,0,0,,,0,,,,766,749,1224,TLAXCALA,0.625816993464052,101,,,,,,,,,134,0,188,0,0,0,134,77,92,0,23,,,,,,,,,,,,,,,,,,,,,,,,,,,,,,,,,,,,,,,,,,,,,,,,,,,,,,,,,,,,,
TEPEYANCO,29029,389,2010,July,0,,0,0,0,,,0,,,,231,218,323,TLAXCALA,0.715170278637771,18,,,,,,,,,55,0,45,0,0,0,9,53,37,0,1,,,,,,,,,,,,,,,,,,,,,,,,,,,,,,,,,,,,,,,,,,,,,,,,,,,,,,,,,,,,,
TEPEYANCO,29029,390,2010,July,0,,0,0,0,,,0,,,,500,484,828,TLAXCALA,0.603864734299517,39,,,,,,,,,103,0,116,0,0,0,17,54,150,0,5,,,,,,,,,,,,,,,,,,,,,,,,,,,,,,,,,,,,,,,,,,,,,,,,,,,,,,,,,,,,,
TEPEYANCO,29029,393,2010,July,0,,0,0,0,,,0,,,,515,504,696,TLAXCALA,0.739942528735632,51,,,,,,,,,149,0,105,0,0,0,40,60,99,0,0,,,,,,,,,,,,,,,,,,,,,,,,,,,,,,,,,,,,,,,,,,,,,,,,,,,,,,,,,,,,,
TEPEYANCO,29029,394,2010,July,0,,0,0,0,,,0,,,,1245,1208,1598,TLAXCALA,0.77909887359199,66,,,,,,,,,219,0,360,0,0,0,247,62,252,0,2,,,,,,,,,,,,,,,,,,,,,,,,,,,,,,,,,,,,,,,,,,,,,,,,,,,,,,,,,,,,,
TEPEYANCO,29029,397,2010,July,0,,0,0,0,,,0,,,,996,963,1552,TLAXCALA,0.641752577319588,94,,,,,,,,,119,0,457,0,0,0,49,161,77,0,6,,,,,,,,,,,,,,,,,,,,,,,,,,,,,,,,,,,,,,,,,,,,,,,,,,,,,,,,,,,,,
TERRENATE,29030,398,2010,July,0,,77,34,0,,,290,,,,1377,1329,1962,TLAXCALA,0.701834862385321,221,,,,,,,,,189,0,0,0,0,0,359,159,0,0,0,,,,,,,,,,,,,,,,,,,,,,,,,,,,,,,,,,,,,,,,,,,,,,,,,,,,,,,,,,,,,
TERRENATE,29030,399,2010,July,0,,22,37,0,,,323,,,,935,868,1408,TLAXCALA,0.6640625,145,,,,,,,,,58,0,0,0,0,0,194,89,0,0,0,,,,,,,,,,,,,,,,,,,,,,,,,,,,,,,,,,,,,,,,,,,,,,,,,,,,,,,,,,,,,
TERRENATE,29030,403,2010,July,0,,16,26,0,,,43,,,,713,669,1135,TLAXCALA,0.628193832599119,52,,,,,,,,,82,0,0,0,0,0,432,18,0,0,0,,,,,,,,,,,,,,,,,,,,,,,,,,,,,,,,,,,,,,,,,,,,,,,,,,,,,,,,,,,,,
TERRENATE,29030,404,2010,July,0,,33,285,0,,,188,,,,1277,1182,2045,TLAXCALA,0.624449877750611,130,,,,,,,,,158,0,0,0,0,0,303,85,0,0,0,,,,,,,,,,,,,,,,,,,,,,,,,,,,,,,,,,,,,,,,,,,,,,,,,,,,,,,,,,,,,
TERRENATE,29030,405,2010,July,0,,2,4,0,,,6,,,,159,148,206,TLAXCALA,0.771844660194175,30,,,,,,,,,31,0,0,0,0,0,62,13,0,0,0,,,,,,,,,,,,,,,,,,,,,,,,,,,,,,,,,,,,,,,,,,,,,,,,,,,,,,,,,,,,,
TERRENATE,29030,406,2010,July,0,,7,12,0,,,10,,,,311,289,386,TLAXCALA,0.805699481865285,35,,,,,,,,,80,0,0,0,0,0,87,58,0,0,0,,,,,,,,,,,,,,,,,,,,,,,,,,,,,,,,,,,,,,,,,,,,,,,,,,,,,,,,,,,,,
TERRENATE,29030,407,2010,July,0,,20,4,0,,,66,,,,419,395,588,TLAXCALA,0.712585034013605,37,,,,,,,,,83,0,0,0,0,0,124,61,0,0,0,,,,,,,,,,,,,,,,,,,,,,,,,,,,,,,,,,,,,,,,,,,,,,,,,,,,,,,,,,,,,
TERRENATE,29030,408,2010,July,0,,27,25,0,,,130,,,,703,602,1066,TLAXCALA,0.659474671669794,52,,,,,,,,,108,0,0,0,0,0,209,51,0,0,0,,,,,,,,,,,,,,,,,,,,,,,,,,,,,,,,,,,,,,,,,,,,,,,,,,,,,,,,,,,,,
TETLA DE LA SOLIDARIDAD,29031,409,2010,July,0,,79,179,0,,,8,,,,772,752,1094,TLAXCALA,0.705667276051188,114,,,,,,,,,187,0,0,0,0,0,11,166,0,0,8,,,,,,,,,,,,,,,,,,,,,,,,,,,,,,,,,,,,,,,,,,,,,,,,,,,,,,,,,,,,,
TETLA DE LA SOLIDARIDAD,29031,410,2010,July,0,,67,111,0,,,2,,,,760,729,1097,TLAXCALA,0.692798541476755,106,,,,,,,,,166,0,0,0,0,0,21,251,0,0,5,,,,,,,,,,,,,,,,,,,,,,,,,,,,,,,,,,,,,,,,,,,,,,,,,,,,,,,,,,,,,
TETLA DE LA SOLIDARIDAD,29031,411,2010,July,0,,276,326,0,,,39,,,,1318,1272,2071,TLAXCALA,0.63640753259295,124,,,,,,,,,306,0,0,0,0,0,12,179,0,0,10,,,,,,,,,,,,,,,,,,,,,,,,,,,,,,,,,,,,,,,,,,,,,,,,,,,,,,,,,,,,,
TETLA DE LA SOLIDARIDAD,29031,412,2010,July,0,,258,258,0,,,32,,,,1245,1200,2084,TLAXCALA,0.597408829174664,107,,,,,,,,,336,0,0,0,0,0,29,157,0,0,23,,,,,,,,,,,,,,,,,,,,,,,,,,,,,,,,,,,,,,,,,,,,,,,,,,,,,,,,,,,,,
TETLA DE LA SOLIDARIDAD,29031,413,2010,July,0,,130,186,0,,,8,,,,713,674,1107,TLAXCALA,0.644083107497742,59,,,,,,,,,147,0,0,0,0,0,29,107,0,0,8,,,,,,,,,,,,,,,,,,,,,,,,,,,,,,,,,,,,,,,,,,,,,,,,,,,,,,,,,,,,,
TETLA DE LA SOLIDARIDAD,29031,414,2010,July,0,,40,100,0,,,8,,,,419,401,844,TLAXCALA,0.496445497630332,75,,,,,,,,,97,0,0,0,0,0,6,65,0,0,10,,,,,,,,,,,,,,,,,,,,,,,,,,,,,,,,,,,,,,,,,,,,,,,,,,,,,,,,,,,,,
TETLA DE LA SOLIDARIDAD,29031,415,2010,July,0,,52,127,0,,,9,,,,526,508,1074,TLAXCALA,0.48975791433892,103,,,,,,,,,121,0,0,0,0,0,5,68,0,0,23,,,,,,,,,,,,,,,,,,,,,,,,,,,,,,,,,,,,,,,,,,,,,,,,,,,,,,,,,,,,,
TETLA DE LA SOLIDARIDAD,29031,416,2010,July,0,,190,32,0,,,2,,,,696,668,979,TLAXCALA,0.710929519918284,99,,,,,,,,,221,0,0,0,0,0,5,109,0,0,10,,,,,,,,,,,,,,,,,,,,,,,,,,,,,,,,,,,,,,,,,,,,,,,,,,,,,,,,,,,,,
TETLA DE LA SOLIDARIDAD,29031,417,2010,July,0,,23,34,0,,,1,,,,218,207,271,TLAXCALA,0.804428044280443,23,,,,,,,,,87,0,0,0,0,0,4,31,0,0,4,,,,,,,,,,,,,,,,,,,,,,,,,,,,,,,,,,,,,,,,,,,,,,,,,,,,,,,,,,,,,
TETLA DE LA SOLIDARIDAD,29031,418,2010,July,0,,56,56,0,,,0,,,,274,271,355,TLAXCALA,0.771830985915493,64,,,,,,,,,45,0,0,0,0,0,6,41,0,0,3,,,,,,,,,,,,,,,,,,,,,,,,,,,,,,,,,,,,,,,,,,,,,,,,,,,,,,,,,,,,,
TETLA DE LA SOLIDARIDAD,29031,419,2010,July,0,,84,26,0,,,3,,,,382,368,512,TLAXCALA,0.74609375,71,,,,,,,,,99,0,0,0,0,0,16,65,4,0,0,,,,,,,,,,,,,,,,,,,,,,,,,,,,,,,,,,,,,,,,,,,,,,,,,,,,,,,,,,,,,
TETLA DE LA SOLIDARIDAD,29031,420,2010,July,0,,57,81,0,,,4,,,,1001,970,1598,TLAXCALA,0.626408010012516,266,,,,,,,,,218,0,0,0,0,0,9,330,0,0,5,,,,,,,,,,,,,,,,,,,,,,,,,,,,,,,,,,,,,,,,,,,,,,,,,,,,,,,,,,,,,
TETLA DE LA SOLIDARIDAD,29031,421,2010,July,0,,87,140,0,,,5,,,,1028,974,872,TLAXCALA,1.17889908256881,211,,,,,,,,,208,0,0,0,0,0,4,306,0,0,13,,,,,,,,,,,,,,,,,,,,,,,,,,,,,,,,,,,,,,,,,,,,,,,,,,,,,,,,,,,,,
TETLA DE LA SOLIDARIDAD,29031,422,2010,July,0,,132,372,0,,,7,,,,1529,1467,1347,TLAXCALA,1.1351150705271,248,,,,,,,,,383,0,0,0,0,0,17,295,0,0,13,,,,,,,,,,,,,,,,,,,,,,,,,,,,,,,,,,,,,,,,,,,,,,,,,,,,,,,,,,,,,
TETLA DE LA SOLIDARIDAD,29031,423,2010,July,0,,11,6,0,,,1,,,,161,154,194,TLAXCALA,0.829896907216495,20,,,,,,,,,62,0,0,0,0,0,0,52,0,0,2,,,,,,,,,,,,,,,,,,,,,,,,,,,,,,,,,,,,,,,,,,,,,,,,,,,,,,,,,,,,,
TETLATLAHUCA,29032,424,2010,July,46,,63,5,261,,,40,,,,859,826,1231,TLAXCALA,0.697806661251016,0,,,,,,,,,76,0,0,0,0,0,335,0,0,0,0,,,,,,,,,,,,,,,,,,,,,,,,,,,,,,,,,,,,,,,,,,,,,,,,,,,,,,,,,,,,,
TETLATLAHUCA,29032,425,2010,July,72,,69,2,584,,,64,,,,963,937,1353,TLAXCALA,0.711751662971175,0,,,,,,,,,41,0,0,0,0,0,105,0,0,0,0,,,,,,,,,,,,,,,,,,,,,,,,,,,,,,,,,,,,,,,,,,,,,,,,,,,,,,,,,,,,,
TETLATLAHUCA,29032,426,2010,July,47,,31,4,591,,,31,,,,891,866,1337,TLAXCALA,0.666417352281227,0,,,,,,,,,23,0,0,0,0,0,139,0,0,0,0,,,,,,,,,,,,,,,,,,,,,,,,,,,,,,,,,,,,,,,,,,,,,,,,,,,,,,,,,,,,,
TETLATLAHUCA,29032,427,2010,July,106,,224,19,109,,,121,,,,1118,1070,1757,TLAXCALA,0.636311895276039,0,,,,,,,,,78,0,0,0,0,0,413,0,0,0,0,,,,,,,,,,,,,,,,,,,,,,,,,,,,,,,,,,,,,,,,,,,,,,,,,,,,,,,,,,,,,
TETLATLAHUCA,29032,428,2010,July,70,,167,20,114,,,104,,,,894,864,1443,TLAXCALA,0.61954261954262,0,,,,,,,,,45,0,0,0,0,0,344,0,0,0,0,,,,,,,,,,,,,,,,,,,,,,,,,,,,,,,,,,,,,,,,,,,,,,,,,,,,,,,,,,,,,
TETLATLAHUCA,29032,431,2010,July,87,,121,6,212,,,126,,,,724,695,1012,TLAXCALA,0.715415019762846,0,,,,,,,,,28,0,0,0,0,0,115,0,0,0,0,,,,,,,,,,,,,,,,,,,,,,,,,,,,,,,,,,,,,,,,,,,,,,,,,,,,,,,,,,,,,
TETLATLAHUCA,29032,434,2010,July,12,,66,6,143,,,33,,,,391,380,553,TLAXCALA,0.707052441229656,0,,,,,,,,,7,0,0,0,0,0,113,0,0,0,0,,,,,,,,,,,,,,,,,,,,,,,,,,,,,,,,,,,,,,,,,,,,,,,,,,,,,,,,,,,,,
TLAXCALA,29033,435,2010,July,0,,74,0,0,,,52,,,,863,819,1521,TLAXCALA,0.567389875082183,384,,,,,,,,,220,0,0,0,0,0,75,0,0,14,0,,,,,,,,,,,,,,,,,,,,,,,,,,,,,,,,,,,,,,,,,,,,,,,,,,,,,,,,,,,,,
TLAXCALA,29033,436,2010,July,0,,56,0,0,,,48,,,,904,890,1513,TLAXCALA,0.597488433575678,358,,,,,,,,,307,0,0,0,0,0,116,0,0,5,0,,,,,,,,,,,,,,,,,,,,,,,,,,,,,,,,,,,,,,,,,,,,,,,,,,,,,,,,,,,,,
TLAXCALA,29033,437,2010,July,0,,109,0,0,,,38,,,,796,770,1201,TLAXCALA,0.66278101582015,302,,,,,,,,,222,0,0,0,0,0,89,0,0,10,0,,,,,,,,,,,,,,,,,,,,,,,,,,,,,,,,,,,,,,,,,,,,,,,,,,,,,,,,,,,,,
TLAXCALA,29033,438,2010,July,0,,85,0,0,,,41,,,,975,943,1434,TLAXCALA,0.679916317991632,389,,,,,,,,,316,0,0,0,0,0,91,0,0,21,0,,,,,,,,,,,,,,,,,,,,,,,,,,,,,,,,,,,,,,,,,,,,,,,,,,,,,,,,,,,,,
TLAXCALA,29033,439,2010,July,0,,88,0,0,,,33,,,,1232,1194,1859,TLAXCALA,0.662721893491124,532,,,,,,,,,363,0,0,0,0,0,127,0,0,51,0,,,,,,,,,,,,,,,,,,,,,,,,,,,,,,,,,,,,,,,,,,,,,,,,,,,,,,,,,,,,,
TLAXCALA,29033,440,2010,July,0,,88,0,0,,,55,,,,1062,1015,1606,TLAXCALA,0.661270236612702,490,,,,,,,,,226,0,0,0,0,0,106,0,0,50,0,,,,,,,,,,,,,,,,,,,,,,,,,,,,,,,,,,,,,,,,,,,,,,,,,,,,,,,,,,,,,
TLAXCALA,29033,441,2010,July,0,,48,0,0,,,16,,,,757,732,1221,TLAXCALA,0.61998361998362,360,,,,,,,,,169,0,0,0,0,0,117,0,0,22,0,,,,,,,,,,,,,,,,,,,,,,,,,,,,,,,,,,,,,,,,,,,,,,,,,,,,,,,,,,,,,
TLAXCALA,29033,442,2010,July,0,,48,0,0,,,13,,,,720,706,1135,TLAXCALA,0.634361233480176,346,,,,,,,,,169,0,0,0,0,0,93,0,0,37,0,,,,,,,,,,,,,,,,,,,,,,,,,,,,,,,,,,,,,,,,,,,,,,,,,,,,,,,,,,,,,
TLAXCALA,29033,443,2010,July,0,,32,0,0,,,10,,,,441,421,721,TLAXCALA,0.611650485436893,194,,,,,,,,,108,0,0,0,0,0,44,0,0,33,0,,,,,,,,,,,,,,,,,,,,,,,,,,,,,,,,,,,,,,,,,,,,,,,,,,,,,,,,,,,,,
TLAXCALA,29033,444,2010,July,0,,161,0,0,,,51,,,,1460,1406,2531,TLAXCALA,0.576847096009482,557,,,,,,,,,415,0,0,0,0,0,190,0,0,32,0,,,,,,,,,,,,,,,,,,,,,,,,,,,,,,,,,,,,,,,,,,,,,,,,,,,,,,,,,,,,,
TLAXCALA,29033,445,2010,July,0,,98,0,0,,,30,,,,856,815,1406,TLAXCALA,0.608819345661451,341,,,,,,,,,188,0,0,0,0,0,147,0,0,11,0,,,,,,,,,,,,,,,,,,,,,,,,,,,,,,,,,,,,,,,,,,,,,,,,,,,,,,,,,,,,,
TLAXCALA,29033,446,2010,July,0,,35,0,0,,,9,,,,553,536,827,TLAXCALA,0.668681983071342,261,,,,,,,,,132,0,0,0,0,0,77,0,0,22,0,,,,,,,,,,,,,,,,,,,,,,,,,,,,,,,,,,,,,,,,,,,,,,,,,,,,,,,,,,,,,
TLAXCALA,29033,447,2010,July,0,,37,0,0,,,16,,,,562,543,880,TLAXCALA,0.638636363636364,225,,,,,,,,,144,0,0,0,0,0,79,0,0,42,0,,,,,,,,,,,,,,,,,,,,,,,,,,,,,,,,,,,,,,,,,,,,,,,,,,,,,,,,,,,,,
TLAXCALA,29033,448,2010,July,0,,118,0,0,,,80,,,,1204,1167,1866,TLAXCALA,0.645230439442658,534,,,,,,,,,255,0,0,0,0,0,149,0,0,31,0,,,,,,,,,,,,,,,,,,,,,,,,,,,,,,,,,,,,,,,,,,,,,,,,,,,,,,,,,,,,,
TLAXCALA,29033,449,2010,July,0,,65,0,0,,,25,,,,843,833,1370,TLAXCALA,0.615328467153285,442,,,,,,,,,175,0,0,0,0,0,96,0,0,30,0,,,,,,,,,,,,,,,,,,,,,,,,,,,,,,,,,,,,,,,,,,,,,,,,,,,,,,,,,,,,,
TLAXCALA,29033,450,2010,July,0,,50,0,0,,,13,,,,530,508,860,TLAXCALA,0.616279069767442,232,,,,,,,,,121,0,0,0,0,0,67,0,0,25,0,,,,,,,,,,,,,,,,,,,,,,,,,,,,,,,,,,,,,,,,,,,,,,,,,,,,,,,,,,,,,
TLAXCALA,29033,451,2010,July,0,,137,0,0,,,82,,,,1111,1066,1861,TLAXCALA,0.596990865126276,438,,,,,,,,,240,0,0,0,0,0,146,0,0,23,0,,,,,,,,,,,,,,,,,,,,,,,,,,,,,,,,,,,,,,,,,,,,,,,,,,,,,,,,,,,,,
TLAXCALA,29033,452,2010,July,0,,82,0,0,,,45,,,,947,899,1478,TLAXCALA,0.640730717185386,417,,,,,,,,,201,0,0,0,0,0,123,0,0,31,0,,,,,,,,,,,,,,,,,,,,,,,,,,,,,,,,,,,,,,,,,,,,,,,,,,,,,,,,,,,,,
TLAXCALA,29033,453,2010,July,0,,262,0,0,,,127,,,,2763,2666,4969,TLAXCALA,0.556047494465687,1134,,,,,,,,,723,0,0,0,0,0,361,0,9,50,0,,,,,,,,,,,,,,,,,,,,,,,,,,,,,,,,,,,,,,,,,,,,,,,,,,,,,,,,,,,,,
TLAXCALA,29033,454,2010,July,0,,47,0,0,,,8,,,,504,475,898,TLAXCALA,0.561247216035635,247,,,,,,,,,103,0,0,0,0,0,53,0,0,17,0,,,,,,,,,,,,,,,,,,,,,,,,,,,,,,,,,,,,,,,,,,,,,,,,,,,,,,,,,,,,,
TLAXCALA,29033,455,2010,July,0,,37,0,0,,,11,,,,444,430,798,TLAXCALA,0.556390977443609,205,,,,,,,,,115,0,0,0,0,0,52,0,0,10,0,,,,,,,,,,,,,,,,,,,,,,,,,,,,,,,,,,,,,,,,,,,,,,,,,,,,,,,,,,,,,
TLAXCALA,29033,456,2010,July,0,,117,0,0,,,34,,,,1226,1171,1855,TLAXCALA,0.660916442048518,537,,,,,,,,,309,0,0,0,0,0,140,0,0,34,0,,,,,,,,,,,,,,,,,,,,,,,,,,,,,,,,,,,,,,,,,,,,,,,,,,,,,,,,,,,,,
TLAXCALA,29033,457,2010,July,0,,96,0,0,,,23,,,,805,775,1249,TLAXCALA,0.644515612489992,347,,,,,,,,,184,0,0,0,0,0,100,0,0,25,0,,,,,,,,,,,,,,,,,,,,,,,,,,,,,,,,,,,,,,,,,,,,,,,,,,,,,,,,,,,,,
TLAXCALA,29033,458,2010,July,0,,181,0,0,,,182,,,,2171,2108,3860,TLAXCALA,0.562435233160622,785,,,,,,,,,592,0,0,0,0,0,342,3,0,23,0,,,,,,,,,,,,,,,,,,,,,,,,,,,,,,,,,,,,,,,,,,,,,,,,,,,,,,,,,,,,,
TLAXCALA,29033,459,2010,July,0,,92,0,0,,,69,,,,1145,1082,1879,TLAXCALA,0.609366684406599,479,,,,,,,,,227,0,0,0,0,0,191,0,0,24,0,,,,,,,,,,,,,,,,,,,,,,,,,,,,,,,,,,,,,,,,,,,,,,,,,,,,,,,,,,,,,
TLAXCALA,29033,460,2010,July,0,,66,0,0,,,43,,,,866,839,1400,TLAXCALA,0.618571428571429,385,,,,,,,,,198,0,0,0,0,0,119,0,0,28,0,,,,,,,,,,,,,,,,,,,,,,,,,,,,,,,,,,,,,,,,,,,,,,,,,,,,,,,,,,,,,
TLAXCALA,29033,461,2010,July,0,,93,0,0,,,32,,,,1191,1154,1983,TLAXCALA,0.600605143721634,489,,,,,,,,,277,0,0,0,0,0,236,0,0,27,0,,,,,,,,,,,,,,,,,,,,,,,,,,,,,,,,,,,,,,,,,,,,,,,,,,,,,,,,,,,,,
TLAXCALA,29033,462,2010,July,0,,82,0,0,,,79,,,,971,934,1424,TLAXCALA,0.68188202247191,407,,,,,,,,,249,0,0,0,0,0,88,0,0,29,0,,,,,,,,,,,,,,,,,,,,,,,,,,,,,,,,,,,,,,,,,,,,,,,,,,,,,,,,,,,,,
TLAXCALA,29033,463,2010,July,0,,80,0,0,,,41,,,,1027,972,1712,TLAXCALA,0.599883177570094,412,,,,,,,,,245,0,0,0,0,0,176,0,0,18,0,,,,,,,,,,,,,,,,,,,,,,,,,,,,,,,,,,,,,,,,,,,,,,,,,,,,,,,,,,,,,
TLAXCALA,29033,464,2010,July,0,,167,0,0,,,77,,,,2098,2004,3620,TLAXCALA,0.579558011049724,876,,,,,,,,,537,0,0,0,0,0,277,0,0,70,0,,,,,,,,,,,,,,,,,,,,,,,,,,,,,,,,,,,,,,,,,,,,,,,,,,,,,,,,,,,,,
TLAXCALA,29033,465,2010,July,0,,164,0,0,,,125,,,,1897,1829,3390,TLAXCALA,0.559587020648968,766,,,,,,,,,563,0,0,0,0,0,169,0,0,42,0,,,,,,,,,,,,,,,,,,,,,,,,,,,,,,,,,,,,,,,,,,,,,,,,,,,,,,,,,,,,,
TLAXCALA,29033,466,2010,July,0,,116,0,0,,,85,,,,1710,1635,3120,TLAXCALA,0.548076923076923,725,,,,,,,,,522,0,0,0,0,0,170,0,0,17,0,,,,,,,,,,,,,,,,,,,,,,,,,,,,,,,,,,,,,,,,,,,,,,,,,,,,,,,,,,,,,
TLAXCALA,29033,467,2010,July,0,,80,0,0,,,17,,,,737,707,1158,TLAXCALA,0.636442141623489,295,,,,,,,,,159,0,0,0,0,0,145,0,0,11,0,,,,,,,,,,,,,,,,,,,,,,,,,,,,,,,,,,,,,,,,,,,,,,,,,,,,,,,,,,,,,
TLAXCALA,29033,468,2010,July,0,,88,0,0,,,42,,,,1279,1218,1884,TLAXCALA,0.678874734607219,521,,,,,,,,,272,0,0,0,0,0,280,0,0,15,0,,,,,,,,,,,,,,,,,,,,,,,,,,,,,,,,,,,,,,,,,,,,,,,,,,,,,,,,,,,,,
TLAXCALA,29033,469,2010,July,0,,108,0,0,,,18,,,,960,928,1331,TLAXCALA,0.721262208865515,318,,,,,,,,,320,0,0,0,0,0,161,0,0,3,0,,,,,,,,,,,,,,,,,,,,,,,,,,,,,,,,,,,,,,,,,,,,,,,,,,,,,,,,,,,,,
TLAXCO,29034,58,2010,July,0,,12,0,0,,,0,,,,112,106,147,TLAXCALA,0.761904761904762,40,,,,,,,,,20,0,0,0,0,0,7,0,1,23,3,,,,,,,,,,,,,,,,,,,,,,,,,,,,,,,,,,,,,,,,,,,,,,,,,,,,,,,,,,,,,
TLAXCO,29034,470,2010,July,0,,5,7,0,,,0,,,,492,467,803,TLAXCALA,0.612702366127024,101,,,,,,,,,84,0,0,0,0,0,46,0,26,175,23,,,,,,,,,,,,,,,,,,,,,,,,,,,,,,,,,,,,,,,,,,,,,,,,,,,,,,,,,,,,,
TLAXCO,29034,471,2010,July,0,,29,4,0,,,0,,,,702,655,1082,TLAXCALA,0.648798521256932,150,,,,,,,,,134,0,0,0,0,0,47,0,16,250,25,,,,,,,,,,,,,,,,,,,,,,,,,,,,,,,,,,,,,,,,,,,,,,,,,,,,,,,,,,,,,
TLAXCO,29034,472,2010,July,0,,31,10,0,,,0,,,,679,648,1043,TLAXCALA,0.651006711409396,254,,,,,,,,,133,0,0,0,0,0,108,0,10,95,7,,,,,,,,,,,,,,,,,,,,,,,,,,,,,,,,,,,,,,,,,,,,,,,,,,,,,,,,,,,,,
TLAXCO,29034,473,2010,July,0,,39,7,0,,,0,,,,592,568,886,TLAXCALA,0.668171557562077,116,,,,,,,,,109,0,0,0,0,0,95,0,32,140,30,,,,,,,,,,,,,,,,,,,,,,,,,,,,,,,,,,,,,,,,,,,,,,,,,,,,,,,,,,,,,
TLAXCO,29034,474,2010,July,0,,89,8,0,,,0,,,,872,849,1324,TLAXCALA,0.658610271903323,176,,,,,,,,,175,0,0,0,0,0,135,0,22,231,13,,,,,,,,,,,,,,,,,,,,,,,,,,,,,,,,,,,,,,,,,,,,,,,,,,,,,,,,,,,,,
TLAXCO,29034,475,2010,July,0,,19,7,0,,,0,,,,863,843,1326,TLAXCALA,0.650829562594269,248,,,,,,,,,239,0,0,0,0,0,155,0,21,135,19,,,,,,,,,,,,,,,,,,,,,,,,,,,,,,,,,,,,,,,,,,,,,,,,,,,,,,,,,,,,,
TLAXCO,29034,476,2010,July,0,,96,11,0,,,0,,,,1207,1148,2078,TLAXCALA,0.580846968238691,358,,,,,,,,,285,0,0,0,0,0,169,0,14,174,41,,,,,,,,,,,,,,,,,,,,,,,,,,,,,,,,,,,,,,,,,,,,,,,,,,,,,,,,,,,,,
TLAXCO,29034,477,2010,July,0,,26,5,0,,,0,,,,700,677,1072,TLAXCALA,0.652985074626866,234,,,,,,,,,158,0,0,0,0,0,103,0,10,117,24,,,,,,,,,,,,,,,,,,,,,,,,,,,,,,,,,,,,,,,,,,,,,,,,,,,,,,,,,,,,,
TLAXCO,29034,478,2010,July,0,,24,1,0,,,0,,,,304,293,405,TLAXCALA,0.750617283950617,115,,,,,,,,,54,0,0,0,0,0,36,0,3,42,18,,,,,,,,,,,,,,,,,,,,,,,,,,,,,,,,,,,,,,,,,,,,,,,,,,,,,,,,,,,,,
TLAXCO,29034,479,2010,July,0,,6,3,0,,,0,,,,152,146,274,TLAXCALA,0.554744525547445,72,,,,,,,,,37,0,0,0,0,0,13,0,6,1,8,,,,,,,,,,,,,,,,,,,,,,,,,,,,,,,,,,,,,,,,,,,,,,,,,,,,,,,,,,,,,
TLAXCO,29034,480,2010,July,0,,3,5,0,,,0,,,,133,127,208,TLAXCALA,0.639423076923077,59,,,,,,,,,49,0,0,0,0,0,9,0,0,0,2,,,,,,,,,,,,,,,,,,,,,,,,,,,,,,,,,,,,,,,,,,,,,,,,,,,,,,,,,,,,,
TLAXCO,29034,481,2010,July,0,,82,8,0,,,0,,,,1141,1088,1809,TLAXCALA,0.630735212824765,236,,,,,,,,,111,0,0,0,0,0,92,0,12,537,10,,,,,,,,,,,,,,,,,,,,,,,,,,,,,,,,,,,,,,,,,,,,,,,,,,,,,,,,,,,,,
TLAXCO,29034,482,2010,July,0,,162,17,0,,,0,,,,918,867,1529,TLAXCALA,0.600392413342054,261,,,,,,,,,187,0,0,0,0,0,122,0,31,72,15,,,,,,,,,,,,,,,,,,,,,,,,,,,,,,,,,,,,,,,,,,,,,,,,,,,,,,,,,,,,,
TLAXCO,29034,483,2010,July,0,,3,0,0,,,0,,,,65,63,96,TLAXCALA,0.677083333333333,35,,,,,,,,,4,0,0,0,0,0,20,0,0,1,0,,,,,,,,,,,,,,,,,,,,,,,,,,,,,,,,,,,,,,,,,,,,,,,,,,,,,,,,,,,,,
TLAXCO,29034,484,2010,July,0,,23,9,0,,,0,,,,1013,975,1506,TLAXCALA,0.672642762284197,178,,,,,,,,,443,0,0,0,0,0,274,0,1,6,41,,,,,,,,,,,,,,,,,,,,,,,,,,,,,,,,,,,,,,,,,,,,,,,,,,,,,,,,,,,,,
TLAXCO,29034,485,2010,July,0,,59,21,0,,,0,,,,367,356,573,TLAXCALA,0.640488656195462,97,,,,,,,,,131,0,0,0,0,0,32,0,3,6,7,,,,,,,,,,,,,,,,,,,,,,,,,,,,,,,,,,,,,,,,,,,,,,,,,,,,,,,,,,,,,
TLAXCO,29034,486,2010,July,0,,66,2,0,,,0,,,,354,340,531,TLAXCALA,0.666666666666667,122,,,,,,,,,60,0,0,0,0,0,66,0,14,4,6,,,,,,,,,,,,,,,,,,,,,,,,,,,,,,,,,,,,,,,,,,,,,,,,,,,,,,,,,,,,,
TLAXCO,29034,487,2010,July,0,,5,3,0,,,0,,,,149,138,525,TLAXCALA,0.283809523809524,56,,,,,,,,,62,0,0,0,0,0,8,1,0,2,1,,,,,,,,,,,,,,,,,,,,,,,,,,,,,,,,,,,,,,,,,,,,,,,,,,,,,,,,,,,,,
TLAXCO,29034,488,2010,July,0,,97,14,0,,,0,,,,695,656,1081,TLAXCALA,0.642923219241443,251,,,,,,,,,180,0,0,0,0,0,91,0,3,11,9,,,,,,,,,,,,,,,,,,,,,,,,,,,,,,,,,,,,,,,,,,,,,,,,,,,,,,,,,,,,,
TLAXCO,29034,489,2010,July,0,,6,0,0,,,0,,,,50,47,97,TLAXCALA,0.515463917525773,16,,,,,,,,,14,0,0,0,0,0,5,0,0,5,1,,,,,,,,,,,,,,,,,,,,,,,,,,,,,,,,,,,,,,,,,,,,,,,,,,,,,,,,,,,,,
TLAXCO,29034,490,2010,July,0,,9,0,0,,,0,,,,117,116,166,TLAXCALA,0.704819277108434,18,,,,,,,,,44,0,0,0,0,0,42,0,0,2,1,,,,,,,,,,,,,,,,,,,,,,,,,,,,,,,,,,,,,,,,,,,,,,,,,,,,,,,,,,,,,
TLAXCO,29034,491,2010,July,0,,240,20,0,,,0,,,,1402,1312,2293,TLAXCALA,0.611426079372002,435,,,,,,,,,341,0,0,0,0,0,188,0,9,62,17,,,,,,,,,,,,,,,,,,,,,,,,,,,,,,,,,,,,,,,,,,,,,,,,,,,,,,,,,,,,,
TLAXCO,29034,492,2010,July,0,,3,0,0,,,0,,,,115,98,230,TLAXCALA,0.5,43,,,,,,,,,0,0,0,0,0,0,22,0,2,28,0,,,,,,,,,,,,,,,,,,,,,,,,,,,,,,,,,,,,,,,,,,,,,,,,,,,,,,,,,,,,,
TLAXCO,29034,493,2010,July,0,,8,4,0,,,0,,,,297,283,442,TLAXCALA,0.671945701357466,130,,,,,,,,,99,0,0,0,0,0,28,0,1,7,6,,,,,,,,,,,,,,,,,,,,,,,,,,,,,,,,,,,,,,,,,,,,,,,,,,,,,,,,,,,,,
TLAXCO,29034,494,2010,July,0,,56,13,0,,,0,,,,475,430,733,TLAXCALA,0.648021828103684,90,,,,,,,,,100,0,0,0,0,0,130,0,19,8,14,,,,,,,,,,,,,,,,,,,,,,,,,,,,,,,,,,,,,,,,,,,,,,,,,,,,,,,,,,,,,
TLAXCO,29034,495,2010,July,0,,33,7,0,,,0,,,,454,437,682,TLAXCALA,0.665689149560117,160,,,,,,,,,94,0,0,0,0,0,125,0,8,3,7,,,,,,,,,,,,,,,,,,,,,,,,,,,,,,,,,,,,,,,,,,,,,,,,,,,,,,,,,,,,,
TLAXCO,29034,496,2010,July,0,,23,9,0,,,0,,,,315,298,515,TLAXCALA,0.611650485436893,140,,,,,,,,,52,0,0,0,0,0,24,0,4,35,11,,,,,,,,,,,,,,,,,,,,,,,,,,,,,,,,,,,,,,,,,,,,,,,,,,,,,,,,,,,,,
TLAXCO,29034,497,2010,July,0,,36,4,0,,,0,,,,288,275,368,TLAXCALA,0.782608695652174,66,,,,,,,,,94,0,0,0,0,0,19,0,4,31,21,,,,,,,,,,,,,,,,,,,,,,,,,,,,,,,,,,,,,,,,,,,,,,,,,,,,,,,,,,,,,
TLAXCO,29034,498,2010,July,0,,15,3,0,,,0,,,,214,205,270,TLAXCALA,0.792592592592593,59,,,,,,,,,54,0,0,0,0,0,50,0,1,18,5,,,,,,,,,,,,,,,,,,,,,,,,,,,,,,,,,,,,,,,,,,,,,,,,,,,,,,,,,,,,,
TLAXCO,29034,499,2010,July,0,,45,2,0,,,0,,,,539,516,695,TLAXCALA,0.775539568345324,162,,,,,,,,,174,0,0,0,0,0,47,0,7,66,13,,,,,,,,,,,,,,,,,,,,,,,,,,,,,,,,,,,,,,,,,,,,,,,,,,,,,,,,,,,,,
TLAXCO,29034,500,2010,July,0,,11,9,0,,,0,,,,320,310,441,TLAXCALA,0.72562358276644,110,,,,,,,,,115,0,0,0,0,0,51,0,3,1,10,,,,,,,,,,,,,,,,,,,,,,,,,,,,,,,,,,,,,,,,,,,,,,,,,,,,,,,,,,,,,
TLAXCO,29034,501,2010,July,0,,17,9,0,,,0,,,,867,837,1216,TLAXCALA,0.712993421052632,369,,,,,,,,,286,0,0,0,0,0,112,0,7,29,8,,,,,,,,,,,,,,,,,,,,,,,,,,,,,,,,,,,,,,,,,,,,,,,,,,,,,,,,,,,,,
TLAXCO,29034,502,2010,July,0,,6,3,0,,,0,,,,234,219,288,TLAXCALA,0.8125,70,,,,,,,,,88,0,0,0,0,0,29,0,4,18,1,,,,,,,,,,,,,,,,,,,,,,,,,,,,,,,,,,,,,,,,,,,,,,,,,,,,,,,,,,,,,
TLAXCO,29034,503,2010,July,0,,6,1,0,,,0,,,,93,89,123,TLAXCALA,0.75609756097561,36,,,,,,,,,35,0,0,0,0,0,8,0,0,2,1,,,,,,,,,,,,,,,,,,,,,,,,,,,,,,,,,,,,,,,,,,,,,,,,,,,,,,,,,,,,,
TLAXCO,29034,504,2010,July,0,,17,0,0,,,0,,,,140,137,170,TLAXCALA,0.823529411764706,69,,,,,,,,,27,0,0,0,0,0,11,0,0,4,9,,,,,,,,,,,,,,,,,,,,,,,,,,,,,,,,,,,,,,,,,,,,,,,,,,,,,,,,,,,,,
TOCATLAN,29035,505,2010,July,446,,208,0,142,,,0,,,,1542,1510,2134,TLAXCALA,0.722586691658857,0,,,,,,,,,114,0,0,0,0,0,430,0,0,0,170,,,,,,,,,,,,,,,,,,,,,,,,,,,,,,,,,,,,,,,,,,,,,,,,,,,,,,,,,,,,,
TOCATLAN,29035,506,2010,July,288,,83,0,50,,,0,,,,744,710,1055,TLAXCALA,0.70521327014218,0,,,,,,,,,70,0,0,0,0,0,163,0,0,0,56,,,,,,,,,,,,,,,,,,,,,,,,,,,,,,,,,,,,,,,,,,,,,,,,,,,,,,,,,,,,,
TOCATLAN,29035,507,2010,July,108,,64,0,18,,,0,,,,411,394,549,TLAXCALA,0.748633879781421,0,,,,,,,,,37,0,0,0,0,0,116,0,0,0,51,,,,,,,,,,,,,,,,,,,,,,,,,,,,,,,,,,,,,,,,,,,,,,,,,,,,,,,,,,,,,
TOTOLAC,29036,508,2010,July,134,,81,41,23,,,0,,,,521,504,745,TLAXCALA,0.699328859060403,0,,,,,,,,,86,0,0,0,0,0,63,0,62,14,0,,,,,,,,,,,,,,,,,,,,,,,,,,,,,,,,,,,,,,,,,,,,,,,,,,,,,,,,,,,,,
TOTOLAC,29036,509,2010,July,225,,109,59,27,,,0,,,,716,685,1026,TLAXCALA,0.697855750487329,0,,,,,,,,,92,0,0,0,0,0,85,0,71,17,0,,,,,,,,,,,,,,,,,,,,,,,,,,,,,,,,,,,,,,,,,,,,,,,,,,,,,,,,,,,,,
TOTOLAC,29036,510,2010,July,163,,37,63,15,,,0,,,,592,564,956,TLAXCALA,0.619246861924686,0,,,,,,,,,158,0,0,0,0,0,68,0,40,20,0,,,,,,,,,,,,,,,,,,,,,,,,,,,,,,,,,,,,,,,,,,,,,,,,,,,,,,,,,,,,,
TOTOLAC,29036,511,2010,July,152,,35,57,15,,,0,,,,518,484,780,TLAXCALA,0.664102564102564,0,,,,,,,,,116,0,0,0,0,0,74,0,18,17,0,,,,,,,,,,,,,,,,,,,,,,,,,,,,,,,,,,,,,,,,,,,,,,,,,,,,,,,,,,,,,
TOTOLAC,29036,512,2010,July,181,,119,101,27,,,0,,,,893,865,1384,TLAXCALA,0.645231213872832,0,,,,,,,,,201,0,0,0,0,0,129,0,78,29,0,,,,,,,,,,,,,,,,,,,,,,,,,,,,,,,,,,,,,,,,,,,,,,,,,,,,,,,,,,,,,
TOTOLAC,29036,513,2010,July,301,,162,157,52,,,0,,,,1321,1249,2063,TLAXCALA,0.64032961706253,0,,,,,,,,,343,0,0,0,0,0,156,0,58,20,0,,,,,,,,,,,,,,,,,,,,,,,,,,,,,,,,,,,,,,,,,,,,,,,,,,,,,,,,,,,,,
TOTOLAC,29036,514,2010,July,236,,161,87,24,,,0,,,,796,769,1277,TLAXCALA,0.623335943617854,0,,,,,,,,,164,0,0,0,0,0,72,0,14,11,0,,,,,,,,,,,,,,,,,,,,,,,,,,,,,,,,,,,,,,,,,,,,,,,,,,,,,,,,,,,,,
TOTOLAC,29036,515,2010,July,341,,114,164,49,,,0,,,,1249,1227,1736,TLAXCALA,0.719470046082949,0,,,,,,,,,346,0,0,0,0,0,193,0,11,9,0,,,,,,,,,,,,,,,,,,,,,,,,,,,,,,,,,,,,,,,,,,,,,,,,,,,,,,,,,,,,,
TOTOLAC,29036,516,2010,July,273,,75,238,32,,,0,,,,1185,1155,1688,TLAXCALA,0.702014218009479,0,,,,,,,,,395,0,0,0,0,0,130,0,7,5,0,,,,,,,,,,,,,,,,,,,,,,,,,,,,,,,,,,,,,,,,,,,,,,,,,,,,,,,,,,,,,
TOTOLAC,29036,517,2010,July,175,,37,194,24,,,0,,,,734,717,1124,TLAXCALA,0.653024911032028,0,,,,,,,,,185,0,0,0,0,0,89,0,3,10,0,,,,,,,,,,,,,,,,,,,,,,,,,,,,,,,,,,,,,,,,,,,,,,,,,,,,,,,,,,,,,
TOTOLAC,29036,518,2010,July,215,,28,226,6,,,0,,,,747,734,1031,TLAXCALA,0.724539282250242,0,,,,,,,,,158,0,0,0,0,0,64,0,7,30,0,,,,,,,,,,,,,,,,,,,,,,,,,,,,,,,,,,,,,,,,,,,,,,,,,,,,,,,,,,,,,
TOTOLAC,29036,519,2010,July,151,,121,35,4,,,0,,,,433,419,668,TLAXCALA,0.648203592814371,0,,,,,,,,,82,0,0,0,0,0,21,0,4,1,0,,,,,,,,,,,,,,,,,,,,,,,,,,,,,,,,,,,,,,,,,,,,,,,,,,,,,,,,,,,,,
TZOMPANTEPEC,29038,527,2010,July,243,,121,174,76,,,0,,,,1540,1464,2887,TLAXCALA,0.533425701420159,0,,,,,,,,,163,0,0,0,0,0,476,37,119,23,32,,,,,,,,,,,,,,,,,,,,,,,,,,,,,,,,,,,,,,,,,,,,,,,,,,,,,,,,,,,,,
TZOMPANTEPEC,29038,528,2010,July,226,,98,113,50,,,0,,,,1508,1431,2555,TLAXCALA,0.590215264187867,0,,,,,,,,,187,0,0,0,0,0,530,38,133,12,44,,,,,,,,,,,,,,,,,,,,,,,,,,,,,,,,,,,,,,,,,,,,,,,,,,,,,,,,,,,,,
TZOMPANTEPEC,29038,529,2010,July,253,,64,35,27,,,0,,,,976,935,1323,TLAXCALA,0.737717309145881,0,,,,,,,,,219,0,0,0,0,0,13,43,252,10,19,,,,,,,,,,,,,,,,,,,,,,,,,,,,,,,,,,,,,,,,,,,,,,,,,,,,,,,,,,,,,
TZOMPANTEPEC,29038,530,2010,July,119,,48,16,116,,,0,,,,647,605,975,TLAXCALA,0.663589743589744,0,,,,,,,,,100,0,0,0,0,0,10,26,115,10,45,,,,,,,,,,,,,,,,,,,,,,,,,,,,,,,,,,,,,,,,,,,,,,,,,,,,,,,,,,,,,
TZOMPANTEPEC,29038,536,2010,July,97,,7,32,40,,,0,,,,442,424,555,TLAXCALA,0.796396396396396,0,,,,,,,,,65,0,0,0,0,0,36,1,91,8,47,,,,,,,,,,,,,,,,,,,,,,,,,,,,,,,,,,,,,,,,,,,,,,,,,,,,,,,,,,,,,
TZOMPANTEPEC,29038,537,2010,July,46,,17,10,3,,,0,,,,179,170,252,TLAXCALA,0.71031746031746,0,,,,,,,,,53,0,0,0,0,0,9,2,19,0,11,,,,,,,,,,,,,,,,,,,,,,,,,,,,,,,,,,,,,,,,,,,,,,,,,,,,,,,,,,,,,
XALOZTOC,29039,538,2010,July,0,,131,0,0,,,0,,,,1248,1178,1770,TLAXCALA,0.705084745762712,197,,,,,,,,,169,0,0,0,0,66,106,15,185,0,309,,,,,,,,,,,,,,,,,,,,,,,,,,,,,,,,,,,,,,,,,,,,,,,,,,,,,,,,,,,,,
XALOZTOC,29039,539,2010,July,0,,201,0,0,,,0,,,,1261,1232,1816,TLAXCALA,0.694383259911894,206,,,,,,,,,139,0,0,0,0,124,108,15,220,0,219,,,,,,,,,,,,,,,,,,,,,,,,,,,,,,,,,,,,,,,,,,,,,,,,,,,,,,,,,,,,,
XALOZTOC,29039,540,2010,July,0,,437,0,0,,,0,,,,1709,1648,2652,TLAXCALA,0.644419306184012,230,,,,,,,,,181,0,0,0,0,62,101,30,286,0,321,,,,,,,,,,,,,,,,,,,,,,,,,,,,,,,,,,,,,,,,,,,,,,,,,,,,,,,,,,,,,
XALOZTOC,29039,541,2010,July,0,,210,0,0,,,0,,,,1444,1410,2393,TLAXCALA,0.60342666109486,312,,,,,,,,,202,0,0,0,0,75,160,36,204,0,211,,,,,,,,,,,,,,,,,,,,,,,,,,,,,,,,,,,,,,,,,,,,,,,,,,,,,,,,,,,,,
XALOZTOC,29039,542,2010,July,0,,181,0,0,,,0,,,,1362,1301,2079,TLAXCALA,0.655122655122655,213,,,,,,,,,185,0,0,0,0,27,60,39,290,0,306,,,,,,,,,,,,,,,,,,,,,,,,,,,,,,,,,,,,,,,,,,,,,,,,,,,,,,,,,,,,,
XALOZTOC,29039,543,2010,July,0,,189,0,0,,,0,,,,1184,1125,1855,TLAXCALA,0.638274932614555,191,,,,,,,,,139,0,0,0,0,30,41,18,111,0,406,,,,,,,,,,,,,,,,,,,,,,,,,,,,,,,,,,,,,,,,,,,,,,,,,,,,,,,,,,,,,
XALOZTOC,29039,544,2010,July,0,,81,0,0,,,0,,,,403,376,531,TLAXCALA,0.75894538606403,76,,,,,,,,,48,0,0,0,0,12,10,9,47,0,93,,,,,,,,,,,,,,,,,,,,,,,,,,,,,,,,,,,,,,,,,,,,,,,,,,,,,,,,,,,,,
XALOZTOC,29039,545,2010,July,0,,16,0,0,,,0,,,,273,263,370,TLAXCALA,0.737837837837838,77,,,,,,,,,36,0,0,0,0,10,11,7,46,0,60,,,,,,,,,,,,,,,,,,,,,,,,,,,,,,,,,,,,,,,,,,,,,,,,,,,,,,,,,,,,,
XALOZTOC,29039,546,2010,July,0,,93,0,0,,,0,,,,471,434,617,TLAXCALA,0.763371150729336,48,,,,,,,,,83,0,0,0,0,15,19,7,61,0,108,,,,,,,,,,,,,,,,,,,,,,,,,,,,,,,,,,,,,,,,,,,,,,,,,,,,,,,,,,,,,
XALTOCAN,29040,547,2010,July,0,,73,0,0,,,119,,,,583,562,930,TLAXCALA,0.626881720430108,159,,,,,,,,,185,0,0,0,0,0,26,0,0,0,0,,,,,,,,,,,,,,,,,,,,,,,,,,,,,,,,,,,,,,,,,,,,,,,,,,,,,,,,,,,,,
XALTOCAN,29040,548,2010,July,0,,111,0,0,,,240,,,,1173,1150,1762,TLAXCALA,0.66572077185017,219,,,,,,,,,434,0,0,0,0,0,146,0,0,0,0,,,,,,,,,,,,,,,,,,,,,,,,,,,,,,,,,,,,,,,,,,,,,,,,,,,,,,,,,,,,,
XALTOCAN,29040,549,2010,July,0,,50,0,0,,,153,,,,765,736,1242,TLAXCALA,0.615942028985507,195,,,,,,,,,200,0,0,0,0,0,138,0,0,0,0,,,,,,,,,,,,,,,,,,,,,,,,,,,,,,,,,,,,,,,,,,,,,,,,,,,,,,,,,,,,,
XALTOCAN,29040,550,2010,July,0,,29,0,0,,,169,,,,497,483,807,TLAXCALA,0.615861214374226,150,,,,,,,,,102,0,0,0,0,0,33,0,0,0,0,,,,,,,,,,,,,,,,,,,,,,,,,,,,,,,,,,,,,,,,,,,,,,,,,,,,,,,,,,,,,
XALTOCAN,29040,553,2010,July,0,,12,0,0,,,55,,,,186,180,253,TLAXCALA,0.735177865612648,79,,,,,,,,,14,0,0,0,0,0,20,0,0,0,0,,,,,,,,,,,,,,,,,,,,,,,,,,,,,,,,,,,,,,,,,,,,,,,,,,,,,,,,,,,,,
XALTOCAN,29040,554,2010,July,0,,3,0,0,,,21,,,,107,103,154,TLAXCALA,0.694805194805195,47,,,,,,,,,23,0,0,0,0,0,9,0,0,0,0,,,,,,,,,,,,,,,,,,,,,,,,,,,,,,,,,,,,,,,,,,,,,,,,,,,,,,,,,,,,,
XALTOCAN,29040,555,2010,July,0,,8,0,0,,,133,,,,452,434,631,TLAXCALA,0.716323296354992,124,,,,,,,,,137,0,0,0,0,0,32,0,0,0,0,,,,,,,,,,,,,,,,,,,,,,,,,,,,,,,,,,,,,,,,,,,,,,,,,,,,,,,,,,,,,
XALTOCAN,29040,556,2010,July,0,,23,0,0,,,182,,,,422,403,631,TLAXCALA,0.66877971473851,55,,,,,,,,,113,0,0,0,0,0,30,0,0,0,0,,,,,,,,,,,,,,,,,,,,,,,,,,,,,,,,,,,,,,,,,,,,,,,,,,,,,,,,,,,,,
XALTOCAN,29040,557,2010,July,0,,17,0,0,,,89,,,,406,384,624,TLAXCALA,0.650641025641026,134,,,,,,,,,114,0,0,0,0,0,30,0,0,0,0,,,,,,,,,,,,,,,,,,,,,,,,,,,,,,,,,,,,,,,,,,,,,,,,,,,,,,,,,,,,,
XICOHTZINCO,29042,570,2010,July,0,,0,0,0,,,71,,,,1460,1413,2381,TLAXCALA,0.613187736245275,304,,,,,,,,,181,0,0,0,205,0,221,0,166,0,265,,,,,,,,,,,,,,,,,,,,,,,,,,,,,,,,,,,,,,,,,,,,,,,,,,,,,,,,,,,,,
XICOHTZINCO,29042,571,2010,July,0,,0,0,0,,,57,,,,1030,982,1614,TLAXCALA,0.63816604708798,166,,,,,,,,,81,0,0,0,164,0,177,0,94,0,243,,,,,,,,,,,,,,,,,,,,,,,,,,,,,,,,,,,,,,,,,,,,,,,,,,,,,,,,,,,,,
XICOHTZINCO,29042,572,2010,July,0,,0,0,0,,,47,,,,892,882,1418,TLAXCALA,0.629055007052186,231,,,,,,,,,109,0,0,0,149,0,127,0,92,0,127,,,,,,,,,,,,,,,,,,,,,,,,,,,,,,,,,,,,,,,,,,,,,,,,,,,,,,,,,,,,,
XICOHTZINCO,29042,573,2010,July,0,,0,0,0,,,55,,,,1155,1108,1842,TLAXCALA,0.627035830618893,289,,,,,,,,,124,0,0,0,139,0,162,0,101,0,238,,,,,,,,,,,,,,,,,,,,,,,,,,,,,,,,,,,,,,,,,,,,,,,,,,,,,,,,,,,,,
XICOHTZINCO,29042,574,2010,July,0,,0,0,0,,,140,,,,1360,1330,2107,TLAXCALA,0.64546748932131,306,,,,,,,,,112,0,0,0,234,0,262,0,94,0,182,,,,,,,,,,,,,,,,,,,,,,,,,,,,,,,,,,,,,,,,,,,,,,,,,,,,,,,,,,,,,
YAUHQUEMEHCAN,29043,575,2010,July,465,,168,25,58,,,26,,,,1149,1114,1786,TLAXCALA,0.643337066069429,0,,,,,,,,,279,0,0,0,0,0,32,56,5,0,0,,,,,,,,,,,,,,,,,,,,,,,,,,,,,,,,,,,,,,,,,,,,,,,,,,,,,,,,,,,,,
YAUHQUEMEHCAN,29043,576,2010,July,410,,157,32,39,,,6,,,,955,932,1474,TLAXCALA,0.647896879240163,0,,,,,,,,,212,0,0,0,0,0,34,41,1,0,0,,,,,,,,,,,,,,,,,,,,,,,,,,,,,,,,,,,,,,,,,,,,,,,,,,,,,,,,,,,,,
YAUHQUEMEHCAN,29043,577,2010,July,201,,34,30,27,,,11,,,,411,385,549,TLAXCALA,0.748633879781421,0,,,,,,,,,54,0,0,0,0,0,3,21,4,0,0,,,,,,,,,,,,,,,,,,,,,,,,,,,,,,,,,,,,,,,,,,,,,,,,,,,,,,,,,,,,,
YAUHQUEMEHCAN,29043,578,2010,July,247,,128,6,48,,,2,,,,601,577,855,TLAXCALA,0.702923976608187,0,,,,,,,,,78,0,0,0,0,0,5,63,0,0,0,,,,,,,,,,,,,,,,,,,,,,,,,,,,,,,,,,,,,,,,,,,,,,,,,,,,,,,,,,,,,
YAUHQUEMEHCAN,29043,579,2010,July,311,,188,26,35,,,7,,,,796,761,1142,TLAXCALA,0.697022767075307,0,,,,,,,,,161,0,0,0,0,0,13,19,1,0,0,,,,,,,,,,,,,,,,,,,,,,,,,,,,,,,,,,,,,,,,,,,,,,,,,,,,,,,,,,,,,
YAUHQUEMEHCAN,29043,580,2010,July,177,,78,34,32,,,25,,,,738,710,1323,TLAXCALA,0.557823129251701,0,,,,,,,,,329,0,0,0,0,0,16,11,3,0,5,,,,,,,,,,,,,,,,,,,,,,,,,,,,,,,,,,,,,,,,,,,,,,,,,,,,,,,,,,,,,
YAUHQUEMEHCAN,29043,581,2010,July,313,,85,40,63,,,48,,,,1067,1014,1923,TLAXCALA,0.55486219448778,0,,,,,,,,,400,0,0,0,0,0,40,18,7,0,0,,,,,,,,,,,,,,,,,,,,,,,,,,,,,,,,,,,,,,,,,,,,,,,,,,,,,,,,,,,,,
YAUHQUEMEHCAN,29043,582,2010,July,446,,195,76,73,,,43,,,,1857,1813,3257,TLAXCALA,0.570156585815167,0,,,,,,,,,925,0,0,0,0,0,34,12,9,0,0,,,,,,,,,,,,,,,,,,,,,,,,,,,,,,,,,,,,,,,,,,,,,,,,,,,,,,,,,,,,,
YAUHQUEMEHCAN,29043,583,2010,July,231,,119,13,57,,,30,,,,1055,999,2134,TLAXCALA,0.494376757263355,0,,,,,,,,,453,0,0,0,0,0,46,35,15,0,0,,,,,,,,,,,,,,,,,,,,,,,,,,,,,,,,,,,,,,,,,,,,,,,,,,,,,,,,,,,,,
YAUHQUEMEHCAN,29043,584,2010,July,120,,81,27,14,,,8,,,,530,508,820,TLAXCALA,0.646341463414634,0,,,,,,,,,198,0,0,0,0,0,27,29,4,0,0,,,,,,,,,,,,,,,,,,,,,,,,,,,,,,,,,,,,,,,,,,,,,,,,,,,,,,,,,,,,,
YAUHQUEMEHCAN,29043,585,2010,July,648,,258,61,147,,,17,,,,1409,1372,2246,TLAXCALA,0.627337488869101,0,,,,,,,,,211,0,0,0,0,0,10,20,0,0,0,,,,,,,,,,,,,,,,,,,,,,,,,,,,,,,,,,,,,,,,,,,,,,,,,,,,,,,,,,,,,
ZACATELCO,29044,588,2010,July,0,,31,0,0,,,0,,,,670,641,1067,TLAXCALA,0.627928772258669,189,,,,,,,,,281,0,0,0,0,32,35,0,33,0,40,,,,,,,,,,,,,,,,,,,,,,,,,,,,,,,,,,,,,,,,,,,,,,,,,,,,,,,,,,,,,
ZACATELCO,29044,589,2010,July,0,,44,0,0,,,0,,,,972,941,1697,TLAXCALA,0.572775486152033,311,,,,,,,,,381,0,0,0,0,74,34,0,39,0,58,,,,,,,,,,,,,,,,,,,,,,,,,,,,,,,,,,,,,,,,,,,,,,,,,,,,,,,,,,,,,
ZACATELCO,29044,590,2010,July,0,,46,0,0,,,0,,,,1516,1457,2690,TLAXCALA,0.563568773234201,470,,,,,,,,,531,0,0,0,0,85,96,2,100,0,127,,,,,,,,,,,,,,,,,,,,,,,,,,,,,,,,,,,,,,,,,,,,,,,,,,,,,,,,,,,,,
ZACATELCO,29044,591,2010,July,0,,58,0,0,,,0,,,,1458,1430,2423,TLAXCALA,0.601733388361535,543,,,,,,,,,450,0,0,0,0,67,117,0,82,0,113,,,,,,,,,,,,,,,,,,,,,,,,,,,,,,,,,,,,,,,,,,,,,,,,,,,,,,,,,,,,,
ZACATELCO,29044,592,2010,July,0,,107,0,0,,,0,,,,1496,1447,2773,TLAXCALA,0.53948791922106,525,,,,,,,,,443,0,0,0,0,103,87,0,80,0,102,,,,,,,,,,,,,,,,,,,,,,,,,,,,,,,,,,,,,,,,,,,,,,,,,,,,,,,,,,,,,
ZACATELCO,29044,593,2010,July,0,,63,0,0,,,0,,,,1296,1252,2353,TLAXCALA,0.550786230344241,499,,,,,,,,,418,0,0,0,0,59,70,0,72,0,71,,,,,,,,,,,,,,,,,,,,,,,,,,,,,,,,,,,,,,,,,,,,,,,,,,,,,,,,,,,,,
ZACATELCO,29044,594,2010,July,0,,40,0,0,,,0,,,,948,914,1615,TLAXCALA,0.586996904024768,284,,,,,,,,,327,0,0,0,0,71,77,0,50,0,65,,,,,,,,,,,,,,,,,,,,,,,,,,,,,,,,,,,,,,,,,,,,,,,,,,,,,,,,,,,,,
ZACATELCO,29044,595,2010,July,0,,46,0,0,,,0,,,,1154,1120,2010,TLAXCALA,0.574129353233831,395,,,,,,,,,359,0,0,0,0,86,77,0,64,0,93,,,,,,,,,,,,,,,,,,,,,,,,,,,,,,,,,,,,,,,,,,,,,,,,,,,,,,,,,,,,,
ZACATELCO,29044,596,2010,July,0,,24,0,0,,,0,,,,785,754,1187,TLAXCALA,0.661331086773378,239,,,,,,,,,288,0,0,0,0,47,57,0,65,0,34,,,,,,,,,,,,,,,,,,,,,,,,,,,,,,,,,,,,,,,,,,,,,,,,,,,,,,,,,,,,,
ZACATELCO,29044,597,2010,July,0,,37,0,0,,,0,,,,998,942,1592,TLAXCALA,0.626884422110553,318,,,,,,,,,286,0,0,0,0,83,53,0,98,0,67,,,,,,,,,,,,,,,,,,,,,,,,,,,,,,,,,,,,,,,,,,,,,,,,,,,,,,,,,,,,,
ZACATELCO,29044,598,2010,July,0,,46,0,0,,,0,,,,1044,1010,1792,TLAXCALA,0.582589285714286,361,,,,,,,,,336,0,0,0,0,77,61,0,83,0,46,,,,,,,,,,,,,,,,,,,,,,,,,,,,,,,,,,,,,,,,,,,,,,,,,,,,,,,,,,,,,
ZACATELCO,29044,599,2010,July,0,,43,0,0,,,0,,,,1196,1145,2130,TLAXCALA,0.56150234741784,455,,,,,,,,,301,0,0,0,0,111,84,0,117,0,34,,,,,,,,,,,,,,,,,,,,,,,,,,,,,,,,,,,,,,,,,,,,,,,,,,,,,,,,,,,,,
ZACATELCO,29044,600,2010,July,0,,99,0,0,,,0,,,,1541,1473,2468,TLAXCALA,0.624392220421394,546,,,,,,,,,446,0,0,0,0,74,169,0,81,0,58,,,,,,,,,,,,,,,,,,,,,,,,,,,,,,,,,,,,,,,,,,,,,,,,,,,,,,,,,,,,,
ZACATELCO,29044,601,2010,July,0,,54,0,0,,,0,,,,1461,1418,2300,TLAXCALA,0.635217391304348,547,,,,,,,,,399,0,0,0,0,83,178,0,104,0,53,,,,,,,,,,,,,,,,,,,,,,,,,,,,,,,,,,,,,,,,,,,,,,,,,,,,,,,,,,,,,
ZITLALTEPEC DE TRINIDAD SANCHEZ SANTOS,29037,520,2010,July,0,,46,208,0,,,29,,,,882,836,1411,TLAXCALA,0.625088589652729,288,,,,,,,,,167,0,0,0,0,0,49,37,0,12,0,,,,,,,,,,,,,,,,,,,,,,,,,,,,,,,,,,,,,,,,,,,,,,,,,,,,,,,,,,,,,
ZITLALTEPEC DE TRINIDAD SANCHEZ SANTOS,29037,521,2010,July,0,,54,172,0,,,20,,,,649,604,1055,TLAXCALA,0.615165876777251,181,,,,,,,,,140,0,0,0,0,0,27,5,0,5,0,,,,,,,,,,,,,,,,,,,,,,,,,,,,,,,,,,,,,,,,,,,,,,,,,,,,,,,,,,,,,
ZITLALTEPEC DE TRINIDAD SANCHEZ SANTOS,29037,522,2010,July,0,,77,198,0,,,11,,,,734,684,1311,TLAXCALA,0.559877955758963,139,,,,,,,,,185,0,0,0,0,0,32,27,0,15,0,,,,,,,,,,,,,,,,,,,,,,,,,,,,,,,,,,,,,,,,,,,,,,,,,,,,,,,,,,,,,
ZITLALTEPEC DE TRINIDAD SANCHEZ SANTOS,29037,523,2010,July,0,,132,170,0,,,24,,,,721,705,1339,TLAXCALA,0.538461538461538,149,,,,,,,,,158,0,0,0,0,0,42,18,0,12,0,,,,,,,,,,,,,,,,,,,,,,,,,,,,,,,,,,,,,,,,,,,,,,,,,,,,,,,,,,,,,
ZITLALTEPEC DE TRINIDAD SANCHEZ SANTOS,29037,524,2010,July,0,,42,22,0,,,24,,,,381,336,493,TLAXCALA,0.772819472616633,89,,,,,,,,,137,0,0,0,0,0,16,2,0,4,0,,,,,,,,,,,,,,,,,,,,,,,,,,,,,,,,,,,,,,,,,,,,,,,,,,,,,,,,,,,,,
ZITLALTEPEC DE TRINIDAD SANCHEZ SANTOS,29037,525,2010,July,0,,28,92,0,,,47,,,,536,536,777,TLAXCALA,0.68983268983269,169,,,,,,,,,162,0,0,0,0,0,5,27,0,6,0,,,,,,,,,,,,,,,,,,,,,,,,,,,,,,,,,,,,,,,,,,,,,,,,,,,,,,,,,,,,,
ZITLALTEPEC DE TRINIDAD SANCHEZ SANTOS,29037,526,2010,July,0,,2,2,0,,,38,,,,115,111,175,TLAXCALA,0.657142857142857,37,,,,,,,,,32,0,0,0,0,0,0,0,0,0,0,,,,,,,,,,,,,,,,,,,,,,,,,,,,,,,,,,,,,,,,,,,,,,,,,,,,,,,,,,,,,
ACUAMANALA DE MIGUEL HIDALGO,29022,309,2013,July,92,235,127,0,71,,,,,,,927,905,1171,TLAXCALA,0.791631084543126,0,,,,,0,0,0,,,,,,0,,,0,,,,0,135,22,0,245,,,,,,,,,,,,,,,,,,,,,,,,,,,,,,,,,,,,,,,,,,,,,,,,,,,,,,,,
ACUAMANALA DE MIGUEL HIDALGO,29022,310,2013,July,97,225,168,0,58,,,,,,,979,956,1201,TLAXCALA,0.815154038301415,0,,,,,0,0,0,,,,,,0,,,0,,,,0,229,23,0,179,,,,,,,,,,,,,,,,,,,,,,,,,,,,,,,,,,,,,,,,,,,,,,,,,,,,,,,,
ACUAMANALA DE MIGUEL HIDALGO,29022,311,2013,July,152,173,92,0,45,,,,,,,886,879,1046,TLAXCALA,0.847036328871893,0,,,,,0,0,0,,,,,,0,,,0,,,,0,283,7,0,134,,,,,,,,,,,,,,,,,,,,,,,,,,,,,,,,,,,,,,,,,,,,,,,,,,,,,,,,
ACUAMANALA DE MIGUEL HIDALGO,29022,312,2013,July,25,102,92,0,49,,,,,,,439,439,598,TLAXCALA,0.734113712374582,0,,,,,0,0,0,,,,,,0,,,0,,,,0,86,0,0,85,,,,,,,,,,,,,,,,,,,,,,,,,,,,,,,,,,,,,,,,,,,,,,,,,,,,,,,,
AMAXAC DE GUERRERO,29001,1,2013,July,0,0,0,17,0,,,,,,,679,119,962,TLAXCALA,0.705821205821206,0,,,,,0,47,0,,,,,,0,,,55,,,,0,0,24,0,0,,,,,,,,,,,,,,,,,,,,,,,,,,,,,,,,,,,,,,,,,,,,,,,,,,,,,,,,
AMAXAC DE GUERRERO,29001,2,2013,July,0,0,0,55,0,,,,,,,1879,356,2807,TLAXCALA,0.669397933737086,0,,,,,0,170,0,,,,,,0,,,131,,,,0,0,52,0,0,,,,,,,,,,,,,,,,,,,,,,,,,,,,,,,,,,,,,,,,,,,,,,,,,,,,,,,,
AMAXAC DE GUERRERO,29001,3,2013,July,0,0,0,102,0,,,,,,,1782,362,2627,TLAXCALA,0.678340312143129,0,,,,,0,130,0,,,,,,0,,,130,,,,0,0,52,0,0,,,,,,,,,,,,,,,,,,,,,,,,,,,,,,,,,,,,,,,,,,,,,,,,,,,,,,,,
AMAXAC DE GUERRERO,29001,4,2013,July,0,0,0,69,0,,,,,,,482,122,560,TLAXCALA,0.860714285714286,0,,,,,0,24,0,,,,,,0,,,29,,,,0,0,36,0,0,,,,,,,,,,,,,,,,,,,,,,,,,,,,,,,,,,,,,,,,,,,,,,,,,,,,,,,,
APETATITLAN DE ANTONIO CARVAJAL,29002,5,2013,July,0,0,0,299,0,,,,,,,1564,613,2177,TLAXCALA,0.718419843821773,0,,,,,0,137,0,,,,,,0,,,154,,,,0,23,36,0,0,,,,,,,,,,,,,,,,,,,,,,,,,,,,,,,,,,,,,,,,,,,,,,,,,,,,,,,,
APETATITLAN DE ANTONIO CARVAJAL,29002,6,2013,July,0,0,0,25,0,,,,,,,509,105,798,TLAXCALA,0.637844611528822,0,,,,,0,31,0,,,,,,0,,,43,,,,0,6,10,0,0,,,,,,,,,,,,,,,,,,,,,,,,,,,,,,,,,,,,,,,,,,,,,,,,,,,,,,,,
APETATITLAN DE ANTONIO CARVAJAL,29002,7,2013,July,0,0,0,2,0,,,,,,,188,42,299,TLAXCALA,0.62876254180602,0,,,,,0,27,0,,,,,,0,,,12,,,,0,1,3,0,0,,,,,,,,,,,,,,,,,,,,,,,,,,,,,,,,,,,,,,,,,,,,,,,,,,,,,,,,
APETATITLAN DE ANTONIO CARVAJAL,29002,8,2013,July,0,0,0,51,0,,,,,,,1283,260,1955,TLAXCALA,0.656265984654731,0,,,,,0,120,0,,,,,,0,,,74,,,,0,15,38,0,0,,,,,,,,,,,,,,,,,,,,,,,,,,,,,,,,,,,,,,,,,,,,,,,,,,,,,,,,
APETATITLAN DE ANTONIO CARVAJAL,29002,9,2013,July,0,0,0,116,0,,,,,,,1477,494,2041,TLAXCALA,0.723664870161685,0,,,,,0,69,0,,,,,,0,,,303,,,,0,6,39,0,0,,,,,,,,,,,,,,,,,,,,,,,,,,,,,,,,,,,,,,,,,,,,,,,,,,,,,,,,
APETATITLAN DE ANTONIO CARVAJAL,29002,10,2013,July,0,0,0,87,0,,,,,,,1641,985,2248,TLAXCALA,0.729982206405694,0,,,,,0,38,0,,,,,,0,,,832,,,,0,28,39,0,0,,,,,,,,,,,,,,,,,,,,,,,,,,,,,,,,,,,,,,,,,,,,,,,,,,,,,,,,
APETATITLAN DE ANTONIO CARVAJAL,29002,11,2013,July,0,0,0,24,0,,,,,,,552,103,709,TLAXCALA,0.778561354019746,0,,,,,0,19,0,,,,,,0,,,58,,,,0,2,7,0,0,,,,,,,,,,,,,,,,,,,,,,,,,,,,,,,,,,,,,,,,,,,,,,,,,,,,,,,,
APIZACO,29005,12,2013,July,167,184,0,0,21,,,,,,,601,582,1163,TLAXCALA,0.51676698194325,0,,,,,0,0,30,,,,,,142,,,29,,,,0,9,19,0,0,,,,,,,,,,,,,,,,,,,,,,,,,,,,,,,,,,,,,,,,,,,,,,,,,,,,,,,,
APIZACO,29005,13,2013,July,302,384,0,0,90,,,,,,,1324,1282,1990,TLAXCALA,0.665326633165829,0,,,,,0,0,43,,,,,,282,,,131,,,,0,50,42,0,0,,,,,,,,,,,,,,,,,,,,,,,,,,,,,,,,,,,,,,,,,,,,,,,,,,,,,,,,
APIZACO,29005,14,2013,July,571,565,0,0,205,,,,,,,2123,2084,3712,TLAXCALA,0.571928879310345,0,,,,,0,0,58,,,,,,401,,,240,,,,0,44,39,0,0,,,,,,,,,,,,,,,,,,,,,,,,,,,,,,,,,,,,,,,,,,,,,,,,,,,,,,,,
APIZACO,29005,15,2013,July,205,242,0,0,56,,,,,,,804,776,1482,TLAXCALA,0.54251012145749,0,,,,,0,0,25,,,,,,173,,,50,,,,0,25,28,0,0,,,,,,,,,,,,,,,,,,,,,,,,,,,,,,,,,,,,,,,,,,,,,,,,,,,,,,,,
APIZACO,29005,16,2013,July,134,222,0,0,83,,,,,,,859,719,1556,TLAXCALA,0.552056555269923,0,,,,,0,0,30,,,,,,157,,,67,,,,0,26,140,0,0,,,,,,,,,,,,,,,,,,,,,,,,,,,,,,,,,,,,,,,,,,,,,,,,,,,,,,,,
APIZACO,29005,17,2013,July,268,208,0,0,49,,,,,,,806,779,1440,TLAXCALA,0.559722222222222,0,,,,,0,0,36,,,,,,170,,,40,,,,0,8,27,0,0,,,,,,,,,,,,,,,,,,,,,,,,,,,,,,,,,,,,,,,,,,,,,,,,,,,,,,,,
APIZACO,29005,18,2013,July,252,185,0,0,35,,,,,,,740,716,1204,TLAXCALA,0.614617940199336,0,,,,,0,0,30,,,,,,160,,,41,,,,0,13,24,0,0,,,,,,,,,,,,,,,,,,,,,,,,,,,,,,,,,,,,,,,,,,,,,,,,,,,,,,,,
APIZACO,29005,19,2013,July,190,243,0,0,47,,,,,,,715,696,1226,TLAXCALA,0.583197389885808,0,,,,,0,0,20,,,,,,151,,,35,,,,0,10,19,0,0,,,,,,,,,,,,,,,,,,,,,,,,,,,,,,,,,,,,,,,,,,,,,,,,,,,,,,,,
APIZACO,29005,20,2013,July,98,160,0,0,19,,,,,,,414,403,772,TLAXCALA,0.536269430051814,0,,,,,0,0,16,,,,,,71,,,30,,,,0,9,11,0,0,,,,,,,,,,,,,,,,,,,,,,,,,,,,,,,,,,,,,,,,,,,,,,,,,,,,,,,,
APIZACO,29005,21,2013,July,62,78,0,0,12,,,,,,,233,232,372,TLAXCALA,0.626344086021505,0,,,,,0,0,12,,,,,,33,,,22,,,,0,13,1,0,0,,,,,,,,,,,,,,,,,,,,,,,,,,,,,,,,,,,,,,,,,,,,,,,,,,,,,,,,
APIZACO,29005,22,2013,July,258,232,0,0,37,,,,,,,825,798,1452,TLAXCALA,0.568181818181818,0,,,,,0,0,27,,,,,,162,,,54,,,,0,28,27,0,0,,,,,,,,,,,,,,,,,,,,,,,,,,,,,,,,,,,,,,,,,,,,,,,,,,,,,,,,
APIZACO,29005,23,2013,July,132,106,0,0,12,,,,,,,428,413,788,TLAXCALA,0.543147208121827,0,,,,,0,0,15,,,,,,120,,,21,,,,0,7,15,0,0,,,,,,,,,,,,,,,,,,,,,,,,,,,,,,,,,,,,,,,,,,,,,,,,,,,,,,,,
APIZACO,29005,24,2013,July,143,109,0,0,12,,,,,,,487,474,924,TLAXCALA,0.527056277056277,0,,,,,0,0,20,,,,,,136,,,39,,,,0,15,13,0,0,,,,,,,,,,,,,,,,,,,,,,,,,,,,,,,,,,,,,,,,,,,,,,,,,,,,,,,,
APIZACO,29005,25,2013,July,237,176,0,0,22,,,,,,,718,698,1372,TLAXCALA,0.52332361516035,0,,,,,0,0,41,,,,,,175,,,38,,,,0,9,20,0,0,,,,,,,,,,,,,,,,,,,,,,,,,,,,,,,,,,,,,,,,,,,,,,,,,,,,,,,,
APIZACO,29005,26,2013,July,228,226,0,0,26,,,,,,,706,685,1418,TLAXCALA,0.497884344146686,0,,,,,0,0,34,,,,,,121,,,33,,,,0,17,21,0,0,,,,,,,,,,,,,,,,,,,,,,,,,,,,,,,,,,,,,,,,,,,,,,,,,,,,,,,,
APIZACO,29005,27,2013,July,301,276,0,0,32,,,,,,,972,938,1926,TLAXCALA,0.504672897196262,0,,,,,0,0,51,,,,,,209,,,55,,,,0,14,34,0,0,,,,,,,,,,,,,,,,,,,,,,,,,,,,,,,,,,,,,,,,,,,,,,,,,,,,,,,,
APIZACO,29005,28,2013,July,213,195,0,0,40,,,,,,,735,705,1573,TLAXCALA,0.467260012714558,0,,,,,0,0,19,,,,,,170,,,54,,,,0,14,30,0,0,,,,,,,,,,,,,,,,,,,,,,,,,,,,,,,,,,,,,,,,,,,,,,,,,,,,,,,,
APIZACO,29005,29,2013,July,313,237,0,0,32,,,,,,,910,887,1654,TLAXCALA,0.550181378476421,0,,,,,0,0,32,,,,,,182,,,83,,,,0,8,23,0,0,,,,,,,,,,,,,,,,,,,,,,,,,,,,,,,,,,,,,,,,,,,,,,,,,,,,,,,,
APIZACO,29005,30,2013,July,643,767,0,0,190,,,,,,,2475,2421,5093,TLAXCALA,0.485961123110151,0,,,,,0,0,101,,,,,,446,,,202,,,,0,72,54,0,0,,,,,,,,,,,,,,,,,,,,,,,,,,,,,,,,,,,,,,,,,,,,,,,,,,,,,,,,
APIZACO,29005,31,2013,July,337,482,0,0,67,,,,,,,1407,1358,2765,TLAXCALA,0.508860759493671,0,,,,,0,0,53,,,,,,242,,,147,,,,0,30,49,0,0,,,,,,,,,,,,,,,,,,,,,,,,,,,,,,,,,,,,,,,,,,,,,,,,,,,,,,,,
APIZACO,29005,32,2013,July,347,222,0,0,26,,,,,,,915,890,1808,TLAXCALA,0.50608407079646,0,,,,,0,0,32,,,,,,184,,,64,,,,0,15,25,0,0,,,,,,,,,,,,,,,,,,,,,,,,,,,,,,,,,,,,,,,,,,,,,,,,,,,,,,,,
APIZACO,29005,33,2013,July,291,246,0,0,57,,,,,,,919,899,1952,TLAXCALA,0.470799180327869,0,,,,,0,0,19,,,,,,197,,,80,,,,0,9,20,0,0,,,,,,,,,,,,,,,,,,,,,,,,,,,,,,,,,,,,,,,,,,,,,,,,,,,,,,,,
APIZACO,29005,34,2013,July,240,172,0,0,35,,,,,,,747,737,1412,TLAXCALA,0.529036827195467,0,,,,,0,0,25,,,,,,165,,,88,,,,0,12,10,0,0,,,,,,,,,,,,,,,,,,,,,,,,,,,,,,,,,,,,,,,,,,,,,,,,,,,,,,,,
APIZACO,29005,35,2013,July,202,138,0,0,31,,,,,,,627,611,1162,TLAXCALA,0.539586919104991,0,,,,,0,0,17,,,,,,156,,,57,,,,0,10,16,0,0,,,,,,,,,,,,,,,,,,,,,,,,,,,,,,,,,,,,,,,,,,,,,,,,,,,,,,,,
APIZACO,29005,36,2013,July,319,243,0,0,56,,,,,,,983,959,1943,TLAXCALA,0.50591868244982,0,,,,,0,0,29,,,,,,203,,,94,,,,0,15,24,0,0,,,,,,,,,,,,,,,,,,,,,,,,,,,,,,,,,,,,,,,,,,,,,,,,,,,,,,,,
APIZACO,29005,37,2013,July,277,200,0,0,35,,,,,,,778,763,1352,TLAXCALA,0.575443786982249,0,,,,,0,0,21,,,,,,170,,,51,,,,0,9,15,0,0,,,,,,,,,,,,,,,,,,,,,,,,,,,,,,,,,,,,,,,,,,,,,,,,,,,,,,,,
APIZACO,29005,38,2013,July,177,197,0,0,55,,,,,,,592,575,814,TLAXCALA,0.727272727272727,0,,,,,0,0,16,,,,,,66,,,46,,,,0,18,17,0,0,,,,,,,,,,,,,,,,,,,,,,,,,,,,,,,,,,,,,,,,,,,,,,,,,,,,,,,,
APIZACO,29005,39,2013,July,240,126,0,0,93,,,,,,,699,678,998,TLAXCALA,0.700400801603206,0,,,,,0,0,13,,,,,,39,,,151,,,,0,16,21,0,0,,,,,,,,,,,,,,,,,,,,,,,,,,,,,,,,,,,,,,,,,,,,,,,,,,,,,,,,
APIZACO,29005,40,2013,July,368,409,0,0,189,,,,,,,1530,1473,2314,TLAXCALA,0.661192739844425,0,,,,,0,0,28,,,,,,75,,,386,,,,0,18,57,0,0,,,,,,,,,,,,,,,,,,,,,,,,,,,,,,,,,,,,,,,,,,,,,,,,,,,,,,,,
APIZACO,29005,41,2013,July,408,404,0,0,366,,,,,,,1742,1689,2614,TLAXCALA,0.666411629686305,0,,,,,0,0,37,,,,,,167,,,281,,,,0,26,53,0,0,,,,,,,,,,,,,,,,,,,,,,,,,,,,,,,,,,,,,,,,,,,,,,,,,,,,,,,,
APIZACO,29005,43,2013,July,407,490,0,0,85,,,,,,,1572,1515,2817,TLAXCALA,0.5580404685836,0,,,,,0,0,49,,,,,,273,,,186,,,,0,25,57,0,0,,,,,,,,,,,,,,,,,,,,,,,,,,,,,,,,,,,,,,,,,,,,,,,,,,,,,,,,
APIZACO,29005,44,2013,July,263,334,0,0,46,,,,,,,1103,1068,1661,TLAXCALA,0.664057796508128,0,,,,,0,0,22,,,,,,148,,,216,,,,0,39,35,0,0,,,,,,,,,,,,,,,,,,,,,,,,,,,,,,,,,,,,,,,,,,,,,,,,,,,,,,,,
APIZACO,29005,45,2013,July,52,45,0,0,7,,,,,,,171,169,352,TLAXCALA,0.485795454545455,0,,,,,0,0,3,,,,,,36,,,21,,,,0,5,2,0,0,,,,,,,,,,,,,,,,,,,,,,,,,,,,,,,,,,,,,,,,,,,,,,,,,,,,,,,,
APIZACO,29005,46,2013,July,328,252,0,0,85,,,,,,,1012,991,1611,TLAXCALA,0.628181253879578,0,,,,,0,0,34,,,,,,109,,,158,,,,0,25,21,0,0,,,,,,,,,,,,,,,,,,,,,,,,,,,,,,,,,,,,,,,,,,,,,,,,,,,,,,,,
APIZACO,29005,47,2013,July,290,446,0,0,73,,,,,,,1357,1232,2371,TLAXCALA,0.572332349219739,0,,,,,0,0,92,,,,,,160,,,146,,,,0,25,125,0,0,,,,,,,,,,,,,,,,,,,,,,,,,,,,,,,,,,,,,,,,,,,,,,,,,,,,,,,,
APIZACO,29005,48,2013,July,66,56,0,0,11,,,,,,,223,218,386,TLAXCALA,0.577720207253886,0,,,,,0,0,7,,,,,,67,,,5,,,,0,6,5,0,0,,,,,,,,,,,,,,,,,,,,,,,,,,,,,,,,,,,,,,,,,,,,,,,,,,,,,,,,
ATLANGATEPEC,29003,49,2013,July,0,0,0,225,0,,,,,,,500,264,633,TLAXCALA,0.789889415481833,0,,,,,0,0,0,,,,,,0,,,39,,,,0,0,8,0,0,,,,,,,,,,,,,,,,,,,,,,,,,,,,,,,,,,,,,,,,,,,,,,,,,,,,,,,,
ATLANGATEPEC,29003,50,2013,July,0,0,0,97,0,,,,,,,266,115,332,TLAXCALA,0.801204819277108,0,,,,,0,0,0,,,,,,0,,,18,,,,0,0,10,0,0,,,,,,,,,,,,,,,,,,,,,,,,,,,,,,,,,,,,,,,,,,,,,,,,,,,,,,,,
ATLANGATEPEC,29003,51,2013,July,0,0,0,59,0,,,,,,,233,68,283,TLAXCALA,0.823321554770318,0,,,,,0,0,0,,,,,,0,,,7,,,,0,2,6,0,0,,,,,,,,,,,,,,,,,,,,,,,,,,,,,,,,,,,,,,,,,,,,,,,,,,,,,,,,
ATLANGATEPEC,29003,52,2013,July,0,0,0,34,0,,,,,,,76,37,92,TLAXCALA,0.826086956521739,0,,,,,0,0,0,,,,,,0,,,3,,,,0,0,4,0,0,,,,,,,,,,,,,,,,,,,,,,,,,,,,,,,,,,,,,,,,,,,,,,,,,,,,,,,,
ATLANGATEPEC,29003,53,2013,July,0,0,0,315,0,,,,,,,724,333,1045,TLAXCALA,0.692822966507177,0,,,,,0,0,0,,,,,,0,,,11,,,,0,7,14,0,0,,,,,,,,,,,,,,,,,,,,,,,,,,,,,,,,,,,,,,,,,,,,,,,,,,,,,,,,
ATLANGATEPEC,29003,54,2013,July,0,0,0,128,0,,,,,,,262,167,356,TLAXCALA,0.735955056179775,0,,,,,0,0,0,,,,,,0,,,39,,,,0,0,4,0,0,,,,,,,,,,,,,,,,,,,,,,,,,,,,,,,,,,,,,,,,,,,,,,,,,,,,,,,,
ATLANGATEPEC,29003,55,2013,July,0,0,0,114,0,,,,,,,225,141,310,TLAXCALA,0.725806451612903,0,,,,,0,0,0,,,,,,0,,,25,,,,0,2,8,0,0,,,,,,,,,,,,,,,,,,,,,,,,,,,,,,,,,,,,,,,,,,,,,,,,,,,,,,,,
ATLANGATEPEC,29003,56,2013,July,0,0,0,249,0,,,,,,,841,264,1071,TLAXCALA,0.785247432306256,0,,,,,0,0,0,,,,,,0,,,13,,,,0,2,7,0,0,,,,,,,,,,,,,,,,,,,,,,,,,,,,,,,,,,,,,,,,,,,,,,,,,,,,,,,,
ATLANGATEPEC,29003,57,2013,July,0,0,0,99,0,,,,,,,242,101,338,TLAXCALA,0.715976331360947,0,,,,,0,0,0,,,,,,0,,,2,,,,0,0,0,0,0,,,,,,,,,,,,,,,,,,,,,,,,,,,,,,,,,,,,,,,,,,,,,,,,,,,,,,,,
ATLTZAYANCA,29004,59,2013,July,0,0,0,1,0,,,,,,,746,67,960,TLAXCALA,0.777083333333333,0,,,,,0,24,0,,,,,,0,,,38,,,,0,4,19,0,0,,,,,,,,,,,,,,,,,,,,,,,,,,,,,,,,,,,,,,,,,,,,,,,,,,,,,,,,
ATLTZAYANCA,29004,60,2013,July,0,0,0,3,0,,,,,,,482,30,643,TLAXCALA,0.749611197511664,0,,,,,0,12,0,,,,,,0,,,13,,,,0,2,20,0,0,,,,,,,,,,,,,,,,,,,,,,,,,,,,,,,,,,,,,,,,,,,,,,,,,,,,,,,,
ATLTZAYANCA,29004,61,2013,July,0,0,0,5,0,,,,,,,371,56,529,TLAXCALA,0.70132325141777,0,,,,,0,28,0,,,,,,0,,,22,,,,0,1,22,0,0,,,,,,,,,,,,,,,,,,,,,,,,,,,,,,,,,,,,,,,,,,,,,,,,,,,,,,,,
ATLTZAYANCA,29004,62,2013,July,0,0,0,0,0,,,,,,,244,9,304,TLAXCALA,0.802631578947369,0,,,,,0,4,0,,,,,,0,,,5,,,,0,0,9,0,0,,,,,,,,,,,,,,,,,,,,,,,,,,,,,,,,,,,,,,,,,,,,,,,,,,,,,,,,
ATLTZAYANCA,29004,63,2013,July,0,0,0,0,0,,,,,,,254,21,297,TLAXCALA,0.855218855218855,0,,,,,0,3,0,,,,,,0,,,6,,,,0,12,11,0,0,,,,,,,,,,,,,,,,,,,,,,,,,,,,,,,,,,,,,,,,,,,,,,,,,,,,,,,,
ATLTZAYANCA,29004,64,2013,July,0,0,0,0,0,,,,,,,168,25,194,TLAXCALA,0.865979381443299,0,,,,,0,9,0,,,,,,0,,,6,,,,0,10,12,0,0,,,,,,,,,,,,,,,,,,,,,,,,,,,,,,,,,,,,,,,,,,,,,,,,,,,,,,,,
ATLTZAYANCA,29004,65,2013,July,0,0,0,3,0,,,,,,,179,27,201,TLAXCALA,0.890547263681592,0,,,,,0,12,0,,,,,,0,,,11,,,,0,1,1,0,0,,,,,,,,,,,,,,,,,,,,,,,,,,,,,,,,,,,,,,,,,,,,,,,,,,,,,,,,
ATLTZAYANCA,29004,66,2013,July,0,0,0,1,0,,,,,,,358,61,463,TLAXCALA,0.773218142548596,0,,,,,0,19,0,,,,,,0,,,13,,,,0,28,14,0,0,,,,,,,,,,,,,,,,,,,,,,,,,,,,,,,,,,,,,,,,,,,,,,,,,,,,,,,,
ATLTZAYANCA,29004,67,2013,July,0,0,0,2,0,,,,,,,164,42,203,TLAXCALA,0.807881773399015,0,,,,,0,26,0,,,,,,0,,,6,,,,0,8,7,0,0,,,,,,,,,,,,,,,,,,,,,,,,,,,,,,,,,,,,,,,,,,,,,,,,,,,,,,,,
ATLTZAYANCA,29004,68,2013,July,0,0,0,7,0,,,,,,,1288,357,1705,TLAXCALA,0.755425219941349,0,,,,,0,20,0,,,,,,0,,,328,,,,0,2,57,0,0,,,,,,,,,,,,,,,,,,,,,,,,,,,,,,,,,,,,,,,,,,,,,,,,,,,,,,,,
ATLTZAYANCA,29004,69,2013,July,0,0,0,13,0,,,,,,,563,83,743,TLAXCALA,0.757738896366084,0,,,,,0,26,0,,,,,,0,,,28,,,,0,16,30,0,0,,,,,,,,,,,,,,,,,,,,,,,,,,,,,,,,,,,,,,,,,,,,,,,,,,,,,,,,
ATLTZAYANCA,29004,70,2013,July,0,0,0,4,0,,,,,,,396,65,491,TLAXCALA,0.806517311608961,0,,,,,0,8,0,,,,,,0,,,49,,,,0,4,22,0,0,,,,,,,,,,,,,,,,,,,,,,,,,,,,,,,,,,,,,,,,,,,,,,,,,,,,,,,,
ATLTZAYANCA,29004,71,2013,July,0,0,0,4,0,,,,,,,643,36,839,TLAXCALA,0.766388557806913,0,,,,,0,8,0,,,,,,0,,,21,,,,0,3,46,0,0,,,,,,,,,,,,,,,,,,,,,,,,,,,,,,,,,,,,,,,,,,,,,,,,,,,,,,,,
ATLTZAYANCA,29004,72,2013,July,0,0,0,0,0,,,,,,,462,44,575,TLAXCALA,0.803478260869565,0,,,,,0,10,0,,,,,,0,,,26,,,,0,8,7,0,0,,,,,,,,,,,,,,,,,,,,,,,,,,,,,,,,,,,,,,,,,,,,,,,,,,,,,,,,
ATLTZAYANCA,29004,73,2013,July,0,0,0,11,0,,,,,,,202,43,234,TLAXCALA,0.863247863247863,0,,,,,0,9,0,,,,,,0,,,20,,,,0,3,12,0,0,,,,,,,,,,,,,,,,,,,,,,,,,,,,,,,,,,,,,,,,,,,,,,,,,,,,,,,,
ATLTZAYANCA,29004,74,2013,July,0,0,0,0,0,,,,,,,691,40,864,TLAXCALA,0.799768518518519,0,,,,,0,20,0,,,,,,0,,,19,,,,0,1,32,0,0,,,,,,,,,,,,,,,,,,,,,,,,,,,,,,,,,,,,,,,,,,,,,,,,,,,,,,,,
ATLTZAYANCA,29004,75,2013,July,0,0,0,2,0,,,,,,,287,41,362,TLAXCALA,0.792817679558011,0,,,,,0,8,0,,,,,,0,,,30,,,,0,1,5,0,0,,,,,,,,,,,,,,,,,,,,,,,,,,,,,,,,,,,,,,,,,,,,,,,,,,,,,,,,
ATLTZAYANCA,29004,76,2013,July,0,0,0,0,0,,,,,,,142,21,183,TLAXCALA,0.775956284153005,0,,,,,0,10,0,,,,,,0,,,9,,,,0,2,10,0,0,,,,,,,,,,,,,,,,,,,,,,,,,,,,,,,,,,,,,,,,,,,,,,,,,,,,,,,,
ATLTZAYANCA,29004,77,2013,July,0,0,0,1,0,,,,,,,950,103,1232,TLAXCALA,0.771103896103896,0,,,,,0,40,0,,,,,,0,,,52,,,,0,10,37,0,0,,,,,,,,,,,,,,,,,,,,,,,,,,,,,,,,,,,,,,,,,,,,,,,,,,,,,,,,
BENITO JUAREZ,29045,295,2013,July,0,0,0,258,0,,,,,,,1723,785,2309,TLAXCALA,0.746210480727588,0,,,,,0,131,0,,,,,,0,,,361,,,,0,35,19,0,0,,,,,,,,,,,,,,,,,,,,,,,,,,,,,,,,,,,,,,,,,,,,,,,,,,,,,,,,
BENITO JUAREZ,29045,296,2013,July,0,0,0,100,0,,,,,,,1115,419,1441,TLAXCALA,0.773768216516308,0,,,,,0,76,0,,,,,,0,,,235,,,,0,8,15,0,0,,,,,,,,,,,,,,,,,,,,,,,,,,,,,,,,,,,,,,,,,,,,,,,,,,,,,,,,
CALPULALPAN,29006,78,2013,July,313,673,42,297,131,,,,,,,1751,1661,3379,TLAXCALA,0.518200651080201,0,,,,,0,0,0,,,,,,0,,,0,,,,0,57,90,148,0,,,,,,,,,,,,,,,,,,,,,,,,,,,,,,,,,,,,,,,,,,,,,,,,,,,,,,,,
CALPULALPAN,29006,79,2013,July,186,392,21,164,78,,,,,,,1056,1007,2006,TLAXCALA,0.52642073778664,0,,,,,0,0,0,,,,,,0,,,0,,,,0,26,49,140,0,,,,,,,,,,,,,,,,,,,,,,,,,,,,,,,,,,,,,,,,,,,,,,,,,,,,,,,,
CALPULALPAN,29006,80,2013,July,171,346,31,108,47,,,,,,,839,815,1376,TLAXCALA,0.609738372093023,0,,,,,0,0,0,,,,,,0,,,0,,,,0,24,24,88,0,,,,,,,,,,,,,,,,,,,,,,,,,,,,,,,,,,,,,,,,,,,,,,,,,,,,,,,,
CALPULALPAN,29006,81,2013,July,144,378,64,140,54,,,,,,,878,839,1633,TLAXCALA,0.537660747091243,0,,,,,0,0,0,,,,,,0,,,0,,,,0,17,39,42,0,,,,,,,,,,,,,,,,,,,,,,,,,,,,,,,,,,,,,,,,,,,,,,,,,,,,,,,,
CALPULALPAN,29006,82,2013,July,165,373,42,106,63,,,,,,,841,819,1640,TLAXCALA,0.512804878048781,0,,,,,0,0,0,,,,,,0,,,0,,,,0,18,22,52,0,,,,,,,,,,,,,,,,,,,,,,,,,,,,,,,,,,,,,,,,,,,,,,,,,,,,,,,,
CALPULALPAN,29006,83,2013,July,200,556,59,178,84,,,,,,,1214,1176,2276,TLAXCALA,0.533391915641476,0,,,,,0,0,0,,,,,,0,,,0,,,,0,28,38,71,0,,,,,,,,,,,,,,,,,,,,,,,,,,,,,,,,,,,,,,,,,,,,,,,,,,,,,,,,
CALPULALPAN,29006,84,2013,July,87,145,12,67,31,,,,,,,427,409,752,TLAXCALA,0.56781914893617,0,,,,,0,0,0,,,,,,0,,,0,,,,0,5,18,62,0,,,,,,,,,,,,,,,,,,,,,,,,,,,,,,,,,,,,,,,,,,,,,,,,,,,,,,,,
CALPULALPAN,29006,85,2013,July,227,499,42,193,80,,,,,,,1183,1138,1899,TLAXCALA,0.622959452343339,0,,,,,0,0,0,,,,,,0,,,0,,,,0,23,45,74,0,,,,,,,,,,,,,,,,,,,,,,,,,,,,,,,,,,,,,,,,,,,,,,,,,,,,,,,,
CALPULALPAN,29006,86,2013,July,226,425,38,195,49,,,,,,,1025,1008,1575,TLAXCALA,0.650793650793651,0,,,,,0,0,0,,,,,,0,,,0,,,,0,28,17,47,0,,,,,,,,,,,,,,,,,,,,,,,,,,,,,,,,,,,,,,,,,,,,,,,,,,,,,,,,
CALPULALPAN,29006,87,2013,July,53,261,28,88,54,,,,,,,566,546,951,TLAXCALA,0.595162986330179,0,,,,,0,0,0,,,,,,0,,,0,,,,0,10,20,52,0,,,,,,,,,,,,,,,,,,,,,,,,,,,,,,,,,,,,,,,,,,,,,,,,,,,,,,,,
CALPULALPAN,29006,88,2013,July,106,344,33,88,76,,,,,,,757,737,1252,TLAXCALA,0.604632587859425,0,,,,,0,0,0,,,,,,0,,,0,,,,0,20,20,70,0,,,,,,,,,,,,,,,,,,,,,,,,,,,,,,,,,,,,,,,,,,,,,,,,,,,,,,,,
CALPULALPAN,29006,89,2013,July,213,495,35,152,83,,,,,,,1126,1085,1868,TLAXCALA,0.602783725910064,0,,,,,0,0,0,,,,,,0,,,0,,,,0,26,41,81,0,,,,,,,,,,,,,,,,,,,,,,,,,,,,,,,,,,,,,,,,,,,,,,,,,,,,,,,,
CALPULALPAN,29006,90,2013,July,203,520,25,132,84,,,,,,,1193,1143,2128,TLAXCALA,0.56062030075188,0,,,,,0,0,0,,,,,,0,,,0,,,,0,33,50,146,0,,,,,,,,,,,,,,,,,,,,,,,,,,,,,,,,,,,,,,,,,,,,,,,,,,,,,,,,
CALPULALPAN,29006,91,2013,July,219,159,11,85,10,,,,,,,536,528,706,TLAXCALA,0.759206798866856,0,,,,,0,0,0,,,,,,0,,,0,,,,0,5,8,39,0,,,,,,,,,,,,,,,,,,,,,,,,,,,,,,,,,,,,,,,,,,,,,,,,,,,,,,,,
CALPULALPAN,29006,92,2013,July,262,389,17,251,68,,,,,,,1054,1022,1737,TLAXCALA,0.606793321819229,0,,,,,0,0,0,,,,,,0,,,0,,,,0,5,32,30,0,,,,,,,,,,,,,,,,,,,,,,,,,,,,,,,,,,,,,,,,,,,,,,,,,,,,,,,,
CALPULALPAN,29006,93,2013,July,221,272,9,158,40,,,,,,,771,738,1193,TLAXCALA,0.646269907795474,0,,,,,0,0,0,,,,,,0,,,0,,,,0,19,33,19,0,,,,,,,,,,,,,,,,,,,,,,,,,,,,,,,,,,,,,,,,,,,,,,,,,,,,,,,,
CALPULALPAN,29006,94,2013,July,216,226,7,46,38,,,,,,,582,568,871,TLAXCALA,0.668197474167624,0,,,,,0,0,0,,,,,,0,,,0,,,,0,4,14,31,0,,,,,,,,,,,,,,,,,,,,,,,,,,,,,,,,,,,,,,,,,,,,,,,,,,,,,,,,
CALPULALPAN,29006,95,2013,July,42,150,3,21,3,,,,,,,243,238,353,TLAXCALA,0.688385269121813,0,,,,,0,0,0,,,,,,0,,,0,,,,0,1,5,18,0,,,,,,,,,,,,,,,,,,,,,,,,,,,,,,,,,,,,,,,,,,,,,,,,,,,,,,,,
CALPULALPAN,29006,96,2013,July,159,173,14,31,58,,,,,,,469,459,577,TLAXCALA,0.812824956672444,0,,,,,0,0,0,,,,,,0,,,0,,,,0,6,10,18,0,,,,,,,,,,,,,,,,,,,,,,,,,,,,,,,,,,,,,,,,,,,,,,,,,,,,,,,,
CALPULALPAN,29006,97,2013,July,138,218,5,85,6,,,,,,,501,484,806,TLAXCALA,0.621588089330025,0,,,,,0,0,0,,,,,,0,,,0,,,,0,9,17,23,0,,,,,,,,,,,,,,,,,,,,,,,,,,,,,,,,,,,,,,,,,,,,,,,,,,,,,,,,
CALPULALPAN,29006,98,2013,July,201,232,16,77,39,,,,,,,722,697,1458,TLAXCALA,0.49519890260631,0,,,,,0,0,0,,,,,,0,,,0,,,,0,6,25,126,0,,,,,,,,,,,,,,,,,,,,,,,,,,,,,,,,,,,,,,,,,,,,,,,,,,,,,,,,
CALPULALPAN,29006,99,2013,July,17,7,0,6,3,,,,,,,47,46,54,TLAXCALA,0.87037037037037,0,,,,,0,0,0,,,,,,0,,,0,,,,0,1,1,12,0,,,,,,,,,,,,,,,,,,,,,,,,,,,,,,,,,,,,,,,,,,,,,,,,,,,,,,,,
CHIAUTEMPAN,29010,122,2013,July,152,160,0,0,56,,,,,,,1003,973,1518,TLAXCALA,0.660737812911726,0,,,,,0,0,21,,,,,,357,,,170,,,,0,57,30,0,0,,,,,,,,,,,,,,,,,,,,,,,,,,,,,,,,,,,,,,,,,,,,,,,,,,,,,,,,
CHIAUTEMPAN,29010,123,2013,July,227,142,0,0,66,,,,,,,907,874,1565,TLAXCALA,0.579552715654952,0,,,,,0,0,22,,,,,,248,,,119,,,,0,50,33,0,0,,,,,,,,,,,,,,,,,,,,,,,,,,,,,,,,,,,,,,,,,,,,,,,,,,,,,,,,
CHIAUTEMPAN,29010,124,2013,July,157,113,0,0,36,,,,,,,983,943,1751,TLAXCALA,0.561393489434609,0,,,,,0,0,20,,,,,,333,,,242,,,,0,42,40,0,0,,,,,,,,,,,,,,,,,,,,,,,,,,,,,,,,,,,,,,,,,,,,,,,,,,,,,,,,
CHIAUTEMPAN,29010,125,2013,July,196,96,0,0,45,,,,,,,865,828,1501,TLAXCALA,0.576282478347768,0,,,,,0,0,24,,,,,,299,,,131,,,,0,37,37,0,0,,,,,,,,,,,,,,,,,,,,,,,,,,,,,,,,,,,,,,,,,,,,,,,,,,,,,,,,
CHIAUTEMPAN,29010,126,2013,July,158,121,0,0,85,,,,,,,1251,1212,1839,TLAXCALA,0.68026101141925,0,,,,,0,0,40,,,,,,461,,,252,,,,0,95,39,0,0,,,,,,,,,,,,,,,,,,,,,,,,,,,,,,,,,,,,,,,,,,,,,,,,,,,,,,,,
CHIAUTEMPAN,29010,127,2013,July,248,162,0,0,85,,,,,,,1453,1402,2388,TLAXCALA,0.608458961474037,0,,,,,0,0,92,,,,,,431,,,281,,,,0,103,51,0,0,,,,,,,,,,,,,,,,,,,,,,,,,,,,,,,,,,,,,,,,,,,,,,,,,,,,,,,,
CHIAUTEMPAN,29010,128,2013,July,98,70,0,0,21,,,,,,,536,518,1050,TLAXCALA,0.510476190476191,0,,,,,0,0,22,,,,,,173,,,111,,,,0,23,18,0,0,,,,,,,,,,,,,,,,,,,,,,,,,,,,,,,,,,,,,,,,,,,,,,,,,,,,,,,,
CHIAUTEMPAN,29010,129,2013,July,174,123,0,0,59,,,,,,,676,660,1106,TLAXCALA,0.61121157323689,0,,,,,0,0,15,,,,,,184,,,83,,,,0,22,16,0,0,,,,,,,,,,,,,,,,,,,,,,,,,,,,,,,,,,,,,,,,,,,,,,,,,,,,,,,,
CHIAUTEMPAN,29010,130,2013,July,94,127,0,0,47,,,,,,,496,483,819,TLAXCALA,0.605616605616606,0,,,,,0,0,36,,,,,,92,,,71,,,,0,16,13,0,0,,,,,,,,,,,,,,,,,,,,,,,,,,,,,,,,,,,,,,,,,,,,,,,,,,,,,,,,
CHIAUTEMPAN,29010,131,2013,July,153,162,0,0,41,,,,,,,746,720,1232,TLAXCALA,0.605519480519481,0,,,,,0,0,19,,,,,,205,,,86,,,,0,54,26,0,0,,,,,,,,,,,,,,,,,,,,,,,,,,,,,,,,,,,,,,,,,,,,,,,,,,,,,,,,
CHIAUTEMPAN,29010,132,2013,July,143,141,0,0,37,,,,,,,686,666,1226,TLAXCALA,0.559543230016313,0,,,,,0,0,13,,,,,,215,,,93,,,,0,24,20,0,0,,,,,,,,,,,,,,,,,,,,,,,,,,,,,,,,,,,,,,,,,,,,,,,,,,,,,,,,
CHIAUTEMPAN,29010,133,2013,July,86,126,0,0,18,,,,,,,629,605,1058,TLAXCALA,0.594517958412098,0,,,,,0,0,23,,,,,,226,,,75,,,,0,51,24,0,0,,,,,,,,,,,,,,,,,,,,,,,,,,,,,,,,,,,,,,,,,,,,,,,,,,,,,,,,
CHIAUTEMPAN,29010,134,2013,July,78,32,0,0,28,,,,,,,409,387,840,TLAXCALA,0.486904761904762,0,,,,,0,0,9,,,,,,137,,,76,,,,0,27,22,0,0,,,,,,,,,,,,,,,,,,,,,,,,,,,,,,,,,,,,,,,,,,,,,,,,,,,,,,,,
CHIAUTEMPAN,29010,135,2013,July,76,62,0,0,15,,,,,,,439,416,958,TLAXCALA,0.458246346555324,0,,,,,0,0,7,,,,,,178,,,55,,,,0,23,23,0,0,,,,,,,,,,,,,,,,,,,,,,,,,,,,,,,,,,,,,,,,,,,,,,,,,,,,,,,,
CHIAUTEMPAN,29010,136,2013,July,42,41,0,0,9,,,,,,,254,234,540,TLAXCALA,0.47037037037037,0,,,,,0,0,11,,,,,,90,,,36,,,,0,5,20,0,0,,,,,,,,,,,,,,,,,,,,,,,,,,,,,,,,,,,,,,,,,,,,,,,,,,,,,,,,
CHIAUTEMPAN,29010,137,2013,July,187,269,0,0,71,,,,,,,1194,1178,2061,TLAXCALA,0.579330422125182,0,,,,,0,0,55,,,,,,330,,,183,,,,0,83,16,0,0,,,,,,,,,,,,,,,,,,,,,,,,,,,,,,,,,,,,,,,,,,,,,,,,,,,,,,,,
CHIAUTEMPAN,29010,138,2013,July,114,160,0,0,44,,,,,,,729,707,1263,TLAXCALA,0.577197149643706,0,,,,,0,0,22,,,,,,189,,,157,,,,0,21,22,0,0,,,,,,,,,,,,,,,,,,,,,,,,,,,,,,,,,,,,,,,,,,,,,,,,,,,,,,,,
CHIAUTEMPAN,29010,139,2013,July,196,162,0,0,124,,,,,,,1459,1399,2529,TLAXCALA,0.576907868722815,0,,,,,0,0,98,,,,,,286,,,444,,,,0,89,60,0,0,,,,,,,,,,,,,,,,,,,,,,,,,,,,,,,,,,,,,,,,,,,,,,,,,,,,,,,,
CHIAUTEMPAN,29010,140,2013,July,98,111,0,0,41,,,,,,,850,817,1474,TLAXCALA,0.576662143826323,0,,,,,0,0,80,,,,,,248,,,150,,,,0,89,33,0,0,,,,,,,,,,,,,,,,,,,,,,,,,,,,,,,,,,,,,,,,,,,,,,,,,,,,,,,,
CHIAUTEMPAN,29010,141,2013,July,359,212,0,0,105,,,,,,,2343,2275,3886,TLAXCALA,0.602933607822954,0,,,,,0,0,119,,,,,,776,,,448,,,,0,256,68,0,0,,,,,,,,,,,,,,,,,,,,,,,,,,,,,,,,,,,,,,,,,,,,,,,,,,,,,,,,
CHIAUTEMPAN,29010,142,2013,July,131,119,0,0,84,,,,,,,1175,1119,1748,TLAXCALA,0.672196796338673,0,,,,,0,0,65,,,,,,310,,,296,,,,0,114,56,0,0,,,,,,,,,,,,,,,,,,,,,,,,,,,,,,,,,,,,,,,,,,,,,,,,,,,,,,,,
CHIAUTEMPAN,29010,143,2013,July,165,348,0,0,77,,,,,,,1372,1336,1643,TLAXCALA,0.835057821059038,0,,,,,0,0,35,,,,,,320,,,315,,,,0,76,36,0,0,,,,,,,,,,,,,,,,,,,,,,,,,,,,,,,,,,,,,,,,,,,,,,,,,,,,,,,,
CHIAUTEMPAN,29010,144,2013,July,289,215,0,0,99,,,,,,,1515,1475,2743,TLAXCALA,0.552314983594604,0,,,,,0,0,50,,,,,,412,,,337,,,,0,73,40,0,0,,,,,,,,,,,,,,,,,,,,,,,,,,,,,,,,,,,,,,,,,,,,,,,,,,,,,,,,
CHIAUTEMPAN,29010,145,2013,July,228,106,0,0,16,,,,,,,822,787,1592,TLAXCALA,0.516331658291457,0,,,,,0,0,43,,,,,,175,,,64,,,,0,155,35,0,0,,,,,,,,,,,,,,,,,,,,,,,,,,,,,,,,,,,,,,,,,,,,,,,,,,,,,,,,
CHIAUTEMPAN,29010,146,2013,July,208,126,0,0,35,,,,,,,841,806,1634,TLAXCALA,0.51468788249694,0,,,,,0,0,18,,,,,,287,,,75,,,,0,57,35,0,0,,,,,,,,,,,,,,,,,,,,,,,,,,,,,,,,,,,,,,,,,,,,,,,,,,,,,,,,
CHIAUTEMPAN,29010,147,2013,July,114,105,0,0,53,,,,,,,771,743,1446,TLAXCALA,0.533195020746888,0,,,,,0,0,47,,,,,,300,,,55,,,,0,69,28,0,0,,,,,,,,,,,,,,,,,,,,,,,,,,,,,,,,,,,,,,,,,,,,,,,,,,,,,,,,
CHIAUTEMPAN,29010,148,2013,July,113,134,0,0,46,,,,,,,656,637,1299,TLAXCALA,0.505003849114704,0,,,,,0,0,32,,,,,,224,,,36,,,,0,52,19,0,0,,,,,,,,,,,,,,,,,,,,,,,,,,,,,,,,,,,,,,,,,,,,,,,,,,,,,,,,
CHIAUTEMPAN,29010,149,2013,July,240,386,0,0,23,,,,,,,1483,1401,2667,TLAXCALA,0.556055493063367,0,,,,,0,0,35,,,,,,200,,,228,,,,0,289,82,0,0,,,,,,,,,,,,,,,,,,,,,,,,,,,,,,,,,,,,,,,,,,,,,,,,,,,,,,,,
CHIAUTEMPAN,29010,150,2013,July,75,68,0,0,9,,,,,,,318,308,1102,TLAXCALA,0.288566243194192,0,,,,,0,0,9,,,,,,91,,,53,,,,0,3,10,0,0,,,,,,,,,,,,,,,,,,,,,,,,,,,,,,,,,,,,,,,,,,,,,,,,,,,,,,,,
CHIAUTEMPAN,29010,156,2013,July,203,60,0,0,16,,,,,,,803,780,1333,TLAXCALA,0.602400600150038,0,,,,,0,0,16,,,,,,325,,,128,,,,0,32,23,0,0,,,,,,,,,,,,,,,,,,,,,,,,,,,,,,,,,,,,,,,,,,,,,,,,,,,,,,,,
CHIAUTEMPAN,29010,157,2013,July,137,55,0,0,11,,,,,,,554,531,963,TLAXCALA,0.575285565939772,0,,,,,0,0,9,,,,,,212,,,89,,,,0,18,23,0,0,,,,,,,,,,,,,,,,,,,,,,,,,,,,,,,,,,,,,,,,,,,,,,,,,,,,,,,,
CONTLA DE JUAN CUAMATZI,29018,267,2013,July,213,0,383,16,13,,,,,,,1190,1150,1690,TLAXCALA,0.70414201183432,0,,,,,468,0,8,,,,,,0,,,0,,,,0,49,40,0,0,,,,,,,,,,,,,,,,,,,,,,,,,,,,,,,,,,,,,,,,,,,,,,,,,,,,,,,,
CONTLA DE JUAN CUAMATZI,29018,268,2013,July,216,0,364,44,27,,,,,,,1472,1416,2185,TLAXCALA,0.673684210526316,0,,,,,633,0,13,,,,,,0,,,0,,,,0,119,56,0,0,,,,,,,,,,,,,,,,,,,,,,,,,,,,,,,,,,,,,,,,,,,,,,,,,,,,,,,,
CONTLA DE JUAN CUAMATZI,29018,269,2013,July,232,0,324,16,16,,,,,,,1056,1034,1561,TLAXCALA,0.676489429852659,0,,,,,365,0,14,,,,,,0,,,0,,,,0,67,22,0,0,,,,,,,,,,,,,,,,,,,,,,,,,,,,,,,,,,,,,,,,,,,,,,,,,,,,,,,,
CONTLA DE JUAN CUAMATZI,29018,270,2013,July,143,0,199,29,5,,,,,,,750,723,1165,TLAXCALA,0.643776824034335,0,,,,,284,0,8,,,,,,0,,,0,,,,0,55,27,0,0,,,,,,,,,,,,,,,,,,,,,,,,,,,,,,,,,,,,,,,,,,,,,,,,,,,,,,,,
CONTLA DE JUAN CUAMATZI,29018,271,2013,July,269,0,270,20,11,,,,,,,1176,1151,1697,TLAXCALA,0.692987625220978,0,,,,,491,0,16,,,,,,0,,,0,,,,0,74,25,0,0,,,,,,,,,,,,,,,,,,,,,,,,,,,,,,,,,,,,,,,,,,,,,,,,,,,,,,,,
CONTLA DE JUAN CUAMATZI,29018,272,2013,July,329,0,494,23,14,,,,,,,1998,1943,2916,TLAXCALA,0.685185185185185,0,,,,,958,0,26,,,,,,0,,,0,,,,0,99,55,0,0,,,,,,,,,,,,,,,,,,,,,,,,,,,,,,,,,,,,,,,,,,,,,,,,,,,,,,,,
CONTLA DE JUAN CUAMATZI,29018,273,2013,July,240,0,410,20,14,,,,,,,1319,1292,1848,TLAXCALA,0.713744588744589,0,,,,,529,0,29,,,,,,0,,,0,,,,0,50,27,0,0,,,,,,,,,,,,,,,,,,,,,,,,,,,,,,,,,,,,,,,,,,,,,,,,,,,,,,,,
CONTLA DE JUAN CUAMATZI,29018,274,2013,July,147,0,210,6,15,,,,,,,852,830,1124,TLAXCALA,0.758007117437722,0,,,,,357,0,18,,,,,,0,,,0,,,,0,77,22,0,0,,,,,,,,,,,,,,,,,,,,,,,,,,,,,,,,,,,,,,,,,,,,,,,,,,,,,,,,
CONTLA DE JUAN CUAMATZI,29018,275,2013,July,67,0,100,4,2,,,,,,,1183,1170,1508,TLAXCALA,0.78448275862069,0,,,,,958,0,16,,,,,,0,,,0,,,,0,23,13,0,0,,,,,,,,,,,,,,,,,,,,,,,,,,,,,,,,,,,,,,,,,,,,,,,,,,,,,,,,
CONTLA DE JUAN CUAMATZI,29018,276,2013,July,68,0,95,7,3,,,,,,,1282,1257,1667,TLAXCALA,0.769046190761848,0,,,,,1037,0,24,,,,,,0,,,0,,,,0,23,25,0,0,,,,,,,,,,,,,,,,,,,,,,,,,,,,,,,,,,,,,,,,,,,,,,,,,,,,,,,,
CONTLA DE JUAN CUAMATZI,29018,277,2013,July,70,0,94,14,1,,,,,,,327,308,419,TLAXCALA,0.780429594272076,0,,,,,99,0,14,,,,,,0,,,0,,,,0,16,19,0,0,,,,,,,,,,,,,,,,,,,,,,,,,,,,,,,,,,,,,,,,,,,,,,,,,,,,,,,,
CONTLA DE JUAN CUAMATZI,29018,278,2013,July,33,0,78,15,1,,,,,,,297,282,513,TLAXCALA,0.578947368421053,0,,,,,93,0,4,,,,,,0,,,0,,,,0,58,15,0,0,,,,,,,,,,,,,,,,,,,,,,,,,,,,,,,,,,,,,,,,,,,,,,,,,,,,,,,,
CONTLA DE JUAN CUAMATZI,29018,279,2013,July,428,0,195,20,9,,,,,,,1106,1080,1550,TLAXCALA,0.713548387096774,0,,,,,354,0,12,,,,,,0,,,0,,,,0,62,26,0,0,,,,,,,,,,,,,,,,,,,,,,,,,,,,,,,,,,,,,,,,,,,,,,,,,,,,,,,,
CONTLA DE JUAN CUAMATZI,29018,280,2013,July,28,0,48,7,6,,,,,,,288,277,444,TLAXCALA,0.648648648648649,0,,,,,80,0,8,,,,,,0,,,0,,,,0,100,11,0,0,,,,,,,,,,,,,,,,,,,,,,,,,,,,,,,,,,,,,,,,,,,,,,,,,,,,,,,,
CONTLA DE JUAN CUAMATZI,29018,281,2013,July,85,0,88,32,5,,,,,,,1110,1074,1769,TLAXCALA,0.627473148671566,0,,,,,691,0,20,,,,,,0,,,0,,,,0,153,36,0,0,,,,,,,,,,,,,,,,,,,,,,,,,,,,,,,,,,,,,,,,,,,,,,,,,,,,,,,,
CONTLA DE JUAN CUAMATZI,29018,282,2013,July,43,0,47,34,3,,,,,,,206,203,390,TLAXCALA,0.528205128205128,0,,,,,58,0,4,,,,,,0,,,0,,,,0,14,3,0,0,,,,,,,,,,,,,,,,,,,,,,,,,,,,,,,,,,,,,,,,,,,,,,,,,,,,,,,,
CONTLA DE JUAN CUAMATZI,29018,283,2013,July,196,0,206,38,11,,,,,,,910,887,1322,TLAXCALA,0.688350983358548,0,,,,,369,0,10,,,,,,0,,,0,,,,0,57,23,0,0,,,,,,,,,,,,,,,,,,,,,,,,,,,,,,,,,,,,,,,,,,,,,,,,,,,,,,,,
CUAPIAXTLA,29008,107,2013,July,498,0,936,0,0,,,,,,,1608,1571,2289,TLAXCALA,0.702490170380079,0,,,,,91,26,20,,,,,,0,,,0,,,,0,0,37,0,0,,,,,,,,,,,,,,,,,,,,,,,,,,,,,,,,,,,,,,,,,,,,,,,,,,,,,,,,
CUAPIAXTLA,29008,108,2013,July,338,0,732,0,0,,,,,,,1166,1133,1512,TLAXCALA,0.771164021164021,0,,,,,42,6,15,,,,,,0,,,0,,,,0,0,33,0,0,,,,,,,,,,,,,,,,,,,,,,,,,,,,,,,,,,,,,,,,,,,,,,,,,,,,,,,,
CUAPIAXTLA,29008,109,2013,July,616,0,754,0,0,,,,,,,1471,1443,1975,TLAXCALA,0.744810126582279,0,,,,,54,9,10,,,,,,0,,,0,,,,0,0,28,0,0,,,,,,,,,,,,,,,,,,,,,,,,,,,,,,,,,,,,,,,,,,,,,,,,,,,,,,,,
CUAPIAXTLA,29008,110,2013,July,303,0,459,0,0,,,,,,,898,869,1255,TLAXCALA,0.715537848605578,0,,,,,71,30,6,,,,,,0,,,0,,,,0,0,29,0,0,,,,,,,,,,,,,,,,,,,,,,,,,,,,,,,,,,,,,,,,,,,,,,,,,,,,,,,,
CUAPIAXTLA,29008,111,2013,July,59,0,130,0,0,,,,,,,213,211,228,TLAXCALA,0.93421052631579,0,,,,,13,8,1,,,,,,0,,,0,,,,0,0,2,0,0,,,,,,,,,,,,,,,,,,,,,,,,,,,,,,,,,,,,,,,,,,,,,,,,,,,,,,,,
CUAPIAXTLA,29008,112,2013,July,40,0,82,0,0,,,,,,,157,125,148,TLAXCALA,1.06081081081081,0,,,,,1,2,0,,,,,,0,,,0,,,,0,0,32,0,0,,,,,,,,,,,,,,,,,,,,,,,,,,,,,,,,,,,,,,,,,,,,,,,,,,,,,,,,
CUAPIAXTLA,29008,113,2013,July,66,0,121,0,0,,,,,,,218,214,246,TLAXCALA,0.886178861788618,0,,,,,4,23,0,,,,,,0,,,0,,,,0,0,4,0,0,,,,,,,,,,,,,,,,,,,,,,,,,,,,,,,,,,,,,,,,,,,,,,,,,,,,,,,,
CUAPIAXTLA,29008,114,2013,July,225,0,252,0,0,,,,,,,563,541,708,TLAXCALA,0.795197740112994,0,,,,,16,44,4,,,,,,0,,,0,,,,0,0,22,0,0,,,,,,,,,,,,,,,,,,,,,,,,,,,,,,,,,,,,,,,,,,,,,,,,,,,,,,,,
CUAPIAXTLA,29008,115,2013,July,113,0,147,0,0,,,,,,,323,313,362,TLAXCALA,0.892265193370166,0,,,,,31,13,9,,,,,,0,,,0,,,,0,0,10,0,0,,,,,,,,,,,,,,,,,,,,,,,,,,,,,,,,,,,,,,,,,,,,,,,,,,,,,,,,
CUAPIAXTLA,29008,116,2013,July,124,0,96,0,0,,,,,,,264,264,344,TLAXCALA,0.767441860465116,0,,,,,14,29,1,,,,,,0,,,0,,,,0,0,0,0,0,,,,,,,,,,,,,,,,,,,,,,,,,,,,,,,,,,,,,,,,,,,,,,,,,,,,,,,,
CUAXOMULCO,29009,117,2013,July,132,244,147,0,331,,,,,,,922,901,1193,TLAXCALA,0.772841575859179,0,,,,,0,0,2,,,,,,0,,,0,,,,0,0,21,0,45,,,,,,,,,,,,,,,,,,,,,,,,,,,,,,,,,,,,,,,,,,,,,,,,,,,,,,,,
CUAXOMULCO,29009,118,2013,July,263,136,165,0,160,,,,,,,772,755,940,TLAXCALA,0.821276595744681,0,,,,,0,0,0,,,,,,0,,,0,,,,0,0,17,0,31,,,,,,,,,,,,,,,,,,,,,,,,,,,,,,,,,,,,,,,,,,,,,,,,,,,,,,,,
CUAXOMULCO,29009,119,2013,July,72,94,104,0,108,,,,,,,413,402,512,TLAXCALA,0.806640625,0,,,,,0,0,24,,,,,,0,,,0,,,,0,0,11,0,0,,,,,,,,,,,,,,,,,,,,,,,,,,,,,,,,,,,,,,,,,,,,,,,,,,,,,,,,
CUAXOMULCO,29009,120,2013,July,32,36,69,0,27,,,,,,,175,167,203,TLAXCALA,0.862068965517241,0,,,,,0,0,0,,,,,,0,,,0,,,,0,0,8,0,3,,,,,,,,,,,,,,,,,,,,,,,,,,,,,,,,,,,,,,,,,,,,,,,,,,,,,,,,
CUAXOMULCO,29009,121,2013,July,175,143,133,0,284,,,,,,,821,800,1047,TLAXCALA,0.78414517669532,0,,,,,0,0,1,,,,,,0,,,0,,,,0,0,21,0,64,,,,,,,,,,,,,,,,,,,,,,,,,,,,,,,,,,,,,,,,,,,,,,,,,,,,,,,,
EL CARMEN TEQUEXQUITLA,29007,100,2013,July,0,0,0,0,0,,,,,,,1611,364,2511,TLAXCALA,0.6415770609319,0,,,,,0,84,0,,,,,,0,,,265,,,,0,15,96,0,0,,,,,,,,,,,,,,,,,,,,,,,,,,,,,,,,,,,,,,,,,,,,,,,,,,,,,,,,
EL CARMEN TEQUEXQUITLA,29007,101,2013,July,0,0,0,0,0,,,,,,,1250,407,1939,TLAXCALA,0.644662197008767,0,,,,,0,80,0,,,,,,0,,,291,,,,0,36,70,0,0,,,,,,,,,,,,,,,,,,,,,,,,,,,,,,,,,,,,,,,,,,,,,,,,,,,,,,,,
EL CARMEN TEQUEXQUITLA,29007,102,2013,July,0,0,0,0,0,,,,,,,1794,440,2031,TLAXCALA,0.883308714918759,0,,,,,0,155,0,,,,,,0,,,255,,,,0,30,54,0,0,,,,,,,,,,,,,,,,,,,,,,,,,,,,,,,,,,,,,,,,,,,,,,,,,,,,,,,,
EL CARMEN TEQUEXQUITLA,29007,103,2013,July,0,0,0,0,0,,,,,,,794,214,1114,TLAXCALA,0.712746858168761,0,,,,,0,38,0,,,,,,0,,,165,,,,0,11,73,0,0,,,,,,,,,,,,,,,,,,,,,,,,,,,,,,,,,,,,,,,,,,,,,,,,,,,,,,,,
EL CARMEN TEQUEXQUITLA,29007,104,2013,July,0,0,0,0,0,,,,,,,1291,382,1908,TLAXCALA,0.676624737945493,0,,,,,0,67,0,,,,,,0,,,258,,,,0,57,71,0,0,,,,,,,,,,,,,,,,,,,,,,,,,,,,,,,,,,,,,,,,,,,,,,,,,,,,,,,,
EL CARMEN TEQUEXQUITLA,29007,105,2013,July,0,0,0,0,0,,,,,,,292,95,344,TLAXCALA,0.848837209302326,0,,,,,0,23,0,,,,,,0,,,70,,,,0,2,21,0,0,,,,,,,,,,,,,,,,,,,,,,,,,,,,,,,,,,,,,,,,,,,,,,,,,,,,,,,,
EL CARMEN TEQUEXQUITLA,29007,106,2013,July,0,0,0,0,0,,,,,,,166,17,196,TLAXCALA,0.846938775510204,0,,,,,0,14,0,,,,,,0,,,3,,,,0,0,9,0,0,,,,,,,,,,,,,,,,,,,,,,,,,,,,,,,,,,,,,,,,,,,,,,,,,,,,,,,,
EMILIANO ZAPATA,29046,400,2013,July,14,1,15,0,0,,,,,,,92,87,94,TLAXCALA,0.978723404255319,0,,,,,0,2,52,,,,,,0,,,0,,,,0,0,5,0,3,,,,,,,,,,,,,,,,,,,,,,,,,,,,,,,,,,,,,,,,,,,,,,,,,,,,,,,,
EMILIANO ZAPATA,29046,401,2013,July,63,2,1,0,0,,,,,,,130,127,161,TLAXCALA,0.807453416149068,0,,,,,0,4,30,,,,,,0,,,0,,,,0,0,3,0,27,,,,,,,,,,,,,,,,,,,,,,,,,,,,,,,,,,,,,,,,,,,,,,,,,,,,,,,,
EMILIANO ZAPATA,29046,607,2013,July,535,114,79,0,0,,,,,,,1615,1560,1953,TLAXCALA,0.826932923707117,0,,,,,0,56,318,,,,,,0,,,0,,,,0,0,55,0,458,,,,,,,,,,,,,,,,,,,,,,,,,,,,,,,,,,,,,,,,,,,,,,,,,,,,,,,,
EMILIANO ZAPATA,29046,608,2013,July,126,6,32,0,0,,,,,,,548,523,646,TLAXCALA,0.848297213622291,0,,,,,0,4,316,,,,,,0,,,0,,,,0,0,25,0,39,,,,,,,,,,,,,,,,,,,,,,,,,,,,,,,,,,,,,,,,,,,,,,,,,,,,,,,,
ESPANITA,29012,165,2013,July,0,0,0,11,0,,,,,,,1250,26,1729,TLAXCALA,0.722961249277039,0,,,,,0,0,0,,,,,,0,,,15,,,,0,0,51,0,0,,,,,,,,,,,,,,,,,,,,,,,,,,,,,,,,,,,,,,,,,,,,,,,,,,,,,,,,
ESPANITA,29012,166,2013,July,0,0,0,12,0,,,,,,,51,12,63,TLAXCALA,0.80952380952381,0,,,,,0,0,0,,,,,,0,,,0,,,,0,0,1,0,0,,,,,,,,,,,,,,,,,,,,,,,,,,,,,,,,,,,,,,,,,,,,,,,,,,,,,,,,
ESPANITA,29012,167,2013,July,0,0,0,8,0,,,,,,,161,12,275,TLAXCALA,0.585454545454545,0,,,,,0,0,0,,,,,,0,,,4,,,,0,0,8,0,0,,,,,,,,,,,,,,,,,,,,,,,,,,,,,,,,,,,,,,,,,,,,,,,,,,,,,,,,
ESPANITA,29012,168,2013,July,0,0,0,4,0,,,,,,,433,15,631,TLAXCALA,0.68621236133122,0,,,,,0,0,0,,,,,,0,,,11,,,,0,0,24,0,0,,,,,,,,,,,,,,,,,,,,,,,,,,,,,,,,,,,,,,,,,,,,,,,,,,,,,,,,
ESPANITA,29012,169,2013,July,0,0,0,2,0,,,,,,,170,2,226,TLAXCALA,0.752212389380531,0,,,,,0,0,0,,,,,,0,,,0,,,,0,0,10,0,0,,,,,,,,,,,,,,,,,,,,,,,,,,,,,,,,,,,,,,,,,,,,,,,,,,,,,,,,
ESPANITA,29012,170,2013,July,0,0,0,3,0,,,,,,,427,9,695,TLAXCALA,0.614388489208633,0,,,,,0,0,0,,,,,,0,,,6,,,,0,0,19,0,0,,,,,,,,,,,,,,,,,,,,,,,,,,,,,,,,,,,,,,,,,,,,,,,,,,,,,,,,
ESPANITA,29012,171,2013,July,0,0,0,5,0,,,,,,,167,9,269,TLAXCALA,0.620817843866171,0,,,,,0,0,0,,,,,,0,,,4,,,,0,0,5,0,0,,,,,,,,,,,,,,,,,,,,,,,,,,,,,,,,,,,,,,,,,,,,,,,,,,,,,,,,
ESPANITA,29012,172,2013,July,0,0,0,3,0,,,,,,,166,4,274,TLAXCALA,0.605839416058394,0,,,,,0,0,0,,,,,,0,,,1,,,,0,0,6,0,0,,,,,,,,,,,,,,,,,,,,,,,,,,,,,,,,,,,,,,,,,,,,,,,,,,,,,,,,
ESPANITA,29012,173,2013,July,0,0,0,0,0,,,,,,,177,3,253,TLAXCALA,0.699604743083004,0,,,,,0,0,0,,,,,,0,,,3,,,,0,0,5,0,0,,,,,,,,,,,,,,,,,,,,,,,,,,,,,,,,,,,,,,,,,,,,,,,,,,,,,,,,
ESPANITA,29012,174,2013,July,0,0,0,2,0,,,,,,,142,5,188,TLAXCALA,0.75531914893617,0,,,,,0,0,0,,,,,,0,,,3,,,,0,0,5,0,0,,,,,,,,,,,,,,,,,,,,,,,,,,,,,,,,,,,,,,,,,,,,,,,,,,,,,,,,
ESPANITA,29012,175,2013,July,0,0,0,14,0,,,,,,,375,16,531,TLAXCALA,0.706214689265537,0,,,,,0,0,0,,,,,,0,,,2,,,,0,0,5,0,0,,,,,,,,,,,,,,,,,,,,,,,,,,,,,,,,,,,,,,,,,,,,,,,,,,,,,,,,
ESPANITA,29012,176,2013,July,0,0,0,5,0,,,,,,,291,8,387,TLAXCALA,0.751937984496124,0,,,,,0,0,0,,,,,,0,,,3,,,,0,0,15,0,0,,,,,,,,,,,,,,,,,,,,,,,,,,,,,,,,,,,,,,,,,,,,,,,,,,,,,,,,
ESPANITA,29012,177,2013,July,0,0,0,9,0,,,,,,,235,18,334,TLAXCALA,0.703592814371258,0,,,,,0,0,0,,,,,,0,,,9,,,,0,0,5,0,0,,,,,,,,,,,,,,,,,,,,,,,,,,,,,,,,,,,,,,,,,,,,,,,,,,,,,,,,
HUAMANTLA,29013,178,2013,July,228,0,547,44,50,,,,,,,1710,1647,3101,TLAXCALA,0.55143502096098,0,,,,,688,0,74,,,,,,0,,,0,,,,0,16,63,0,0,,,,,,,,,,,,,,,,,,,,,,,,,,,,,,,,,,,,,,,,,,,,,,,,,,,,,,,,
HUAMANTLA,29013,179,2013,July,236,0,511,40,35,,,,,,,1762,1684,3360,TLAXCALA,0.524404761904762,0,,,,,787,0,50,,,,,,0,,,0,,,,0,25,78,0,0,,,,,,,,,,,,,,,,,,,,,,,,,,,,,,,,,,,,,,,,,,,,,,,,,,,,,,,,
HUAMANTLA,29013,180,2013,July,250,0,606,69,31,,,,,,,1655,1591,2668,TLAXCALA,0.620314842578711,0,,,,,593,0,24,,,,,,0,,,0,,,,0,18,64,0,0,,,,,,,,,,,,,,,,,,,,,,,,,,,,,,,,,,,,,,,,,,,,,,,,,,,,,,,,
HUAMANTLA,29013,181,2013,July,162,0,305,12,37,,,,,,,1186,1134,2091,TLAXCALA,0.567192730750837,0,,,,,572,0,26,,,,,,0,,,0,,,,0,20,52,0,0,,,,,,,,,,,,,,,,,,,,,,,,,,,,,,,,,,,,,,,,,,,,,,,,,,,,,,,,
HUAMANTLA,29013,182,2013,July,54,0,187,23,25,,,,,,,630,599,1255,TLAXCALA,0.50199203187251,0,,,,,260,0,36,,,,,,0,,,0,,,,0,14,31,0,0,,,,,,,,,,,,,,,,,,,,,,,,,,,,,,,,,,,,,,,,,,,,,,,,,,,,,,,,
HUAMANTLA,29013,183,2013,July,103,0,279,22,49,,,,,,,967,934,1832,TLAXCALA,0.527838427947598,0,,,,,449,0,16,,,,,,0,,,0,,,,0,16,33,0,0,,,,,,,,,,,,,,,,,,,,,,,,,,,,,,,,,,,,,,,,,,,,,,,,,,,,,,,,
HUAMANTLA,29013,184,2013,July,91,0,269,17,20,,,,,,,720,675,1101,TLAXCALA,0.653950953678474,0,,,,,232,0,39,,,,,,0,,,0,,,,0,7,45,0,0,,,,,,,,,,,,,,,,,,,,,,,,,,,,,,,,,,,,,,,,,,,,,,,,,,,,,,,,
HUAMANTLA,29013,185,2013,July,61,0,137,8,81,,,,,,,645,619,1290,TLAXCALA,0.5,0,,,,,265,0,55,,,,,,0,,,0,,,,0,12,26,0,0,,,,,,,,,,,,,,,,,,,,,,,,,,,,,,,,,,,,,,,,,,,,,,,,,,,,,,,,
HUAMANTLA,29013,186,2013,July,86,0,178,21,21,,,,,,,745,709,1233,TLAXCALA,0.604217356042174,0,,,,,370,0,21,,,,,,0,,,0,,,,0,12,36,0,0,,,,,,,,,,,,,,,,,,,,,,,,,,,,,,,,,,,,,,,,,,,,,,,,,,,,,,,,
HUAMANTLA,29013,187,2013,July,107,0,289,12,37,,,,,,,998,959,1911,TLAXCALA,0.522239665096808,0,,,,,475,0,28,,,,,,0,,,0,,,,0,11,39,0,0,,,,,,,,,,,,,,,,,,,,,,,,,,,,,,,,,,,,,,,,,,,,,,,,,,,,,,,,
HUAMANTLA,29013,188,2013,July,216,0,503,39,71,,,,,,,1493,1430,3055,TLAXCALA,0.488707037643208,0,,,,,538,0,51,,,,,,0,,,0,,,,0,12,63,0,0,,,,,,,,,,,,,,,,,,,,,,,,,,,,,,,,,,,,,,,,,,,,,,,,,,,,,,,,
HUAMANTLA,29013,189,2013,July,88,0,153,25,17,,,,,,,729,705,1516,TLAXCALA,0.480870712401055,0,,,,,387,0,28,,,,,,0,,,0,,,,0,7,24,0,0,,,,,,,,,,,,,,,,,,,,,,,,,,,,,,,,,,,,,,,,,,,,,,,,,,,,,,,,
HUAMANTLA,29013,190,2013,July,70,0,103,4,9,,,,,,,485,465,962,TLAXCALA,0.504158004158004,0,,,,,252,0,14,,,,,,0,,,0,,,,0,13,20,0,0,,,,,,,,,,,,,,,,,,,,,,,,,,,,,,,,,,,,,,,,,,,,,,,,,,,,,,,,
HUAMANTLA,29013,191,2013,July,86,0,147,18,13,,,,,,,602,572,1127,TLAXCALA,0.53416149068323,0,,,,,285,0,17,,,,,,0,,,0,,,,0,6,30,0,0,,,,,,,,,,,,,,,,,,,,,,,,,,,,,,,,,,,,,,,,,,,,,,,,,,,,,,,,
HUAMANTLA,29013,192,2013,July,70,0,417,26,20,,,,,,,1055,1013,1767,TLAXCALA,0.597057159026599,0,,,,,429,0,40,,,,,,0,,,0,,,,0,11,42,0,0,,,,,,,,,,,,,,,,,,,,,,,,,,,,,,,,,,,,,,,,,,,,,,,,,,,,,,,,
HUAMANTLA,29013,193,2013,July,71,0,276,10,7,,,,,,,554,532,753,TLAXCALA,0.735723771580345,0,,,,,90,0,15,,,,,,0,,,0,,,,0,63,22,0,0,,,,,,,,,,,,,,,,,,,,,,,,,,,,,,,,,,,,,,,,,,,,,,,,,,,,,,,,
HUAMANTLA,29013,194,2013,July,188,0,332,37,17,,,,,,,1340,1275,2294,TLAXCALA,0.584132519616391,0,,,,,591,0,85,,,,,,0,,,0,,,,0,25,65,0,0,,,,,,,,,,,,,,,,,,,,,,,,,,,,,,,,,,,,,,,,,,,,,,,,,,,,,,,,
HUAMANTLA,29013,195,2013,July,107,0,306,24,27,,,,,,,848,801,1579,TLAXCALA,0.537048765041165,0,,,,,291,0,38,,,,,,0,,,0,,,,0,8,47,0,0,,,,,,,,,,,,,,,,,,,,,,,,,,,,,,,,,,,,,,,,,,,,,,,,,,,,,,,,
HUAMANTLA,29013,196,2013,July,163,0,206,11,11,,,,,,,681,649,936,TLAXCALA,0.727564102564103,0,,,,,251,0,3,,,,,,0,,,0,,,,0,4,32,0,0,,,,,,,,,,,,,,,,,,,,,,,,,,,,,,,,,,,,,,,,,,,,,,,,,,,,,,,,
HUAMANTLA,29013,197,2013,July,38,0,25,8,1,,,,,,,148,142,186,TLAXCALA,0.795698924731183,0,,,,,69,0,1,,,,,,0,,,0,,,,0,0,6,0,0,,,,,,,,,,,,,,,,,,,,,,,,,,,,,,,,,,,,,,,,,,,,,,,,,,,,,,,,
HUAMANTLA,29013,198,2013,July,50,0,130,5,4,,,,,,,300,292,464,TLAXCALA,0.646551724137931,0,,,,,96,0,7,,,,,,0,,,0,,,,0,0,8,0,0,,,,,,,,,,,,,,,,,,,,,,,,,,,,,,,,,,,,,,,,,,,,,,,,,,,,,,,,
HUAMANTLA,29013,199,2013,July,139,0,157,18,5,,,,,,,466,449,553,TLAXCALA,0.842676311030741,0,,,,,97,0,19,,,,,,0,,,0,,,,0,14,17,0,0,,,,,,,,,,,,,,,,,,,,,,,,,,,,,,,,,,,,,,,,,,,,,,,,,,,,,,,,
HUAMANTLA,29013,200,2013,July,379,0,233,17,19,,,,,,,973,953,1281,TLAXCALA,0.759562841530055,0,,,,,281,0,7,,,,,,0,,,0,,,,0,17,20,0,0,,,,,,,,,,,,,,,,,,,,,,,,,,,,,,,,,,,,,,,,,,,,,,,,,,,,,,,,
HUAMANTLA,29013,201,2013,July,429,0,779,56,19,,,,,,,2102,2005,2901,TLAXCALA,0.724577731816615,0,,,,,696,0,19,,,,,,0,,,0,,,,0,7,97,0,0,,,,,,,,,,,,,,,,,,,,,,,,,,,,,,,,,,,,,,,,,,,,,,,,,,,,,,,,
HUAMANTLA,29013,202,2013,July,54,0,63,7,14,,,,,,,312,293,427,TLAXCALA,0.730679156908665,0,,,,,152,0,3,,,,,,0,,,0,,,,0,0,19,0,0,,,,,,,,,,,,,,,,,,,,,,,,,,,,,,,,,,,,,,,,,,,,,,,,,,,,,,,,
HUAMANTLA,29013,203,2013,July,274,0,496,19,52,,,,,,,1271,1188,1817,TLAXCALA,0.699504678040726,0,,,,,312,0,16,,,,,,0,,,0,,,,0,19,83,0,0,,,,,,,,,,,,,,,,,,,,,,,,,,,,,,,,,,,,,,,,,,,,,,,,,,,,,,,,
HUAMANTLA,29013,204,2013,July,203,0,421,10,42,,,,,,,1083,985,1747,TLAXCALA,0.619919862621637,0,,,,,276,0,12,,,,,,0,,,0,,,,0,21,98,0,0,,,,,,,,,,,,,,,,,,,,,,,,,,,,,,,,,,,,,,,,,,,,,,,,,,,,,,,,
HUAMANTLA,29013,205,2013,July,62,0,58,0,1,,,,,,,206,203,238,TLAXCALA,0.865546218487395,0,,,,,78,0,3,,,,,,0,,,0,,,,0,1,3,0,0,,,,,,,,,,,,,,,,,,,,,,,,,,,,,,,,,,,,,,,,,,,,,,,,,,,,,,,,
HUAMANTLA,29013,206,2013,July,147,0,316,16,10,,,,,,,705,691,864,TLAXCALA,0.815972222222222,0,,,,,172,0,27,,,,,,0,,,0,,,,0,3,14,0,0,,,,,,,,,,,,,,,,,,,,,,,,,,,,,,,,,,,,,,,,,,,,,,,,,,,,,,,,
HUAMANTLA,29013,207,2013,July,111,0,200,8,7,,,,,,,486,461,666,TLAXCALA,0.72972972972973,0,,,,,123,0,12,,,,,,0,,,0,,,,0,0,25,0,0,,,,,,,,,,,,,,,,,,,,,,,,,,,,,,,,,,,,,,,,,,,,,,,,,,,,,,,,
HUAMANTLA,29013,208,2013,July,67,0,225,17,14,,,,,,,506,492,674,TLAXCALA,0.750741839762611,0,,,,,157,0,2,,,,,,0,,,0,,,,0,10,14,0,0,,,,,,,,,,,,,,,,,,,,,,,,,,,,,,,,,,,,,,,,,,,,,,,,,,,,,,,,
HUAMANTLA,29013,209,2013,July,72,0,242,3,14,,,,,,,518,503,695,TLAXCALA,0.745323741007194,0,,,,,153,0,9,,,,,,0,,,0,,,,0,10,15,0,0,,,,,,,,,,,,,,,,,,,,,,,,,,,,,,,,,,,,,,,,,,,,,,,,,,,,,,,,
HUAMANTLA,29013,210,2013,July,35,0,44,3,4,,,,,,,117,114,208,TLAXCALA,0.5625,0,,,,,27,0,0,,,,,,0,,,0,,,,0,1,3,0,0,,,,,,,,,,,,,,,,,,,,,,,,,,,,,,,,,,,,,,,,,,,,,,,,,,,,,,,,
HUAMANTLA,29013,211,2013,July,119,0,254,13,31,,,,,,,624,588,775,TLAXCALA,0.805161290322581,0,,,,,151,0,7,,,,,,0,,,0,,,,0,13,36,0,0,,,,,,,,,,,,,,,,,,,,,,,,,,,,,,,,,,,,,,,,,,,,,,,,,,,,,,,,
HUAMANTLA,29013,212,2013,July,77,0,91,7,5,,,,,,,256,241,425,TLAXCALA,0.602352941176471,0,,,,,45,0,15,,,,,,0,,,0,,,,0,1,15,0,0,,,,,,,,,,,,,,,,,,,,,,,,,,,,,,,,,,,,,,,,,,,,,,,,,,,,,,,,
HUAMANTLA,29013,213,2013,July,332,0,573,54,84,,,,,,,1614,1524,2508,TLAXCALA,0.643540669856459,0,,,,,425,0,37,,,,,,0,,,0,,,,0,19,90,0,0,,,,,,,,,,,,,,,,,,,,,,,,,,,,,,,,,,,,,,,,,,,,,,,,,,,,,,,,
HUAMANTLA,29013,214,2013,July,300,0,385,20,79,,,,,,,1175,1127,1712,TLAXCALA,0.686331775700935,0,,,,,324,0,16,,,,,,0,,,0,,,,0,3,48,0,0,,,,,,,,,,,,,,,,,,,,,,,,,,,,,,,,,,,,,,,,,,,,,,,,,,,,,,,,
HUAMANTLA,29013,215,2013,July,24,0,102,3,7,,,,,,,231,224,269,TLAXCALA,0.858736059479554,0,,,,,69,0,4,,,,,,0,,,0,,,,0,15,7,0,0,,,,,,,,,,,,,,,,,,,,,,,,,,,,,,,,,,,,,,,,,,,,,,,,,,,,,,,,
HUAMANTLA,29013,216,2013,July,72,0,137,6,18,,,,,,,495,442,764,TLAXCALA,0.647905759162304,0,,,,,169,0,18,,,,,,0,,,0,,,,0,22,53,0,0,,,,,,,,,,,,,,,,,,,,,,,,,,,,,,,,,,,,,,,,,,,,,,,,,,,,,,,,
HUAMANTLA,29013,218,2013,July,94,0,163,8,9,,,,,,,448,434,637,TLAXCALA,0.703296703296703,0,,,,,132,0,23,,,,,,0,,,0,,,,0,5,14,0,0,,,,,,,,,,,,,,,,,,,,,,,,,,,,,,,,,,,,,,,,,,,,,,,,,,,,,,,,
HUAMANTLA,29013,219,2013,July,49,0,237,6,5,,,,,,,449,435,670,TLAXCALA,0.670149253731343,0,,,,,92,0,19,,,,,,0,,,0,,,,0,27,14,0,0,,,,,,,,,,,,,,,,,,,,,,,,,,,,,,,,,,,,,,,,,,,,,,,,,,,,,,,,
HUEYOTLIPAN,29014,220,2013,July,646,0,313,76,0,,,,,,,1348,1306,1901,TLAXCALA,0.709100473435034,0,,,,,164,0,71,,,,,,0,,,0,,,,0,36,42,0,0,,,,,,,,,,,,,,,,,,,,,,,,,,,,,,,,,,,,,,,,,,,,,,,,,,,,,,,,
HUEYOTLIPAN,29014,221,2013,July,604,0,373,72,0,,,,,,,1360,1322,1930,TLAXCALA,0.704663212435233,0,,,,,209,0,45,,,,,,0,,,0,,,,0,19,38,0,0,,,,,,,,,,,,,,,,,,,,,,,,,,,,,,,,,,,,,,,,,,,,,,,,,,,,,,,,
HUEYOTLIPAN,29014,222,2013,July,221,0,166,38,0,,,,,,,706,671,965,TLAXCALA,0.73160621761658,0,,,,,162,0,13,,,,,,0,,,0,,,,0,71,35,0,0,,,,,,,,,,,,,,,,,,,,,,,,,,,,,,,,,,,,,,,,,,,,,,,,,,,,,,,,
HUEYOTLIPAN,29014,223,2013,July,26,0,105,5,0,,,,,,,248,233,347,TLAXCALA,0.714697406340058,0,,,,,85,0,10,,,,,,0,,,0,,,,0,2,15,0,0,,,,,,,,,,,,,,,,,,,,,,,,,,,,,,,,,,,,,,,,,,,,,,,,,,,,,,,,
HUEYOTLIPAN,29014,224,2013,July,87,0,313,2,0,,,,,,,512,501,598,TLAXCALA,0.8561872909699,0,,,,,82,0,16,,,,,,0,,,0,,,,0,1,11,0,0,,,,,,,,,,,,,,,,,,,,,,,,,,,,,,,,,,,,,,,,,,,,,,,,,,,,,,,,
HUEYOTLIPAN,29014,225,2013,July,55,0,35,17,0,,,,,,,199,191,241,TLAXCALA,0.825726141078838,0,,,,,65,0,15,,,,,,0,,,0,,,,0,4,8,0,0,,,,,,,,,,,,,,,,,,,,,,,,,,,,,,,,,,,,,,,,,,,,,,,,,,,,,,,,
HUEYOTLIPAN,29014,226,2013,July,98,0,73,38,0,,,,,,,361,348,481,TLAXCALA,0.750519750519751,0,,,,,126,0,10,,,,,,0,,,0,,,,0,3,13,0,0,,,,,,,,,,,,,,,,,,,,,,,,,,,,,,,,,,,,,,,,,,,,,,,,,,,,,,,,
HUEYOTLIPAN,29014,227,2013,July,132,0,127,3,0,,,,,,,464,454,610,TLAXCALA,0.760655737704918,0,,,,,143,0,35,,,,,,0,,,0,,,,0,14,10,0,0,,,,,,,,,,,,,,,,,,,,,,,,,,,,,,,,,,,,,,,,,,,,,,,,,,,,,,,,
HUEYOTLIPAN,29014,228,2013,July,173,0,369,20,0,,,,,,,1543,1475,2593,TLAXCALA,0.595063632857694,0,,,,,513,0,146,,,,,,0,,,0,,,,0,254,68,0,0,,,,,,,,,,,,,,,,,,,,,,,,,,,,,,,,,,,,,,,,,,,,,,,,,,,,,,,,
HUEYOTLIPAN,29014,229,2013,July,13,0,29,2,0,,,,,,,99,92,110,TLAXCALA,0.9,0,,,,,39,0,0,,,,,,0,,,0,,,,0,9,7,0,0,,,,,,,,,,,,,,,,,,,,,,,,,,,,,,,,,,,,,,,,,,,,,,,,,,,,,,,,
HUEYOTLIPAN,29014,230,2013,July,125,0,107,19,0,,,,,,,378,364,533,TLAXCALA,0.709193245778612,0,,,,,64,0,30,,,,,,0,,,0,,,,0,19,14,0,0,,,,,,,,,,,,,,,,,,,,,,,,,,,,,,,,,,,,,,,,,,,,,,,,,,,,,,,,
HUEYOTLIPAN,29014,231,2013,July,69,0,32,24,0,,,,,,,183,182,287,TLAXCALA,0.637630662020906,0,,,,,42,0,14,,,,,,0,,,0,,,,0,1,1,0,0,,,,,,,,,,,,,,,,,,,,,,,,,,,,,,,,,,,,,,,,,,,,,,,,,,,,,,,,
IXTACUIXTLA DE MARIANO MATAMOROS,29015,232,2013,July,0,0,0,17,0,,,,,,,1112,228,1779,TLAXCALA,0.625070264193367,0,,,,,0,109,0,,,,,,0,,,80,,,,0,22,39,0,0,,,,,,,,,,,,,,,,,,,,,,,,,,,,,,,,,,,,,,,,,,,,,,,,,,,,,,,,
IXTACUIXTLA DE MARIANO MATAMOROS,29015,233,2013,July,0,0,0,8,0,,,,,,,973,298,1628,TLAXCALA,0.597665847665848,0,,,,,0,138,0,,,,,,0,,,126,,,,0,26,26,0,0,,,,,,,,,,,,,,,,,,,,,,,,,,,,,,,,,,,,,,,,,,,,,,,,,,,,,,,,
IXTACUIXTLA DE MARIANO MATAMOROS,29015,234,2013,July,0,0,0,13,0,,,,,,,786,215,1225,TLAXCALA,0.641632653061225,0,,,,,0,128,0,,,,,,0,,,62,,,,0,12,21,0,0,,,,,,,,,,,,,,,,,,,,,,,,,,,,,,,,,,,,,,,,,,,,,,,,,,,,,,,,
IXTACUIXTLA DE MARIANO MATAMOROS,29015,235,2013,July,0,0,0,20,0,,,,,,,145,49,193,TLAXCALA,0.751295336787565,0,,,,,0,3,0,,,,,,0,,,26,,,,0,0,9,0,0,,,,,,,,,,,,,,,,,,,,,,,,,,,,,,,,,,,,,,,,,,,,,,,,,,,,,,,,
IXTACUIXTLA DE MARIANO MATAMOROS,29015,236,2013,July,0,0,0,4,0,,,,,,,162,64,275,TLAXCALA,0.589090909090909,0,,,,,0,16,0,,,,,,0,,,44,,,,0,0,6,0,0,,,,,,,,,,,,,,,,,,,,,,,,,,,,,,,,,,,,,,,,,,,,,,,,,,,,,,,,
IXTACUIXTLA DE MARIANO MATAMOROS,29015,237,2013,July,0,0,0,2,0,,,,,,,183,24,318,TLAXCALA,0.575471698113208,0,,,,,0,5,0,,,,,,0,,,14,,,,0,3,11,0,0,,,,,,,,,,,,,,,,,,,,,,,,,,,,,,,,,,,,,,,,,,,,,,,,,,,,,,,,
IXTACUIXTLA DE MARIANO MATAMOROS,29015,238,2013,July,0,0,0,4,0,,,,,,,173,64,299,TLAXCALA,0.578595317725752,0,,,,,0,33,0,,,,,,0,,,26,,,,0,1,8,0,0,,,,,,,,,,,,,,,,,,,,,,,,,,,,,,,,,,,,,,,,,,,,,,,,,,,,,,,,
IXTACUIXTLA DE MARIANO MATAMOROS,29015,239,2013,July,0,0,0,1,0,,,,,,,241,82,463,TLAXCALA,0.520518358531318,0,,,,,0,7,0,,,,,,0,,,71,,,,0,3,13,0,0,,,,,,,,,,,,,,,,,,,,,,,,,,,,,,,,,,,,,,,,,,,,,,,,,,,,,,,,
IXTACUIXTLA DE MARIANO MATAMOROS,29015,240,2013,July,0,0,0,10,0,,,,,,,399,114,712,TLAXCALA,0.560393258426966,0,,,,,0,27,0,,,,,,0,,,40,,,,0,37,19,0,0,,,,,,,,,,,,,,,,,,,,,,,,,,,,,,,,,,,,,,,,,,,,,,,,,,,,,,,,
IXTACUIXTLA DE MARIANO MATAMOROS,29015,241,2013,July,0,0,0,24,0,,,,,,,855,262,1630,TLAXCALA,0.524539877300613,0,,,,,0,79,0,,,,,,0,,,138,,,,0,21,52,0,0,,,,,,,,,,,,,,,,,,,,,,,,,,,,,,,,,,,,,,,,,,,,,,,,,,,,,,,,
IXTACUIXTLA DE MARIANO MATAMOROS,29015,242,2013,July,0,0,0,15,0,,,,,,,700,200,1246,TLAXCALA,0.561797752808989,0,,,,,0,71,0,,,,,,0,,,101,,,,0,13,25,0,0,,,,,,,,,,,,,,,,,,,,,,,,,,,,,,,,,,,,,,,,,,,,,,,,,,,,,,,,
IXTACUIXTLA DE MARIANO MATAMOROS,29015,243,2013,July,0,0,0,1,0,,,,,,,247,29,298,TLAXCALA,0.828859060402685,0,,,,,0,6,0,,,,,,0,,,20,,,,0,2,9,0,0,,,,,,,,,,,,,,,,,,,,,,,,,,,,,,,,,,,,,,,,,,,,,,,,,,,,,,,,
IXTACUIXTLA DE MARIANO MATAMOROS,29015,244,2013,July,0,0,0,11,0,,,,,,,273,76,475,TLAXCALA,0.574736842105263,0,,,,,0,23,0,,,,,,0,,,41,,,,0,1,20,0,0,,,,,,,,,,,,,,,,,,,,,,,,,,,,,,,,,,,,,,,,,,,,,,,,,,,,,,,,
IXTACUIXTLA DE MARIANO MATAMOROS,29015,245,2013,July,0,0,0,22,0,,,,,,,1669,311,2194,TLAXCALA,0.760711030082042,0,,,,,0,40,0,,,,,,0,,,220,,,,0,29,60,0,0,,,,,,,,,,,,,,,,,,,,,,,,,,,,,,,,,,,,,,,,,,,,,,,,,,,,,,,,
IXTACUIXTLA DE MARIANO MATAMOROS,29015,246,2013,July,0,0,0,59,0,,,,,,,497,206,671,TLAXCALA,0.740685543964233,0,,,,,0,90,0,,,,,,0,,,53,,,,0,4,13,0,0,,,,,,,,,,,,,,,,,,,,,,,,,,,,,,,,,,,,,,,,,,,,,,,,,,,,,,,,
IXTACUIXTLA DE MARIANO MATAMOROS,29015,247,2013,July,0,0,0,56,0,,,,,,,1067,494,1516,TLAXCALA,0.703825857519789,0,,,,,0,46,0,,,,,,0,,,376,,,,0,16,44,0,0,,,,,,,,,,,,,,,,,,,,,,,,,,,,,,,,,,,,,,,,,,,,,,,,,,,,,,,,
IXTACUIXTLA DE MARIANO MATAMOROS,29015,248,2013,July,0,0,0,37,0,,,,,,,898,307,1144,TLAXCALA,0.784965034965035,0,,,,,0,26,0,,,,,,0,,,233,,,,0,11,19,0,0,,,,,,,,,,,,,,,,,,,,,,,,,,,,,,,,,,,,,,,,,,,,,,,,,,,,,,,,
IXTACUIXTLA DE MARIANO MATAMOROS,29015,249,2013,July,0,0,0,0,0,,,,,,,392,54,526,TLAXCALA,0.745247148288973,0,,,,,0,13,0,,,,,,0,,,40,,,,0,1,16,0,0,,,,,,,,,,,,,,,,,,,,,,,,,,,,,,,,,,,,,,,,,,,,,,,,,,,,,,,,
IXTACUIXTLA DE MARIANO MATAMOROS,29015,250,2013,July,0,0,0,8,0,,,,,,,687,203,913,TLAXCALA,0.752464403066813,0,,,,,0,67,0,,,,,,0,,,109,,,,0,19,16,0,0,,,,,,,,,,,,,,,,,,,,,,,,,,,,,,,,,,,,,,,,,,,,,,,,,,,,,,,,
IXTACUIXTLA DE MARIANO MATAMOROS,29015,251,2013,July,0,0,0,23,0,,,,,,,1711,491,2664,TLAXCALA,0.642267267267267,0,,,,,0,181,0,,,,,,0,,,258,,,,0,29,50,0,0,,,,,,,,,,,,,,,,,,,,,,,,,,,,,,,,,,,,,,,,,,,,,,,,,,,,,,,,
IXTACUIXTLA DE MARIANO MATAMOROS,29015,252,2013,July,0,0,0,9,0,,,,,,,917,442,1734,TLAXCALA,0.52883506343714,0,,,,,0,105,0,,,,,,0,,,319,,,,0,9,25,0,0,,,,,,,,,,,,,,,,,,,,,,,,,,,,,,,,,,,,,,,,,,,,,,,,,,,,,,,,
IXTACUIXTLA DE MARIANO MATAMOROS,29015,253,2013,July,0,0,0,12,0,,,,,,,833,415,1518,TLAXCALA,0.548748353096179,0,,,,,0,147,0,,,,,,0,,,251,,,,0,5,16,0,0,,,,,,,,,,,,,,,,,,,,,,,,,,,,,,,,,,,,,,,,,,,,,,,,,,,,,,,,
IXTACUIXTLA DE MARIANO MATAMOROS,29015,256,2013,July,0,0,0,40,0,,,,,,,866,350,1331,TLAXCALA,0.650638617580766,0,,,,,0,138,0,,,,,,0,,,167,,,,0,5,36,0,0,,,,,,,,,,,,,,,,,,,,,,,,,,,,,,,,,,,,,,,,,,,,,,,,,,,,,,,,
IXTACUIXTLA DE MARIANO MATAMOROS,29015,257,2013,July,0,0,0,24,0,,,,,,,534,200,895,TLAXCALA,0.596648044692738,0,,,,,0,70,0,,,,,,0,,,103,,,,0,3,27,0,0,,,,,,,,,,,,,,,,,,,,,,,,,,,,,,,,,,,,,,,,,,,,,,,,,,,,,,,,
IXTACUIXTLA DE MARIANO MATAMOROS,29015,258,2013,July,0,0,0,4,0,,,,,,,209,43,391,TLAXCALA,0.534526854219949,0,,,,,0,22,0,,,,,,0,,,16,,,,0,1,6,0,0,,,,,,,,,,,,,,,,,,,,,,,,,,,,,,,,,,,,,,,,,,,,,,,,,,,,,,,,
IXTENCO,29016,259,2013,July,0,0,0,176,0,,,,,,,949,427,1343,TLAXCALA,0.7066269545793,0,,,,,0,142,0,,,,,,0,,,22,,,,0,87,27,0,0,,,,,,,,,,,,,,,,,,,,,,,,,,,,,,,,,,,,,,,,,,,,,,,,,,,,,,,,
IXTENCO,29016,260,2013,July,0,0,0,157,0,,,,,,,771,327,1123,TLAXCALA,0.686553873552983,0,,,,,0,93,0,,,,,,0,,,11,,,,0,66,23,0,0,,,,,,,,,,,,,,,,,,,,,,,,,,,,,,,,,,,,,,,,,,,,,,,,,,,,,,,,
IXTENCO,29016,261,2013,July,0,0,0,161,0,,,,,,,932,369,1421,TLAXCALA,0.655876143560873,0,,,,,0,103,0,,,,,,0,,,12,,,,0,93,18,0,0,,,,,,,,,,,,,,,,,,,,,,,,,,,,,,,,,,,,,,,,,,,,,,,,,,,,,,,,
IXTENCO,29016,262,2013,July,0,0,0,120,0,,,,,,,643,266,994,TLAXCALA,0.646881287726358,0,,,,,0,80,0,,,,,,0,,,15,,,,0,51,25,0,0,,,,,,,,,,,,,,,,,,,,,,,,,,,,,,,,,,,,,,,,,,,,,,,,,,,,,,,,
LA MAGDALENA TLALTELULCO,29048,150,2013,July,0,0,0,117,0,,,,,,,410,135,1102,TLAXCALA,0.372050816696915,0,,,,,0,8,0,,,,,,0,,,7,,,,0,3,10,0,0,,,,,,,,,,,,,,,,,,,,,,,,,,,,,,,,,,,,,,,,,,,,,,,,,,,,,,,,
LA MAGDALENA TLALTELULCO,29048,151,2013,July,0,0,0,608,0,,,,,,,2997,721,4155,TLAXCALA,0.72129963898917,0,,,,,0,7,0,,,,,,0,,,79,,,,0,27,76,0,0,,,,,,,,,,,,,,,,,,,,,,,,,,,,,,,,,,,,,,,,,,,,,,,,,,,,,,,,
LA MAGDALENA TLALTELULCO,29048,152,2013,July,0,0,0,408,0,,,,,,,2026,440,2624,TLAXCALA,0.772103658536585,0,,,,,0,4,0,,,,,,0,,,22,,,,0,6,43,0,0,,,,,,,,,,,,,,,,,,,,,,,,,,,,,,,,,,,,,,,,,,,,,,,,,,,,,,,,
LA MAGDALENA TLALTELULCO,29048,153,2013,July,0,0,0,155,0,,,,,,,951,180,1336,TLAXCALA,0.711826347305389,0,,,,,0,9,0,,,,,,0,,,10,,,,0,6,26,0,0,,,,,,,,,,,,,,,,,,,,,,,,,,,,,,,,,,,,,,,,,,,,,,,,,,,,,,,,
LA MAGDALENA TLALTELULCO,29048,154,2013,July,0,0,0,169,0,,,,,,,1075,223,1453,TLAXCALA,0.739848589125946,0,,,,,0,5,0,,,,,,0,,,38,,,,0,11,28,0,0,,,,,,,,,,,,,,,,,,,,,,,,,,,,,,,,,,,,,,,,,,,,,,,,,,,,,,,,
LA MAGDALENA TLALTELULCO,29048,155,2013,July,0,0,0,216,0,,,,,,,1134,260,1605,TLAXCALA,0.706542056074766,0,,,,,0,6,0,,,,,,0,,,22,,,,0,16,24,0,0,,,,,,,,,,,,,,,,,,,,,,,,,,,,,,,,,,,,,,,,,,,,,,,,,,,,,,,,
LAZARO CARDENAS,29047,402,2013,July,0,0,0,0,0,,,,,,,198,32,234,TLAXCALA,0.846153846153846,0,,,,,0,12,0,,,,,,0,,,18,,,,0,2,4,0,0,,,,,,,,,,,,,,,,,,,,,,,,,,,,,,,,,,,,,,,,,,,,,,,,,,,,,,,,
LAZARO CARDENAS,29047,606,2013,July,0,0,0,0,0,,,,,,,1400,540,1752,TLAXCALA,0.799086757990868,0,,,,,0,215,0,,,,,,0,,,93,,,,0,232,33,0,0,,,,,,,,,,,,,,,,,,,,,,,,,,,,,,,,,,,,,,,,,,,,,,,,,,,,,,,,
MAZATECOCHCO DE JOSE MARIA MORELOS,29017,263,2013,July,382,187,402,0,0,,,,,,,1502,1482,1867,TLAXCALA,0.804499196572041,0,,,,,0,0,13,,,,,,0,,,0,,,,0,490,20,0,8,,,,,,,,,,,,,,,,,,,,,,,,,,,,,,,,,,,,,,,,,,,,,,,,,,,,,,,,
MAZATECOCHCO DE JOSE MARIA MORELOS,29017,264,2013,July,294,233,412,0,0,,,,,,,1307,1289,1630,TLAXCALA,0.801840490797546,0,,,,,0,0,16,,,,,,0,,,0,,,,0,324,18,0,10,,,,,,,,,,,,,,,,,,,,,,,,,,,,,,,,,,,,,,,,,,,,,,,,,,,,,,,,
MAZATECOCHCO DE JOSE MARIA MORELOS,29017,265,2013,July,267,169,484,0,0,,,,,,,1357,1332,1726,TLAXCALA,0.786210892236385,0,,,,,0,0,10,,,,,,0,,,0,,,,0,394,25,0,8,,,,,,,,,,,,,,,,,,,,,,,,,,,,,,,,,,,,,,,,,,,,,,,,,,,,,,,,
MAZATECOCHCO DE JOSE MARIA MORELOS,29017,266,2013,July,377,121,351,0,0,,,,,,,1167,1150,1499,TLAXCALA,0.778519012675117,0,,,,,0,0,6,,,,,,0,,,0,,,,0,284,17,0,11,,,,,,,,,,,,,,,,,,,,,,,,,,,,,,,,,,,,,,,,,,,,,,,,,,,,,,,,
MUNOZ DE DOMINGO ARENAS,29011,161,2013,July,324,152,278,0,44,,,,,,,1231,1200,1672,TLAXCALA,0.736244019138756,0,,,,,0,110,17,,,,,,0,,,0,,,,0,130,31,0,145,,,,,,,,,,,,,,,,,,,,,,,,,,,,,,,,,,,,,,,,,,,,,,,,,,,,,,,,
MUNOZ DE DOMINGO ARENAS,29011,162,2013,July,293,158,93,0,43,,,,,,,741,716,961,TLAXCALA,0.771071800208117,0,,,,,0,32,33,,,,,,0,,,0,,,,0,41,25,0,23,,,,,,,,,,,,,,,,,,,,,,,,,,,,,,,,,,,,,,,,,,,,,,,,,,,,,,,,
MUNOZ DE DOMINGO ARENAS,29011,163,2013,July,145,79,61,0,18,,,,,,,341,334,453,TLAXCALA,0.752759381898455,0,,,,,0,10,1,,,,,,0,,,0,,,,0,17,7,0,3,,,,,,,,,,,,,,,,,,,,,,,,,,,,,,,,,,,,,,,,,,,,,,,,,,,,,,,,
MUNOZ DE DOMINGO ARENAS,29011,164,2013,July,68,17,34,0,33,,,,,,,205,193,236,TLAXCALA,0.86864406779661,0,,,,,0,20,0,,,,,,0,,,0,,,,0,4,12,0,17,,,,,,,,,,,,,,,,,,,,,,,,,,,,,,,,,,,,,,,,,,,,,,,,,,,,,,,,
NANACAMILPA DE MARIANO ARISTA,29021,299,2013,July,209,0,420,0,138,,,,,,,1497,1460,2406,TLAXCALA,0.622194513715711,0,,,,,409,0,16,,,,,,0,,,0,,,,0,268,37,0,0,,,,,,,,,,,,,,,,,,,,,,,,,,,,,,,,,,,,,,,,,,,,,,,,,,,,,,,,
NANACAMILPA DE MARIANO ARISTA,29021,300,2013,July,114,0,329,0,69,,,,,,,862,839,1288,TLAXCALA,0.669254658385093,0,,,,,265,0,4,,,,,,0,,,0,,,,0,58,23,0,0,,,,,,,,,,,,,,,,,,,,,,,,,,,,,,,,,,,,,,,,,,,,,,,,,,,,,,,,
NANACAMILPA DE MARIANO ARISTA,29021,301,2013,July,255,0,255,0,209,,,,,,,1492,1451,2257,TLAXCALA,0.661054497120071,0,,,,,414,0,22,,,,,,0,,,0,,,,0,296,41,0,0,,,,,,,,,,,,,,,,,,,,,,,,,,,,,,,,,,,,,,,,,,,,,,,,,,,,,,,,
NANACAMILPA DE MARIANO ARISTA,29021,302,2013,July,190,0,331,0,271,,,,,,,1477,1441,2309,TLAXCALA,0.639670853183196,0,,,,,357,0,21,,,,,,0,,,0,,,,0,271,36,0,0,,,,,,,,,,,,,,,,,,,,,,,,,,,,,,,,,,,,,,,,,,,,,,,,,,,,,,,,
NANACAMILPA DE MARIANO ARISTA,29021,303,2013,July,109,0,128,0,53,,,,,,,558,547,878,TLAXCALA,0.635535307517084,0,,,,,156,0,15,,,,,,0,,,0,,,,0,86,11,0,0,,,,,,,,,,,,,,,,,,,,,,,,,,,,,,,,,,,,,,,,,,,,,,,,,,,,,,,,
NANACAMILPA DE MARIANO ARISTA,29021,304,2013,July,195,0,73,0,59,,,,,,,661,642,900,TLAXCALA,0.734444444444445,0,,,,,214,0,3,,,,,,0,,,0,,,,0,98,19,0,0,,,,,,,,,,,,,,,,,,,,,,,,,,,,,,,,,,,,,,,,,,,,,,,,,,,,,,,,
NANACAMILPA DE MARIANO ARISTA,29021,305,2013,July,42,0,26,0,8,,,,,,,206,201,339,TLAXCALA,0.607669616519174,0,,,,,91,0,1,,,,,,0,,,0,,,,0,33,5,0,0,,,,,,,,,,,,,,,,,,,,,,,,,,,,,,,,,,,,,,,,,,,,,,,,,,,,,,,,
NANACAMILPA DE MARIANO ARISTA,29021,306,2013,July,31,0,9,0,17,,,,,,,99,93,143,TLAXCALA,0.692307692307692,0,,,,,18,0,0,,,,,,0,,,0,,,,0,18,6,0,0,,,,,,,,,,,,,,,,,,,,,,,,,,,,,,,,,,,,,,,,,,,,,,,,,,,,,,,,
NANACAMILPA DE MARIANO ARISTA,29021,307,2013,July,54,0,52,0,41,,,,,,,324,315,499,TLAXCALA,0.649298597194389,0,,,,,96,0,3,,,,,,0,,,0,,,,0,69,9,0,0,,,,,,,,,,,,,,,,,,,,,,,,,,,,,,,,,,,,,,,,,,,,,,,,,,,,,,,,
NANACAMILPA DE MARIANO ARISTA,29021,308,2013,July,156,0,227,0,44,,,,,,,770,757,1112,TLAXCALA,0.692446043165468,0,,,,,273,0,11,,,,,,0,,,0,,,,0,46,13,0,0,,,,,,,,,,,,,,,,,,,,,,,,,,,,,,,,,,,,,,,,,,,,,,,,,,,,,,,,
NATIVITAS,29023,318,2013,July,182,14,23,19,15,,,,,,,592,574,850,TLAXCALA,0.696470588235294,0,,,,,0,6,0,,,,,,0,,,0,,,,0,12,18,303,0,,,,,,,,,,,,,,,,,,,,,,,,,,,,,,,,,,,,,,,,,,,,,,,,,,,,,,,,
NATIVITAS,29023,319,2013,July,362,40,346,78,57,,,,,,,1603,1555,2480,TLAXCALA,0.646370967741936,0,,,,,0,47,0,,,,,,0,,,0,,,,0,31,48,594,0,,,,,,,,,,,,,,,,,,,,,,,,,,,,,,,,,,,,,,,,,,,,,,,,,,,,,,,,
NATIVITAS,29023,320,2013,July,113,11,23,19,25,,,,,,,435,421,557,TLAXCALA,0.780969479353681,0,,,,,0,167,0,,,,,,0,,,0,,,,0,4,14,59,0,,,,,,,,,,,,,,,,,,,,,,,,,,,,,,,,,,,,,,,,,,,,,,,,,,,,,,,,
NATIVITAS,29023,321,2013,July,198,3,13,26,32,,,,,,,431,417,687,TLAXCALA,0.627365356622999,0,,,,,0,18,0,,,,,,0,,,0,,,,0,27,14,100,0,,,,,,,,,,,,,,,,,,,,,,,,,,,,,,,,,,,,,,,,,,,,,,,,,,,,,,,,
NATIVITAS,29023,322,2013,July,154,9,43,109,17,,,,,,,757,734,1033,TLAXCALA,0.732817037754114,0,,,,,0,16,0,,,,,,0,,,0,,,,0,45,23,341,0,,,,,,,,,,,,,,,,,,,,,,,,,,,,,,,,,,,,,,,,,,,,,,,,,,,,,,,,
NATIVITAS,29023,323,2013,July,235,5,45,58,78,,,,,,,792,756,1679,TLAXCALA,0.47170935080405,0,,,,,0,27,0,,,,,,0,,,0,,,,0,211,36,97,0,,,,,,,,,,,,,,,,,,,,,,,,,,,,,,,,,,,,,,,,,,,,,,,,,,,,,,,,
NATIVITAS,29023,324,2013,July,119,6,21,20,24,,,,,,,374,353,599,TLAXCALA,0.624373956594324,0,,,,,0,14,0,,,,,,0,,,0,,,,0,22,21,127,0,,,,,,,,,,,,,,,,,,,,,,,,,,,,,,,,,,,,,,,,,,,,,,,,,,,,,,,,
NATIVITAS,29023,325,2013,July,204,20,68,166,58,,,,,,,899,840,1306,TLAXCALA,0.688361408882083,0,,,,,0,38,0,,,,,,0,,,0,,,,0,72,59,214,0,,,,,,,,,,,,,,,,,,,,,,,,,,,,,,,,,,,,,,,,,,,,,,,,,,,,,,,,
NATIVITAS,29023,326,2013,July,538,13,97,213,51,,,,,,,1465,1412,1990,TLAXCALA,0.736180904522613,0,,,,,0,23,0,,,,,,0,,,0,,,,0,361,53,116,0,,,,,,,,,,,,,,,,,,,,,,,,,,,,,,,,,,,,,,,,,,,,,,,,,,,,,,,,
NATIVITAS,29023,327,2013,July,316,18,108,110,146,,,,,,,1141,1099,1631,TLAXCALA,0.699570815450644,0,,,,,0,17,0,,,,,,0,,,0,,,,0,219,42,165,0,,,,,,,,,,,,,,,,,,,,,,,,,,,,,,,,,,,,,,,,,,,,,,,,,,,,,,,,
NATIVITAS,29023,328,2013,July,136,20,28,17,49,,,,,,,518,495,807,TLAXCALA,0.641883519206939,0,,,,,0,41,0,,,,,,0,,,0,,,,0,33,23,171,0,,,,,,,,,,,,,,,,,,,,,,,,,,,,,,,,,,,,,,,,,,,,,,,,,,,,,,,,
NATIVITAS,29023,329,2013,July,217,22,23,53,511,,,,,,,987,969,1388,TLAXCALA,0.711095100864553,0,,,,,0,41,0,,,,,,0,,,0,,,,0,46,18,56,0,,,,,,,,,,,,,,,,,,,,,,,,,,,,,,,,,,,,,,,,,,,,,,,,,,,,,,,,
NATIVITAS,29023,330,2013,July,130,10,12,23,468,,,,,,,752,727,1090,TLAXCALA,0.689908256880734,0,,,,,0,11,0,,,,,,0,,,0,,,,0,31,25,42,0,,,,,,,,,,,,,,,,,,,,,,,,,,,,,,,,,,,,,,,,,,,,,,,,,,,,,,,,
NATIVITAS,29023,331,2013,July,231,29,61,123,36,,,,,,,746,686,1029,TLAXCALA,0.724975704567541,0,,,,,0,6,0,,,,,,0,,,0,,,,0,79,60,121,0,,,,,,,,,,,,,,,,,,,,,,,,,,,,,,,,,,,,,,,,,,,,,,,,,,,,,,,,
PANOTLA,29024,332,2013,July,0,0,0,1,0,,,,,,,61,10,470,TLAXCALA,0.129787234042553,0,,,,,0,3,0,,,,,,0,,,4,,,,0,2,4,0,0,,,,,,,,,,,,,,,,,,,,,,,,,,,,,,,,,,,,,,,,,,,,,,,,,,,,,,,,
PANOTLA,29024,333,2013,July,0,0,0,19,0,,,,,,,455,102,1113,TLAXCALA,0.408805031446541,0,,,,,0,9,0,,,,,,0,,,39,,,,0,35,23,0,0,,,,,,,,,,,,,,,,,,,,,,,,,,,,,,,,,,,,,,,,,,,,,,,,,,,,,,,,
PANOTLA,29024,334,2013,July,0,0,0,14,0,,,,,,,618,144,946,TLAXCALA,0.653276955602537,0,,,,,0,11,0,,,,,,0,,,63,,,,0,56,19,0,0,,,,,,,,,,,,,,,,,,,,,,,,,,,,,,,,,,,,,,,,,,,,,,,,,,,,,,,,
PANOTLA,29024,335,2013,July,0,0,0,19,0,,,,,,,409,103,825,TLAXCALA,0.495757575757576,0,,,,,0,8,0,,,,,,0,,,52,,,,0,24,30,0,0,,,,,,,,,,,,,,,,,,,,,,,,,,,,,,,,,,,,,,,,,,,,,,,,,,,,,,,,
PANOTLA,29024,336,2013,July,0,0,0,44,0,,,,,,,1529,425,2540,TLAXCALA,0.601968503937008,0,,,,,0,43,0,,,,,,0,,,180,,,,0,158,73,0,0,,,,,,,,,,,,,,,,,,,,,,,,,,,,,,,,,,,,,,,,,,,,,,,,,,,,,,,,
PANOTLA,29024,337,2013,July,0,0,0,40,0,,,,,,,1116,354,1734,TLAXCALA,0.643598615916955,0,,,,,0,39,0,,,,,,0,,,181,,,,0,94,69,0,0,,,,,,,,,,,,,,,,,,,,,,,,,,,,,,,,,,,,,,,,,,,,,,,,,,,,,,,,
PANOTLA,29024,338,2013,July,0,0,0,24,0,,,,,,,1276,358,2093,TLAXCALA,0.609651218346871,0,,,,,0,146,0,,,,,,0,,,137,,,,0,51,82,0,0,,,,,,,,,,,,,,,,,,,,,,,,,,,,,,,,,,,,,,,,,,,,,,,,,,,,,,,,
PANOTLA,29024,339,2013,July,0,0,0,37,0,,,,,,,458,121,781,TLAXCALA,0.586427656850192,0,,,,,0,24,0,,,,,,0,,,51,,,,0,9,32,0,0,,,,,,,,,,,,,,,,,,,,,,,,,,,,,,,,,,,,,,,,,,,,,,,,,,,,,,,,
PANOTLA,29024,340,2013,July,0,0,0,12,0,,,,,,,338,92,680,TLAXCALA,0.497058823529412,0,,,,,0,10,0,,,,,,0,,,58,,,,0,12,27,0,0,,,,,,,,,,,,,,,,,,,,,,,,,,,,,,,,,,,,,,,,,,,,,,,,,,,,,,,,
PANOTLA,29024,341,2013,July,0,0,0,3,0,,,,,,,161,63,162,TLAXCALA,0.993827160493827,0,,,,,0,3,0,,,,,,0,,,48,,,,0,9,7,0,0,,,,,,,,,,,,,,,,,,,,,,,,,,,,,,,,,,,,,,,,,,,,,,,,,,,,,,,,
PANOTLA,29024,342,2013,July,0,0,0,46,0,,,,,,,1126,381,1664,TLAXCALA,0.676682692307692,0,,,,,0,92,0,,,,,,0,,,98,,,,0,145,45,0,0,,,,,,,,,,,,,,,,,,,,,,,,,,,,,,,,,,,,,,,,,,,,,,,,,,,,,,,,
PANOTLA,29024,343,2013,July,0,0,0,20,0,,,,,,,434,123,624,TLAXCALA,0.69551282051282,0,,,,,0,13,0,,,,,,0,,,14,,,,0,76,10,0,0,,,,,,,,,,,,,,,,,,,,,,,,,,,,,,,,,,,,,,,,,,,,,,,,,,,,,,,,
PANOTLA,29024,344,2013,July,0,0,0,3,0,,,,,,,531,271,668,TLAXCALA,0.794910179640719,0,,,,,0,150,0,,,,,,0,,,68,,,,0,50,6,0,0,,,,,,,,,,,,,,,,,,,,,,,,,,,,,,,,,,,,,,,,,,,,,,,,,,,,,,,,
PANOTLA,29024,345,2013,July,0,0,0,37,0,,,,,,,1029,317,1472,TLAXCALA,0.699048913043478,0,,,,,0,83,0,,,,,,0,,,111,,,,0,86,34,0,0,,,,,,,,,,,,,,,,,,,,,,,,,,,,,,,,,,,,,,,,,,,,,,,,,,,,,,,,
PANOTLA,29024,346,2013,July,0,0,0,241,0,,,,,,,983,458,1572,TLAXCALA,0.625318066157761,0,,,,,0,37,0,,,,,,0,,,154,,,,0,26,28,0,0,,,,,,,,,,,,,,,,,,,,,,,,,,,,,,,,,,,,,,,,,,,,,,,,,,,,,,,,
PANOTLA,29024,347,2013,July,0,0,0,200,0,,,,,,,1013,498,1666,TLAXCALA,0.608043217286915,0,,,,,0,71,0,,,,,,0,,,191,,,,0,36,26,0,0,,,,,,,,,,,,,,,,,,,,,,,,,,,,,,,,,,,,,,,,,,,,,,,,,,,,,,,,
PAPALOTLA DE XICOHTENCATL,29041,558,2013,July,463,85,334,0,69,,,,,,,1452,1406,2095,TLAXCALA,0.693078758949881,0,,,,,0,0,5,,,,,,0,,,0,,,,0,113,46,0,337,,,,,,,,,,,,,,,,,,,,,,,,,,,,,,,,,,,,,,,,,,,,,,,,,,,,,,,,
PAPALOTLA DE XICOHTENCATL,29041,559,2013,July,238,48,259,0,67,,,,,,,1078,1041,1702,TLAXCALA,0.63337250293772,0,,,,,0,0,12,,,,,,0,,,0,,,,0,186,37,0,231,,,,,,,,,,,,,,,,,,,,,,,,,,,,,,,,,,,,,,,,,,,,,,,,,,,,,,,,
PAPALOTLA DE XICOHTENCATL,29041,560,2013,July,322,119,353,0,172,,,,,,,1381,1344,2323,TLAXCALA,0.594489883770986,0,,,,,0,0,25,,,,,,0,,,0,,,,0,121,37,0,232,,,,,,,,,,,,,,,,,,,,,,,,,,,,,,,,,,,,,,,,,,,,,,,,,,,,,,,,
PAPALOTLA DE XICOHTENCATL,29041,561,2013,July,325,101,472,0,161,,,,,,,1377,1341,2139,TLAXCALA,0.643758765778401,0,,,,,0,0,5,,,,,,0,,,0,,,,0,108,36,0,169,,,,,,,,,,,,,,,,,,,,,,,,,,,,,,,,,,,,,,,,,,,,,,,,,,,,,,,,
PAPALOTLA DE XICOHTENCATL,29041,562,2013,July,298,109,290,0,79,,,,,,,1096,1060,1855,TLAXCALA,0.590835579514825,0,,,,,0,0,3,,,,,,0,,,0,,,,0,105,36,0,176,,,,,,,,,,,,,,,,,,,,,,,,,,,,,,,,,,,,,,,,,,,,,,,,,,,,,,,,
PAPALOTLA DE XICOHTENCATL,29041,563,2013,July,368,55,340,0,62,,,,,,,1197,1132,1793,TLAXCALA,0.667596207473508,0,,,,,0,0,17,,,,,,0,,,0,,,,0,104,65,0,186,,,,,,,,,,,,,,,,,,,,,,,,,,,,,,,,,,,,,,,,,,,,,,,,,,,,,,,,
PAPALOTLA DE XICOHTENCATL,29041,564,2013,July,344,70,348,0,77,,,,,,,1100,1059,1730,TLAXCALA,0.635838150289017,0,,,,,0,0,13,,,,,,0,,,0,,,,0,114,41,0,93,,,,,,,,,,,,,,,,,,,,,,,,,,,,,,,,,,,,,,,,,,,,,,,,,,,,,,,,
PAPALOTLA DE XICOHTENCATL,29041,565,2013,July,181,38,222,0,50,,,,,,,640,614,968,TLAXCALA,0.661157024793388,0,,,,,0,0,8,,,,,,0,,,0,,,,0,54,26,0,61,,,,,,,,,,,,,,,,,,,,,,,,,,,,,,,,,,,,,,,,,,,,,,,,,,,,,,,,
PAPALOTLA DE XICOHTENCATL,29041,566,2013,July,412,43,121,0,136,,,,,,,899,865,1196,TLAXCALA,0.751672240802676,0,,,,,0,0,40,,,,,,0,,,0,,,,0,79,34,0,34,,,,,,,,,,,,,,,,,,,,,,,,,,,,,,,,,,,,,,,,,,,,,,,,,,,,,,,,
PAPALOTLA DE XICOHTENCATL,29041,567,2013,July,320,17,117,0,114,,,,,,,837,773,1211,TLAXCALA,0.691164327002477,0,,,,,0,0,31,,,,,,0,,,0,,,,0,126,64,0,48,,,,,,,,,,,,,,,,,,,,,,,,,,,,,,,,,,,,,,,,,,,,,,,,,,,,,,,,
PAPALOTLA DE XICOHTENCATL,29041,568,2013,July,136,21,185,0,45,,,,,,,537,513,1051,TLAXCALA,0.510941960038059,0,,,,,0,0,7,,,,,,0,,,0,,,,0,62,24,0,57,,,,,,,,,,,,,,,,,,,,,,,,,,,,,,,,,,,,,,,,,,,,,,,,,,,,,,,,
PAPALOTLA DE XICOHTENCATL,29041,569,2013,July,136,21,93,0,87,,,,,,,403,383,681,TLAXCALA,0.591776798825257,0,,,,,0,0,3,,,,,,0,,,0,,,,0,21,20,0,22,,,,,,,,,,,,,,,,,,,,,,,,,,,,,,,,,,,,,,,,,,,,,,,,,,,,,,,,
SAN DAMIAN TEXOLOC,29049,429,2013,July,0,108,58,23,0,,,,,,,1362,1337,1844,TLAXCALA,0.738611713665944,208,,,,,0,96,316,,,,,,0,,,66,,,,0,462,25,0,0,,,,,,,,,,,,,,,,,,,,,,,,,,,,,,,,,,,,,,,,,,,,,,,,,,,,,,,,
SAN DAMIAN TEXOLOC,29049,430,2013,July,0,100,48,53,0,,,,,,,1493,1463,1971,TLAXCALA,0.757483510908168,188,,,,,0,137,459,,,,,,0,,,104,,,,0,374,30,0,0,,,,,,,,,,,,,,,,,,,,,,,,,,,,,,,,,,,,,,,,,,,,,,,,,,,,,,,,
SAN FRANCISCO TETLANOHCAN,29050,158,2013,July,0,141,450,587,0,,,,,,,2097,2006,2907,TLAXCALA,0.721362229102167,384,,,,,0,0,0,,,,,,0,,,0,,,,0,444,91,0,0,,,,,,,,,,,,,,,,,,,,,,,,,,,,,,,,,,,,,,,,,,,,,,,,,,,,,,,,
SAN FRANCISCO TETLANOHCAN,29050,159,2013,July,0,180,347,442,0,,,,,,,1483,1421,2146,TLAXCALA,0.691053122087605,216,,,,,0,0,0,,,,,,0,,,0,,,,0,236,62,0,0,,,,,,,,,,,,,,,,,,,,,,,,,,,,,,,,,,,,,,,,,,,,,,,,,,,,,,,,
SAN FRANCISCO TETLANOHCAN,29050,160,2013,July,0,136,480,570,0,,,,,,,1847,1779,2468,TLAXCALA,0.74837925445705,351,,,,,0,0,0,,,,,,0,,,0,,,,0,242,68,0,0,,,,,,,,,,,,,,,,,,,,,,,,,,,,,,,,,,,,,,,,,,,,,,,,,,,,,,,,
SAN JERONIMO ZACUALPAN,29051,432,2013,July,146,0,15,0,0,,,,,,,960,941,1206,TLAXCALA,0.796019900497513,0,,,,,0,245,74,,,,,,0,,,0,,,,0,253,19,0,208,,,,,,,,,,,,,,,,,,,,,,,,,,,,,,,,,,,,,,,,,,,,,,,,,,,,,,,,
SAN JERONIMO ZACUALPAN,29051,433,2013,July,183,0,22,0,0,,,,,,,1233,1219,1588,TLAXCALA,0.776448362720403,0,,,,,0,266,100,,,,,,0,,,0,,,,0,431,14,0,217,,,,,,,,,,,,,,,,,,,,,,,,,,,,,,,,,,,,,,,,,,,,,,,,,,,,,,,,
SAN JOSE TEACALCO,29052,531,2013,July,0,0,0,65,0,,,,,,,770,97,1027,TLAXCALA,0.749756572541383,0,,,,,0,28,0,,,,,,0,,,0,,,,0,4,22,0,0,,,,,,,,,,,,,,,,,,,,,,,,,,,,,,,,,,,,,,,,,,,,,,,,,,,,,,,,
SAN JOSE TEACALCO,29052,532,2013,July,0,0,0,94,0,,,,,,,522,118,675,TLAXCALA,0.773333333333333,0,,,,,0,13,0,,,,,,0,,,0,,,,0,11,7,0,0,,,,,,,,,,,,,,,,,,,,,,,,,,,,,,,,,,,,,,,,,,,,,,,,,,,,,,,,
SAN JOSE TEACALCO,29052,533,2013,July,0,0,0,60,0,,,,,,,436,79,607,TLAXCALA,0.71828665568369,0,,,,,0,10,0,,,,,,0,,,0,,,,0,9,0,0,0,,,,,,,,,,,,,,,,,,,,,,,,,,,,,,,,,,,,,,,,,,,,,,,,,,,,,,,,
SAN JOSE TEACALCO,29052,534,2013,July,0,0,0,105,0,,,,,,,784,144,1037,TLAXCALA,0.75602700096432,0,,,,,0,32,0,,,,,,0,,,0,,,,0,7,0,0,0,,,,,,,,,,,,,,,,,,,,,,,,,,,,,,,,,,,,,,,,,,,,,,,,,,,,,,,,
SAN JOSE TEACALCO,29052,535,2013,July,0,0,0,52,0,,,,,,,419,85,568,TLAXCALA,0.737676056338028,0,,,,,0,15,0,,,,,,0,,,0,,,,0,18,6,0,0,,,,,,,,,,,,,,,,,,,,,,,,,,,,,,,,,,,,,,,,,,,,,,,,,,,,,,,,
SAN JUAN HUACTZINCO,29053,395,2013,July,0,0,0,71,0,,,,,,,1831,471,2616,TLAXCALA,0.699923547400612,0,,,,,0,134,0,,,,,,0,,,115,,,,0,151,52,0,0,,,,,,,,,,,,,,,,,,,,,,,,,,,,,,,,,,,,,,,,,,,,,,,,,,,,,,,,
SAN JUAN HUACTZINCO,29053,396,2013,July,0,0,0,68,0,,,,,,,1597,430,2174,TLAXCALA,0.734590616375345,0,,,,,0,117,0,,,,,,0,,,93,,,,0,152,42,0,0,,,,,,,,,,,,,,,,,,,,,,,,,,,,,,,,,,,,,,,,,,,,,,,,,,,,,,,,
SAN LORENZO AXOCOMANITLA,29054,586,2013,July,0,0,0,0,0,,,,,,,1316,445,1673,TLAXCALA,0.786610878661088,0,,,,,0,357,0,,,,,,0,,,58,,,,0,30,22,0,0,,,,,,,,,,,,,,,,,,,,,,,,,,,,,,,,,,,,,,,,,,,,,,,,,,,,,,,,
SAN LORENZO AXOCOMANITLA,29054,587,2013,July,0,0,0,0,0,,,,,,,1325,459,1679,TLAXCALA,0.789160214413341,0,,,,,0,391,0,,,,,,0,,,38,,,,0,30,19,0,0,,,,,,,,,,,,,,,,,,,,,,,,,,,,,,,,,,,,,,,,,,,,,,,,,,,,,,,,
SAN LUCAS TECOPILCO,29055,551,2013,July,507,0,27,494,0,,,,,,,1111,1076,1506,TLAXCALA,0.737715803452855,0,,,,,48,0,0,,,,,,0,,,0,,,,0,0,35,0,0,,,,,,,,,,,,,,,,,,,,,,,,,,,,,,,,,,,,,,,,,,,,,,,,,,,,,,,,
SAN LUCAS TECOPILCO,29055,552,2013,July,254,0,18,304,0,,,,,,,647,613,848,TLAXCALA,0.762971698113208,0,,,,,37,0,0,,,,,,0,,,0,,,,0,0,34,0,0,,,,,,,,,,,,,,,,,,,,,,,,,,,,,,,,,,,,,,,,,,,,,,,,,,,,,,,,
SAN PABLO DEL MONTE,29025,348,2013,July,0,334,436,194,0,,,,,,,2037,1965,2861,TLAXCALA,0.711988815099616,586,,,,,0,0,325,,,,,,0,,,67,,,,0,23,72,0,0,,,,,,,,,,,,,,,,,,,,,,,,,,,,,,,,,,,,,,,,,,,,,,,,,,,,,,,,
SAN PABLO DEL MONTE,29025,349,2013,July,0,272,697,148,0,,,,,,,2081,2012,2862,TLAXCALA,0.727113906359189,565,,,,,0,0,225,,,,,,0,,,53,,,,0,52,69,0,0,,,,,,,,,,,,,,,,,,,,,,,,,,,,,,,,,,,,,,,,,,,,,,,,,,,,,,,,
SAN PABLO DEL MONTE,29025,350,2013,July,0,274,1067,206,0,,,,,,,2700,2602,3831,TLAXCALA,0.704776820673453,706,,,,,0,0,224,,,,,,0,,,91,,,,0,34,98,0,0,,,,,,,,,,,,,,,,,,,,,,,,,,,,,,,,,,,,,,,,,,,,,,,,,,,,,,,,
SAN PABLO DEL MONTE,29025,351,2013,July,0,184,1115,24,0,,,,,,,2163,2108,3041,TLAXCALA,0.71127918447879,405,,,,,0,0,332,,,,,,0,,,48,,,,0,0,55,0,0,,,,,,,,,,,,,,,,,,,,,,,,,,,,,,,,,,,,,,,,,,,,,,,,,,,,,,,,
SAN PABLO DEL MONTE,29025,352,2013,July,0,117,882,12,0,,,,,,,1739,1692,2305,TLAXCALA,0.754446854663774,290,,,,,0,0,360,,,,,,0,,,28,,,,0,3,47,0,0,,,,,,,,,,,,,,,,,,,,,,,,,,,,,,,,,,,,,,,,,,,,,,,,,,,,,,,,
SAN PABLO DEL MONTE,29025,353,2013,July,0,244,783,147,0,,,,,,,2008,1950,2701,TLAXCALA,0.743428359866716,567,,,,,0,0,150,,,,,,0,,,49,,,,0,10,58,0,0,,,,,,,,,,,,,,,,,,,,,,,,,,,,,,,,,,,,,,,,,,,,,,,,,,,,,,,,
SAN PABLO DEL MONTE,29025,354,2013,July,0,568,580,64,0,,,,,,,2033,1975,2916,TLAXCALA,0.69718792866941,566,,,,,0,0,125,,,,,,0,,,66,,,,0,6,58,0,0,,,,,,,,,,,,,,,,,,,,,,,,,,,,,,,,,,,,,,,,,,,,,,,,,,,,,,,,
SAN PABLO DEL MONTE,29025,355,2013,July,0,314,575,148,0,,,,,,,1693,1646,2388,TLAXCALA,0.708961474036851,466,,,,,0,0,83,,,,,,0,,,55,,,,0,5,47,0,0,,,,,,,,,,,,,,,,,,,,,,,,,,,,,,,,,,,,,,,,,,,,,,,,,,,,,,,,
SAN PABLO DEL MONTE,29025,356,2013,July,0,280,562,281,0,,,,,,,2047,2003,3035,TLAXCALA,0.674464579901153,487,,,,,0,0,176,,,,,,0,,,210,,,,0,7,44,0,0,,,,,,,,,,,,,,,,,,,,,,,,,,,,,,,,,,,,,,,,,,,,,,,,,,,,,,,,
SAN PABLO DEL MONTE,29025,357,2013,July,0,266,337,368,0,,,,,,,1673,1639,2451,TLAXCALA,0.682578539371685,447,,,,,0,0,132,,,,,,0,,,87,,,,0,2,34,0,0,,,,,,,,,,,,,,,,,,,,,,,,,,,,,,,,,,,,,,,,,,,,,,,,,,,,,,,,
SAN PABLO DEL MONTE,29025,358,2013,July,0,369,404,328,0,,,,,,,1848,1800,2709,TLAXCALA,0.682170542635659,374,,,,,0,0,154,,,,,,0,,,165,,,,0,6,48,0,0,,,,,,,,,,,,,,,,,,,,,,,,,,,,,,,,,,,,,,,,,,,,,,,,,,,,,,,,
SAN PABLO DEL MONTE,29025,359,2013,July,0,202,211,184,0,,,,,,,1301,1252,1940,TLAXCALA,0.670618556701031,405,,,,,0,0,159,,,,,,0,,,85,,,,0,6,49,0,0,,,,,,,,,,,,,,,,,,,,,,,,,,,,,,,,,,,,,,,,,,,,,,,,,,,,,,,,
SAN PABLO DEL MONTE,29025,360,2013,July,0,186,324,174,0,,,,,,,1261,1228,1861,TLAXCALA,0.677592692101021,320,,,,,0,0,127,,,,,,0,,,90,,,,0,7,33,0,0,,,,,,,,,,,,,,,,,,,,,,,,,,,,,,,,,,,,,,,,,,,,,,,,,,,,,,,,
SAN PABLO DEL MONTE,29025,361,2013,July,0,108,229,115,0,,,,,,,1779,1699,2514,TLAXCALA,0.70763723150358,1143,,,,,0,0,65,,,,,,0,,,37,,,,0,2,80,0,0,,,,,,,,,,,,,,,,,,,,,,,,,,,,,,,,,,,,,,,,,,,,,,,,,,,,,,,,
SAN PABLO DEL MONTE,29025,362,2013,July,0,112,329,119,0,,,,,,,1897,1828,2874,TLAXCALA,0.660055671537926,1123,,,,,0,0,96,,,,,,0,,,47,,,,0,2,69,0,0,,,,,,,,,,,,,,,,,,,,,,,,,,,,,,,,,,,,,,,,,,,,,,,,,,,,,,,,
SAN PABLO DEL MONTE,29025,363,2013,July,0,168,813,21,0,,,,,,,2167,2067,3190,TLAXCALA,0.679310344827586,729,,,,,0,0,152,,,,,,0,,,180,,,,0,4,100,0,0,,,,,,,,,,,,,,,,,,,,,,,,,,,,,,,,,,,,,,,,,,,,,,,,,,,,,,,,
SAN PABLO DEL MONTE,29025,364,2013,July,0,148,597,23,0,,,,,,,1422,1342,2079,TLAXCALA,0.683982683982684,352,,,,,0,0,123,,,,,,0,,,96,,,,0,3,80,0,0,,,,,,,,,,,,,,,,,,,,,,,,,,,,,,,,,,,,,,,,,,,,,,,,,,,,,,,,
SANCTORUM DE LAZARO CARDENAS,29020,292,2013,July,512,48,2,0,44,,,,,,,914,894,1268,TLAXCALA,0.720820189274448,0,,,,,0,38,13,,,,,,0,,,0,,,,0,21,20,0,216,,,,,,,,,,,,,,,,,,,,,,,,,,,,,,,,,,,,,,,,,,,,,,,,,,,,,,,,
SANCTORUM DE LAZARO CARDENAS,29020,293,2013,July,537,60,13,0,20,,,,,,,869,858,1274,TLAXCALA,0.682103610675039,0,,,,,0,24,11,,,,,,0,,,0,,,,0,10,11,0,183,,,,,,,,,,,,,,,,,,,,,,,,,,,,,,,,,,,,,,,,,,,,,,,,,,,,,,,,
SANCTORUM DE LAZARO CARDENAS,29020,294,2013,July,413,70,8,0,17,,,,,,,715,690,1015,TLAXCALA,0.704433497536946,0,,,,,0,38,31,,,,,,0,,,0,,,,0,7,25,0,106,,,,,,,,,,,,,,,,,,,,,,,,,,,,,,,,,,,,,,,,,,,,,,,,,,,,,,,,
SANCTORUM DE LAZARO CARDENAS,29020,297,2013,July,254,283,2,0,17,,,,,,,941,915,1153,TLAXCALA,0.816131830008673,0,,,,,0,281,4,,,,,,0,,,0,,,,0,3,26,0,71,,,,,,,,,,,,,,,,,,,,,,,,,,,,,,,,,,,,,,,,,,,,,,,,,,,,,,,,
SANCTORUM DE LAZARO CARDENAS,29020,298,2013,July,243,198,3,0,10,,,,,,,786,762,1095,TLAXCALA,0.717808219178082,0,,,,,0,219,7,,,,,,0,,,0,,,,0,1,24,0,81,,,,,,,,,,,,,,,,,,,,,,,,,,,,,,,,,,,,,,,,,,,,,,,,,,,,,,,,
SANTA ANA NOPALUCAN,29056,254,2013,July,692,222,690,0,195,,,,,,,1886,1862,2475,TLAXCALA,0.762020202020202,0,,,,,0,0,0,,,,,,0,,,0,,,,0,35,24,0,28,,,,,,,,,,,,,,,,,,,,,,,,,,,,,,,,,,,,,,,,,,,,,,,,,,,,,,,,
SANTA ANA NOPALUCAN,29056,255,2013,July,695,205,679,0,173,,,,,,,1868,1838,2461,TLAXCALA,0.75904104022755,0,,,,,0,0,0,,,,,,0,,,0,,,,0,20,30,0,66,,,,,,,,,,,,,,,,,,,,,,,,,,,,,,,,,,,,,,,,,,,,,,,,,,,,,,,,
SANTA APOLONIA TEACALCO,29057,316,2013,July,0,0,0,4,0,,,,,,,1233,161,1575,TLAXCALA,0.782857142857143,0,,,,,0,0,0,,,,,,0,,,117,,,,0,40,31,0,0,,,,,,,,,,,,,,,,,,,,,,,,,,,,,,,,,,,,,,,,,,,,,,,,,,,,,,,,
SANTA APOLONIA TEACALCO,29057,317,2013,July,0,0,0,4,0,,,,,,,1426,131,1757,TLAXCALA,0.811610700056915,0,,,,,0,0,0,,,,,,0,,,101,,,,0,26,26,0,0,,,,,,,,,,,,,,,,,,,,,,,,,,,,,,,,,,,,,,,,,,,,,,,,,,,,,,,,
SANTA CATARINA AYOMETLA,29058,602,2013,July,425,0,286,252,0,,,,,,,1277,1243,1719,TLAXCALA,0.742873763816172,0,,,,,201,59,0,,,,,,0,,,0,,,,0,20,34,0,0,,,,,,,,,,,,,,,,,,,,,,,,,,,,,,,,,,,,,,,,,,,,,,,,,,,,,,,,
SANTA CATARINA AYOMETLA,29058,603,2013,July,143,0,224,189,0,,,,,,,820,796,1150,TLAXCALA,0.71304347826087,0,,,,,161,29,0,,,,,,0,,,0,,,,0,50,24,0,0,,,,,,,,,,,,,,,,,,,,,,,,,,,,,,,,,,,,,,,,,,,,,,,,,,,,,,,,
SANTA CATARINA AYOMETLA,29058,604,2013,July,705,0,326,334,0,,,,,,,1894,1845,2545,TLAXCALA,0.744204322200393,0,,,,,389,37,0,,,,,,0,,,0,,,,0,54,49,0,0,,,,,,,,,,,,,,,,,,,,,,,,,,,,,,,,,,,,,,,,,,,,,,,,,,,,,,,,
SANTA CATARINA AYOMETLA,29058,605,2013,July,251,0,198,120,0,,,,,,,771,751,1047,TLAXCALA,0.736389684813754,0,,,,,138,18,0,,,,,,0,,,0,,,,0,26,20,0,0,,,,,,,,,,,,,,,,,,,,,,,,,,,,,,,,,,,,,,,,,,,,,,,,,,,,,,,,
SANTA CRUZ QUILEHTLA,29059,313,2013,July,0,0,0,34,0,,,,,,,1108,292,1617,TLAXCALA,0.6852195423624,0,,,,,0,0,0,,,,,,0,,,196,,,,0,62,25,0,0,,,,,,,,,,,,,,,,,,,,,,,,,,,,,,,,,,,,,,,,,,,,,,,,,,,,,,,,
SANTA CRUZ QUILEHTLA,29059,314,2013,July,0,0,0,35,0,,,,,,,926,298,1388,TLAXCALA,0.667146974063401,0,,,,,0,0,0,,,,,,0,,,189,,,,0,74,17,0,0,,,,,,,,,,,,,,,,,,,,,,,,,,,,,,,,,,,,,,,,,,,,,,,,,,,,,,,,
SANTA CRUZ QUILEHTLA,29059,315,2013,July,0,0,0,588,0,,,,,,,854,697,1201,TLAXCALA,0.711074104912573,0,,,,,0,0,0,,,,,,0,,,102,,,,0,7,58,0,0,,,,,,,,,,,,,,,,,,,,,,,,,,,,,,,,,,,,,,,,,,,,,,,,,,,,,,,,
SANTA CRUZ TLAXCALA,29026,365,2013,July,0,0,0,99,0,,,,,,,766,160,1508,TLAXCALA,0.507957559681698,0,,,,,0,0,0,,,,,,0,,,61,,,,0,0,39,0,0,,,,,,,,,,,,,,,,,,,,,,,,,,,,,,,,,,,,,,,,,,,,,,,,,,,,,,,,
SANTA CRUZ TLAXCALA,29026,366,2013,July,0,0,0,101,0,,,,,,,1378,183,1890,TLAXCALA,0.729100529100529,0,,,,,0,0,0,,,,,,0,,,82,,,,0,0,39,0,0,,,,,,,,,,,,,,,,,,,,,,,,,,,,,,,,,,,,,,,,,,,,,,,,,,,,,,,,
SANTA CRUZ TLAXCALA,29026,367,2013,July,0,0,0,94,0,,,,,,,1129,235,1849,TLAXCALA,0.61060032449973,0,,,,,0,0,0,,,,,,0,,,141,,,,0,0,44,0,0,,,,,,,,,,,,,,,,,,,,,,,,,,,,,,,,,,,,,,,,,,,,,,,,,,,,,,,,
SANTA CRUZ TLAXCALA,29026,368,2013,July,0,0,0,116,0,,,,,,,1049,207,1642,TLAXCALA,0.638855054811206,0,,,,,0,0,0,,,,,,0,,,91,,,,0,0,29,0,0,,,,,,,,,,,,,,,,,,,,,,,,,,,,,,,,,,,,,,,,,,,,,,,,,,,,,,,,
SANTA CRUZ TLAXCALA,29026,369,2013,July,0,0,0,57,0,,,,,,,1302,326,1879,TLAXCALA,0.692921766897286,0,,,,,0,0,0,,,,,,0,,,269,,,,0,0,53,0,0,,,,,,,,,,,,,,,,,,,,,,,,,,,,,,,,,,,,,,,,,,,,,,,,,,,,,,,,
SANTA CRUZ TLAXCALA,29026,370,2013,July,0,0,0,24,0,,,,,,,712,103,833,TLAXCALA,0.854741896758704,0,,,,,0,0,0,,,,,,0,,,79,,,,0,0,8,0,0,,,,,,,,,,,,,,,,,,,,,,,,,,,,,,,,,,,,,,,,,,,,,,,,,,,,,,,,
SANTA CRUZ TLAXCALA,29026,371,2013,July,0,0,0,137,0,,,,,,,1668,392,2317,TLAXCALA,0.719896417781614,0,,,,,0,66,0,,,,,,0,,,189,,,,0,0,45,0,0,,,,,,,,,,,,,,,,,,,,,,,,,,,,,,,,,,,,,,,,,,,,,,,,,,,,,,,,
SANTA ISABEL XILOXOXTLA,29060,391,2013,July,0,0,0,265,0,,,,,,,1107,355,1656,TLAXCALA,0.668478260869565,0,,,,,0,0,0,,,,,,0,,,0,,,,0,90,19,0,0,,,,,,,,,,,,,,,,,,,,,,,,,,,,,,,,,,,,,,,,,,,,,,,,,,,,,,,,
SANTA ISABEL XILOXOXTLA,29060,392,2013,July,0,0,0,177,0,,,,,,,840,219,1250,TLAXCALA,0.672,0,,,,,0,0,0,,,,,,0,,,0,,,,0,42,16,0,0,,,,,,,,,,,,,,,,,,,,,,,,,,,,,,,,,,,,,,,,,,,,,,,,,,,,,,,,
TENANCINGO,29027,372,2013,July,0,0,0,0,0,,,,,,,753,356,1242,TLAXCALA,0.606280193236715,0,,,,,0,47,0,,,,,,0,,,17,,,,0,292,19,0,0,,,,,,,,,,,,,,,,,,,,,,,,,,,,,,,,,,,,,,,,,,,,,,,,,,,,,,,,
TENANCINGO,29027,373,2013,July,0,0,0,0,0,,,,,,,670,321,1152,TLAXCALA,0.581597222222222,0,,,,,0,39,0,,,,,,0,,,7,,,,0,275,17,0,0,,,,,,,,,,,,,,,,,,,,,,,,,,,,,,,,,,,,,,,,,,,,,,,,,,,,,,,,
TENANCINGO,29027,374,2013,July,0,0,0,0,0,,,,,,,525,245,852,TLAXCALA,0.616197183098592,0,,,,,0,21,0,,,,,,0,,,11,,,,0,213,13,0,0,,,,,,,,,,,,,,,,,,,,,,,,,,,,,,,,,,,,,,,,,,,,,,,,,,,,,,,,
TENANCINGO,29027,375,2013,July,0,0,0,0,0,,,,,,,1078,679,1870,TLAXCALA,0.576470588235294,0,,,,,0,59,0,,,,,,0,,,69,,,,0,551,26,0,0,,,,,,,,,,,,,,,,,,,,,,,,,,,,,,,,,,,,,,,,,,,,,,,,,,,,,,,,
TENANCINGO,29027,376,2013,July,0,0,0,0,0,,,,,,,817,411,1374,TLAXCALA,0.594614264919942,0,,,,,0,60,0,,,,,,0,,,15,,,,0,336,22,0,0,,,,,,,,,,,,,,,,,,,,,,,,,,,,,,,,,,,,,,,,,,,,,,,,,,,,,,,,
TENANCINGO,29027,377,2013,July,0,0,0,0,0,,,,,,,965,475,1710,TLAXCALA,0.564327485380117,0,,,,,0,90,0,,,,,,0,,,18,,,,0,367,39,0,0,,,,,,,,,,,,,,,,,,,,,,,,,,,,,,,,,,,,,,,,,,,,,,,,,,,,,,,,
SAN LUIS TEOLOCHOLCO,29028,378,2013,July,177,0,238,0,182,,,,,,,1072,1052,1486,TLAXCALA,0.721399730820996,0,,,,,254,0,172,,,,,,0,,,0,,,,0,29,20,0,0,,,,,,,,,,,,,,,,,,,,,,,,,,,,,,,,,,,,,,,,,,,,,,,,,,,,,,,,
SAN LUIS TEOLOCHOLCO,29028,379,2013,July,117,0,337,0,170,,,,,,,1398,1361,2050,TLAXCALA,0.681951219512195,0,,,,,321,0,390,,,,,,0,,,0,,,,0,26,37,0,0,,,,,,,,,,,,,,,,,,,,,,,,,,,,,,,,,,,,,,,,,,,,,,,,,,,,,,,,
SAN LUIS TEOLOCHOLCO,29028,380,2013,July,268,0,366,0,520,,,,,,,2408,2328,3511,TLAXCALA,0.685844488749644,0,,,,,812,0,339,,,,,,0,,,0,,,,0,23,80,0,0,,,,,,,,,,,,,,,,,,,,,,,,,,,,,,,,,,,,,,,,,,,,,,,,,,,,,,,,
SAN LUIS TEOLOCHOLCO,29028,381,2013,July,148,0,165,0,326,,,,,,,1233,1160,1836,TLAXCALA,0.67156862745098,0,,,,,224,0,280,,,,,,0,,,0,,,,0,17,73,0,0,,,,,,,,,,,,,,,,,,,,,,,,,,,,,,,,,,,,,,,,,,,,,,,,,,,,,,,,
SAN LUIS TEOLOCHOLCO,29028,382,2013,July,177,0,210,0,168,,,,,,,978,947,1342,TLAXCALA,0.72876304023845,0,,,,,210,0,174,,,,,,0,,,0,,,,0,8,31,0,0,,,,,,,,,,,,,,,,,,,,,,,,,,,,,,,,,,,,,,,,,,,,,,,,,,,,,,,,
SAN LUIS TEOLOCHOLCO,29028,383,2013,July,101,0,268,0,260,,,,,,,1098,1084,1409,TLAXCALA,0.779276082327892,0,,,,,212,0,231,,,,,,0,,,0,,,,0,12,14,0,0,,,,,,,,,,,,,,,,,,,,,,,,,,,,,,,,,,,,,,,,,,,,,,,,,,,,,,,,
SAN LUIS TEOLOCHOLCO,29028,384,2013,July,174,0,185,0,251,,,,,,,1066,1039,1469,TLAXCALA,0.725663716814159,0,,,,,183,0,234,,,,,,0,,,0,,,,0,12,27,0,0,,,,,,,,,,,,,,,,,,,,,,,,,,,,,,,,,,,,,,,,,,,,,,,,,,,,,,,,
SAN LUIS TEOLOCHOLCO,29028,385,2013,July,71,0,60,0,36,,,,,,,262,257,312,TLAXCALA,0.83974358974359,0,,,,,43,0,44,,,,,,0,,,0,,,,0,3,5,0,0,,,,,,,,,,,,,,,,,,,,,,,,,,,,,,,,,,,,,,,,,,,,,,,,,,,,,,,,
SAN LUIS TEOLOCHOLCO,29028,386,2013,July,151,0,310,0,302,,,,,,,1395,1346,1836,TLAXCALA,0.759803921568627,0,,,,,350,0,225,,,,,,0,,,0,,,,0,8,49,0,0,,,,,,,,,,,,,,,,,,,,,,,,,,,,,,,,,,,,,,,,,,,,,,,,,,,,,,,,
TEPETITLA DE LARDIZABAL,29019,284,2013,July,0,0,0,40,0,,,,,,,887,239,1330,TLAXCALA,0.666917293233083,0,,,,,0,161,0,,,,,,0,,,31,,,,0,7,24,0,0,,,,,,,,,,,,,,,,,,,,,,,,,,,,,,,,,,,,,,,,,,,,,,,,,,,,,,,,
TEPETITLA DE LARDIZABAL,29019,285,2013,July,0,0,0,69,0,,,,,,,887,275,1316,TLAXCALA,0.674012158054711,0,,,,,0,181,0,,,,,,0,,,20,,,,0,5,18,0,0,,,,,,,,,,,,,,,,,,,,,,,,,,,,,,,,,,,,,,,,,,,,,,,,,,,,,,,,
TEPETITLA DE LARDIZABAL,29019,286,2013,July,0,0,0,42,0,,,,,,,1343,410,2022,TLAXCALA,0.664193867457962,0,,,,,0,328,0,,,,,,0,,,37,,,,0,3,38,0,0,,,,,,,,,,,,,,,,,,,,,,,,,,,,,,,,,,,,,,,,,,,,,,,,,,,,,,,,
TEPETITLA DE LARDIZABAL,29019,287,2013,July,0,0,0,34,0,,,,,,,1060,358,1675,TLAXCALA,0.632835820895522,0,,,,,0,262,0,,,,,,0,,,54,,,,0,8,31,0,0,,,,,,,,,,,,,,,,,,,,,,,,,,,,,,,,,,,,,,,,,,,,,,,,,,,,,,,,
TEPETITLA DE LARDIZABAL,29019,288,2013,July,0,0,0,59,0,,,,,,,1473,873,2352,TLAXCALA,0.626275510204082,0,,,,,0,152,0,,,,,,0,,,584,,,,0,78,40,0,0,,,,,,,,,,,,,,,,,,,,,,,,,,,,,,,,,,,,,,,,,,,,,,,,,,,,,,,,
TEPETITLA DE LARDIZABAL,29019,289,2013,July,0,0,0,27,0,,,,,,,1010,577,1455,TLAXCALA,0.694158075601375,0,,,,,0,75,0,,,,,,0,,,384,,,,0,91,26,0,0,,,,,,,,,,,,,,,,,,,,,,,,,,,,,,,,,,,,,,,,,,,,,,,,,,,,,,,,
TEPETITLA DE LARDIZABAL,29019,290,2013,July,0,0,0,71,0,,,,,,,1825,907,2373,TLAXCALA,0.769068689422672,0,,,,,0,270,0,,,,,,0,,,469,,,,0,97,48,0,0,,,,,,,,,,,,,,,,,,,,,,,,,,,,,,,,,,,,,,,,,,,,,,,,,,,,,,,,
TEPETITLA DE LARDIZABAL,29019,291,2013,July,0,0,0,15,0,,,,,,,396,111,479,TLAXCALA,0.826722338204593,0,,,,,0,6,0,,,,,,0,,,71,,,,0,19,9,0,0,,,,,,,,,,,,,,,,,,,,,,,,,,,,,,,,,,,,,,,,,,,,,,,,,,,,,,,,
TEPEYANCO,29029,387,2013,July,0,0,0,0,0,,,,,,,1040,303,1542,TLAXCALA,0.674448767833982,0,,,,,0,96,0,,,,,,0,,,142,,,,0,65,23,0,0,,,,,,,,,,,,,,,,,,,,,,,,,,,,,,,,,,,,,,,,,,,,,,,,,,,,,,,,
TEPEYANCO,29029,388,2013,July,0,0,0,3,0,,,,,,,815,210,1179,TLAXCALA,0.691263782866836,0,,,,,0,69,0,,,,,,0,,,101,,,,0,37,20,0,0,,,,,,,,,,,,,,,,,,,,,,,,,,,,,,,,,,,,,,,,,,,,,,,,,,,,,,,,
TEPEYANCO,29029,389,2013,July,0,0,0,8,0,,,,,,,206,81,381,TLAXCALA,0.540682414698163,0,,,,,0,30,0,,,,,,0,,,14,,,,0,29,11,0,0,,,,,,,,,,,,,,,,,,,,,,,,,,,,,,,,,,,,,,,,,,,,,,,,,,,,,,,,
TEPEYANCO,29029,390,2013,July,0,0,0,15,0,,,,,,,613,316,817,TLAXCALA,0.75030599755202,0,,,,,0,103,0,,,,,,0,,,27,,,,0,171,23,0,0,,,,,,,,,,,,,,,,,,,,,,,,,,,,,,,,,,,,,,,,,,,,,,,,,,,,,,,,
TEPEYANCO,29029,393,2013,July,0,0,0,8,0,,,,,,,537,311,755,TLAXCALA,0.711258278145695,0,,,,,0,54,0,,,,,,0,,,7,,,,0,242,26,0,0,,,,,,,,,,,,,,,,,,,,,,,,,,,,,,,,,,,,,,,,,,,,,,,,,,,,,,,,
TEPEYANCO,29029,394,2013,July,0,0,0,21,0,,,,,,,1375,639,1682,TLAXCALA,0.817479191438763,0,,,,,0,471,0,,,,,,0,,,31,,,,0,116,49,0,0,,,,,,,,,,,,,,,,,,,,,,,,,,,,,,,,,,,,,,,,,,,,,,,,,,,,,,,,
TEPEYANCO,29029,397,2013,July,0,0,0,7,0,,,,,,,1213,856,1604,TLAXCALA,0.756234413965087,0,,,,,0,742,0,,,,,,0,,,18,,,,0,89,21,0,0,,,,,,,,,,,,,,,,,,,,,,,,,,,,,,,,,,,,,,,,,,,,,,,,,,,,,,,,
TERRENATE,29030,398,2013,July,0,0,0,27,0,,,,,,,1542,225,2093,TLAXCALA,0.736741519350215,0,,,,,0,0,0,,,,,,0,,,177,,,,0,21,55,0,0,,,,,,,,,,,,,,,,,,,,,,,,,,,,,,,,,,,,,,,,,,,,,,,,,,,,,,,,
TERRENATE,29030,399,2013,July,0,0,0,7,0,,,,,,,1064,235,1447,TLAXCALA,0.735314443676572,0,,,,,0,0,0,,,,,,0,,,221,,,,0,7,52,0,0,,,,,,,,,,,,,,,,,,,,,,,,,,,,,,,,,,,,,,,,,,,,,,,,,,,,,,,,
TERRENATE,29030,403,2013,July,0,0,0,81,0,,,,,,,792,376,1123,TLAXCALA,0.705253784505788,0,,,,,0,0,0,,,,,,0,,,286,,,,0,9,17,0,0,,,,,,,,,,,,,,,,,,,,,,,,,,,,,,,,,,,,,,,,,,,,,,,,,,,,,,,,
TERRENATE,29030,404,2013,July,0,0,0,438,0,,,,,,,1559,732,2186,TLAXCALA,0.713174748398902,0,,,,,0,0,0,,,,,,0,,,269,,,,0,25,93,0,0,,,,,,,,,,,,,,,,,,,,,,,,,,,,,,,,,,,,,,,,,,,,,,,,,,,,,,,,
TERRENATE,29030,405,2013,July,0,0,0,3,0,,,,,,,182,41,224,TLAXCALA,0.8125,0,,,,,0,0,0,,,,,,0,,,34,,,,0,4,6,0,0,,,,,,,,,,,,,,,,,,,,,,,,,,,,,,,,,,,,,,,,,,,,,,,,,,,,,,,,
TERRENATE,29030,406,2013,July,0,0,0,198,0,,,,,,,342,235,402,TLAXCALA,0.850746268656716,0,,,,,0,0,0,,,,,,0,,,36,,,,0,1,13,0,0,,,,,,,,,,,,,,,,,,,,,,,,,,,,,,,,,,,,,,,,,,,,,,,,,,,,,,,,
TERRENATE,29030,407,2013,July,0,0,0,49,0,,,,,,,524,193,626,TLAXCALA,0.837060702875399,0,,,,,0,0,0,,,,,,0,,,134,,,,0,10,18,0,0,,,,,,,,,,,,,,,,,,,,,,,,,,,,,,,,,,,,,,,,,,,,,,,,,,,,,,,,
TERRENATE,29030,408,2013,July,0,0,0,16,0,,,,,,,871,633,1131,TLAXCALA,0.770114942528736,0,,,,,0,0,0,,,,,,0,,,586,,,,0,31,30,0,0,,,,,,,,,,,,,,,,,,,,,,,,,,,,,,,,,,,,,,,,,,,,,,,,,,,,,,,,
TETLA DE LA SOLIDARIDAD,29031,409,2013,July,0,0,0,206,0,,,,,,,862,356,1174,TLAXCALA,0.734241908006814,0,,,,,0,90,0,,,,,,0,,,16,,,,0,44,30,0,0,,,,,,,,,,,,,,,,,,,,,,,,,,,,,,,,,,,,,,,,,,,,,,,,,,,,,,,,
TETLA DE LA SOLIDARIDAD,29031,410,2013,July,0,0,0,235,0,,,,,,,854,391,1131,TLAXCALA,0.755083996463307,0,,,,,0,49,0,,,,,,0,,,15,,,,0,92,22,0,0,,,,,,,,,,,,,,,,,,,,,,,,,,,,,,,,,,,,,,,,,,,,,,,,,,,,,,,,
TETLA DE LA SOLIDARIDAD,29031,411,2013,July,0,0,0,389,0,,,,,,,1498,782,2269,TLAXCALA,0.660202732481269,0,,,,,0,224,0,,,,,,0,,,34,,,,0,135,41,0,0,,,,,,,,,,,,,,,,,,,,,,,,,,,,,,,,,,,,,,,,,,,,,,,,,,,,,,,,
TETLA DE LA SOLIDARIDAD,29031,412,2013,July,0,0,0,415,0,,,,,,,1580,856,2447,TLAXCALA,0.645688598283613,0,,,,,0,195,0,,,,,,0,,,23,,,,0,223,31,0,0,,,,,,,,,,,,,,,,,,,,,,,,,,,,,,,,,,,,,,,,,,,,,,,,,,,,,,,,
TETLA DE LA SOLIDARIDAD,29031,413,2013,July,0,0,0,245,0,,,,,,,815,440,1125,TLAXCALA,0.724444444444444,0,,,,,0,76,0,,,,,,0,,,3,,,,0,116,36,0,0,,,,,,,,,,,,,,,,,,,,,,,,,,,,,,,,,,,,,,,,,,,,,,,,,,,,,,,,
TETLA DE LA SOLIDARIDAD,29031,414,2013,July,0,0,0,92,0,,,,,,,454,237,804,TLAXCALA,0.564676616915423,0,,,,,0,84,0,,,,,,0,,,14,,,,0,47,14,0,0,,,,,,,,,,,,,,,,,,,,,,,,,,,,,,,,,,,,,,,,,,,,,,,,,,,,,,,,
TETLA DE LA SOLIDARIDAD,29031,415,2013,July,0,0,0,143,0,,,,,,,584,285,1050,TLAXCALA,0.556190476190476,0,,,,,0,98,0,,,,,,0,,,6,,,,0,38,10,0,0,,,,,,,,,,,,,,,,,,,,,,,,,,,,,,,,,,,,,,,,,,,,,,,,,,,,,,,,
TETLA DE LA SOLIDARIDAD,29031,416,2013,July,0,0,0,140,0,,,,,,,807,379,1030,TLAXCALA,0.783495145631068,0,,,,,0,36,0,,,,,,0,,,33,,,,0,170,32,0,0,,,,,,,,,,,,,,,,,,,,,,,,,,,,,,,,,,,,,,,,,,,,,,,,,,,,,,,,
TETLA DE LA SOLIDARIDAD,29031,417,2013,July,0,0,0,46,0,,,,,,,247,130,287,TLAXCALA,0.860627177700349,0,,,,,0,4,0,,,,,,0,,,4,,,,0,76,5,0,0,,,,,,,,,,,,,,,,,,,,,,,,,,,,,,,,,,,,,,,,,,,,,,,,,,,,,,,,
TETLA DE LA SOLIDARIDAD,29031,418,2013,July,0,0,0,100,0,,,,,,,310,195,387,TLAXCALA,0.801033591731266,0,,,,,0,38,0,,,,,,0,,,6,,,,0,51,7,0,0,,,,,,,,,,,,,,,,,,,,,,,,,,,,,,,,,,,,,,,,,,,,,,,,,,,,,,,,
TETLA DE LA SOLIDARIDAD,29031,419,2013,July,0,0,0,57,0,,,,,,,460,350,557,TLAXCALA,0.825852782764811,0,,,,,0,8,0,,,,,,0,,,7,,,,0,278,7,0,0,,,,,,,,,,,,,,,,,,,,,,,,,,,,,,,,,,,,,,,,,,,,,,,,,,,,,,,,
TETLA DE LA SOLIDARIDAD,29031,420,2013,July,0,0,0,85,0,,,,,,,1161,223,1655,TLAXCALA,0.701510574018127,0,,,,,0,31,0,,,,,,0,,,6,,,,0,101,42,0,0,,,,,,,,,,,,,,,,,,,,,,,,,,,,,,,,,,,,,,,,,,,,,,,,,,,,,,,,
TETLA DE LA SOLIDARIDAD,29031,421,2013,July,0,0,0,97,0,,,,,,,1193,184,1815,TLAXCALA,0.657300275482094,0,,,,,0,23,0,,,,,,0,,,18,,,,0,46,38,0,0,,,,,,,,,,,,,,,,,,,,,,,,,,,,,,,,,,,,,,,,,,,,,,,,,,,,,,,,
TETLA DE LA SOLIDARIDAD,29031,422,2013,July,0,0,0,268,0,,,,,,,1828,644,2845,TLAXCALA,0.642530755711775,0,,,,,0,77,0,,,,,,0,,,163,,,,0,136,68,0,0,,,,,,,,,,,,,,,,,,,,,,,,,,,,,,,,,,,,,,,,,,,,,,,,,,,,,,,,
TETLA DE LA SOLIDARIDAD,29031,423,2013,July,0,0,0,76,0,,,,,,,188,107,216,TLAXCALA,0.87037037037037,0,,,,,0,1,0,,,,,,0,,,18,,,,0,12,0,0,0,,,,,,,,,,,,,,,,,,,,,,,,,,,,,,,,,,,,,,,,,,,,,,,,,,,,,,,,
TETLATLAHUCA,29032,424,2013,July,157,0,0,0,113,,,,,,,1037,1025,1303,TLAXCALA,0.795855717574827,0,,,,,0,0,0,,,,,,0,,,0,,,,0,6,12,749,0,,,,,,,,,,,,,,,,,,,,,,,,,,,,,,,,,,,,,,,,,,,,,,,,,,,,,,,,
TETLATLAHUCA,29032,425,2013,July,405,0,0,0,150,,,,,,,1044,1032,1408,TLAXCALA,0.741477272727273,0,,,,,0,0,0,,,,,,0,,,0,,,,0,2,12,475,0,,,,,,,,,,,,,,,,,,,,,,,,,,,,,,,,,,,,,,,,,,,,,,,,,,,,,,,,
TETLATLAHUCA,29032,426,2013,July,333,0,0,0,237,,,,,,,987,970,1355,TLAXCALA,0.728413284132841,0,,,,,0,0,0,,,,,,0,,,0,,,,0,3,17,397,0,,,,,,,,,,,,,,,,,,,,,,,,,,,,,,,,,,,,,,,,,,,,,,,,,,,,,,,,
TETLATLAHUCA,29032,427,2013,July,649,0,0,0,238,,,,,,,1203,1179,1780,TLAXCALA,0.675842696629213,0,,,,,0,0,0,,,,,,0,,,0,,,,0,5,24,287,0,,,,,,,,,,,,,,,,,,,,,,,,,,,,,,,,,,,,,,,,,,,,,,,,,,,,,,,,
TETLATLAHUCA,29032,428,2013,July,636,0,0,0,141,,,,,,,975,959,1451,TLAXCALA,0.671950379048932,0,,,,,0,0,0,,,,,,0,,,0,,,,0,5,16,177,0,,,,,,,,,,,,,,,,,,,,,,,,,,,,,,,,,,,,,,,,,,,,,,,,,,,,,,,,
TETLATLAHUCA,29032,431,2013,July,218,0,0,0,186,,,,,,,763,748,1030,TLAXCALA,0.740776699029126,0,,,,,0,0,0,,,,,,0,,,0,,,,0,25,15,319,0,,,,,,,,,,,,,,,,,,,,,,,,,,,,,,,,,,,,,,,,,,,,,,,,,,,,,,,,
TETLATLAHUCA,29032,434,2013,July,48,0,0,0,9,,,,,,,439,432,540,TLAXCALA,0.812962962962963,0,,,,,0,0,0,,,,,,0,,,0,,,,0,6,7,369,0,,,,,,,,,,,,,,,,,,,,,,,,,,,,,,,,,,,,,,,,,,,,,,,,,,,,,,,,
TLAXCALA,29033,435,2013,July,0,0,0,13,0,,,,,,,892,164,1566,TLAXCALA,0.569604086845466,0,,,,,0,40,0,,,,,,0,,,80,,,,0,31,27,0,0,,,,,,,,,,,,,,,,,,,,,,,,,,,,,,,,,,,,,,,,,,,,,,,,,,,,,,,,
TLAXCALA,29033,436,2013,July,0,0,0,18,0,,,,,,,1004,154,1603,TLAXCALA,0.626325639426076,0,,,,,0,24,0,,,,,,0,,,80,,,,0,32,27,0,0,,,,,,,,,,,,,,,,,,,,,,,,,,,,,,,,,,,,,,,,,,,,,,,,,,,,,,,,
TLAXCALA,29033,437,2013,July,0,0,0,25,0,,,,,,,763,149,1244,TLAXCALA,0.613344051446945,0,,,,,0,23,0,,,,,,0,,,84,,,,0,17,27,0,0,,,,,,,,,,,,,,,,,,,,,,,,,,,,,,,,,,,,,,,,,,,,,,,,,,,,,,,,
TLAXCALA,29033,438,2013,July,0,0,0,27,0,,,,,,,1021,104,1472,TLAXCALA,0.693614130434783,0,,,,,0,15,0,,,,,,0,,,47,,,,0,15,26,0,0,,,,,,,,,,,,,,,,,,,,,,,,,,,,,,,,,,,,,,,,,,,,,,,,,,,,,,,,
TLAXCALA,29033,439,2013,July,0,0,0,25,0,,,,,,,1278,159,1990,TLAXCALA,0.642211055276382,0,,,,,0,41,0,,,,,,0,,,48,,,,0,45,26,0,0,,,,,,,,,,,,,,,,,,,,,,,,,,,,,,,,,,,,,,,,,,,,,,,,,,,,,,,,
TLAXCALA,29033,440,2013,July,0,0,0,13,0,,,,,,,1035,136,1646,TLAXCALA,0.628797083839611,0,,,,,0,35,0,,,,,,0,,,62,,,,0,26,16,0,0,,,,,,,,,,,,,,,,,,,,,,,,,,,,,,,,,,,,,,,,,,,,,,,,,,,,,,,,
TLAXCALA,29033,441,2013,July,0,0,0,4,0,,,,,,,635,124,1175,TLAXCALA,0.540425531914894,0,,,,,0,23,0,,,,,,0,,,66,,,,0,31,26,0,0,,,,,,,,,,,,,,,,,,,,,,,,,,,,,,,,,,,,,,,,,,,,,,,,,,,,,,,,
TLAXCALA,29033,442,2013,July,0,0,0,4,0,,,,,,,644,109,1155,TLAXCALA,0.557575757575758,0,,,,,0,23,0,,,,,,0,,,65,,,,0,17,21,0,0,,,,,,,,,,,,,,,,,,,,,,,,,,,,,,,,,,,,,,,,,,,,,,,,,,,,,,,,
TLAXCALA,29033,443,2013,July,0,0,0,4,0,,,,,,,371,64,717,TLAXCALA,0.517433751743375,0,,,,,0,17,0,,,,,,0,,,26,,,,0,17,15,0,0,,,,,,,,,,,,,,,,,,,,,,,,,,,,,,,,,,,,,,,,,,,,,,,,,,,,,,,,
TLAXCALA,29033,444,2013,July,0,0,0,84,0,,,,,,,1747,358,3525,TLAXCALA,0.495602836879433,0,,,,,0,88,0,,,,,,0,,,137,,,,0,49,63,0,0,,,,,,,,,,,,,,,,,,,,,,,,,,,,,,,,,,,,,,,,,,,,,,,,,,,,,,,,
TLAXCALA,29033,445,2013,July,0,0,0,81,0,,,,,,,778,175,1419,TLAXCALA,0.548273431994362,0,,,,,0,27,0,,,,,,0,,,55,,,,0,12,27,0,0,,,,,,,,,,,,,,,,,,,,,,,,,,,,,,,,,,,,,,,,,,,,,,,,,,,,,,,,
TLAXCALA,29033,446,2013,July,0,0,0,5,0,,,,,,,433,81,751,TLAXCALA,0.576564580559254,0,,,,,0,33,0,,,,,,0,,,23,,,,0,20,10,0,0,,,,,,,,,,,,,,,,,,,,,,,,,,,,,,,,,,,,,,,,,,,,,,,,,,,,,,,,
TLAXCALA,29033,447,2013,July,0,0,0,9,0,,,,,,,517,84,870,TLAXCALA,0.594252873563218,0,,,,,0,15,0,,,,,,0,,,37,,,,0,23,17,0,0,,,,,,,,,,,,,,,,,,,,,,,,,,,,,,,,,,,,,,,,,,,,,,,,,,,,,,,,
TLAXCALA,29033,448,2013,July,0,0,0,26,0,,,,,,,1323,169,2007,TLAXCALA,0.659192825112108,0,,,,,0,37,0,,,,,,0,,,81,,,,0,25,50,0,0,,,,,,,,,,,,,,,,,,,,,,,,,,,,,,,,,,,,,,,,,,,,,,,,,,,,,,,,
TLAXCALA,29033,449,2013,July,0,0,0,9,0,,,,,,,753,88,1367,TLAXCALA,0.5508412582297,0,,,,,0,14,0,,,,,,0,,,47,,,,0,18,20,0,0,,,,,,,,,,,,,,,,,,,,,,,,,,,,,,,,,,,,,,,,,,,,,,,,,,,,,,,,
TLAXCALA,29033,450,2013,July,0,0,0,3,0,,,,,,,470,66,837,TLAXCALA,0.561529271206691,0,,,,,0,7,0,,,,,,0,,,44,,,,0,12,10,0,0,,,,,,,,,,,,,,,,,,,,,,,,,,,,,,,,,,,,,,,,,,,,,,,,,,,,,,,,
TLAXCALA,29033,451,2013,July,0,0,0,17,0,,,,,,,1118,192,1869,TLAXCALA,0.598180845371857,0,,,,,0,40,0,,,,,,0,,,96,,,,0,39,41,0,0,,,,,,,,,,,,,,,,,,,,,,,,,,,,,,,,,,,,,,,,,,,,,,,,,,,,,,,,
TLAXCALA,29033,452,2013,July,0,0,0,15,0,,,,,,,802,139,1505,TLAXCALA,0.532890365448505,0,,,,,0,47,0,,,,,,0,,,45,,,,0,32,35,0,0,,,,,,,,,,,,,,,,,,,,,,,,,,,,,,,,,,,,,,,,,,,,,,,,,,,,,,,,
TLAXCALA,29033,453,2013,July,0,0,0,159,0,,,,,,,2732,550,5675,TLAXCALA,0.481409691629956,0,,,,,0,124,0,,,,,,0,,,196,,,,0,71,95,0,0,,,,,,,,,,,,,,,,,,,,,,,,,,,,,,,,,,,,,,,,,,,,,,,,,,,,,,,,
TLAXCALA,29033,454,2013,July,0,0,0,16,0,,,,,,,425,66,880,TLAXCALA,0.482954545454546,0,,,,,0,10,0,,,,,,0,,,31,,,,0,9,17,0,0,,,,,,,,,,,,,,,,,,,,,,,,,,,,,,,,,,,,,,,,,,,,,,,,,,,,,,,,
TLAXCALA,29033,455,2013,July,0,0,0,15,0,,,,,,,376,64,758,TLAXCALA,0.496042216358839,0,,,,,0,13,0,,,,,,0,,,27,,,,0,9,16,0,0,,,,,,,,,,,,,,,,,,,,,,,,,,,,,,,,,,,,,,,,,,,,,,,,,,,,,,,,
TLAXCALA,29033,456,2013,July,0,0,0,17,0,,,,,,,974,167,1886,TLAXCALA,0.51643690349947,0,,,,,0,20,0,,,,,,0,,,89,,,,0,41,41,0,0,,,,,,,,,,,,,,,,,,,,,,,,,,,,,,,,,,,,,,,,,,,,,,,,,,,,,,,,
TLAXCALA,29033,457,2013,July,0,0,0,10,0,,,,,,,667,98,1199,TLAXCALA,0.556296914095079,0,,,,,0,21,0,,,,,,0,,,39,,,,0,28,19,0,0,,,,,,,,,,,,,,,,,,,,,,,,,,,,,,,,,,,,,,,,,,,,,,,,,,,,,,,,
TLAXCALA,29033,458,2013,July,0,0,0,93,0,,,,,,,2339,253,4342,TLAXCALA,0.538691847075081,0,,,,,0,28,0,,,,,,0,,,112,,,,0,20,122,0,0,,,,,,,,,,,,,,,,,,,,,,,,,,,,,,,,,,,,,,,,,,,,,,,,,,,,,,,,
TLAXCALA,29033,459,2013,July,0,0,0,12,0,,,,,,,1010,168,1909,TLAXCALA,0.529072812991095,0,,,,,0,32,0,,,,,,0,,,103,,,,0,21,50,0,0,,,,,,,,,,,,,,,,,,,,,,,,,,,,,,,,,,,,,,,,,,,,,,,,,,,,,,,,
TLAXCALA,29033,460,2013,July,0,0,0,10,0,,,,,,,740,122,1384,TLAXCALA,0.534682080924856,0,,,,,0,12,0,,,,,,0,,,78,,,,0,22,24,0,0,,,,,,,,,,,,,,,,,,,,,,,,,,,,,,,,,,,,,,,,,,,,,,,,,,,,,,,,
TLAXCALA,29033,461,2013,July,0,0,0,26,0,,,,,,,1066,256,2022,TLAXCALA,0.527200791295747,0,,,,,0,47,0,,,,,,0,,,137,,,,0,46,38,0,0,,,,,,,,,,,,,,,,,,,,,,,,,,,,,,,,,,,,,,,,,,,,,,,,,,,,,,,,
TLAXCALA,29033,462,2013,July,0,0,0,12,0,,,,,,,1034,170,1650,TLAXCALA,0.626666666666667,0,,,,,0,55,0,,,,,,0,,,40,,,,0,63,38,0,0,,,,,,,,,,,,,,,,,,,,,,,,,,,,,,,,,,,,,,,,,,,,,,,,,,,,,,,,
TLAXCALA,29033,463,2013,July,0,0,0,14,0,,,,,,,890,185,1696,TLAXCALA,0.524764150943396,0,,,,,0,42,0,,,,,,0,,,103,,,,0,26,31,0,0,,,,,,,,,,,,,,,,,,,,,,,,,,,,,,,,,,,,,,,,,,,,,,,,,,,,,,,,
TLAXCALA,29033,464,2013,July,0,0,0,53,0,,,,,,,1890,375,4032,TLAXCALA,0.46875,0,,,,,0,82,0,,,,,,0,,,191,,,,0,49,70,0,0,,,,,,,,,,,,,,,,,,,,,,,,,,,,,,,,,,,,,,,,,,,,,,,,,,,,,,,,
TLAXCALA,29033,465,2013,July,0,0,0,96,0,,,,,,,2046,364,3810,TLAXCALA,0.537007874015748,0,,,,,0,54,0,,,,,,0,,,171,,,,0,43,58,0,0,,,,,,,,,,,,,,,,,,,,,,,,,,,,,,,,,,,,,,,,,,,,,,,,,,,,,,,,
TLAXCALA,29033,466,2013,July,0,0,0,87,0,,,,,,,2024,277,3424,TLAXCALA,0.591121495327103,0,,,,,0,51,0,,,,,,0,,,119,,,,0,20,84,0,0,,,,,,,,,,,,,,,,,,,,,,,,,,,,,,,,,,,,,,,,,,,,,,,,,,,,,,,,
TLAXCALA,29033,467,2013,July,0,0,0,14,0,,,,,,,738,134,1213,TLAXCALA,0.60840890354493,0,,,,,0,52,0,,,,,,0,,,60,,,,0,8,33,0,0,,,,,,,,,,,,,,,,,,,,,,,,,,,,,,,,,,,,,,,,,,,,,,,,,,,,,,,,
TLAXCALA,29033,468,2013,July,0,0,0,104,0,,,,,,,1437,234,2076,TLAXCALA,0.692196531791908,0,,,,,0,35,0,,,,,,0,,,69,,,,0,26,62,0,0,,,,,,,,,,,,,,,,,,,,,,,,,,,,,,,,,,,,,,,,,,,,,,,,,,,,,,,,
TLAXCALA,29033,469,2013,July,0,0,0,32,0,,,,,,,1043,137,1423,TLAXCALA,0.732958538299368,0,,,,,0,39,0,,,,,,0,,,51,,,,0,15,43,0,0,,,,,,,,,,,,,,,,,,,,,,,,,,,,,,,,,,,,,,,,,,,,,,,,,,,,,,,,
TLAXCO,29034,58,2013,July,0,0,0,0,0,,,,,,,114,8,175,TLAXCALA,0.651428571428571,0,,,,,0,0,0,,,,,,0,,,8,,,,0,0,6,0,0,,,,,,,,,,,,,,,,,,,,,,,,,,,,,,,,,,,,,,,,,,,,,,,,,,,,,,,,
TLAXCO,29034,470,2013,July,0,0,0,0,0,,,,,,,565,39,835,TLAXCALA,0.676646706586826,0,,,,,0,0,0,,,,,,0,,,29,,,,0,10,25,0,0,,,,,,,,,,,,,,,,,,,,,,,,,,,,,,,,,,,,,,,,,,,,,,,,,,,,,,,,
TLAXCO,29034,471,2013,July,0,0,0,0,0,,,,,,,775,12,1161,TLAXCALA,0.667527993109388,0,,,,,0,0,0,,,,,,0,,,11,,,,0,1,50,0,0,,,,,,,,,,,,,,,,,,,,,,,,,,,,,,,,,,,,,,,,,,,,,,,,,,,,,,,,
TLAXCO,29034,472,2013,July,0,0,0,0,0,,,,,,,666,12,1074,TLAXCALA,0.620111731843575,0,,,,,0,0,0,,,,,,0,,,12,,,,0,0,23,0,0,,,,,,,,,,,,,,,,,,,,,,,,,,,,,,,,,,,,,,,,,,,,,,,,,,,,,,,,
TLAXCO,29034,473,2013,July,0,0,0,0,0,,,,,,,643,14,914,TLAXCALA,0.703501094091904,0,,,,,0,0,0,,,,,,0,,,9,,,,0,5,21,0,0,,,,,,,,,,,,,,,,,,,,,,,,,,,,,,,,,,,,,,,,,,,,,,,,,,,,,,,,
TLAXCO,29034,474,2013,July,0,0,0,0,0,,,,,,,995,17,1475,TLAXCALA,0.674576271186441,0,,,,,0,0,0,,,,,,0,,,13,,,,0,4,29,0,0,,,,,,,,,,,,,,,,,,,,,,,,,,,,,,,,,,,,,,,,,,,,,,,,,,,,,,,,
TLAXCO,29034,475,2013,July,0,0,0,0,0,,,,,,,802,28,1223,TLAXCALA,0.655764513491415,0,,,,,0,0,0,,,,,,0,,,26,,,,0,2,22,0,0,,,,,,,,,,,,,,,,,,,,,,,,,,,,,,,,,,,,,,,,,,,,,,,,,,,,,,,,
TLAXCO,29034,476,2013,July,0,0,0,0,0,,,,,,,1434,31,2303,TLAXCALA,0.62266608771168,0,,,,,0,0,0,,,,,,0,,,25,,,,0,6,32,0,0,,,,,,,,,,,,,,,,,,,,,,,,,,,,,,,,,,,,,,,,,,,,,,,,,,,,,,,,
TLAXCO,29034,477,2013,July,0,0,0,0,0,,,,,,,713,25,1025,TLAXCALA,0.695609756097561,0,,,,,0,0,0,,,,,,0,,,23,,,,0,2,16,0,0,,,,,,,,,,,,,,,,,,,,,,,,,,,,,,,,,,,,,,,,,,,,,,,,,,,,,,,,
TLAXCO,29034,478,2013,July,0,0,0,0,0,,,,,,,310,15,426,TLAXCALA,0.727699530516432,0,,,,,0,0,0,,,,,,0,,,15,,,,0,0,6,0,0,,,,,,,,,,,,,,,,,,,,,,,,,,,,,,,,,,,,,,,,,,,,,,,,,,,,,,,,
TLAXCO,29034,479,2013,July,0,0,0,0,0,,,,,,,175,2,270,TLAXCALA,0.648148148148148,0,,,,,0,0,0,,,,,,0,,,1,,,,0,1,5,0,0,,,,,,,,,,,,,,,,,,,,,,,,,,,,,,,,,,,,,,,,,,,,,,,,,,,,,,,,
TLAXCO,29034,480,2013,July,0,0,0,0,0,,,,,,,132,0,209,TLAXCALA,0.631578947368421,0,,,,,0,0,0,,,,,,0,,,0,,,,0,0,2,0,0,,,,,,,,,,,,,,,,,,,,,,,,,,,,,,,,,,,,,,,,,,,,,,,,,,,,,,,,
TLAXCO,29034,481,2013,July,0,0,0,0,0,,,,,,,1233,29,1838,TLAXCALA,0.670837867247008,0,,,,,0,0,0,,,,,,0,,,19,,,,0,10,29,0,0,,,,,,,,,,,,,,,,,,,,,,,,,,,,,,,,,,,,,,,,,,,,,,,,,,,,,,,,
TLAXCO,29034,482,2013,July,0,0,0,0,0,,,,,,,1069,32,1642,TLAXCALA,0.651035322777101,0,,,,,0,0,0,,,,,,0,,,7,,,,0,25,29,0,0,,,,,,,,,,,,,,,,,,,,,,,,,,,,,,,,,,,,,,,,,,,,,,,,,,,,,,,,
TLAXCO,29034,483,2013,July,0,0,0,0,0,,,,,,,76,0,107,TLAXCALA,0.710280373831776,0,,,,,0,0,0,,,,,,0,,,0,,,,0,0,1,0,0,,,,,,,,,,,,,,,,,,,,,,,,,,,,,,,,,,,,,,,,,,,,,,,,,,,,,,,,
TLAXCO,29034,484,2013,July,0,0,0,0,0,,,,,,,978,105,1500,TLAXCALA,0.652,0,,,,,0,0,0,,,,,,0,,,5,,,,0,100,21,0,0,,,,,,,,,,,,,,,,,,,,,,,,,,,,,,,,,,,,,,,,,,,,,,,,,,,,,,,,
TLAXCO,29034,485,2013,July,0,0,0,0,0,,,,,,,422,7,615,TLAXCALA,0.686178861788618,0,,,,,0,0,0,,,,,,0,,,3,,,,0,4,10,0,0,,,,,,,,,,,,,,,,,,,,,,,,,,,,,,,,,,,,,,,,,,,,,,,,,,,,,,,,
TLAXCO,29034,486,2013,July,0,0,0,0,0,,,,,,,416,6,550,TLAXCALA,0.756363636363636,0,,,,,0,0,0,,,,,,0,,,3,,,,0,3,11,0,0,,,,,,,,,,,,,,,,,,,,,,,,,,,,,,,,,,,,,,,,,,,,,,,,,,,,,,,,
TLAXCO,29034,487,2013,July,0,0,0,0,0,,,,,,,50,2,378,TLAXCALA,0.132275132275132,0,,,,,0,0,0,,,,,,0,,,0,,,,0,2,4,0,0,,,,,,,,,,,,,,,,,,,,,,,,,,,,,,,,,,,,,,,,,,,,,,,,,,,,,,,,
TLAXCO,29034,488,2013,July,0,0,0,0,0,,,,,,,687,21,1081,TLAXCALA,0.635522664199815,0,,,,,0,0,0,,,,,,0,,,15,,,,0,6,19,0,0,,,,,,,,,,,,,,,,,,,,,,,,,,,,,,,,,,,,,,,,,,,,,,,,,,,,,,,,
TLAXCO,29034,489,2013,July,0,0,0,0,0,,,,,,,56,7,85,TLAXCALA,0.658823529411765,0,,,,,0,0,0,,,,,,0,,,7,,,,0,0,1,0,0,,,,,,,,,,,,,,,,,,,,,,,,,,,,,,,,,,,,,,,,,,,,,,,,,,,,,,,,
TLAXCO,29034,490,2013,July,0,0,0,0,0,,,,,,,134,1,170,TLAXCALA,0.788235294117647,0,,,,,0,0,0,,,,,,0,,,1,,,,0,0,0,0,0,,,,,,,,,,,,,,,,,,,,,,,,,,,,,,,,,,,,,,,,,,,,,,,,,,,,,,,,
TLAXCO,29034,491,2013,July,0,0,0,0,0,,,,,,,1441,53,2386,TLAXCALA,0.603939647946354,0,,,,,0,0,0,,,,,,0,,,52,,,,0,1,85,0,0,,,,,,,,,,,,,,,,,,,,,,,,,,,,,,,,,,,,,,,,,,,,,,,,,,,,,,,,
TLAXCO,29034,492,2013,July,0,0,0,0,0,,,,,,,207,2,247,TLAXCALA,0.838056680161943,0,,,,,0,0,0,,,,,,0,,,2,,,,0,0,7,0,0,,,,,,,,,,,,,,,,,,,,,,,,,,,,,,,,,,,,,,,,,,,,,,,,,,,,,,,,
TLAXCO,29034,493,2013,July,0,0,0,0,0,,,,,,,335,6,450,TLAXCALA,0.744444444444445,0,,,,,0,0,0,,,,,,0,,,6,,,,0,0,10,0,0,,,,,,,,,,,,,,,,,,,,,,,,,,,,,,,,,,,,,,,,,,,,,,,,,,,,,,,,
TLAXCO,29034,494,2013,July,0,0,0,0,0,,,,,,,577,29,776,TLAXCALA,0.743556701030928,0,,,,,0,0,0,,,,,,0,,,17,,,,0,12,22,0,0,,,,,,,,,,,,,,,,,,,,,,,,,,,,,,,,,,,,,,,,,,,,,,,,,,,,,,,,
TLAXCO,29034,495,2013,July,0,0,0,0,0,,,,,,,508,59,725,TLAXCALA,0.700689655172414,0,,,,,0,0,0,,,,,,0,,,59,,,,0,0,15,0,0,,,,,,,,,,,,,,,,,,,,,,,,,,,,,,,,,,,,,,,,,,,,,,,,,,,,,,,,
TLAXCO,29034,496,2013,July,0,0,0,0,0,,,,,,,325,10,522,TLAXCALA,0.622605363984674,0,,,,,0,0,0,,,,,,0,,,8,,,,0,2,20,0,0,,,,,,,,,,,,,,,,,,,,,,,,,,,,,,,,,,,,,,,,,,,,,,,,,,,,,,,,
TLAXCO,29034,497,2013,July,0,0,0,0,0,,,,,,,309,3,383,TLAXCALA,0.806788511749347,0,,,,,0,0,0,,,,,,0,,,3,,,,0,0,5,0,0,,,,,,,,,,,,,,,,,,,,,,,,,,,,,,,,,,,,,,,,,,,,,,,,,,,,,,,,
TLAXCO,29034,498,2013,July,0,0,0,0,0,,,,,,,265,1,285,TLAXCALA,0.929824561403509,0,,,,,0,0,0,,,,,,0,,,1,,,,0,0,13,0,0,,,,,,,,,,,,,,,,,,,,,,,,,,,,,,,,,,,,,,,,,,,,,,,,,,,,,,,,
TLAXCO,29034,499,2013,July,0,0,0,0,0,,,,,,,622,14,735,TLAXCALA,0.846258503401361,0,,,,,0,0,0,,,,,,0,,,12,,,,0,2,12,0,0,,,,,,,,,,,,,,,,,,,,,,,,,,,,,,,,,,,,,,,,,,,,,,,,,,,,,,,,
TLAXCO,29034,500,2013,July,0,0,0,0,0,,,,,,,330,7,445,TLAXCALA,0.741573033707865,0,,,,,0,0,0,,,,,,0,,,2,,,,0,5,12,0,0,,,,,,,,,,,,,,,,,,,,,,,,,,,,,,,,,,,,,,,,,,,,,,,,,,,,,,,,
TLAXCO,29034,501,2013,July,0,0,0,0,0,,,,,,,964,29,1281,TLAXCALA,0.752537080405933,0,,,,,0,0,0,,,,,,0,,,23,,,,0,6,45,0,0,,,,,,,,,,,,,,,,,,,,,,,,,,,,,,,,,,,,,,,,,,,,,,,,,,,,,,,,
TLAXCO,29034,502,2013,July,0,0,0,0,0,,,,,,,247,4,305,TLAXCALA,0.809836065573771,0,,,,,0,0,0,,,,,,0,,,0,,,,0,4,20,0,0,,,,,,,,,,,,,,,,,,,,,,,,,,,,,,,,,,,,,,,,,,,,,,,,,,,,,,,,
TLAXCO,29034,503,2013,July,0,0,0,0,0,,,,,,,100,3,130,TLAXCALA,0.769230769230769,0,,,,,0,0,0,,,,,,0,,,1,,,,0,2,2,0,0,,,,,,,,,,,,,,,,,,,,,,,,,,,,,,,,,,,,,,,,,,,,,,,,,,,,,,,,
TLAXCO,29034,504,2013,July,0,0,0,0,0,,,,,,,151,2,177,TLAXCALA,0.853107344632768,0,,,,,0,0,0,,,,,,0,,,0,,,,0,2,3,0,0,,,,,,,,,,,,,,,,,,,,,,,,,,,,,,,,,,,,,,,,,,,,,,,,,,,,,,,,
TOCATLAN,29035,505,2013,July,233,0,204,0,200,,,,,,,1670,1637,2203,TLAXCALA,0.758057194734453,0,,,,,0,0,612,,,,,,0,,,0,,,,0,0,33,0,388,,,,,,,,,,,,,,,,,,,,,,,,,,,,,,,,,,,,,,,,,,,,,,,,,,,,,,,,
TOCATLAN,29035,506,2013,July,132,0,122,0,76,,,,,,,900,868,1216,TLAXCALA,0.740131578947369,0,,,,,0,0,302,,,,,,0,,,0,,,,0,0,32,0,236,,,,,,,,,,,,,,,,,,,,,,,,,,,,,,,,,,,,,,,,,,,,,,,,,,,,,,,,
TOCATLAN,29035,507,2013,July,57,0,24,0,50,,,,,,,449,445,554,TLAXCALA,0.810469314079422,0,,,,,0,0,166,,,,,,0,,,0,,,,0,0,4,0,148,,,,,,,,,,,,,,,,,,,,,,,,,,,,,,,,,,,,,,,,,,,,,,,,,,,,,,,,
TOTOLAC,29036,508,2013,July,0,0,0,8,0,,,,,,,539,176,733,TLAXCALA,0.735334242837654,0,,,,,0,105,0,,,,,,0,,,55,,,,0,8,26,0,0,,,,,,,,,,,,,,,,,,,,,,,,,,,,,,,,,,,,,,,,,,,,,,,,,,,,,,,,
TOTOLAC,29036,509,2013,July,0,0,0,14,0,,,,,,,777,327,1036,TLAXCALA,0.75,0,,,,,0,141,0,,,,,,0,,,142,,,,0,30,34,0,0,,,,,,,,,,,,,,,,,,,,,,,,,,,,,,,,,,,,,,,,,,,,,,,,,,,,,,,,
TOTOLAC,29036,510,2013,July,0,0,0,5,0,,,,,,,639,218,1021,TLAXCALA,0.625857002938296,0,,,,,0,119,0,,,,,,0,,,77,,,,0,17,20,0,0,,,,,,,,,,,,,,,,,,,,,,,,,,,,,,,,,,,,,,,,,,,,,,,,,,,,,,,,
TOTOLAC,29036,511,2013,July,0,0,0,25,0,,,,,,,602,284,846,TLAXCALA,0.711583924349882,0,,,,,0,156,0,,,,,,0,,,74,,,,0,29,33,0,0,,,,,,,,,,,,,,,,,,,,,,,,,,,,,,,,,,,,,,,,,,,,,,,,,,,,,,,,
TOTOLAC,29036,512,2013,July,0,0,0,12,0,,,,,,,968,633,1438,TLAXCALA,0.673157162726008,0,,,,,0,244,0,,,,,,0,,,153,,,,0,224,26,0,0,,,,,,,,,,,,,,,,,,,,,,,,,,,,,,,,,,,,,,,,,,,,,,,,,,,,,,,,
TOTOLAC,29036,513,2013,July,0,0,0,6,0,,,,,,,1288,529,2088,TLAXCALA,0.616858237547893,0,,,,,0,314,0,,,,,,0,,,140,,,,0,69,57,0,0,,,,,,,,,,,,,,,,,,,,,,,,,,,,,,,,,,,,,,,,,,,,,,,,,,,,,,,,
TOTOLAC,29036,514,2013,July,0,0,0,29,0,,,,,,,801,375,1261,TLAXCALA,0.635210150674068,0,,,,,0,197,0,,,,,,0,,,120,,,,0,29,32,0,0,,,,,,,,,,,,,,,,,,,,,,,,,,,,,,,,,,,,,,,,,,,,,,,,,,,,,,,,
TOTOLAC,29036,515,2013,July,0,0,0,7,0,,,,,,,1272,784,1805,TLAXCALA,0.704709141274238,0,,,,,0,467,0,,,,,,0,,,292,,,,0,18,26,0,0,,,,,,,,,,,,,,,,,,,,,,,,,,,,,,,,,,,,,,,,,,,,,,,,,,,,,,,,
TOTOLAC,29036,516,2013,July,0,0,0,11,0,,,,,,,1284,881,1741,TLAXCALA,0.737507179781735,0,,,,,0,563,0,,,,,,0,,,303,,,,0,4,26,0,0,,,,,,,,,,,,,,,,,,,,,,,,,,,,,,,,,,,,,,,,,,,,,,,,,,,,,,,,
TOTOLAC,29036,517,2013,July,0,0,0,2,0,,,,,,,865,527,1196,TLAXCALA,0.723244147157191,0,,,,,0,324,0,,,,,,0,,,196,,,,0,5,14,0,0,,,,,,,,,,,,,,,,,,,,,,,,,,,,,,,,,,,,,,,,,,,,,,,,,,,,,,,,
TOTOLAC,29036,518,2013,July,0,0,0,6,0,,,,,,,793,461,1049,TLAXCALA,0.755958055290753,0,,,,,0,317,0,,,,,,0,,,131,,,,0,7,23,0,0,,,,,,,,,,,,,,,,,,,,,,,,,,,,,,,,,,,,,,,,,,,,,,,,,,,,,,,,
TOTOLAC,29036,519,2013,July,0,0,0,2,0,,,,,,,397,181,703,TLAXCALA,0.564722617354196,0,,,,,0,96,0,,,,,,0,,,53,,,,0,30,15,0,0,,,,,,,,,,,,,,,,,,,,,,,,,,,,,,,,,,,,,,,,,,,,,,,,,,,,,,,,
TZOMPANTEPEC,29038,527,2013,July,0,0,0,193,0,,,,,,,1827,727,3270,TLAXCALA,0.558715596330275,0,,,,,0,97,0,,,,,,0,,,247,,,,0,190,58,0,0,,,,,,,,,,,,,,,,,,,,,,,,,,,,,,,,,,,,,,,,,,,,,,,,,,,,,,,,
TZOMPANTEPEC,29038,528,2013,July,0,0,0,134,0,,,,,,,1682,720,2890,TLAXCALA,0.582006920415225,0,,,,,0,99,0,,,,,,0,,,382,,,,0,105,53,0,0,,,,,,,,,,,,,,,,,,,,,,,,,,,,,,,,,,,,,,,,,,,,,,,,,,,,,,,,
TZOMPANTEPEC,29038,529,2013,July,0,0,0,12,0,,,,,,,954,263,1326,TLAXCALA,0.719457013574661,0,,,,,0,159,0,,,,,,0,,,27,,,,0,65,32,0,0,,,,,,,,,,,,,,,,,,,,,,,,,,,,,,,,,,,,,,,,,,,,,,,,,,,,,,,,
TZOMPANTEPEC,29038,530,2013,July,0,0,0,10,0,,,,,,,726,216,1002,TLAXCALA,0.724550898203593,0,,,,,0,66,0,,,,,,0,,,23,,,,0,117,27,0,0,,,,,,,,,,,,,,,,,,,,,,,,,,,,,,,,,,,,,,,,,,,,,,,,,,,,,,,,
TZOMPANTEPEC,29038,536,2013,July,0,0,0,3,0,,,,,,,527,175,615,TLAXCALA,0.856910569105691,0,,,,,0,35,0,,,,,,0,,,28,,,,0,109,23,0,0,,,,,,,,,,,,,,,,,,,,,,,,,,,,,,,,,,,,,,,,,,,,,,,,,,,,,,,,
TZOMPANTEPEC,29038,537,2013,July,0,0,0,7,0,,,,,,,193,65,230,TLAXCALA,0.839130434782609,0,,,,,0,14,0,,,,,,0,,,12,,,,0,32,6,0,0,,,,,,,,,,,,,,,,,,,,,,,,,,,,,,,,,,,,,,,,,,,,,,,,,,,,,,,,
XALOZTOC,29039,538,2013,July,0,0,0,74,0,,,,,,,1298,259,1899,TLAXCALA,0.683517640863613,0,,,,,0,73,0,,,,,,0,,,57,,,,0,55,42,0,0,,,,,,,,,,,,,,,,,,,,,,,,,,,,,,,,,,,,,,,,,,,,,,,,,,,,,,,,
XALOZTOC,29039,539,2013,July,0,0,0,40,0,,,,,,,1334,187,1850,TLAXCALA,0.721081081081081,0,,,,,0,77,0,,,,,,0,,,36,,,,0,34,32,0,0,,,,,,,,,,,,,,,,,,,,,,,,,,,,,,,,,,,,,,,,,,,,,,,,,,,,,,,,
XALOZTOC,29039,540,2013,July,0,0,0,125,0,,,,,,,1890,408,2844,TLAXCALA,0.664556962025316,0,,,,,0,127,0,,,,,,0,,,78,,,,0,78,32,0,0,,,,,,,,,,,,,,,,,,,,,,,,,,,,,,,,,,,,,,,,,,,,,,,,,,,,,,,,
XALOZTOC,29039,541,2013,July,0,0,0,54,0,,,,,,,1666,191,2538,TLAXCALA,0.656422379826635,0,,,,,0,48,0,,,,,,0,,,34,,,,0,55,51,0,0,,,,,,,,,,,,,,,,,,,,,,,,,,,,,,,,,,,,,,,,,,,,,,,,,,,,,,,,
XALOZTOC,29039,542,2013,July,0,0,0,81,0,,,,,,,1406,290,2136,TLAXCALA,0.658239700374532,0,,,,,0,42,0,,,,,,0,,,85,,,,0,82,43,0,0,,,,,,,,,,,,,,,,,,,,,,,,,,,,,,,,,,,,,,,,,,,,,,,,,,,,,,,,
XALOZTOC,29039,543,2013,July,0,0,0,133,0,,,,,,,1319,342,1874,TLAXCALA,0.70384204909285,0,,,,,0,133,0,,,,,,0,,,37,,,,0,39,38,0,0,,,,,,,,,,,,,,,,,,,,,,,,,,,,,,,,,,,,,,,,,,,,,,,,,,,,,,,,
XALOZTOC,29039,544,2013,July,0,0,0,17,0,,,,,,,457,94,543,TLAXCALA,0.841620626151013,0,,,,,0,17,0,,,,,,0,,,5,,,,0,55,26,0,0,,,,,,,,,,,,,,,,,,,,,,,,,,,,,,,,,,,,,,,,,,,,,,,,,,,,,,,,
XALOZTOC,29039,545,2013,July,0,0,0,9,0,,,,,,,306,42,436,TLAXCALA,0.701834862385321,0,,,,,0,12,0,,,,,,0,,,11,,,,0,10,11,0,0,,,,,,,,,,,,,,,,,,,,,,,,,,,,,,,,,,,,,,,,,,,,,,,,,,,,,,,,
XALOZTOC,29039,546,2013,July,0,0,0,51,0,,,,,,,527,177,637,TLAXCALA,0.827315541601256,0,,,,,0,56,0,,,,,,0,,,17,,,,0,53,12,0,0,,,,,,,,,,,,,,,,,,,,,,,,,,,,,,,,,,,,,,,,,,,,,,,,,,,,,,,,
XALTOCAN,29040,547,2013,July,200,18,162,0,66,,,,,,,690,654,998,TLAXCALA,0.691382765531062,0,,,,,0,0,60,,,,,,0,,,0,,,,0,130,36,0,18,,,,,,,,,,,,,,,,,,,,,,,,,,,,,,,,,,,,,,,,,,,,,,,,,,,,,,,,
XALTOCAN,29040,548,2013,July,244,45,401,0,93,,,,,,,1212,1161,1761,TLAXCALA,0.68824531516184,0,,,,,0,0,140,,,,,,0,,,0,,,,0,189,51,0,49,,,,,,,,,,,,,,,,,,,,,,,,,,,,,,,,,,,,,,,,,,,,,,,,,,,,,,,,
XALTOCAN,29040,549,2013,July,360,32,162,0,85,,,,,,,889,868,1301,TLAXCALA,0.683320522674866,0,,,,,0,0,32,,,,,,0,,,0,,,,0,175,21,0,22,,,,,,,,,,,,,,,,,,,,,,,,,,,,,,,,,,,,,,,,,,,,,,,,,,,,,,,,
XALTOCAN,29040,550,2013,July,144,57,137,0,41,,,,,,,535,518,838,TLAXCALA,0.638424821002387,0,,,,,0,0,32,,,,,,0,,,0,,,,0,98,17,0,9,,,,,,,,,,,,,,,,,,,,,,,,,,,,,,,,,,,,,,,,,,,,,,,,,,,,,,,,
XALTOCAN,29040,553,2013,July,76,16,58,0,28,,,,,,,208,201,262,TLAXCALA,0.793893129770992,0,,,,,0,0,13,,,,,,0,,,0,,,,0,7,7,0,3,,,,,,,,,,,,,,,,,,,,,,,,,,,,,,,,,,,,,,,,,,,,,,,,,,,,,,,,
XALTOCAN,29040,554,2013,July,11,10,10,0,27,,,,,,,109,106,149,TLAXCALA,0.731543624161074,0,,,,,0,0,37,,,,,,0,,,0,,,,0,7,3,0,4,,,,,,,,,,,,,,,,,,,,,,,,,,,,,,,,,,,,,,,,,,,,,,,,,,,,,,,,
XALTOCAN,29040,555,2013,July,58,15,122,0,105,,,,,,,494,467,653,TLAXCALA,0.756508422664625,0,,,,,0,0,20,,,,,,0,,,0,,,,0,139,27,0,8,,,,,,,,,,,,,,,,,,,,,,,,,,,,,,,,,,,,,,,,,,,,,,,,,,,,,,,,
XALTOCAN,29040,556,2013,July,95,36,198,0,53,,,,,,,510,502,670,TLAXCALA,0.761194029850746,0,,,,,0,0,47,,,,,,0,,,0,,,,0,62,8,0,11,,,,,,,,,,,,,,,,,,,,,,,,,,,,,,,,,,,,,,,,,,,,,,,,,,,,,,,,
XALTOCAN,29040,557,2013,July,159,24,67,0,61,,,,,,,467,453,667,TLAXCALA,0.700149925037481,0,,,,,0,0,33,,,,,,0,,,0,,,,0,84,14,0,25,,,,,,,,,,,,,,,,,,,,,,,,,,,,,,,,,,,,,,,,,,,,,,,,,,,,,,,,
XICOHTZINCO,29042,570,2013,July,273,0,190,66,0,,,,,,,939,919,2345,TLAXCALA,0.400426439232409,0,,,,,173,67,118,,,,,,0,,,0,,,,0,32,20,0,0,,,,,,,,,,,,,,,,,,,,,,,,,,,,,,,,,,,,,,,,,,,,,,,,,,,,,,,,
XICOHTZINCO,29042,571,2013,July,309,0,259,61,0,,,,,,,1010,968,1581,TLAXCALA,0.638836179633144,0,,,,,146,48,117,,,,,,0,,,0,,,,0,28,42,0,0,,,,,,,,,,,,,,,,,,,,,,,,,,,,,,,,,,,,,,,,,,,,,,,,,,,,,,,,
XICOHTZINCO,29042,572,2013,July,367,0,172,67,0,,,,,,,975,923,1468,TLAXCALA,0.6641689373297,0,,,,,107,64,109,,,,,,0,,,0,,,,0,37,52,0,0,,,,,,,,,,,,,,,,,,,,,,,,,,,,,,,,,,,,,,,,,,,,,,,,,,,,,,,,
XICOHTZINCO,29042,573,2013,July,215,0,171,37,0,,,,,,,746,639,1790,TLAXCALA,0.416759776536313,0,,,,,96,54,56,,,,,,0,,,0,,,,0,10,107,0,0,,,,,,,,,,,,,,,,,,,,,,,,,,,,,,,,,,,,,,,,,,,,,,,,,,,,,,,,
XICOHTZINCO,29042,574,2013,July,470,0,394,77,0,,,,,,,1467,1439,2291,TLAXCALA,0.640331732867743,0,,,,,214,116,133,,,,,,0,,,0,,,,0,35,28,0,0,,,,,,,,,,,,,,,,,,,,,,,,,,,,,,,,,,,,,,,,,,,,,,,,,,,,,,,,
YAUHQUEMEHCAN,29043,575,2013,July,405,0,168,17,101,,,,,,,1173,1141,1863,TLAXCALA,0.62962962962963,0,,,,,396,0,19,,,,,,0,,,0,,,,0,35,32,0,0,,,,,,,,,,,,,,,,,,,,,,,,,,,,,,,,,,,,,,,,,,,,,,,,,,,,,,,,
YAUHQUEMEHCAN,29043,576,2013,July,307,0,213,8,63,,,,,,,999,972,1532,TLAXCALA,0.652088772845953,0,,,,,339,0,15,,,,,,0,,,0,,,,0,27,27,0,0,,,,,,,,,,,,,,,,,,,,,,,,,,,,,,,,,,,,,,,,,,,,,,,,,,,,,,,,
YAUHQUEMEHCAN,29043,577,2013,July,87,0,135,5,68,,,,,,,452,426,575,TLAXCALA,0.786086956521739,0,,,,,102,0,4,,,,,,0,,,0,,,,0,25,26,0,0,,,,,,,,,,,,,,,,,,,,,,,,,,,,,,,,,,,,,,,,,,,,,,,,,,,,,,,,
YAUHQUEMEHCAN,29043,578,2013,July,322,0,150,6,86,,,,,,,708,685,952,TLAXCALA,0.743697478991597,0,,,,,39,0,46,,,,,,0,,,0,,,,0,36,23,0,0,,,,,,,,,,,,,,,,,,,,,,,,,,,,,,,,,,,,,,,,,,,,,,,,,,,,,,,,
YAUHQUEMEHCAN,29043,579,2013,July,344,0,249,9,98,,,,,,,859,846,1193,TLAXCALA,0.720033528918692,0,,,,,104,0,27,,,,,,0,,,0,,,,0,15,13,0,0,,,,,,,,,,,,,,,,,,,,,,,,,,,,,,,,,,,,,,,,,,,,,,,,,,,,,,,,
YAUHQUEMEHCAN,29043,580,2013,July,162,0,186,32,50,,,,,,,966,926,1660,TLAXCALA,0.581927710843373,0,,,,,463,0,8,,,,,,0,,,0,,,,0,25,40,0,0,,,,,,,,,,,,,,,,,,,,,,,,,,,,,,,,,,,,,,,,,,,,,,,,,,,,,,,,
YAUHQUEMEHCAN,29043,581,2013,July,299,0,181,86,56,,,,,,,1513,1441,2874,TLAXCALA,0.526443980514962,0,,,,,743,0,31,,,,,,0,,,0,,,,0,45,72,0,0,,,,,,,,,,,,,,,,,,,,,,,,,,,,,,,,,,,,,,,,,,,,,,,,,,,,,,,,
YAUHQUEMEHCAN,29043,582,2013,July,395,0,183,54,92,,,,,,,1961,1904,3574,TLAXCALA,0.548684946838276,0,,,,,1093,0,30,,,,,,0,,,0,,,,0,57,57,0,0,,,,,,,,,,,,,,,,,,,,,,,,,,,,,,,,,,,,,,,,,,,,,,,,,,,,,,,,
YAUHQUEMEHCAN,29043,583,2013,July,248,0,184,34,116,,,,,,,1136,1086,2419,TLAXCALA,0.469615543613063,0,,,,,445,0,24,,,,,,0,,,0,,,,0,35,50,0,0,,,,,,,,,,,,,,,,,,,,,,,,,,,,,,,,,,,,,,,,,,,,,,,,,,,,,,,,
YAUHQUEMEHCAN,29043,584,2013,July,113,0,125,3,41,,,,,,,582,561,941,TLAXCALA,0.618490967056323,0,,,,,253,0,16,,,,,,0,,,0,,,,0,10,21,0,0,,,,,,,,,,,,,,,,,,,,,,,,,,,,,,,,,,,,,,,,,,,,,,,,,,,,,,,,
YAUHQUEMEHCAN,29043,585,2013,July,448,0,336,12,120,,,,,,,1480,1430,2375,TLAXCALA,0.623157894736842,0,,,,,468,0,29,,,,,,0,,,0,,,,0,17,50,0,0,,,,,,,,,,,,,,,,,,,,,,,,,,,,,,,,,,,,,,,,,,,,,,,,,,,,,,,,
ZACATELCO,29044,588,2013,July,0,0,0,13,0,,,,,,,718,120,1137,TLAXCALA,0.631486367634125,0,,,,,0,27,0,,,,,,0,,,40,,,,0,40,25,0,0,,,,,,,,,,,,,,,,,,,,,,,,,,,,,,,,,,,,,,,,,,,,,,,,,,,,,,,,
ZACATELCO,29044,589,2013,July,0,0,0,8,0,,,,,,,1160,199,1788,TLAXCALA,0.648769574944072,0,,,,,0,28,0,,,,,,0,,,139,,,,0,24,58,0,0,,,,,,,,,,,,,,,,,,,,,,,,,,,,,,,,,,,,,,,,,,,,,,,,,,,,,,,,
ZACATELCO,29044,590,2013,July,0,0,0,31,0,,,,,,,1722,325,2871,TLAXCALA,0.599791013584117,0,,,,,0,22,0,,,,,,0,,,235,,,,0,37,30,0,0,,,,,,,,,,,,,,,,,,,,,,,,,,,,,,,,,,,,,,,,,,,,,,,,,,,,,,,,
ZACATELCO,29044,591,2013,July,0,0,0,18,0,,,,,,,1496,261,2416,TLAXCALA,0.619205298013245,0,,,,,0,21,0,,,,,,0,,,136,,,,0,86,44,0,0,,,,,,,,,,,,,,,,,,,,,,,,,,,,,,,,,,,,,,,,,,,,,,,,,,,,,,,,
ZACATELCO,29044,592,2013,July,0,0,0,33,0,,,,,,,1836,304,2975,TLAXCALA,0.617142857142857,0,,,,,0,24,0,,,,,,0,,,201,,,,0,46,50,0,0,,,,,,,,,,,,,,,,,,,,,,,,,,,,,,,,,,,,,,,,,,,,,,,,,,,,,,,,
ZACATELCO,29044,593,2013,July,0,0,0,13,0,,,,,,,1467,241,2344,TLAXCALA,0.625853242320819,0,,,,,0,20,0,,,,,,0,,,174,,,,0,34,38,0,0,,,,,,,,,,,,,,,,,,,,,,,,,,,,,,,,,,,,,,,,,,,,,,,,,,,,,,,,
ZACATELCO,29044,594,2013,July,0,0,0,6,0,,,,,,,1145,255,1743,TLAXCALA,0.656913367756741,0,,,,,0,13,0,,,,,,0,,,208,,,,0,28,30,0,0,,,,,,,,,,,,,,,,,,,,,,,,,,,,,,,,,,,,,,,,,,,,,,,,,,,,,,,,
ZACATELCO,29044,595,2013,July,0,0,0,11,0,,,,,,,1254,267,1993,TLAXCALA,0.629202207727045,0,,,,,0,19,0,,,,,,0,,,201,,,,0,36,31,0,0,,,,,,,,,,,,,,,,,,,,,,,,,,,,,,,,,,,,,,,,,,,,,,,,,,,,,,,,
ZACATELCO,29044,596,2013,July,0,0,0,9,0,,,,,,,832,131,1157,TLAXCALA,0.719101123595506,0,,,,,0,20,0,,,,,,0,,,94,,,,0,8,24,0,0,,,,,,,,,,,,,,,,,,,,,,,,,,,,,,,,,,,,,,,,,,,,,,,,,,,,,,,,
ZACATELCO,29044,597,2013,July,0,0,0,2,0,,,,,,,555,80,1643,TLAXCALA,0.337796713329276,0,,,,,0,7,0,,,,,,0,,,61,,,,0,10,15,0,0,,,,,,,,,,,,,,,,,,,,,,,,,,,,,,,,,,,,,,,,,,,,,,,,,,,,,,,,
ZACATELCO,29044,598,2013,July,0,0,0,14,0,,,,,,,803,123,1862,TLAXCALA,0.4312567132116,0,,,,,0,14,0,,,,,,0,,,76,,,,0,19,20,0,0,,,,,,,,,,,,,,,,,,,,,,,,,,,,,,,,,,,,,,,,,,,,,,,,,,,,,,,,
ZACATELCO,29044,599,2013,July,0,0,0,16,0,,,,,,,1470,172,2278,TLAXCALA,0.645302897278314,0,,,,,0,39,0,,,,,,0,,,84,,,,0,33,39,0,0,,,,,,,,,,,,,,,,,,,,,,,,,,,,,,,,,,,,,,,,,,,,,,,,,,,,,,,,
ZACATELCO,29044,600,2013,July,0,0,0,4,0,,,,,,,454,101,2669,TLAXCALA,0.170101161483702,0,,,,,0,22,0,,,,,,0,,,62,,,,0,13,15,0,0,,,,,,,,,,,,,,,,,,,,,,,,,,,,,,,,,,,,,,,,,,,,,,,,,,,,,,,,
ZACATELCO,29044,601,2013,July,0,0,0,24,0,,,,,,,1623,200,2394,TLAXCALA,0.677944862155389,0,,,,,0,22,0,,,,,,0,,,115,,,,0,39,28,0,0,,,,,,,,,,,,,,,,,,,,,,,,,,,,,,,,,,,,,,,,,,,,,,,,,,,,,,,,
ZITLALTEPEC DE TRINIDAD SANCHEZ SANTOS,29037,520,2013,July,0,0,0,34,0,,,,,,,964,284,1379,TLAXCALA,0.699057287889775,0,,,,,0,0,0,,,,,,0,,,229,,,,0,21,28,0,0,,,,,,,,,,,,,,,,,,,,,,,,,,,,,,,,,,,,,,,,,,,,,,,,,,,,,,,,
ZITLALTEPEC DE TRINIDAD SANCHEZ SANTOS,29037,521,2013,July,0,0,0,33,0,,,,,,,689,255,986,TLAXCALA,0.698782961460446,0,,,,,0,0,0,,,,,,0,,,210,,,,0,12,32,0,0,,,,,,,,,,,,,,,,,,,,,,,,,,,,,,,,,,,,,,,,,,,,,,,,,,,,,,,,
ZITLALTEPEC DE TRINIDAD SANCHEZ SANTOS,29037,522,2013,July,0,0,0,53,0,,,,,,,809,266,1195,TLAXCALA,0.676987447698745,0,,,,,0,0,0,,,,,,0,,,193,,,,0,20,36,0,0,,,,,,,,,,,,,,,,,,,,,,,,,,,,,,,,,,,,,,,,,,,,,,,,,,,,,,,,
ZITLALTEPEC DE TRINIDAD SANCHEZ SANTOS,29037,523,2013,July,0,0,0,44,0,,,,,,,775,256,1275,TLAXCALA,0.607843137254902,0,,,,,0,0,0,,,,,,0,,,204,,,,0,8,36,0,0,,,,,,,,,,,,,,,,,,,,,,,,,,,,,,,,,,,,,,,,,,,,,,,,,,,,,,,,
ZITLALTEPEC DE TRINIDAD SANCHEZ SANTOS,29037,524,2013,July,0,0,0,4,0,,,,,,,404,154,504,TLAXCALA,0.801587301587302,0,,,,,0,0,0,,,,,,0,,,139,,,,0,11,24,0,0,,,,,,,,,,,,,,,,,,,,,,,,,,,,,,,,,,,,,,,,,,,,,,,,,,,,,,,,
ZITLALTEPEC DE TRINIDAD SANCHEZ SANTOS,29037,525,2013,July,0,0,0,6,0,,,,,,,710,111,797,TLAXCALA,0.890840652446675,0,,,,,0,0,0,,,,,,0,,,91,,,,0,14,34,0,0,,,,,,,,,,,,,,,,,,,,,,,,,,,,,,,,,,,,,,,,,,,,,,,,,,,,,,,,
ZITLALTEPEC DE TRINIDAD SANCHEZ SANTOS,29037,526,2013,July,0,0,0,2,0,,,,,,,86,51,158,TLAXCALA,0.544303797468355,0,,,,,0,0,0,,,,,,0,,,8,,,,0,41,4,0,0,,,,,,,,,,,,,,,,,,,,,,,,,,,,,,,,,,,,,,,,,,,,,,,,,,,,,,,,
APETATITLAN DE ANTONIO CARVAJAL EXTRAORDINARIO,29002,5,2013,December,411,552,66,0,44,,,,,,,1361,1322,,TLAXCALA,,,,,,,,82,7,,,,,,,,,160,,,,,0,,,,,,,,,,,,,,,,,,,,,,,,,,,,,,,,,,,,,,,,,,,,,,,,,,,,,,,,,,,
APETATITLAN DE ANTONIO CARVAJAL EXTRAORDINARIO,29002,6,2013,December,223,197,10,0,6,,,,,,,509,496,,TLAXCALA,,,,,,,,18,3,,,,,,,,,39,,,,,0,,,,,,,,,,,,,,,,,,,,,,,,,,,,,,,,,,,,,,,,,,,,,,,,,,,,,,,,,,,
APETATITLAN DE ANTONIO CARVAJAL EXTRAORDINARIO,29002,7,2013,December,62,101,1,0,3,,,,,,,195,191,,TLAXCALA,,,,,,,,2,3,,,,,,,,,19,,,,,0,,,,,,,,,,,,,,,,,,,,,,,,,,,,,,,,,,,,,,,,,,,,,,,,,,,,,,,,,,,
APETATITLAN DE ANTONIO CARVAJAL EXTRAORDINARIO,29002,8,2013,December,350,681,73,0,19,,,,,,,1301,1272,,TLAXCALA,,,,,,,,41,9,,,,,,,,,99,,,,,0,,,,,,,,,,,,,,,,,,,,,,,,,,,,,,,,,,,,,,,,,,,,,,,,,,,,,,,,,,,
APETATITLAN DE ANTONIO CARVAJAL EXTRAORDINARIO,29002,9,2013,December,438,665,17,0,9,,,,,,,1431,1402,,TLAXCALA,,,,,,,,45,11,,,,,,,,,217,,,,,0,,,,,,,,,,,,,,,,,,,,,,,,,,,,,,,,,,,,,,,,,,,,,,,,,,,,,,,,,,,
APETATITLAN DE ANTONIO CARVAJAL EXTRAORDINARIO,29002,10,2013,December,260,332,15,0,12,,,,,,,1549,1523,,TLAXCALA,,,,,,,,165,4,,,,,,,,,735,,,,,0,,,,,,,,,,,,,,,,,,,,,,,,,,,,,,,,,,,,,,,,,,,,,,,,,,,,,,,,,,,
APETATITLAN DE ANTONIO CARVAJAL EXTRAORDINARIO,29002,11,2013,December,181,227,12,0,10,,,,,,,513,505,,TLAXCALA,,,,,,,,22,4,,,,,,,,,49,,,,,0,,,,,,,,,,,,,,,,,,,,,,,,,,,,,,,,,,,,,,,,,,,,,,,,,,,,,,,,,,,
ACUAMANALA DE MIGUEL HIDALGO EXTRAORDINARIO,29022,309,2014,February,45,343,33,194,,,,,,,,919,910,,TLAXCALA,,,,,,,,,,,,,,,,,,,,,,,295,,,,,,,,,,,,,,,,,,,,,,,,,,,,,,,,,,,,,,,,,,,,,,,,,,,,,,,,,,,
ACUAMANALA DE MIGUEL HIDALGO EXTRAORDINARIO,29022,310,2014,February,76,344,85,140,,,,,,,,971,965,,TLAXCALA,,,,,,,,,,,,,,,,,,,,,,,320,,,,,,,,,,,,,,,,,,,,,,,,,,,,,,,,,,,,,,,,,,,,,,,,,,,,,,,,,,,
ACUAMANALA DE MIGUEL HIDALGO EXTRAORDINARIO,29022,311,2014,February,88,265,49,133,,,,,,,,863,859,,TLAXCALA,,,,,,,,,,,,,,,,,,,,,,,324,,,,,,,,,,,,,,,,,,,,,,,,,,,,,,,,,,,,,,,,,,,,,,,,,,,,,,,,,,,
ACUAMANALA DE MIGUEL HIDALGO EXTRAORDINARIO,29022,312,2014,February,13,160,51,54,,,,,,,,449,445,,TLAXCALA,,,,,,,,,,,,,,,,,,,,,,,167,,,,,,,,,,,,,,,,,,,,,,,,,,,,,,,,,,,,,,,,,,,,,,,,,,,,,,,,,,,
ACUAMANALA DE MIGUEL HIDALGO,29022,309,2016,June,161,108,0,0,66,,,,,,,973,946,1217,TLAXCALA,0.799506984387839,0,,,,,,0,56,,,,,,148,,,102,,,,,142,,,,0,161,2,0,0,0,0,0,0,0,0,0,0,0,,,,,,,,,,,,,,,,,,,,,,,,,,,,,,,,,,,,,,,,,,
ACUAMANALA DE MIGUEL HIDALGO,29022,310,2016,June,253,85,0,0,117,,,,,,,1136,1122,1341,TLAXCALA,0.847129008202834,0,,,,,,0,80,,,,,,210,,,87,,,,,154,,,,0,134,2,0,0,0,0,0,0,0,0,0,0,0,,,,,,,,,,,,,,,,,,,,,,,,,,,,,,,,,,,,,,,,,,
ACUAMANALA DE MIGUEL HIDALGO,29022,311,2016,June,108,152,0,0,30,,,,,,,968,944,1132,TLAXCALA,0.855123674911661,0,,,,,,0,67,,,,,,201,,,66,,,,,167,,,,0,153,0,0,0,0,0,0,0,0,0,0,0,0,,,,,,,,,,,,,,,,,,,,,,,,,,,,,,,,,,,,,,,,,,
ACUAMANALA DE MIGUEL HIDALGO,29022,312,2016,June,86,24,0,0,11,,,,,,,506,506,633,TLAXCALA,0.799368088467615,0,,,,,,0,24,,,,,,85,,,60,,,,,115,,,,0,101,0,0,0,0,0,0,0,0,0,0,0,0,,,,,,,,,,,,,,,,,,,,,,,,,,,,,,,,,,,,,,,,,,
AMAXAC DE GUERRERO,29001,1,2016,June,0,23,174,0,237,,,,,,,767,750,1051,TLAXCALA,0.729781160799239,0,,,,,,0,9,,,,,,0,,,61,,,,,2,,,,0,182,8,54,0,0,0,0,0,0,0,0,0,0,,,,,,,,,,,,,,,,,,,,,,,,,,,,,,,,,,,,,,,,,,
AMAXAC DE GUERRERO,29001,2,2016,June,0,55,569,0,504,,,,,,,2175,2126,3134,TLAXCALA,0.694001276324186,0,,,,,,0,46,,,,,,0,,,140,,,,,8,,,,0,532,20,252,0,0,0,0,0,0,0,0,0,0,,,,,,,,,,,,,,,,,,,,,,,,,,,,,,,,,,,,,,,,,,
AMAXAC DE GUERRERO,29001,3,2016,June,0,64,476,0,585,,,,,,,2012,1968,2867,TLAXCALA,0.701778862922916,0,,,,,,0,52,,,,,,0,,,118,,,,,10,,,,0,492,4,167,0,0,0,0,0,0,0,0,0,0,,,,,,,,,,,,,,,,,,,,,,,,,,,,,,,,,,,,,,,,,,
AMAXAC DE GUERRERO,29001,4,2016,June,0,43,76,0,133,,,,,,,518,489,626,TLAXCALA,0.827476038338658,0,,,,,,0,17,,,,,,0,,,32,,,,,4,,,,0,109,3,72,0,0,0,0,0,0,0,0,0,0,,,,,,,,,,,,,,,,,,,,,,,,,,,,,,,,,,,,,,,,,,
APETATITLAN DE ANTONIO CARVAJAL,29002,5,2016,June,0,223,312,0,0,,,,,,,1714,1666,2364,TLAXCALA,0.725042301184433,0,,,,,,0,0,,,,,,0,,,140,,,,,13,,,,0,108,20,0,643,187,20,0,0,0,0,0,0,0,,,,,,,,,,,,,,,,,,,,,,,,,,,,,,,,,,,,,,,,,,
APETATITLAN DE ANTONIO CARVAJAL,29002,6,2016,June,0,121,70,0,0,,,,,,,554,538,825,TLAXCALA,0.671515151515152,0,,,,,,0,0,,,,,,0,,,139,,,,,10,,,,0,38,20,0,93,41,6,0,0,0,0,0,0,0,,,,,,,,,,,,,,,,,,,,,,,,,,,,,,,,,,,,,,,,,,
APETATITLAN DE ANTONIO CARVAJAL,29002,7,2016,June,0,44,80,0,0,,,,,,,214,207,305,TLAXCALA,0.701639344262295,0,,,,,,0,0,,,,,,0,,,16,,,,,1,,,,0,8,6,0,40,4,8,0,0,0,0,0,0,0,,,,,,,,,,,,,,,,,,,,,,,,,,,,,,,,,,,,,,,,,,
APETATITLAN DE ANTONIO CARVAJAL,29002,8,2016,June,0,356,290,0,0,,,,,,,1486,1444,2122,TLAXCALA,0.700282752120641,0,,,,,,0,0,,,,,,0,,,313,,,,,8,,,,0,116,22,0,229,73,37,0,0,0,0,0,0,0,,,,,,,,,,,,,,,,,,,,,,,,,,,,,,,,,,,,,,,,,,
APETATITLAN DE ANTONIO CARVAJAL,29002,9,2016,June,0,650,323,0,0,,,,,,,1646,1608,2271,TLAXCALA,0.72479084103919,0,,,,,,0,0,,,,,,0,,,178,,,,,7,,,,0,57,27,0,244,104,18,0,0,0,0,0,0,0,,,,,,,,,,,,,,,,,,,,,,,,,,,,,,,,,,,,,,,,,,
APETATITLAN DE ANTONIO CARVAJAL,29002,10,2016,June,0,322,764,0,0,,,,,,,1725,1700,2359,TLAXCALA,0.731242051716829,0,,,,,,0,0,,,,,,0,,,279,,,,,9,,,,0,56,12,0,189,35,34,0,0,0,0,0,0,0,,,,,,,,,,,,,,,,,,,,,,,,,,,,,,,,,,,,,,,,,,
APETATITLAN DE ANTONIO CARVAJAL,29002,11,2016,June,0,186,157,0,0,,,,,,,654,641,826,TLAXCALA,0.791767554479419,0,,,,,,0,0,,,,,,0,,,109,,,,,2,,,,0,38,5,0,96,27,21,0,0,0,0,0,0,0,,,,,,,,,,,,,,,,,,,,,,,,,,,,,,,,,,,,,,,,,,
APIZACO,29005,12,2016,June,159,173,84,16,9,,,,,,,638,603,,TLAXCALA,,0,,,,,,8,10,,,,,,0,,,15,,,,,8,,,,0,44,0,0,0,77,0,0,0,0,0,0,0,0,,,,,,,,,,,,,,,,,,,,,,,,,,,,,,,,,,,,,,,,,,
APIZACO,29005,13,2016,June,305,518,139,31,11,,,,,,,1439,1395,,TLAXCALA,,0,,,,,,16,20,,,,,,0,,,50,,,,,25,,,,0,113,0,0,0,167,0,0,0,0,0,0,0,0,,,,,,,,,,,,,,,,,,,,,,,,,,,,,,,,,,,,,,,,,,
APIZACO,29005,14,2016,June,491,675,262,41,81,,,,,,,2482,2379,,TLAXCALA,,0,,,,,,12,10,,,,,,0,,,62,,,,,168,,,,0,260,0,0,0,317,0,0,0,0,0,0,0,0,,,,,,,,,,,,,,,,,,,,,,,,,,,,,,,,,,,,,,,,,,
APIZACO,29005,15,2016,June,158,278,107,19,9,,,,,,,824,788,,TLAXCALA,,0,,,,,,6,3,,,,,,0,,,24,,,,,8,,,,0,87,0,0,0,89,0,0,0,0,0,0,0,0,,,,,,,,,,,,,,,,,,,,,,,,,,,,,,,,,,,,,,,,,,
APIZACO,29005,16,2016,June,202,412,86,13,10,,,,,,,973,925,,TLAXCALA,,0,,,,,,7,4,,,,,,0,,,26,,,,,11,,,,0,74,0,0,0,80,0,0,0,0,0,0,0,0,,,,,,,,,,,,,,,,,,,,,,,,,,,,,,,,,,,,,,,,,,
APIZACO,29005,17,2016,June,226,203,130,29,8,,,,,,,861,830,,TLAXCALA,,0,,,,,,6,7,,,,,,0,,,30,,,,,15,,,,0,80,0,0,0,96,0,0,0,0,0,0,0,0,,,,,,,,,,,,,,,,,,,,,,,,,,,,,,,,,,,,,,,,,,
APIZACO,29005,18,2016,June,187,187,101,24,2,,,,,,,716,672,,TLAXCALA,,0,,,,,,0,4,,,,,,0,,,20,,,,,15,,,,0,56,0,0,0,76,0,0,0,0,0,0,0,0,,,,,,,,,,,,,,,,,,,,,,,,,,,,,,,,,,,,,,,,,,
APIZACO,29005,19,2016,June,150,234,102,26,5,,,,,,,718,684,,TLAXCALA,,0,,,,,,3,4,,,,,,0,,,36,,,,,11,,,,0,48,0,0,0,65,0,0,0,0,0,0,0,0,,,,,,,,,,,,,,,,,,,,,,,,,,,,,,,,,,,,,,,,,,
APIZACO,29005,20,2016,June,95,134,92,12,18,,,,,,,493,474,,TLAXCALA,,0,,,,,,4,0,,,,,,0,,,7,,,,,9,,,,0,32,0,0,0,71,0,0,0,0,0,0,0,0,,,,,,,,,,,,,,,,,,,,,,,,,,,,,,,,,,,,,,,,,,
APIZACO,29005,21,2016,June,47,70,23,4,8,,,,,,,248,235,,TLAXCALA,,0,,,,,,1,2,,,,,,0,,,6,,,,,10,,,,0,30,0,0,0,34,0,0,0,0,0,0,0,0,,,,,,,,,,,,,,,,,,,,,,,,,,,,,,,,,,,,,,,,,,
APIZACO,29005,22,2016,June,221,230,84,17,12,,,,,,,812,781,,TLAXCALA,,0,,,,,,5,3,,,,,,0,,,27,,,,,23,,,,0,58,0,0,0,101,0,0,0,0,0,0,0,0,,,,,,,,,,,,,,,,,,,,,,,,,,,,,,,,,,,,,,,,,,
APIZACO,29005,23,2016,June,107,120,54,11,2,,,,,,,436,420,,TLAXCALA,,0,,,,,,5,3,,,,,,0,,,17,,,,,7,,,,0,35,0,0,0,59,0,0,0,0,0,0,0,0,,,,,,,,,,,,,,,,,,,,,,,,,,,,,,,,,,,,,,,,,,
APIZACO,29005,24,2016,June,142,124,51,18,6,,,,,,,505,491,,TLAXCALA,,0,,,,,,2,1,,,,,,0,,,12,,,,,6,,,,0,54,0,0,0,75,0,0,0,0,0,0,0,0,,,,,,,,,,,,,,,,,,,,,,,,,,,,,,,,,,,,,,,,,,
APIZACO,29005,25,2016,June,171,200,81,14,5,,,,,,,730,700,,TLAXCALA,,0,,,,,,9,4,,,,,,0,,,21,,,,,11,,,,0,64,0,0,0,120,0,0,0,0,0,0,0,0,,,,,,,,,,,,,,,,,,,,,,,,,,,,,,,,,,,,,,,,,,
APIZACO,29005,26,2016,June,210,193,75,15,5,,,,,,,755,722,,TLAXCALA,,0,,,,,,3,4,,,,,,0,,,29,,,,,17,,,,0,77,0,0,0,94,0,0,0,0,0,0,0,0,,,,,,,,,,,,,,,,,,,,,,,,,,,,,,,,,,,,,,,,,,
APIZACO,29005,27,2016,June,261,338,134,36,4,,,,,,,1046,1009,,TLAXCALA,,0,,,,,,4,1,,,,,,0,,,25,,,,,8,,,,0,88,0,0,0,110,0,0,0,0,0,0,0,0,,,,,,,,,,,,,,,,,,,,,,,,,,,,,,,,,,,,,,,,,,
APIZACO,29005,28,2016,June,182,260,101,20,10,,,,,,,821,789,,TLAXCALA,,0,,,,,,9,3,,,,,,0,,,17,,,,,22,,,,0,67,0,0,0,98,0,0,0,0,0,0,0,0,,,,,,,,,,,,,,,,,,,,,,,,,,,,,,,,,,,,,,,,,,
APIZACO,29005,29,2016,June,185,321,85,12,13,,,,,,,957,917,,TLAXCALA,,0,,,,,,6,3,,,,,,0,,,49,,,,,11,,,,0,116,0,0,0,116,0,0,0,0,0,0,0,0,,,,,,,,,,,,,,,,,,,,,,,,,,,,,,,,,,,,,,,,,,
APIZACO,29005,30,2016,June,657,850,412,47,39,,,,,,,2930,2805,,TLAXCALA,,0,,,,,,22,16,,,,,,0,,,98,,,,,52,,,,0,259,0,0,0,353,0,0,0,0,0,0,0,0,,,,,,,,,,,,,,,,,,,,,,,,,,,,,,,,,,,,,,,,,,
APIZACO,29005,31,2016,June,297,490,140,22,65,,,,,,,1474,1416,,TLAXCALA,,0,,,,,,6,5,,,,,,0,,,22,,,,,17,,,,0,114,0,0,0,238,0,0,0,0,0,0,0,0,,,,,,,,,,,,,,,,,,,,,,,,,,,,,,,,,,,,,,,,,,
APIZACO,29005,32,2016,June,264,257,130,20,10,,,,,,,995,951,,TLAXCALA,,0,,,,,,18,4,,,,,,0,,,29,,,,,8,,,,0,77,0,0,0,134,0,0,0,0,0,0,0,0,,,,,,,,,,,,,,,,,,,,,,,,,,,,,,,,,,,,,,,,,,
APIZACO,29005,33,2016,June,239,315,123,13,21,,,,,,,1016,974,,TLAXCALA,,0,,,,,,15,5,,,,,,0,,,23,,,,,19,,,,0,91,0,0,0,110,0,0,0,0,0,0,0,0,,,,,,,,,,,,,,,,,,,,,,,,,,,,,,,,,,,,,,,,,,
APIZACO,29005,34,2016,June,243,218,102,13,12,,,,,,,852,802,,TLAXCALA,,0,,,,,,7,7,,,,,,0,,,26,,,,,11,,,,0,81,0,0,0,82,0,0,0,0,0,0,0,0,,,,,,,,,,,,,,,,,,,,,,,,,,,,,,,,,,,,,,,,,,
APIZACO,29005,35,2016,June,167,160,67,34,6,,,,,,,667,624,,TLAXCALA,,0,,,,,,3,4,,,,,,0,,,32,,,,,23,,,,0,66,0,0,0,62,0,0,0,0,0,0,0,0,,,,,,,,,,,,,,,,,,,,,,,,,,,,,,,,,,,,,,,,,,
APIZACO,29005,36,2016,June,320,272,99,22,13,,,,,,,1089,1051,,TLAXCALA,,0,,,,,,8,10,,,,,,0,,,53,,,,,24,,,,0,99,0,0,0,131,0,0,0,0,0,0,0,0,,,,,,,,,,,,,,,,,,,,,,,,,,,,,,,,,,,,,,,,,,
APIZACO,29005,37,2016,June,196,182,146,13,7,,,,,,,808,779,,TLAXCALA,,0,,,,,,11,3,,,,,,0,,,29,,,,,14,,,,0,95,0,0,0,83,0,0,0,0,0,0,0,0,,,,,,,,,,,,,,,,,,,,,,,,,,,,,,,,,,,,,,,,,,
APIZACO,29005,38,2016,June,220,262,72,3,8,,,,,,,673,655,,TLAXCALA,,0,,,,,,10,0,,,,,,0,,,32,,,,,28,,,,0,8,0,0,0,12,0,0,0,0,0,0,0,0,,,,,,,,,,,,,,,,,,,,,,,,,,,,,,,,,,,,,,,,,,
APIZACO,29005,39,2016,June,326,152,135,21,3,,,,,,,800,770,,TLAXCALA,,0,,,,,,0,4,,,,,,0,,,39,,,,,6,,,,0,26,0,0,0,58,0,0,0,0,0,0,0,0,,,,,,,,,,,,,,,,,,,,,,,,,,,,,,,,,,,,,,,,,,
APIZACO,29005,40,2016,June,412,402,237,10,22,,,,,,,1646,1574,,TLAXCALA,,0,,,,,,8,7,,,,,,0,,,148,,,,,35,,,,0,67,0,0,0,226,0,0,0,0,0,0,0,0,,,,,,,,,,,,,,,,,,,,,,,,,,,,,,,,,,,,,,,,,,
APIZACO,29005,41,2016,June,447,583,228,10,27,,,,,,,1866,1806,,TLAXCALA,,0,,,,,,12,6,,,,,,0,,,101,,,,,23,,,,0,81,0,0,0,288,0,0,0,0,0,0,0,0,,,,,,,,,,,,,,,,,,,,,,,,,,,,,,,,,,,,,,,,,,
APIZACO,29005,42,2016,June,110,105,49,6,9,,,,,,,351,338,,TLAXCALA,,0,,,,,,5,1,,,,,,0,,,7,,,,,0,,,,0,20,0,0,0,26,0,0,0,0,0,0,0,0,,,,,,,,,,,,,,,,,,,,,,,,,,,,,,,,,,,,,,,,,,
APIZACO,29005,43,2016,June,381,434,148,11,41,,,,,,,1434,1372,,TLAXCALA,,0,,,,,,22,10,,,,,,0,,,55,,,,,14,,,,0,116,0,0,0,140,0,0,0,0,0,0,0,0,,,,,,,,,,,,,,,,,,,,,,,,,,,,,,,,,,,,,,,,,,
APIZACO,29005,44,2016,June,237,352,125,9,39,,,,,,,1162,1087,,TLAXCALA,,0,,,,,,10,1,,,,,,0,,,63,,,,,14,,,,0,70,0,0,0,167,0,0,0,0,0,0,0,0,,,,,,,,,,,,,,,,,,,,,,,,,,,,,,,,,,,,,,,,,,
APIZACO,29005,45,2016,June,73,46,46,5,7,,,,,,,249,243,,TLAXCALA,,0,,,,,,2,2,,,,,,0,,,8,,,,,7,,,,0,16,0,0,0,31,0,0,0,0,0,0,0,0,,,,,,,,,,,,,,,,,,,,,,,,,,,,,,,,,,,,,,,,,,
APIZACO,29005,46,2016,June,283,286,193,52,21,,,,,,,1069,1042,,TLAXCALA,,0,,,,,,5,3,,,,,,0,,,38,,,,,14,,,,0,80,0,0,0,67,0,0,0,0,0,0,0,0,,,,,,,,,,,,,,,,,,,,,,,,,,,,,,,,,,,,,,,,,,
APIZACO,29005,47,2016,June,344,463,210,15,33,,,,,,,1440,1390,,TLAXCALA,,0,,,,,,6,6,,,,,,0,,,24,,,,,25,,,,0,120,0,0,0,144,0,0,0,0,0,0,0,0,,,,,,,,,,,,,,,,,,,,,,,,,,,,,,,,,,,,,,,,,,
APIZACO,29005,48,2016,June,57,61,39,9,2,,,,,,,231,227,,TLAXCALA,,0,,,,,,1,2,,,,,,0,,,4,,,,,5,,,,0,21,0,0,0,26,0,0,0,0,0,0,0,0,,,,,,,,,,,,,,,,,,,,,,,,,,,,,,,,,,,,,,,,,,
ATLANGATEPEC,29003,49,2016,June,115,20,0,0,3,,,,,,,512,497,,TLAXCALA,,0,,,,,,83,1,,,,,,193,,,11,,,,,50,,,,0,21,0,0,0,0,0,0,0,0,0,0,0,0,,,,,,,,,,,,,,,,,,,,,,,,,,,,,,,,,,,,,,,,,,
ATLANGATEPEC,29003,50,2016,June,177,3,0,0,1,,,,,,,286,280,,TLAXCALA,,0,,,,,,65,2,,,,,,22,,,2,,,,,1,,,,0,7,0,0,0,0,0,0,0,0,0,0,0,0,,,,,,,,,,,,,,,,,,,,,,,,,,,,,,,,,,,,,,,,,,
ATLANGATEPEC,29003,51,2016,June,107,12,0,0,0,,,,,,,252,242,,TLAXCALA,,0,,,,,,40,0,,,,,,26,,,9,,,,,33,,,,0,15,0,0,0,0,0,0,0,0,0,0,0,0,,,,,,,,,,,,,,,,,,,,,,,,,,,,,,,,,,,,,,,,,,
ATLANGATEPEC,29003,52,2016,June,35,1,0,0,0,,,,,,,84,81,,TLAXCALA,,0,,,,,,20,2,,,,,,15,,,0,,,,,3,,,,0,5,0,0,0,0,0,0,0,0,0,0,0,0,,,,,,,,,,,,,,,,,,,,,,,,,,,,,,,,,,,,,,,,,,
ATLANGATEPEC,29003,53,2016,June,266,105,0,0,4,,,,,,,819,800,,TLAXCALA,,0,,,,,,65,1,,,,,,121,,,14,,,,,173,,,,0,51,0,0,0,0,0,0,0,0,0,0,0,0,,,,,,,,,,,,,,,,,,,,,,,,,,,,,,,,,,,,,,,,,,
ATLANGATEPEC,29003,54,2016,June,128,6,0,0,1,,,,,,,270,267,,TLAXCALA,,0,,,,,,50,1,,,,,,34,,,2,,,,,15,,,,0,30,0,0,0,0,0,0,0,0,0,0,0,0,,,,,,,,,,,,,,,,,,,,,,,,,,,,,,,,,,,,,,,,,,
ATLANGATEPEC,29003,55,2016,June,113,13,0,0,1,,,,,,,248,242,,TLAXCALA,,0,,,,,,39,4,,,,,,40,,,12,,,,,2,,,,0,18,0,0,0,0,0,0,0,0,0,0,0,0,,,,,,,,,,,,,,,,,,,,,,,,,,,,,,,,,,,,,,,,,,
ATLANGATEPEC,29003,56,2016,June,526,42,0,0,1,,,,,,,908,886,,TLAXCALA,,0,,,,,,247,2,,,,,,27,,,6,,,,,13,,,,0,22,0,0,0,0,0,0,0,0,0,0,0,0,,,,,,,,,,,,,,,,,,,,,,,,,,,,,,,,,,,,,,,,,,
ATLANGATEPEC,29003,57,2016,June,88,27,0,0,1,,,,,,,253,248,,TLAXCALA,,0,,,,,,57,1,,,,,,30,,,3,,,,,39,,,,0,2,0,0,0,0,0,0,0,0,0,0,0,0,,,,,,,,,,,,,,,,,,,,,,,,,,,,,,,,,,,,,,,,,,
ATLTZAYANCA,29004,59,2016,June,274,30,121,1,53,,,,,,,729,715,,TLAXCALA,,0,,,,,,0,3,,,,,,0,,,194,,,,,5,,,,0,27,7,0,0,0,0,0,0,0,0,0,0,0,,,,,,,,,,,,,,,,,,,,,,,,,,,,,,,,,,,,,,,,,,
ATLTZAYANCA,29004,60,2016,June,132,34,107,4,47,,,,,,,490,468,,TLAXCALA,,0,,,,,,0,3,,,,,,0,,,123,,,,,0,,,,0,14,4,0,0,0,0,0,0,0,0,0,0,0,,,,,,,,,,,,,,,,,,,,,,,,,,,,,,,,,,,,,,,,,,
ATLTZAYANCA,29004,61,2016,June,140,18,63,5,40,,,,,,,408,385,,TLAXCALA,,0,,,,,,0,2,,,,,,0,,,67,,,,,1,,,,0,48,1,0,0,0,0,0,0,0,0,0,0,0,,,,,,,,,,,,,,,,,,,,,,,,,,,,,,,,,,,,,,,,,,
ATLTZAYANCA,29004,62,2016,June,131,9,56,1,25,,,,,,,263,246,,TLAXCALA,,0,,,,,,0,0,,,,,,0,,,22,,,,,1,,,,0,1,0,0,0,0,0,0,0,0,0,0,0,0,,,,,,,,,,,,,,,,,,,,,,,,,,,,,,,,,,,,,,,,,,
ATLTZAYANCA,29004,63,2016,June,111,6,88,2,21,,,,,,,261,250,,TLAXCALA,,0,,,,,,0,3,,,,,,0,,,18,,,,,0,,,,0,1,0,0,0,0,0,0,0,0,0,0,0,0,,,,,,,,,,,,,,,,,,,,,,,,,,,,,,,,,,,,,,,,,,
ATLTZAYANCA,29004,64,2016,June,65,4,48,0,6,,,,,,,172,165,,TLAXCALA,,0,,,,,,0,3,,,,,,0,,,15,,,,,2,,,,0,21,1,0,0,0,0,0,0,0,0,0,0,0,,,,,,,,,,,,,,,,,,,,,,,,,,,,,,,,,,,,,,,,,,
ATLTZAYANCA,29004,65,2016,June,75,12,35,0,17,,,,,,,190,188,,TLAXCALA,,0,,,,,,0,0,,,,,,0,,,43,,,,,0,,,,0,5,1,0,0,0,0,0,0,0,0,0,0,0,,,,,,,,,,,,,,,,,,,,,,,,,,,,,,,,,,,,,,,,,,
ATLTZAYANCA,29004,66,2016,June,142,28,68,0,35,,,,,,,386,365,,TLAXCALA,,0,,,,,,0,1,,,,,,0,,,79,,,,,1,,,,0,9,2,0,0,0,0,0,0,0,0,0,0,0,,,,,,,,,,,,,,,,,,,,,,,,,,,,,,,,,,,,,,,,,,
ATLTZAYANCA,29004,67,2016,June,83,0,24,0,2,,,,,,,171,167,,TLAXCALA,,0,,,,,,0,0,,,,,,0,,,53,,,,,0,,,,0,5,0,0,0,0,0,0,0,0,0,0,0,0,,,,,,,,,,,,,,,,,,,,,,,,,,,,,,,,,,,,,,,,,,
ATLTZAYANCA,29004,68,2016,June,609,54,324,4,43,,,,,,,1325,1265,,TLAXCALA,,0,,,,,,0,3,,,,,,0,,,190,,,,,3,,,,0,26,9,0,0,0,0,0,0,0,0,0,0,0,,,,,,,,,,,,,,,,,,,,,,,,,,,,,,,,,,,,,,,,,,
ATLTZAYANCA,29004,69,2016,June,245,19,167,18,9,,,,,,,604,580,,TLAXCALA,,0,,,,,,0,3,,,,,,0,,,73,,,,,2,,,,0,39,5,0,0,0,0,0,0,0,0,0,0,0,,,,,,,,,,,,,,,,,,,,,,,,,,,,,,,,,,,,,,,,,,
ATLTZAYANCA,29004,70,2016,June,115,18,43,0,13,,,,,,,401,384,,TLAXCALA,,0,,,,,,0,0,,,,,,0,,,189,,,,,1,,,,0,3,2,0,0,0,0,0,0,0,0,0,0,0,,,,,,,,,,,,,,,,,,,,,,,,,,,,,,,,,,,,,,,,,,
ATLTZAYANCA,29004,71,2016,June,295,13,257,4,31,,,,,,,693,670,,TLAXCALA,,0,,,,,,0,1,,,,,,0,,,56,,,,,8,,,,0,5,0,0,0,0,0,0,0,0,0,0,0,0,,,,,,,,,,,,,,,,,,,,,,,,,,,,,,,,,,,,,,,,,,
ATLTZAYANCA,29004,72,2016,June,175,34,216,2,24,,,,,,,515,490,,TLAXCALA,,0,,,,,,0,0,,,,,,0,,,33,,,,,0,,,,0,5,1,0,0,0,0,0,0,0,0,0,0,0,,,,,,,,,,,,,,,,,,,,,,,,,,,,,,,,,,,,,,,,,,
ATLTZAYANCA,29004,73,2016,June,96,7,56,1,5,,,,,,,223,212,,TLAXCALA,,0,,,,,,0,1,,,,,,0,,,28,,,,,1,,,,0,15,2,0,0,0,0,0,0,0,0,0,0,0,,,,,,,,,,,,,,,,,,,,,,,,,,,,,,,,,,,,,,,,,,
ATLTZAYANCA,29004,74,2016,June,297,51,323,0,22,,,,,,,785,760,,TLAXCALA,,0,,,,,,0,1,,,,,,0,,,55,,,,,1,,,,0,9,1,0,0,0,0,0,0,0,0,0,0,0,,,,,,,,,,,,,,,,,,,,,,,,,,,,,,,,,,,,,,,,,,
ATLTZAYANCA,29004,75,2016,June,156,7,106,2,8,,,,,,,316,304,,TLAXCALA,,0,,,,,,0,0,,,,,,0,,,17,,,,,1,,,,0,7,0,0,0,0,0,0,0,0,0,0,0,0,,,,,,,,,,,,,,,,,,,,,,,,,,,,,,,,,,,,,,,,,,
ATLTZAYANCA,29004,76,2016,June,77,17,23,3,16,,,,,,,162,153,,TLAXCALA,,0,,,,,,0,1,,,,,,0,,,15,,,,,0,,,,0,0,1,0,0,0,0,0,0,0,0,0,0,0,,,,,,,,,,,,,,,,,,,,,,,,,,,,,,,,,,,,,,,,,,
ATLTZAYANCA,29004,77,2016,June,361,60,154,2,79,,,,,,,994,961,,TLAXCALA,,0,,,,,,0,1,,,,,,0,,,267,,,,,2,,,,0,25,10,0,0,0,0,0,0,0,0,0,0,0,,,,,,,,,,,,,,,,,,,,,,,,,,,,,,,,,,,,,,,,,,
BENITO JUAREZ,29045,295,2016,June,299,69,521,11,0,,,,,,,1804,1751,,TLAXCALA,,0,,,,,,8,163,,,,,,0,,,164,,,,,0,,,,0,235,281,0,0,0,0,0,0,0,0,0,0,0,,,,,,,,,,,,,,,,,,,,,,,,,,,,,,,,,,,,,,,,,,
BENITO JUAREZ,29045,296,2016,June,181,54,268,4,0,,,,,,,1130,1097,,TLAXCALA,,0,,,,,,3,95,,,,,,0,,,159,,,,,0,,,,0,135,198,0,0,0,0,0,0,0,0,0,0,0,,,,,,,,,,,,,,,,,,,,,,,,,,,,,,,,,,,,,,,,,,
CALPULALPAN,29006,78,2016,June,325,250,65,111,0,,,,,,,1976,1899,3778,TLAXCALA,0.523028057173108,0,,,,,,43,35,,,,,,0,,,256,,,,,140,,,,0,57,400,0,0,217,0,0,0,0,0,0,0,0,,,,,,,,,,,,,,,,,,,,,,,,,,,,,,,,,,,,,,,,,,
CALPULALPAN,29006,79,2016,June,200,104,39,47,0,,,,,,,1076,1039,2026,TLAXCALA,0.531095755182626,0,,,,,,22,15,,,,,,0,,,159,,,,,109,,,,0,29,203,0,0,112,0,0,0,0,0,0,0,0,,,,,,,,,,,,,,,,,,,,,,,,,,,,,,,,,,,,,,,,,,
CALPULALPAN,29006,80,2016,June,103,102,25,13,0,,,,,,,844,820,1405,TLAXCALA,0.600711743772242,0,,,,,,10,11,,,,,,0,,,102,,,,,102,,,,0,24,207,0,0,121,0,0,0,0,0,0,0,0,,,,,,,,,,,,,,,,,,,,,,,,,,,,,,,,,,,,,,,,,,
CALPULALPAN,29006,81,2016,June,123,120,25,37,0,,,,,,,966,934,1711,TLAXCALA,0.5645821157218,0,,,,,,21,22,,,,,,0,,,120,,,,,86,,,,0,38,231,0,0,111,0,0,0,0,0,0,0,0,,,,,,,,,,,,,,,,,,,,,,,,,,,,,,,,,,,,,,,,,,
CALPULALPAN,29006,82,2016,June,135,138,31,37,0,,,,,,,994,975,1858,TLAXCALA,0.534983853606028,0,,,,,,15,10,,,,,,0,,,117,,,,,59,,,,0,37,283,0,0,113,0,0,0,0,0,0,0,0,,,,,,,,,,,,,,,,,,,,,,,,,,,,,,,,,,,,,,,,,,
CALPULALPAN,29006,83,2016,June,138,174,34,33,0,,,,,,,1288,1247,2370,TLAXCALA,0.543459915611814,0,,,,,,24,33,,,,,,0,,,151,,,,,134,,,,0,70,340,0,0,116,0,0,0,0,0,0,0,0,,,,,,,,,,,,,,,,,,,,,,,,,,,,,,,,,,,,,,,,,,
CALPULALPAN,29006,84,2016,June,61,62,11,16,0,,,,,,,438,417,715,TLAXCALA,0.612587412587413,0,,,,,,6,16,,,,,,0,,,72,,,,,65,,,,0,9,64,0,0,35,0,0,0,0,0,0,0,0,,,,,,,,,,,,,,,,,,,,,,,,,,,,,,,,,,,,,,,,,,
CALPULALPAN,29006,85,2016,June,131,193,22,97,0,,,,,,,1209,1169,1972,TLAXCALA,0.613083164300203,0,,,,,,10,23,,,,,,0,,,269,,,,,84,,,,0,27,230,0,0,83,0,0,0,0,0,0,0,0,,,,,,,,,,,,,,,,,,,,,,,,,,,,,,,,,,,,,,,,,,
CALPULALPAN,29006,86,2016,June,115,133,19,134,0,,,,,,,1045,1011,1645,TLAXCALA,0.635258358662614,0,,,,,,11,11,,,,,,0,,,237,,,,,54,,,,0,26,184,0,0,87,0,0,0,0,0,0,0,0,,,,,,,,,,,,,,,,,,,,,,,,,,,,,,,,,,,,,,,,,,
CALPULALPAN,29006,87,2016,June,54,96,22,30,0,,,,,,,557,536,953,TLAXCALA,0.584470094438615,0,,,,,,9,9,,,,,,0,,,82,,,,,56,,,,0,21,105,0,0,52,0,0,0,0,0,0,0,0,,,,,,,,,,,,,,,,,,,,,,,,,,,,,,,,,,,,,,,,,,
CALPULALPAN,29006,88,2016,June,76,94,28,36,0,,,,,,,782,755,1324,TLAXCALA,0.590634441087613,0,,,,,,14,9,,,,,,0,,,113,,,,,100,,,,0,37,161,0,0,87,0,0,0,0,0,0,0,0,,,,,,,,,,,,,,,,,,,,,,,,,,,,,,,,,,,,,,,,,,
CALPULALPAN,29006,89,2016,June,131,217,26,41,0,,,,,,,1187,1153,1979,TLAXCALA,0.599797877716018,0,,,,,,16,35,,,,,,0,,,132,,,,,86,,,,0,93,296,0,0,80,0,0,0,0,0,0,0,0,,,,,,,,,,,,,,,,,,,,,,,,,,,,,,,,,,,,,,,,,,
CALPULALPAN,29006,90,2016,June,141,234,32,46,0,,,,,,,1355,1301,2447,TLAXCALA,0.553739272578668,0,,,,,,38,33,,,,,,0,,,201,,,,,113,,,,0,78,247,0,0,138,0,0,0,0,0,0,0,0,,,,,,,,,,,,,,,,,,,,,,,,,,,,,,,,,,,,,,,,,,
CALPULALPAN,29006,91,2016,June,105,127,11,17,0,,,,,,,549,536,740,TLAXCALA,0.741891891891892,0,,,,,,5,24,,,,,,0,,,94,,,,,50,,,,0,13,44,0,0,46,0,0,0,0,0,0,0,0,,,,,,,,,,,,,,,,,,,,,,,,,,,,,,,,,,,,,,,,,,
CALPULALPAN,29006,92,2016,June,200,346,40,35,0,,,,,,,1272,1238,1883,TLAXCALA,0.675517790759426,0,,,,,,10,23,,,,,,0,,,163,,,,,39,,,,0,72,202,0,0,108,0,0,0,0,0,0,0,0,,,,,,,,,,,,,,,,,,,,,,,,,,,,,,,,,,,,,,,,,,
CALPULALPAN,29006,93,2016,June,80,79,33,29,0,,,,,,,751,727,1213,TLAXCALA,0.619126133553174,0,,,,,,8,9,,,,,,0,,,75,,,,,35,,,,0,29,335,0,0,15,0,0,0,0,0,0,0,0,,,,,,,,,,,,,,,,,,,,,,,,,,,,,,,,,,,,,,,,,,
CALPULALPAN,29006,94,2016,June,97,117,32,14,0,,,,,,,591,571,857,TLAXCALA,0.689614935822637,0,,,,,,12,11,,,,,,0,,,79,,,,,30,,,,0,31,103,0,0,45,0,0,0,0,0,0,0,0,,,,,,,,,,,,,,,,,,,,,,,,,,,,,,,,,,,,,,,,,,
CALPULALPAN,29006,95,2016,June,62,118,8,1,0,,,,,,,250,241,407,TLAXCALA,0.614250614250614,0,,,,,,2,2,,,,,,0,,,17,,,,,5,,,,0,7,5,0,0,14,0,0,0,0,0,0,0,0,,,,,,,,,,,,,,,,,,,,,,,,,,,,,,,,,,,,,,,,,,
CALPULALPAN,29006,96,2016,June,0,0,0,0,0,,,,,,,0,0,600,TLAXCALA,0,0,,,,,,0,0,,,,,,0,,,0,,,,,0,,,,0,0,0,0,0,0,0,0,0,0,0,0,0,0,,,,,,,,,,,,,,,,,,,,,,,,,,,,,,,,,,,,,,,,,,
CALPULALPAN,29006,97,2016,June,192,75,23,29,0,,,,,,,513,466,870,TLAXCALA,0.589655172413793,0,,,,,,13,4,,,,,,0,,,73,,,,,9,,,,0,15,18,0,0,15,0,0,0,0,0,0,0,0,,,,,,,,,,,,,,,,,,,,,,,,,,,,,,,,,,,,,,,,,,
CALPULALPAN,29006,98,2016,June,131,144,50,13,0,,,,,,,879,848,1514,TLAXCALA,0.580581241743725,0,,,,,,25,48,,,,,,0,,,119,,,,,92,,,,0,40,56,0,0,130,0,0,0,0,0,0,0,0,,,,,,,,,,,,,,,,,,,,,,,,,,,,,,,,,,,,,,,,,,
CHIAUTEMPAN,29010,122,2016,June,0,171,0,0,0,,,,,,,1178,1133,1620,TLAXCALA,0.727160493827161,314,,,,,,11,10,,,,,,244,,,25,,,,,41,,,,0,47,15,0,0,43,195,17,0,0,0,0,0,0,,,,,,,,,,,,,,,,,,,,,,,,,,,,,,,,,,,,,,,,,,
CHIAUTEMPAN,29010,123,2016,June,0,48,0,0,0,,,,,,,1126,1088,1672,TLAXCALA,0.673444976076555,322,,,,,,13,13,,,,,,264,,,52,,,,,28,,,,0,54,20,0,0,91,150,33,0,0,0,0,0,0,,,,,,,,,,,,,,,,,,,,,,,,,,,,,,,,,,,,,,,,,,
CHIAUTEMPAN,29010,124,2016,June,0,91,0,0,0,,,,,,,1158,1123,1904,TLAXCALA,0.608193277310924,362,,,,,,7,4,,,,,,307,,,67,,,,,15,,,,0,58,8,0,0,43,154,7,0,0,0,0,0,0,,,,,,,,,,,,,,,,,,,,,,,,,,,,,,,,,,,,,,,,,,
CHIAUTEMPAN,29010,125,2016,June,0,138,0,0,0,,,,,,,1014,976,1575,TLAXCALA,0.643809523809524,269,,,,,,12,5,,,,,,286,,,39,,,,,19,,,,0,59,12,0,0,44,84,9,0,0,0,0,0,0,,,,,,,,,,,,,,,,,,,,,,,,,,,,,,,,,,,,,,,,,,
CHIAUTEMPAN,29010,126,2016,June,0,188,0,0,0,,,,,,,1348,1300,2012,TLAXCALA,0.669980119284294,392,,,,,,15,8,,,,,,345,,,62,,,,,62,,,,0,59,6,0,0,33,117,13,0,0,0,0,0,0,,,,,,,,,,,,,,,,,,,,,,,,,,,,,,,,,,,,,,,,,,
CHIAUTEMPAN,29010,127,2016,June,0,121,0,0,0,,,,,,,1588,1519,2535,TLAXCALA,0.626429980276134,504,,,,,,14,24,,,,,,403,,,55,,,,,94,,,,0,68,14,0,0,56,125,41,0,0,0,0,0,0,,,,,,,,,,,,,,,,,,,,,,,,,,,,,,,,,,,,,,,,,,
CHIAUTEMPAN,29010,128,2016,June,0,44,0,0,0,,,,,,,613,593,1003,TLAXCALA,0.611166500498505,225,,,,,,4,6,,,,,,124,,,18,,,,,20,,,,0,31,7,0,0,43,55,16,0,0,0,0,0,0,,,,,,,,,,,,,,,,,,,,,,,,,,,,,,,,,,,,,,,,,,
CHIAUTEMPAN,29010,129,2016,June,0,52,0,0,0,,,,,,,769,746,1146,TLAXCALA,0.671029668411867,174,,,,,,8,22,,,,,,185,,,16,,,,,21,,,,0,26,8,0,0,39,183,12,0,0,0,0,0,0,,,,,,,,,,,,,,,,,,,,,,,,,,,,,,,,,,,,,,,,,,
CHIAUTEMPAN,29010,130,2016,June,0,44,0,0,0,,,,,,,538,525,781,TLAXCALA,0.688860435339309,132,,,,,,5,9,,,,,,122,,,17,,,,,15,,,,0,23,3,0,0,53,91,11,0,0,0,0,0,0,,,,,,,,,,,,,,,,,,,,,,,,,,,,,,,,,,,,,,,,,,
CHIAUTEMPAN,29010,131,2016,June,0,42,0,0,0,,,,,,,858,832,1225,TLAXCALA,0.700408163265306,196,,,,,,11,5,,,,,,292,,,44,,,,,20,,,,0,51,8,0,0,58,90,15,0,0,0,0,0,0,,,,,,,,,,,,,,,,,,,,,,,,,,,,,,,,,,,,,,,,,,
CHIAUTEMPAN,29010,132,2016,June,0,81,0,0,0,,,,,,,828,812,1236,TLAXCALA,0.669902912621359,196,,,,,,6,10,,,,,,299,,,26,,,,,17,,,,0,33,10,0,0,41,80,13,0,0,0,0,0,0,,,,,,,,,,,,,,,,,,,,,,,,,,,,,,,,,,,,,,,,,,
CHIAUTEMPAN,29010,133,2016,June,0,73,0,0,0,,,,,,,741,716,1064,TLAXCALA,0.696428571428571,147,,,,,,22,9,,,,,,220,,,25,,,,,21,,,,0,55,9,0,0,49,73,13,0,0,0,0,0,0,,,,,,,,,,,,,,,,,,,,,,,,,,,,,,,,,,,,,,,,,,
CHIAUTEMPAN,29010,134,2016,June,0,76,0,0,0,,,,,,,489,471,815,TLAXCALA,0.6,124,,,,,,11,1,,,,,,143,,,15,,,,,14,,,,0,46,2,0,0,11,24,4,0,0,0,0,0,0,,,,,,,,,,,,,,,,,,,,,,,,,,,,,,,,,,,,,,,,,,
CHIAUTEMPAN,29010,135,2016,June,0,41,0,0,0,,,,,,,571,539,955,TLAXCALA,0.597905759162304,151,,,,,,9,2,,,,,,180,,,20,,,,,14,,,,0,28,16,0,0,15,55,8,0,0,0,0,0,0,,,,,,,,,,,,,,,,,,,,,,,,,,,,,,,,,,,,,,,,,,
CHIAUTEMPAN,29010,136,2016,June,0,40,0,0,0,,,,,,,334,324,514,TLAXCALA,0.649805447470817,82,,,,,,0,3,,,,,,92,,,26,,,,,6,,,,0,28,6,0,0,7,25,9,0,0,0,0,0,0,,,,,,,,,,,,,,,,,,,,,,,,,,,,,,,,,,,,,,,,,,
CHIAUTEMPAN,29010,137,2016,June,0,151,0,0,0,,,,,,,1361,1317,2196,TLAXCALA,0.61976320582878,348,,,,,,21,13,,,,,,313,,,67,,,,,51,,,,0,146,16,0,0,82,82,27,0,0,0,0,0,0,,,,,,,,,,,,,,,,,,,,,,,,,,,,,,,,,,,,,,,,,,
CHIAUTEMPAN,29010,138,2016,June,0,59,0,0,0,,,,,,,867,833,1284,TLAXCALA,0.675233644859813,220,,,,,,2,2,,,,,,246,,,33,,,,,15,,,,0,58,13,0,0,52,120,13,0,0,0,0,0,0,,,,,,,,,,,,,,,,,,,,,,,,,,,,,,,,,,,,,,,,,,
CHIAUTEMPAN,29010,139,2016,June,0,108,0,0,0,,,,,,,1615,1560,2534,TLAXCALA,0.63733228097869,532,,,,,,17,12,,,,,,338,,,50,,,,,40,,,,0,72,10,0,0,141,217,23,0,0,0,0,0,0,,,,,,,,,,,,,,,,,,,,,,,,,,,,,,,,,,,,,,,,,,
CHIAUTEMPAN,29010,140,2016,June,0,70,0,0,0,,,,,,,941,899,1540,TLAXCALA,0.611038961038961,301,,,,,,7,9,,,,,,215,,,26,,,,,33,,,,0,63,10,0,0,70,84,11,0,0,0,0,0,0,,,,,,,,,,,,,,,,,,,,,,,,,,,,,,,,,,,,,,,,,,
CHIAUTEMPAN,29010,141,2016,June,0,262,0,0,0,,,,,,,2725,2616,4205,TLAXCALA,0.648038049940547,830,,,,,,35,17,,,,,,745,,,75,,,,,154,,,,0,143,22,0,0,180,128,25,0,0,0,0,0,0,,,,,,,,,,,,,,,,,,,,,,,,,,,,,,,,,,,,,,,,,,
CHIAUTEMPAN,29010,142,2016,June,0,89,0,0,0,,,,,,,1221,1172,1915,TLAXCALA,0.637597911227154,407,,,,,,12,5,,,,,,286,,,29,,,,,58,,,,0,67,14,0,0,96,90,19,0,0,0,0,0,0,,,,,,,,,,,,,,,,,,,,,,,,,,,,,,,,,,,,,,,,,,
CHIAUTEMPAN,29010,143,2016,June,0,69,0,0,0,,,,,,,1112,1088,1702,TLAXCALA,0.653349001175088,344,,,,,,3,4,,,,,,278,,,20,,,,,45,,,,0,55,3,0,0,174,76,17,0,0,0,0,0,0,,,,,,,,,,,,,,,,,,,,,,,,,,,,,,,,,,,,,,,,,,
CHIAUTEMPAN,29010,144,2016,June,0,195,0,0,0,,,,,,,1899,1818,2979,TLAXCALA,0.637462235649547,618,,,,,,36,16,,,,,,447,,,72,,,,,65,,,,0,155,19,0,0,78,94,23,0,0,0,0,0,0,,,,,,,,,,,,,,,,,,,,,,,,,,,,,,,,,,,,,,,,,,
CHIAUTEMPAN,29010,145,2016,June,0,171,0,0,0,,,,,,,1186,1136,1717,TLAXCALA,0.690739662201514,286,,,,,,36,14,,,,,,335,,,50,,,,,73,,,,0,71,8,0,0,51,26,15,0,0,0,0,0,0,,,,,,,,,,,,,,,,,,,,,,,,,,,,,,,,,,,,,,,,,,
CHIAUTEMPAN,29010,146,2016,June,0,199,0,0,0,,,,,,,1036,990,1648,TLAXCALA,0.628640776699029,300,,,,,,13,8,,,,,,239,,,35,,,,,52,,,,0,61,6,0,0,30,41,6,0,0,0,0,0,0,,,,,,,,,,,,,,,,,,,,,,,,,,,,,,,,,,,,,,,,,,
CHIAUTEMPAN,29010,147,2016,June,0,57,0,0,0,,,,,,,979,929,1499,TLAXCALA,0.653102068045364,424,,,,,,4,1,,,,,,207,,,46,,,,,51,,,,0,54,5,0,0,44,31,5,0,0,0,0,0,0,,,,,,,,,,,,,,,,,,,,,,,,,,,,,,,,,,,,,,,,,,
CHIAUTEMPAN,29010,148,2016,June,0,72,0,0,0,,,,,,,822,784,1393,TLAXCALA,0.590093323761666,332,,,,,,8,3,,,,,,182,,,54,,,,,44,,,,0,31,3,0,0,20,26,9,0,0,0,0,0,0,,,,,,,,,,,,,,,,,,,,,,,,,,,,,,,,,,,,,,,,,,
CHIAUTEMPAN,29010,149,2016,June,0,196,0,0,0,,,,,,,1753,1664,2717,TLAXCALA,0.645196908354803,449,,,,,,12,10,,,,,,466,,,153,,,,,116,,,,0,90,8,0,0,83,67,14,0,0,0,0,0,0,,,,,,,,,,,,,,,,,,,,,,,,,,,,,,,,,,,,,,,,,,
CHIAUTEMPAN,29010,156,2016,June,0,188,0,0,0,,,,,,,928,893,1399,TLAXCALA,0.663330950679057,321,,,,,,15,5,,,,,,155,,,52,,,,,22,,,,0,42,4,0,0,42,33,14,0,0,0,0,0,0,,,,,,,,,,,,,,,,,,,,,,,,,,,,,,,,,,,,,,,,,,
CHIAUTEMPAN,29010,157,2016,June,0,171,0,0,0,,,,,,,654,615,1033,TLAXCALA,0.633107454017425,182,,,,,,7,3,,,,,,111,,,30,,,,,22,,,,0,30,3,0,0,31,20,5,0,0,0,0,0,0,,,,,,,,,,,,,,,,,,,,,,,,,,,,,,,,,,,,,,,,,,
CONTLA DE JUAN CUAMATZI,29018,267,2016,June,0,232,382,5,12,,,,,,,1238,1205,1784,TLAXCALA,0.693946188340807,0,,,,,,0,0,,,,,,0,,,73,,,,,8,,,,0,42,67,0,0,172,0,0,212,0,0,0,0,0,,,,,,,,,,,,,,,,,,,,,,,,,,,,,,,,,,,,,,,,,,
CONTLA DE JUAN CUAMATZI,29018,268,2016,June,0,287,269,8,11,,,,,,,1617,1570,2359,TLAXCALA,0.685459940652819,0,,,,,,0,0,,,,,,0,,,55,,,,,11,,,,0,43,33,0,0,416,0,0,437,0,0,0,0,0,,,,,,,,,,,,,,,,,,,,,,,,,,,,,,,,,,,,,,,,,,
CONTLA DE JUAN CUAMATZI,29018,269,2016,June,0,205,198,21,3,,,,,,,1155,1112,1679,TLAXCALA,0.687909469922573,0,,,,,,0,0,,,,,,0,,,32,,,,,14,,,,0,42,34,0,0,225,0,0,338,0,0,0,0,0,,,,,,,,,,,,,,,,,,,,,,,,,,,,,,,,,,,,,,,,,,
CONTLA DE JUAN CUAMATZI,29018,270,2016,June,0,66,81,6,4,,,,,,,395,373,1302,TLAXCALA,0.303379416282642,0,,,,,,0,0,,,,,,0,,,45,,,,,4,,,,0,14,27,0,0,81,0,0,45,0,0,0,0,0,,,,,,,,,,,,,,,,,,,,,,,,,,,,,,,,,,,,,,,,,,
CONTLA DE JUAN CUAMATZI,29018,271,2016,June,0,264,256,9,9,,,,,,,1209,1180,1770,TLAXCALA,0.683050847457627,0,,,,,,0,0,,,,,,0,,,86,,,,,15,,,,0,50,47,0,0,212,0,0,232,0,0,0,0,0,,,,,,,,,,,,,,,,,,,,,,,,,,,,,,,,,,,,,,,,,,
CONTLA DE JUAN CUAMATZI,29018,272,2016,June,0,614,481,24,19,,,,,,,2195,2127,3053,TLAXCALA,0.718964952505732,0,,,,,,0,0,,,,,,0,,,137,,,,,30,,,,0,112,82,0,0,286,0,0,342,0,0,0,0,0,,,,,,,,,,,,,,,,,,,,,,,,,,,,,,,,,,,,,,,,,,
CONTLA DE JUAN CUAMATZI,29018,273,2016,June,0,358,292,16,17,,,,,,,1404,1366,1937,TLAXCALA,0.724832214765101,0,,,,,,0,0,,,,,,0,,,83,,,,,13,,,,0,57,79,0,0,204,0,0,247,0,0,0,0,0,,,,,,,,,,,,,,,,,,,,,,,,,,,,,,,,,,,,,,,,,,
CONTLA DE JUAN CUAMATZI,29018,274,2016,June,0,321,274,12,11,,,,,,,933,910,1182,TLAXCALA,0.789340101522843,0,,,,,,0,0,,,,,,0,,,67,,,,,21,,,,0,26,30,0,0,50,0,0,98,0,0,0,0,0,,,,,,,,,,,,,,,,,,,,,,,,,,,,,,,,,,,,,,,,,,
CONTLA DE JUAN CUAMATZI,29018,275,2016,June,0,175,201,16,7,,,,,,,1123,1087,1644,TLAXCALA,0.6830900243309,0,,,,,,0,0,,,,,,0,,,340,,,,,9,,,,0,40,55,0,0,113,0,0,131,0,0,0,0,0,,,,,,,,,,,,,,,,,,,,,,,,,,,,,,,,,,,,,,,,,,
CONTLA DE JUAN CUAMATZI,29018,276,2016,June,0,234,226,21,12,,,,,,,1299,1260,1772,TLAXCALA,0.733069977426637,0,,,,,,0,0,,,,,,0,,,401,,,,,12,,,,0,56,59,0,0,73,0,0,166,0,0,0,0,0,,,,,,,,,,,,,,,,,,,,,,,,,,,,,,,,,,,,,,,,,,
CONTLA DE JUAN CUAMATZI,29018,277,2016,June,0,79,92,4,3,,,,,,,361,339,449,TLAXCALA,0.804008908685969,0,,,,,,0,0,,,,,,0,,,18,,,,,1,,,,0,17,1,0,0,51,0,0,73,0,0,0,0,0,,,,,,,,,,,,,,,,,,,,,,,,,,,,,,,,,,,,,,,,,,
CONTLA DE JUAN CUAMATZI,29018,278,2016,June,0,60,98,3,1,,,,,,,318,302,558,TLAXCALA,0.56989247311828,0,,,,,,0,0,,,,,,0,,,25,,,,,4,,,,0,15,3,0,0,74,0,0,19,0,0,0,0,0,,,,,,,,,,,,,,,,,,,,,,,,,,,,,,,,,,,,,,,,,,
CONTLA DE JUAN CUAMATZI,29018,279,2016,June,0,179,308,10,6,,,,,,,1130,1087,1634,TLAXCALA,0.69155446756426,0,,,,,,0,0,,,,,,0,,,131,,,,,11,,,,0,62,31,0,0,124,0,0,225,0,0,0,0,0,,,,,,,,,,,,,,,,,,,,,,,,,,,,,,,,,,,,,,,,,,
CONTLA DE JUAN CUAMATZI,29018,280,2016,June,0,101,66,3,0,,,,,,,292,279,481,TLAXCALA,0.607068607068607,0,,,,,,0,0,,,,,,0,,,30,,,,,0,,,,0,14,6,0,0,17,0,0,42,0,0,0,0,0,,,,,,,,,,,,,,,,,,,,,,,,,,,,,,,,,,,,,,,,,,
CONTLA DE JUAN CUAMATZI,29018,281,2016,June,0,271,271,11,9,,,,,,,1292,1238,1921,TLAXCALA,0.672566371681416,0,,,,,,0,0,,,,,,0,,,188,,,,,6,,,,0,94,30,0,0,94,0,0,264,0,0,0,0,0,,,,,,,,,,,,,,,,,,,,,,,,,,,,,,,,,,,,,,,,,,
CONTLA DE JUAN CUAMATZI,29018,282,2016,June,0,69,78,5,5,,,,,,,273,270,414,TLAXCALA,0.659420289855073,0,,,,,,0,0,,,,,,0,,,31,,,,,0,,,,0,18,6,0,0,17,0,0,41,0,0,0,0,0,,,,,,,,,,,,,,,,,,,,,,,,,,,,,,,,,,,,,,,,,,
CONTLA DE JUAN CUAMATZI,29018,283,2016,June,0,211,181,24,12,,,,,,,929,898,1432,TLAXCALA,0.648743016759777,0,,,,,,0,0,,,,,,0,,,53,,,,,14,,,,0,35,47,0,0,172,0,0,149,0,0,0,0,0,,,,,,,,,,,,,,,,,,,,,,,,,,,,,,,,,,,,,,,,,,
CUAPIAXTLA,29008,107,2016,June,410,389,43,32,703,,,,,,,1787,1734,2462,TLAXCALA,0.725832656376929,0,,,,,,0,4,,,,,,0,,,4,,,,,7,,,,0,142,0,0,0,0,0,0,0,0,0,0,0,0,,,,,,,,,,,,,,,,,,,,,,,,,,,,,,,,,,,,,,,,,,
CUAPIAXTLA,29008,108,2016,June,311,208,20,19,432,,,,,,,1169,1130,1595,TLAXCALA,0.732915360501567,0,,,,,,0,6,,,,,,0,,,2,,,,,6,,,,0,126,0,0,0,0,0,0,0,0,0,0,0,0,,,,,,,,,,,,,,,,,,,,,,,,,,,,,,,,,,,,,,,,,,
CUAPIAXTLA,29008,109,2016,June,610,230,16,12,482,,,,,,,1518,1470,2116,TLAXCALA,0.717391304347826,0,,,,,,0,0,,,,,,0,,,5,,,,,6,,,,0,109,0,0,0,0,0,0,0,0,0,0,0,0,,,,,,,,,,,,,,,,,,,,,,,,,,,,,,,,,,,,,,,,,,
CUAPIAXTLA,29008,110,2016,June,329,103,13,6,418,,,,,,,1016,968,1338,TLAXCALA,0.759342301943199,0,,,,,,1,38,,,,,,0,,,3,,,,,5,,,,0,52,0,0,0,0,0,0,0,0,0,0,0,0,,,,,,,,,,,,,,,,,,,,,,,,,,,,,,,,,,,,,,,,,,
CUAPIAXTLA,29008,111,2016,June,48,60,2,3,74,,,,,,,201,196,251,TLAXCALA,0.800796812749004,0,,,,,,0,1,,,,,,0,,,1,,,,,0,,,,0,7,0,0,0,0,0,0,0,0,0,0,0,0,,,,,,,,,,,,,,,,,,,,,,,,,,,,,,,,,,,,,,,,,,
CUAPIAXTLA,29008,112,2016,June,30,41,3,1,39,,,,,,,135,131,156,TLAXCALA,0.865384615384615,0,,,,,,0,6,,,,,,0,,,0,,,,,1,,,,0,10,0,0,0,0,0,0,0,0,0,0,0,0,,,,,,,,,,,,,,,,,,,,,,,,,,,,,,,,,,,,,,,,,,
CUAPIAXTLA,29008,113,2016,June,78,37,4,1,68,,,,,,,227,213,264,TLAXCALA,0.859848484848485,0,,,,,,0,13,,,,,,0,,,0,,,,,0,,,,0,12,0,0,0,0,0,0,0,0,0,0,0,0,,,,,,,,,,,,,,,,,,,,,,,,,,,,,,,,,,,,,,,,,,
CUAPIAXTLA,29008,114,2016,June,212,90,13,16,201,,,,,,,654,620,766,TLAXCALA,0.85378590078329,0,,,,,,0,79,,,,,,0,,,1,,,,,3,,,,0,5,0,0,0,0,0,0,0,0,0,0,0,0,,,,,,,,,,,,,,,,,,,,,,,,,,,,,,,,,,,,,,,,,,
CUAPIAXTLA,29008,115,2016,June,98,89,3,1,107,,,,,,,335,314,394,TLAXCALA,0.850253807106599,0,,,,,,0,5,,,,,,0,,,0,,,,,3,,,,0,8,0,0,0,0,0,0,0,0,0,0,0,0,,,,,,,,,,,,,,,,,,,,,,,,,,,,,,,,,,,,,,,,,,
CUAPIAXTLA,29008,116,2016,June,118,61,2,0,140,,,,,,,334,328,375,TLAXCALA,0.890666666666667,0,,,,,,0,2,,,,,,0,,,1,,,,,1,,,,0,3,0,0,0,0,0,0,0,0,0,0,0,0,,,,,,,,,,,,,,,,,,,,,,,,,,,,,,,,,,,,,,,,,,
CUAXOMULCO,29009,117,2016,June,105,194,70,92,120,,,,,,,927,899,1254,TLAXCALA,0.739234449760766,0,,,,,,0,34,,,,,,0,,,229,,,,,4,,,,0,48,3,0,0,0,0,0,0,0,0,0,0,0,,,,,,,,,,,,,,,,,,,,,,,,,,,,,,,,,,,,,,,,,,
CUAXOMULCO,29009,118,2016,June,67,238,119,27,57,,,,,,,762,736,979,TLAXCALA,0.778345250255363,0,,,,,,0,5,,,,,,0,,,192,,,,,22,,,,0,7,2,0,0,0,0,0,0,0,0,0,0,0,,,,,,,,,,,,,,,,,,,,,,,,,,,,,,,,,,,,,,,,,,
CUAXOMULCO,29009,119,2016,June,133,36,81,32,44,,,,,,,432,418,538,TLAXCALA,0.802973977695167,0,,,,,,0,12,,,,,,0,,,65,,,,,3,,,,0,11,1,0,0,0,0,0,0,0,0,0,0,0,,,,,,,,,,,,,,,,,,,,,,,,,,,,,,,,,,,,,,,,,,
CUAXOMULCO,29009,120,2016,June,41,22,13,8,35,,,,,,,190,187,226,TLAXCALA,0.84070796460177,0,,,,,,0,1,,,,,,0,,,58,,,,,0,,,,0,9,0,0,0,0,0,0,0,0,0,0,0,0,,,,,,,,,,,,,,,,,,,,,,,,,,,,,,,,,,,,,,,,,,
CUAXOMULCO,29009,121,2016,June,95,148,127,96,133,,,,,,,888,865,1133,TLAXCALA,0.783759929390997,0,,,,,,0,20,,,,,,0,,,204,,,,,4,,,,0,35,3,0,0,0,0,0,0,0,0,0,0,0,,,,,,,,,,,,,,,,,,,,,,,,,,,,,,,,,,,,,,,,,,
EL CARMEN TEQUEXQUITLA,29007,100,2016,June,762,524,0,0,10,,,,,,,1669,1581,2655,TLAXCALA,0.628625235404897,0,,,,,,0,4,,,,,,87,,,157,,,,,0,,,,0,37,0,0,0,0,0,0,0,0,0,0,0,0,,,,,,,,,,,,,,,,,,,,,,,,,,,,,,,,,,,,,,,,,,
EL CARMEN TEQUEXQUITLA,29007,101,2016,June,611,339,0,0,8,,,,,,,1194,1141,1984,TLAXCALA,0.601814516129032,0,,,,,,0,1,,,,,,83,,,94,,,,,0,,,,0,5,0,0,0,0,0,0,0,0,0,0,0,0,,,,,,,,,,,,,,,,,,,,,,,,,,,,,,,,,,,,,,,,,,
EL CARMEN TEQUEXQUITLA,29007,102,2016,June,604,460,0,0,4,,,,,,,1327,1252,2101,TLAXCALA,0.631603998096145,0,,,,,,0,2,,,,,,65,,,99,,,,,0,,,,0,18,0,0,0,0,0,0,0,0,0,0,0,0,,,,,,,,,,,,,,,,,,,,,,,,,,,,,,,,,,,,,,,,,,
EL CARMEN TEQUEXQUITLA,29007,103,2016,June,404,251,0,0,3,,,,,,,799,760,1220,TLAXCALA,0.654918032786885,0,,,,,,0,5,,,,,,51,,,37,,,,,0,,,,0,9,0,0,0,0,0,0,0,0,0,0,0,0,,,,,,,,,,,,,,,,,,,,,,,,,,,,,,,,,,,,,,,,,,
EL CARMEN TEQUEXQUITLA,29007,104,2016,June,572,518,0,0,6,,,,,,,1441,1384,2226,TLAXCALA,0.647349505840072,0,,,,,,0,7,,,,,,68,,,197,,,,,0,,,,0,16,0,0,0,0,0,0,0,0,0,0,0,0,,,,,,,,,,,,,,,,,,,,,,,,,,,,,,,,,,,,,,,,,,
EL CARMEN TEQUEXQUITLA,29007,105,2016,June,113,113,0,0,3,,,,,,,327,296,399,TLAXCALA,0.819548872180451,0,,,,,,0,19,,,,,,11,,,37,,,,,0,,,,0,0,0,0,0,0,0,0,0,0,0,0,0,0,,,,,,,,,,,,,,,,,,,,,,,,,,,,,,,,,,,,,,,,,,
EL CARMEN TEQUEXQUITLA,29007,106,2016,June,89,66,0,0,0,,,,,,,177,171,214,TLAXCALA,0.827102803738318,0,,,,,,0,0,,,,,,12,,,4,,,,,0,,,,0,0,0,0,0,0,0,0,0,0,0,0,0,0,,,,,,,,,,,,,,,,,,,,,,,,,,,,,,,,,,,,,,,,,,
EMILIANO ZAPATA,29046,400,2016,June,0,29,0,0,0,,,,,,,94,90,,TLAXCALA,,40,,,,,,0,20,,,,,,0,,,0,,,,,0,,,,0,1,0,0,0,0,0,0,0,0,0,0,0,0,,,,,,,,,,,,,,,,,,,,,,,,,,,,,,,,,,,,,,,,,,
EMILIANO ZAPATA,29046,401,2016,June,0,19,0,0,0,,,,,,,133,126,,TLAXCALA,,68,,,,,,0,38,,,,,,0,,,0,,,,,0,,,,0,1,0,0,0,0,0,0,0,0,0,0,0,0,,,,,,,,,,,,,,,,,,,,,,,,,,,,,,,,,,,,,,,,,,
EMILIANO ZAPATA,29046,607,2016,June,0,408,0,0,0,,,,,,,1661,1621,,TLAXCALA,,530,,,,,,0,660,,,,,,0,,,0,,,,,11,,,,0,12,0,0,0,0,0,0,0,0,0,0,0,0,,,,,,,,,,,,,,,,,,,,,,,,,,,,,,,,,,,,,,,,,,
EMILIANO ZAPATA,29046,608,2016,June,0,139,0,0,0,,,,,,,608,600,,TLAXCALA,,267,,,,,,0,118,,,,,,0,,,0,,,,,3,,,,0,73,0,0,0,0,0,0,0,0,0,0,0,0,,,,,,,,,,,,,,,,,,,,,,,,,,,,,,,,,,,,,,,,,,
ESPANITA,29012,165,2016,June,480,438,0,0,10,,,,,,,1431,1395,1941,TLAXCALA,0.737248840803709,0,,,,,,0,1,,,,,,2,,,438,,,,,4,,,,0,22,0,0,0,0,0,0,0,0,0,0,0,0,,,,,,,,,,,,,,,,,,,,,,,,,,,,,,,,,,,,,,,,,,
ESPANITA,29012,167,2016,June,89,77,0,0,1,,,,,,,221,215,269,TLAXCALA,0.821561338289963,0,,,,,,0,3,,,,,,2,,,30,,,,,0,,,,0,13,0,0,0,0,0,0,0,0,0,0,0,0,,,,,,,,,,,,,,,,,,,,,,,,,,,,,,,,,,,,,,,,,,
ESPANITA,29012,168,2016,June,203,227,0,0,5,,,,,,,500,482,663,TLAXCALA,0.754147812971342,0,,,,,,0,2,,,,,,0,,,30,,,,,1,,,,0,14,0,0,0,0,0,0,0,0,0,0,0,0,,,,,,,,,,,,,,,,,,,,,,,,,,,,,,,,,,,,,,,,,,
ESPANITA,29012,169,2016,June,75,79,0,0,0,,,,,,,185,178,229,TLAXCALA,0.807860262008734,0,,,,,,0,0,,,,,,11,,,8,,,,,0,,,,0,5,0,0,0,0,0,0,0,0,0,0,0,0,,,,,,,,,,,,,,,,,,,,,,,,,,,,,,,,,,,,,,,,,,
ESPANITA,29012,170,2016,June,102,287,0,0,3,,,,,,,486,471,696,TLAXCALA,0.698275862068966,0,,,,,,0,2,,,,,,2,,,59,,,,,0,,,,0,16,0,0,0,0,0,0,0,0,0,0,0,0,,,,,,,,,,,,,,,,,,,,,,,,,,,,,,,,,,,,,,,,,,
ESPANITA,29012,171,2016,June,77,124,0,0,3,,,,,,,221,218,288,TLAXCALA,0.767361111111111,0,,,,,,0,0,,,,,,3,,,6,,,,,2,,,,0,3,0,0,0,0,0,0,0,0,0,0,0,0,,,,,,,,,,,,,,,,,,,,,,,,,,,,,,,,,,,,,,,,,,
ESPANITA,29012,172,2016,June,87,86,0,0,0,,,,,,,223,223,300,TLAXCALA,0.743333333333333,0,,,,,,0,0,,,,,,5,,,34,,,,,1,,,,0,10,0,0,0,0,0,0,0,0,0,0,0,0,,,,,,,,,,,,,,,,,,,,,,,,,,,,,,,,,,,,,,,,,,
ESPANITA,29012,173,2016,June,74,108,0,0,0,,,,,,,226,214,288,TLAXCALA,0.784722222222222,0,,,,,,0,1,,,,,,0,,,22,,,,,1,,,,0,8,0,0,0,0,0,0,0,0,0,0,0,0,,,,,,,,,,,,,,,,,,,,,,,,,,,,,,,,,,,,,,,,,,
ESPANITA,29012,174,2016,June,50,73,0,0,0,,,,,,,163,157,195,TLAXCALA,0.835897435897436,0,,,,,,0,0,,,,,,1,,,21,,,,,1,,,,0,11,0,0,0,0,0,0,0,0,0,0,0,0,,,,,,,,,,,,,,,,,,,,,,,,,,,,,,,,,,,,,,,,,,
ESPANITA,29012,175,2016,June,204,106,0,0,2,,,,,,,411,403,567,TLAXCALA,0.724867724867725,0,,,,,,0,1,,,,,,13,,,5,,,,,0,,,,0,72,0,0,0,0,0,0,0,0,0,0,0,0,,,,,,,,,,,,,,,,,,,,,,,,,,,,,,,,,,,,,,,,,,
ESPANITA,29012,176,2016,June,176,104,0,0,0,,,,,,,310,303,402,TLAXCALA,0.771144278606965,0,,,,,,0,0,,,,,,4,,,12,,,,,0,,,,0,7,0,0,0,0,0,0,0,0,0,0,0,0,,,,,,,,,,,,,,,,,,,,,,,,,,,,,,,,,,,,,,,,,,
ESPANITA,29012,177,2016,June,165,65,0,0,2,,,,,,,261,254,346,TLAXCALA,0.754335260115607,0,,,,,,0,0,,,,,,0,,,20,,,,,0,,,,0,2,0,0,0,0,0,0,0,0,0,0,0,0,,,,,,,,,,,,,,,,,,,,,,,,,,,,,,,,,,,,,,,,,,
HUAMANTLA,29013,178,2016,June,483,264,0,0,183,,,,,,,1855,1782,3408,TLAXCALA,0.544307511737089,0,,,,,,62,46,,,,,,273,,,334,,,,,8,,,,0,103,26,0,0,0,0,0,0,0,0,0,0,0,,,,,,,,,,,,,,,,,,,,,,,,,,,,,,,,,,,,,,,,,,
HUAMANTLA,29013,179,2016,June,505,236,0,0,98,,,,,,,1775,1699,3643,TLAXCALA,0.487235794674719,0,,,,,,88,42,,,,,,257,,,327,,,,,12,,,,0,99,35,0,0,0,0,0,0,0,0,0,0,0,,,,,,,,,,,,,,,,,,,,,,,,,,,,,,,,,,,,,,,,,,
HUAMANTLA,29013,180,2016,June,463,185,0,0,153,,,,,,,1880,1776,3067,TLAXCALA,0.612976850342354,0,,,,,,113,39,,,,,,356,,,329,,,,,10,,,,0,98,30,0,0,0,0,0,0,0,0,0,0,0,,,,,,,,,,,,,,,,,,,,,,,,,,,,,,,,,,,,,,,,,,
HUAMANTLA,29013,181,2016,June,318,149,0,0,80,,,,,,,1248,1191,2087,TLAXCALA,0.59798754192621,0,,,,,,58,37,,,,,,223,,,216,,,,,10,,,,0,85,15,0,0,0,0,0,0,0,0,0,0,0,,,,,,,,,,,,,,,,,,,,,,,,,,,,,,,,,,,,,,,,,,
HUAMANTLA,29013,182,2016,June,171,90,0,0,69,,,,,,,674,644,1346,TLAXCALA,0.50074294205052,0,,,,,,16,10,,,,,,123,,,85,,,,,5,,,,0,64,11,0,0,0,0,0,0,0,0,0,0,0,,,,,,,,,,,,,,,,,,,,,,,,,,,,,,,,,,,,,,,,,,
HUAMANTLA,29013,183,2016,June,258,110,0,0,66,,,,,,,1069,1029,2012,TLAXCALA,0.531312127236581,0,,,,,,44,55,,,,,,151,,,187,,,,,6,,,,0,127,25,0,0,0,0,0,0,0,0,0,0,0,,,,,,,,,,,,,,,,,,,,,,,,,,,,,,,,,,,,,,,,,,
HUAMANTLA,29013,184,2016,June,297,116,0,0,61,,,,,,,791,747,1234,TLAXCALA,0.641004862236629,0,,,,,,6,14,,,,,,113,,,94,,,,,3,,,,0,39,4,0,0,0,0,0,0,0,0,0,0,0,,,,,,,,,,,,,,,,,,,,,,,,,,,,,,,,,,,,,,,,,,
HUAMANTLA,29013,185,2016,June,173,75,0,0,59,,,,,,,741,696,1336,TLAXCALA,0.554640718562874,0,,,,,,34,24,,,,,,134,,,108,,,,,6,,,,0,71,12,0,0,0,0,0,0,0,0,0,0,0,,,,,,,,,,,,,,,,,,,,,,,,,,,,,,,,,,,,,,,,,,
HUAMANTLA,29013,186,2016,June,218,74,0,0,71,,,,,,,763,735,1240,TLAXCALA,0.615322580645161,0,,,,,,13,40,,,,,,118,,,108,,,,,5,,,,0,72,16,0,0,0,0,0,0,0,0,0,0,0,,,,,,,,,,,,,,,,,,,,,,,,,,,,,,,,,,,,,,,,,,
HUAMANTLA,29013,187,2016,June,339,170,0,0,73,,,,,,,1051,1019,1955,TLAXCALA,0.537595907928389,0,,,,,,22,33,,,,,,157,,,136,,,,,9,,,,0,60,20,0,0,0,0,0,0,0,0,0,0,0,,,,,,,,,,,,,,,,,,,,,,,,,,,,,,,,,,,,,,,,,,
HUAMANTLA,29013,188,2016,June,440,211,0,0,166,,,,,,,1703,1627,3531,TLAXCALA,0.482299631832342,0,,,,,,50,52,,,,,,272,,,292,,,,,22,,,,0,76,46,0,0,0,0,0,0,0,0,0,0,0,,,,,,,,,,,,,,,,,,,,,,,,,,,,,,,,,,,,,,,,,,
HUAMANTLA,29013,189,2016,June,217,173,0,0,59,,,,,,,845,814,1550,TLAXCALA,0.545161290322581,0,,,,,,32,30,,,,,,113,,,100,,,,,13,,,,0,68,9,0,0,0,0,0,0,0,0,0,0,0,,,,,,,,,,,,,,,,,,,,,,,,,,,,,,,,,,,,,,,,,,
HUAMANTLA,29013,190,2016,June,158,76,0,0,35,,,,,,,542,519,973,TLAXCALA,0.557040082219938,0,,,,,,34,31,,,,,,84,,,57,,,,,3,,,,0,36,5,0,0,0,0,0,0,0,0,0,0,0,,,,,,,,,,,,,,,,,,,,,,,,,,,,,,,,,,,,,,,,,,
HUAMANTLA,29013,191,2016,June,185,91,0,0,71,,,,,,,640,606,1127,TLAXCALA,0.567879325643301,0,,,,,,21,21,,,,,,81,,,81,,,,,4,,,,0,45,6,0,0,0,0,0,0,0,0,0,0,0,,,,,,,,,,,,,,,,,,,,,,,,,,,,,,,,,,,,,,,,,,
HUAMANTLA,29013,192,2016,June,293,175,0,0,91,,,,,,,1185,1124,1895,TLAXCALA,0.62532981530343,0,,,,,,21,21,,,,,,249,,,168,,,,,10,,,,0,66,30,0,0,0,0,0,0,0,0,0,0,0,,,,,,,,,,,,,,,,,,,,,,,,,,,,,,,,,,,,,,,,,,
HUAMANTLA,29013,193,2016,June,157,69,0,0,21,,,,,,,524,490,806,TLAXCALA,0.650124069478908,0,,,,,,5,2,,,,,,134,,,79,,,,,1,,,,0,21,1,0,0,0,0,0,0,0,0,0,0,0,,,,,,,,,,,,,,,,,,,,,,,,,,,,,,,,,,,,,,,,,,
HUAMANTLA,29013,194,2016,June,404,204,0,0,160,,,,,,,1468,1411,2471,TLAXCALA,0.594091460946985,0,,,,,,74,32,,,,,,266,,,158,,,,,8,,,,0,85,20,0,0,0,0,0,0,0,0,0,0,0,,,,,,,,,,,,,,,,,,,,,,,,,,,,,,,,,,,,,,,,,,
HUAMANTLA,29013,195,2016,June,225,149,0,0,109,,,,,,,1031,975,1752,TLAXCALA,0.588470319634703,0,,,,,,24,22,,,,,,188,,,146,,,,,5,,,,0,71,36,0,0,0,0,0,0,0,0,0,0,0,,,,,,,,,,,,,,,,,,,,,,,,,,,,,,,,,,,,,,,,,,
HUAMANTLA,29013,196,2016,June,210,68,0,0,176,,,,,,,735,683,1034,TLAXCALA,0.710831721470019,0,,,,,,3,6,,,,,,120,,,82,,,,,2,,,,0,16,0,0,0,0,0,0,0,0,0,0,0,0,,,,,,,,,,,,,,,,,,,,,,,,,,,,,,,,,,,,,,,,,,
HUAMANTLA,29013,197,2016,June,72,19,0,0,0,,,,,,,163,156,203,TLAXCALA,0.802955665024631,0,,,,,,1,7,,,,,,20,,,34,,,,,0,,,,0,3,0,0,0,0,0,0,0,0,0,0,0,0,,,,,,,,,,,,,,,,,,,,,,,,,,,,,,,,,,,,,,,,,,
HUAMANTLA,29013,198,2016,June,108,71,0,0,12,,,,,,,325,309,513,TLAXCALA,0.633528265107213,0,,,,,,4,8,,,,,,63,,,30,,,,,1,,,,0,10,2,0,0,0,0,0,0,0,0,0,0,0,,,,,,,,,,,,,,,,,,,,,,,,,,,,,,,,,,,,,,,,,,
HUAMANTLA,29013,199,2016,June,175,63,0,0,88,,,,,,,548,527,655,TLAXCALA,0.836641221374046,0,,,,,,49,16,,,,,,80,,,21,,,,,1,,,,0,33,1,0,0,0,0,0,0,0,0,0,0,0,,,,,,,,,,,,,,,,,,,,,,,,,,,,,,,,,,,,,,,,,,
HUAMANTLA,29013,200,2016,June,275,284,0,0,60,,,,,,,1133,1102,1360,TLAXCALA,0.833088235294118,0,,,,,,124,17,,,,,,226,,,74,,,,,4,,,,0,30,8,0,0,0,0,0,0,0,0,0,0,0,,,,,,,,,,,,,,,,,,,,,,,,,,,,,,,,,,,,,,,,,,
HUAMANTLA,29013,201,2016,June,604,308,0,0,133,,,,,,,2157,2042,3178,TLAXCALA,0.678728760226558,0,,,,,,186,21,,,,,,456,,,238,,,,,6,,,,0,77,13,0,0,0,0,0,0,0,0,0,0,0,,,,,,,,,,,,,,,,,,,,,,,,,,,,,,,,,,,,,,,,,,
HUAMANTLA,29013,202,2016,June,120,84,0,0,20,,,,,,,358,342,464,TLAXCALA,0.771551724137931,0,,,,,,30,4,,,,,,34,,,34,,,,,1,,,,0,13,2,0,0,0,0,0,0,0,0,0,0,0,,,,,,,,,,,,,,,,,,,,,,,,,,,,,,,,,,,,,,,,,,
HUAMANTLA,29013,203,2016,June,495,223,0,0,23,,,,,,,1356,1306,1887,TLAXCALA,0.718600953895072,0,,,,,,10,13,,,,,,338,,,131,,,,,12,,,,0,57,4,0,0,0,0,0,0,0,0,0,0,0,,,,,,,,,,,,,,,,,,,,,,,,,,,,,,,,,,,,,,,,,,
HUAMANTLA,29013,204,2016,June,586,173,0,0,21,,,,,,,1302,1250,2023,TLAXCALA,0.643598615916955,0,,,,,,6,22,,,,,,267,,,111,,,,,2,,,,0,58,4,0,0,0,0,0,0,0,0,0,0,0,,,,,,,,,,,,,,,,,,,,,,,,,,,,,,,,,,,,,,,,,,
HUAMANTLA,29013,205,2016,June,89,74,0,0,23,,,,,,,230,223,257,TLAXCALA,0.894941634241245,0,,,,,,1,0,,,,,,13,,,6,,,,,0,,,,0,17,0,0,0,0,0,0,0,0,0,0,0,0,,,,,,,,,,,,,,,,,,,,,,,,,,,,,,,,,,,,,,,,,,
HUAMANTLA,29013,206,2016,June,389,113,0,0,10,,,,,,,790,766,966,TLAXCALA,0.817805383022774,0,,,,,,9,4,,,,,,143,,,55,,,,,1,,,,0,41,1,0,0,0,0,0,0,0,0,0,0,0,,,,,,,,,,,,,,,,,,,,,,,,,,,,,,,,,,,,,,,,,,
HUAMANTLA,29013,207,2016,June,245,71,0,0,15,,,,,,,535,510,734,TLAXCALA,0.728882833787466,0,,,,,,10,17,,,,,,99,,,37,,,,,3,,,,0,9,4,0,0,0,0,0,0,0,0,0,0,0,,,,,,,,,,,,,,,,,,,,,,,,,,,,,,,,,,,,,,,,,,
HUAMANTLA,29013,208,2016,June,203,78,0,0,20,,,,,,,544,531,733,TLAXCALA,0.742155525238745,0,,,,,,2,52,,,,,,93,,,73,,,,,2,,,,0,8,0,0,0,0,0,0,0,0,0,0,0,0,,,,,,,,,,,,,,,,,,,,,,,,,,,,,,,,,,,,,,,,,,
HUAMANTLA,29013,209,2016,June,199,58,0,0,17,,,,,,,615,600,742,TLAXCALA,0.828840970350404,0,,,,,,6,5,,,,,,140,,,163,,,,,1,,,,0,9,2,0,0,0,0,0,0,0,0,0,0,0,,,,,,,,,,,,,,,,,,,,,,,,,,,,,,,,,,,,,,,,,,
HUAMANTLA,29013,210,2016,June,58,5,0,0,3,,,,,,,164,157,223,TLAXCALA,0.73542600896861,0,,,,,,0,1,,,,,,34,,,53,,,,,0,,,,0,1,2,0,0,0,0,0,0,0,0,0,0,0,,,,,,,,,,,,,,,,,,,,,,,,,,,,,,,,,,,,,,,,,,
HUAMANTLA,29013,211,2016,June,198,75,0,0,61,,,,,,,666,631,869,TLAXCALA,0.766398158803222,0,,,,,,27,12,,,,,,157,,,76,,,,,3,,,,0,15,7,0,0,0,0,0,0,0,0,0,0,0,,,,,,,,,,,,,,,,,,,,,,,,,,,,,,,,,,,,,,,,,,
HUAMANTLA,29013,212,2016,June,124,49,0,0,41,,,,,,,340,322,484,TLAXCALA,0.702479338842975,0,,,,,,7,19,,,,,,38,,,26,,,,,1,,,,0,16,1,0,0,0,0,0,0,0,0,0,0,0,,,,,,,,,,,,,,,,,,,,,,,,,,,,,,,,,,,,,,,,,,
HUAMANTLA,29013,213,2016,June,561,287,0,0,125,,,,,,,1777,1670,2655,TLAXCALA,0.669303201506591,0,,,,,,67,54,,,,,,231,,,285,,,,,6,,,,0,46,8,0,0,0,0,0,0,0,0,0,0,0,,,,,,,,,,,,,,,,,,,,,,,,,,,,,,,,,,,,,,,,,,
HUAMANTLA,29013,214,2016,June,480,195,0,0,83,,,,,,,1284,1226,1884,TLAXCALA,0.681528662420382,0,,,,,,47,49,,,,,,165,,,169,,,,,8,,,,0,27,3,0,0,0,0,0,0,0,0,0,0,0,,,,,,,,,,,,,,,,,,,,,,,,,,,,,,,,,,,,,,,,,,
HUAMANTLA,29013,215,2016,June,104,41,0,0,24,,,,,,,220,220,286,TLAXCALA,0.769230769230769,0,,,,,,6,1,,,,,,29,,,4,,,,,1,,,,0,6,4,0,0,0,0,0,0,0,0,0,0,0,,,,,,,,,,,,,,,,,,,,,,,,,,,,,,,,,,,,,,,,,,
HUAMANTLA,29013,216,2016,June,179,71,0,0,2,,,,,,,540,514,854,TLAXCALA,0.63231850117096,0,,,,,,10,92,,,,,,63,,,57,,,,,1,,,,0,39,0,0,0,0,0,0,0,0,0,0,0,0,,,,,,,,,,,,,,,,,,,,,,,,,,,,,,,,,,,,,,,,,,
HUAMANTLA,29013,217,2016,June,167,91,0,0,28,,,,,,,504,482,807,TLAXCALA,0.62453531598513,0,,,,,,15,12,,,,,,56,,,80,,,,,2,,,,0,25,6,0,0,0,0,0,0,0,0,0,0,0,,,,,,,,,,,,,,,,,,,,,,,,,,,,,,,,,,,,,,,,,,
HUAMANTLA,29013,218,2016,June,119,51,0,0,56,,,,,,,415,401,642,TLAXCALA,0.646417445482866,0,,,,,,5,6,,,,,,104,,,48,,,,,1,,,,0,9,2,0,0,0,0,0,0,0,0,0,0,0,,,,,,,,,,,,,,,,,,,,,,,,,,,,,,,,,,,,,,,,,,
HUAMANTLA,29013,219,2016,June,147,64,0,0,40,,,,,,,455,436,732,TLAXCALA,0.621584699453552,0,,,,,,42,4,,,,,,74,,,39,,,,,3,,,,0,22,1,0,0,0,0,0,0,0,0,0,0,0,,,,,,,,,,,,,,,,,,,,,,,,,,,,,,,,,,,,,,,,,,
HUEYOTLIPAN,29014,220,2016,June,433,250,0,477,0,,,,,,,1466,1421,2006,TLAXCALA,0.730807577268196,0,,,,,,0,3,,,,,,0,,,4,,,,,3,,,,0,220,31,0,0,0,0,0,0,0,0,0,0,0,,,,,,,,,,,,,,,,,,,,,,,,,,,,,,,,,,,,,,,,,,
HUEYOTLIPAN,29014,221,2016,June,382,274,0,585,0,,,,,,,1479,1432,2016,TLAXCALA,0.733630952380952,0,,,,,,0,1,,,,,,0,,,6,,,,,8,,,,0,170,6,0,0,0,0,0,0,0,0,0,0,0,,,,,,,,,,,,,,,,,,,,,,,,,,,,,,,,,,,,,,,,,,
HUEYOTLIPAN,29014,222,2016,June,115,53,0,282,0,,,,,,,762,731,1061,TLAXCALA,0.718190386427898,0,,,,,,0,1,,,,,,0,,,7,,,,,3,,,,0,268,2,0,0,0,0,0,0,0,0,0,0,0,,,,,,,,,,,,,,,,,,,,,,,,,,,,,,,,,,,,,,,,,,
HUEYOTLIPAN,29014,223,2016,June,83,18,0,76,0,,,,,,,244,226,370,TLAXCALA,0.65945945945946,0,,,,,,0,0,,,,,,0,,,0,,,,,0,,,,0,49,0,0,0,0,0,0,0,0,0,0,0,0,,,,,,,,,,,,,,,,,,,,,,,,,,,,,,,,,,,,,,,,,,
HUEYOTLIPAN,29014,224,2016,June,43,12,0,364,0,,,,,,,511,500,668,TLAXCALA,0.76497005988024,0,,,,,,0,0,,,,,,0,,,0,,,,,0,,,,0,79,2,0,0,0,0,0,0,0,0,0,0,0,,,,,,,,,,,,,,,,,,,,,,,,,,,,,,,,,,,,,,,,,,
HUEYOTLIPAN,29014,225,2016,June,72,13,0,91,0,,,,,,,237,226,278,TLAXCALA,0.852517985611511,0,,,,,,0,0,,,,,,0,,,1,,,,,1,,,,0,48,0,0,0,0,0,0,0,0,0,0,0,0,,,,,,,,,,,,,,,,,,,,,,,,,,,,,,,,,,,,,,,,,,
HUEYOTLIPAN,29014,226,2016,June,73,56,0,155,0,,,,,,,366,357,493,TLAXCALA,0.742393509127789,0,,,,,,0,0,,,,,,0,,,1,,,,,0,,,,0,64,8,0,0,0,0,0,0,0,0,0,0,0,,,,,,,,,,,,,,,,,,,,,,,,,,,,,,,,,,,,,,,,,,
HUEYOTLIPAN,29014,227,2016,June,115,31,0,202,0,,,,,,,460,451,620,TLAXCALA,0.741935483870968,0,,,,,,0,0,,,,,,0,,,2,,,,,2,,,,0,95,4,0,0,0,0,0,0,0,0,0,0,0,,,,,,,,,,,,,,,,,,,,,,,,,,,,,,,,,,,,,,,,,,
HUEYOTLIPAN,29014,228,2016,June,103,97,0,334,0,,,,,,,1624,1545,2536,TLAXCALA,0.640378548895899,0,,,,,,0,2,,,,,,0,,,27,,,,,7,,,,0,965,10,0,0,0,0,0,0,0,0,0,0,0,,,,,,,,,,,,,,,,,,,,,,,,,,,,,,,,,,,,,,,,,,
HUEYOTLIPAN,29014,229,2016,June,28,8,0,32,0,,,,,,,101,98,128,TLAXCALA,0.7890625,0,,,,,,0,0,,,,,,0,,,1,,,,,1,,,,0,28,0,0,0,0,0,0,0,0,0,0,0,0,,,,,,,,,,,,,,,,,,,,,,,,,,,,,,,,,,,,,,,,,,
HUEYOTLIPAN,29014,230,2016,June,155,22,0,127,0,,,,,,,387,374,525,TLAXCALA,0.737142857142857,0,,,,,,0,0,,,,,,0,,,4,,,,,2,,,,0,64,0,0,0,0,0,0,0,0,0,0,0,0,,,,,,,,,,,,,,,,,,,,,,,,,,,,,,,,,,,,,,,,,,
HUEYOTLIPAN,29014,231,2016,June,45,19,0,74,0,,,,,,,185,178,291,TLAXCALA,0.63573883161512,0,,,,,,0,1,,,,,,0,,,0,,,,,0,,,,0,39,0,0,0,0,0,0,0,0,0,0,0,0,,,,,,,,,,,,,,,,,,,,,,,,,,,,,,,,,,,,,,,,,,
IXTACUIXTLA DE MARIANO MATAMOROS,29015,232,2016,June,320,24,108,6,17,,,,,,,1240,1179,1917,TLAXCALA,0.646844027125717,0,,,,,,112,35,,,,,,0,,,200,,,,,343,,,,0,14,0,0,0,0,0,0,0,0,0,0,0,0,,,,,,,,,,,,,,,,,,,,,,,,,,,,,,,,,,,,,,,,,,
IXTACUIXTLA DE MARIANO MATAMOROS,29015,233,2016,June,293,32,76,5,15,,,,,,,1114,1075,1661,TLAXCALA,0.670680313064419,0,,,,,,81,21,,,,,,0,,,160,,,,,382,,,,0,10,0,0,0,0,0,0,0,0,0,0,0,0,,,,,,,,,,,,,,,,,,,,,,,,,,,,,,,,,,,,,,,,,,
IXTACUIXTLA DE MARIANO MATAMOROS,29015,234,2016,June,246,30,58,2,11,,,,,,,873,856,1263,TLAXCALA,0.691211401425178,0,,,,,,81,42,,,,,,0,,,94,,,,,281,,,,0,11,0,0,0,0,0,0,0,0,0,0,0,0,,,,,,,,,,,,,,,,,,,,,,,,,,,,,,,,,,,,,,,,,,
IXTACUIXTLA DE MARIANO MATAMOROS,29015,235,2016,June,36,10,17,0,0,,,,,,,125,118,197,TLAXCALA,0.634517766497462,0,,,,,,14,1,,,,,,0,,,20,,,,,19,,,,0,1,0,0,0,0,0,0,0,0,0,0,0,0,,,,,,,,,,,,,,,,,,,,,,,,,,,,,,,,,,,,,,,,,,
IXTACUIXTLA DE MARIANO MATAMOROS,29015,236,2016,June,59,3,23,1,2,,,,,,,171,160,259,TLAXCALA,0.66023166023166,0,,,,,,10,0,,,,,,0,,,47,,,,,14,,,,0,1,0,0,0,0,0,0,0,0,0,0,0,0,,,,,,,,,,,,,,,,,,,,,,,,,,,,,,,,,,,,,,,,,,
IXTACUIXTLA DE MARIANO MATAMOROS,29015,237,2016,June,85,7,9,2,2,,,,,,,221,202,323,TLAXCALA,0.68421052631579,0,,,,,,26,0,,,,,,0,,,22,,,,,47,,,,0,2,0,0,0,0,0,0,0,0,0,0,0,0,,,,,,,,,,,,,,,,,,,,,,,,,,,,,,,,,,,,,,,,,,
IXTACUIXTLA DE MARIANO MATAMOROS,29015,238,2016,June,64,3,36,1,1,,,,,,,169,161,281,TLAXCALA,0.601423487544484,0,,,,,,16,0,,,,,,0,,,13,,,,,23,,,,0,4,0,0,0,0,0,0,0,0,0,0,0,0,,,,,,,,,,,,,,,,,,,,,,,,,,,,,,,,,,,,,,,,,,
IXTACUIXTLA DE MARIANO MATAMOROS,29015,239,2016,June,67,10,27,1,4,,,,,,,293,281,447,TLAXCALA,0.655480984340045,0,,,,,,26,1,,,,,,0,,,93,,,,,50,,,,0,2,0,0,0,0,0,0,0,0,0,0,0,0,,,,,,,,,,,,,,,,,,,,,,,,,,,,,,,,,,,,,,,,,,
IXTACUIXTLA DE MARIANO MATAMOROS,29015,240,2016,June,135,31,43,17,3,,,,,,,431,410,772,TLAXCALA,0.558290155440415,0,,,,,,37,2,,,,,,0,,,20,,,,,115,,,,0,7,0,0,0,0,0,0,0,0,0,0,0,0,,,,,,,,,,,,,,,,,,,,,,,,,,,,,,,,,,,,,,,,,,
IXTACUIXTLA DE MARIANO MATAMOROS,29015,241,2016,June,114,90,147,10,8,,,,,,,880,833,1702,TLAXCALA,0.517038777908343,0,,,,,,49,4,,,,,,0,,,218,,,,,173,,,,0,20,0,0,0,0,0,0,0,0,0,0,0,0,,,,,,,,,,,,,,,,,,,,,,,,,,,,,,,,,,,,,,,,,,
IXTACUIXTLA DE MARIANO MATAMOROS,29015,242,2016,June,117,58,109,4,3,,,,,,,656,612,1308,TLAXCALA,0.501529051987768,0,,,,,,30,7,,,,,,0,,,155,,,,,114,,,,0,15,0,0,0,0,0,0,0,0,0,0,0,0,,,,,,,,,,,,,,,,,,,,,,,,,,,,,,,,,,,,,,,,,,
IXTACUIXTLA DE MARIANO MATAMOROS,29015,243,2016,June,60,17,9,0,1,,,,,,,260,255,335,TLAXCALA,0.776119402985075,0,,,,,,16,0,,,,,,0,,,28,,,,,119,,,,0,5,0,0,0,0,0,0,0,0,0,0,0,0,,,,,,,,,,,,,,,,,,,,,,,,,,,,,,,,,,,,,,,,,,
IXTACUIXTLA DE MARIANO MATAMOROS,29015,244,2016,June,62,7,27,2,1,,,,,,,301,283,483,TLAXCALA,0.623188405797102,0,,,,,,83,0,,,,,,0,,,17,,,,,70,,,,0,14,0,0,0,0,0,0,0,0,0,0,0,0,,,,,,,,,,,,,,,,,,,,,,,,,,,,,,,,,,,,,,,,,,
IXTACUIXTLA DE MARIANO MATAMOROS,29015,245,2016,June,389,115,218,17,11,,,,,,,1694,1621,2297,TLAXCALA,0.737483674357858,0,,,,,,288,37,,,,,,0,,,152,,,,,342,,,,0,52,0,0,0,0,0,0,0,0,0,0,0,0,,,,,,,,,,,,,,,,,,,,,,,,,,,,,,,,,,,,,,,,,,
IXTACUIXTLA DE MARIANO MATAMOROS,29015,246,2016,June,107,51,69,6,2,,,,,,,531,513,697,TLAXCALA,0.761836441893831,0,,,,,,90,2,,,,,,0,,,53,,,,,124,,,,0,9,0,0,0,0,0,0,0,0,0,0,0,0,,,,,,,,,,,,,,,,,,,,,,,,,,,,,,,,,,,,,,,,,,
IXTACUIXTLA DE MARIANO MATAMOROS,29015,247,2016,June,219,42,102,3,9,,,,,,,1093,1033,1564,TLAXCALA,0.698849104859335,0,,,,,,97,6,,,,,,0,,,240,,,,,284,,,,0,31,0,0,0,0,0,0,0,0,0,0,0,0,,,,,,,,,,,,,,,,,,,,,,,,,,,,,,,,,,,,,,,,,,
IXTACUIXTLA DE MARIANO MATAMOROS,29015,248,2016,June,211,7,269,6,9,,,,,,,866,848,1181,TLAXCALA,0.733276883996613,0,,,,,,104,5,,,,,,0,,,56,,,,,151,,,,0,30,0,0,0,0,0,0,0,0,0,0,0,0,,,,,,,,,,,,,,,,,,,,,,,,,,,,,,,,,,,,,,,,,,
IXTACUIXTLA DE MARIANO MATAMOROS,29015,249,2016,June,147,11,18,0,5,,,,,,,405,386,541,TLAXCALA,0.748613678373383,0,,,,,,33,1,,,,,,0,,,43,,,,,123,,,,0,5,0,0,0,0,0,0,0,0,0,0,0,0,,,,,,,,,,,,,,,,,,,,,,,,,,,,,,,,,,,,,,,,,,
IXTACUIXTLA DE MARIANO MATAMOROS,29015,250,2016,June,131,31,45,1,3,,,,,,,711,689,950,TLAXCALA,0.748421052631579,0,,,,,,74,19,,,,,,0,,,189,,,,,168,,,,0,28,0,0,0,0,0,0,0,0,0,0,0,0,,,,,,,,,,,,,,,,,,,,,,,,,,,,,,,,,,,,,,,,,,
IXTACUIXTLA DE MARIANO MATAMOROS,29015,251,2016,June,837,149,128,4,13,,,,,,,1837,1807,2807,TLAXCALA,0.654435340220876,0,,,,,,176,8,,,,,,0,,,119,,,,,290,,,,0,83,0,0,0,0,0,0,0,0,0,0,0,0,,,,,,,,,,,,,,,,,,,,,,,,,,,,,,,,,,,,,,,,,,
IXTACUIXTLA DE MARIANO MATAMOROS,29015,252,2016,June,407,24,87,11,8,,,,,,,1082,1054,1808,TLAXCALA,0.598451327433628,0,,,,,,68,9,,,,,,0,,,122,,,,,276,,,,0,42,0,0,0,0,0,0,0,0,0,0,0,0,,,,,,,,,,,,,,,,,,,,,,,,,,,,,,,,,,,,,,,,,,
IXTACUIXTLA DE MARIANO MATAMOROS,29015,253,2016,June,375,21,63,8,11,,,,,,,955,937,1578,TLAXCALA,0.605196451204056,0,,,,,,44,23,,,,,,0,,,114,,,,,246,,,,0,32,0,0,0,0,0,0,0,0,0,0,0,0,,,,,,,,,,,,,,,,,,,,,,,,,,,,,,,,,,,,,,,,,,
IXTACUIXTLA DE MARIANO MATAMOROS,29015,256,2016,June,205,41,167,5,9,,,,,,,771,737,1351,TLAXCALA,0.570688378978534,0,,,,,,181,4,,,,,,0,,,33,,,,,65,,,,0,27,0,0,0,0,0,0,0,0,0,0,0,0,,,,,,,,,,,,,,,,,,,,,,,,,,,,,,,,,,,,,,,,,,
IXTACUIXTLA DE MARIANO MATAMOROS,29015,257,2016,June,110,19,90,5,10,,,,,,,538,507,919,TLAXCALA,0.585418933623504,0,,,,,,110,6,,,,,,0,,,82,,,,,66,,,,0,9,0,0,0,0,0,0,0,0,0,0,0,0,,,,,,,,,,,,,,,,,,,,,,,,,,,,,,,,,,,,,,,,,,
IXTACUIXTLA DE MARIANO MATAMOROS,29015,258,2016,June,56,6,16,6,2,,,,,,,215,211,364,TLAXCALA,0.590659340659341,0,,,,,,37,2,,,,,,0,,,29,,,,,46,,,,0,11,0,0,0,0,0,0,0,0,0,0,0,0,,,,,,,,,,,,,,,,,,,,,,,,,,,,,,,,,,,,,,,,,,
IXTENCO,29016,259,2016,June,126,50,73,114,24,,,,,,,1068,1028,1392,TLAXCALA,0.767241379310345,0,,,,,,121,135,,,,,,0,,,56,,,,,2,,,,0,110,129,0,0,88,0,0,0,0,0,0,0,0,,,,,,,,,,,,,,,,,,,,,,,,,,,,,,,,,,,,,,,,,,
IXTENCO,29016,260,2016,June,86,40,60,129,37,,,,,,,885,840,1172,TLAXCALA,0.755119453924915,0,,,,,,92,81,,,,,,0,,,48,,,,,4,,,,0,62,128,0,0,73,0,0,0,0,0,0,0,0,,,,,,,,,,,,,,,,,,,,,,,,,,,,,,,,,,,,,,,,,,
IXTENCO,29016,261,2016,June,48,40,99,138,48,,,,,,,1040,997,1461,TLAXCALA,0.711841204654346,0,,,,,,108,105,,,,,,0,,,54,,,,,6,,,,0,126,169,0,0,56,0,0,0,0,0,0,0,0,,,,,,,,,,,,,,,,,,,,,,,,,,,,,,,,,,,,,,,,,,
IXTENCO,29016,262,2016,June,70,44,106,89,16,,,,,,,728,697,1034,TLAXCALA,0.704061895551257,0,,,,,,77,46,,,,,,0,,,24,,,,,2,,,,0,74,95,0,0,54,0,0,0,0,0,0,0,0,,,,,,,,,,,,,,,,,,,,,,,,,,,,,,,,,,,,,,,,,,
LA MAGDALENA TLALTELULCO,29048,150,2016,June,0,64,80,225,0,,,,,,,766,694,,TLAXCALA,,111,,,,,,57,7,,,,,,0,,,0,,,,,18,,,,0,51,81,0,0,0,0,0,0,0,0,0,0,0,,,,,,,,,,,,,,,,,,,,,,,,,,,,,,,,,,,,,,,,,,
LA MAGDALENA TLALTELULCO,29048,151,2016,June,0,327,260,935,0,,,,,,,3317,3230,,TLAXCALA,,657,,,,,,188,36,,,,,,0,,,0,,,,,154,,,,0,195,478,0,0,0,0,0,0,0,0,0,0,0,,,,,,,,,,,,,,,,,,,,,,,,,,,,,,,,,,,,,,,,,,
LA MAGDALENA TLALTELULCO,29048,152,2016,June,0,168,213,545,0,,,,,,,2095,2052,,TLAXCALA,,364,,,,,,212,12,,,,,,0,,,0,,,,,228,,,,0,45,265,0,0,0,0,0,0,0,0,0,0,0,,,,,,,,,,,,,,,,,,,,,,,,,,,,,,,,,,,,,,,,,,
LA MAGDALENA TLALTELULCO,29048,153,2016,June,0,104,37,247,0,,,,,,,1108,1074,,TLAXCALA,,113,,,,,,325,12,,,,,,0,,,0,,,,,100,,,,0,20,116,0,0,0,0,0,0,0,0,0,0,0,,,,,,,,,,,,,,,,,,,,,,,,,,,,,,,,,,,,,,,,,,
LA MAGDALENA TLALTELULCO,29048,154,2016,June,0,97,105,253,0,,,,,,,1167,1138,,TLAXCALA,,259,,,,,,92,8,,,,,,0,,,0,,,,,140,,,,0,47,137,0,0,0,0,0,0,0,0,0,0,0,,,,,,,,,,,,,,,,,,,,,,,,,,,,,,,,,,,,,,,,,,
LA MAGDALENA TLALTELULCO,29048,155,2016,June,0,113,75,319,0,,,,,,,1261,1237,,TLAXCALA,,403,,,,,,61,7,,,,,,0,,,0,,,,,95,,,,0,45,119,0,0,0,0,0,0,0,0,0,0,0,,,,,,,,,,,,,,,,,,,,,,,,,,,,,,,,,,,,,,,,,,
LAZARO CARDENAS,29047,402,2016,June,41,0,1,52,54,,,,,,,212,208,,TLAXCALA,,0,,,,,,0,49,,,,,,0,,,4,,,,,0,,,,0,1,6,0,0,0,0,0,0,0,0,0,0,0,,,,,,,,,,,,,,,,,,,,,,,,,,,,,,,,,,,,,,,,,,
LAZARO CARDENAS,29047,606,2016,June,126,8,11,364,395,,,,,,,1513,1452,,TLAXCALA,,0,,,,,,0,190,,,,,,0,,,94,,,,,0,,,,0,38,226,0,0,0,0,0,0,0,0,0,0,0,,,,,,,,,,,,,,,,,,,,,,,,,,,,,,,,,,,,,,,,,,
MAZATECOCHCO DE JOSE MARIA MORELOS,29017,263,2016,June,148,46,205,218,446,,,,,,,1553,1512,,TLAXCALA,,0,,,,,,0,11,,,,,,0,,,0,,,,,55,,,,0,26,136,0,0,221,0,0,0,0,0,0,0,0,,,,,,,,,,,,,,,,,,,,,,,,,,,,,,,,,,,,,,,,,,
MAZATECOCHCO DE JOSE MARIA MORELOS,29017,264,2016,June,147,23,110,179,259,,,,,,,1480,1445,,TLAXCALA,,0,,,,,,0,22,,,,,,0,,,0,,,,,44,,,,0,15,133,0,0,513,0,0,0,0,0,0,0,0,,,,,,,,,,,,,,,,,,,,,,,,,,,,,,,,,,,,,,,,,,
MAZATECOCHCO DE JOSE MARIA MORELOS,29017,265,2016,June,103,48,223,190,226,,,,,,,1450,1405,,TLAXCALA,,0,,,,,,0,11,,,,,,0,,,0,,,,,138,,,,0,25,101,0,0,340,0,0,0,0,0,0,0,0,,,,,,,,,,,,,,,,,,,,,,,,,,,,,,,,,,,,,,,,,,
MAZATECOCHCO DE JOSE MARIA MORELOS,29017,266,2016,June,86,26,232,170,206,,,,,,,1128,1104,,TLAXCALA,,0,,,,,,0,16,,,,,,0,,,0,,,,,65,,,,0,19,144,0,0,140,0,0,0,0,0,0,0,0,,,,,,,,,,,,,,,,,,,,,,,,,,,,,,,,,,,,,,,,,,
MUNOZ DE DOMINGO ARENAS,29011,161,2016,June,444,173,14,343,89,,,,,,,1318,1284,,TLAXCALA,,0,,,,,,87,34,,,,,,0,,,0,,,,,1,,,,0,99,0,0,0,0,0,0,0,0,0,0,0,0,,,,,,,,,,,,,,,,,,,,,,,,,,,,,,,,,,,,,,,,,,
MUNOZ DE DOMINGO ARENAS,29011,162,2016,June,107,272,5,33,190,,,,,,,709,677,,TLAXCALA,,0,,,,,,34,9,,,,,,0,,,0,,,,,2,,,,0,25,0,0,0,0,0,0,0,0,0,0,0,0,,,,,,,,,,,,,,,,,,,,,,,,,,,,,,,,,,,,,,,,,,
MUNOZ DE DOMINGO ARENAS,29011,163,2016,June,77,117,6,55,46,,,,,,,339,319,,TLAXCALA,,0,,,,,,2,2,,,,,,0,,,0,,,,,0,,,,0,14,0,0,0,0,0,0,0,0,0,0,0,0,,,,,,,,,,,,,,,,,,,,,,,,,,,,,,,,,,,,,,,,,,
MUNOZ DE DOMINGO ARENAS,29011,164,2016,June,89,26,3,20,17,,,,,,,199,185,,TLAXCALA,,0,,,,,,17,8,,,,,,0,,,0,,,,,0,,,,0,5,0,0,0,0,0,0,0,0,0,0,0,0,,,,,,,,,,,,,,,,,,,,,,,,,,,,,,,,,,,,,,,,,,
NANACAMILPA DE MARIANO ARISTA,29021,299,2016,June,0,91,79,150,7,,,,,,,1089,1050,2541,TLAXCALA,0.428571428571429,0,,,,,,312,0,,,,,,0,,,10,,,,,12,,,,0,119,0,0,0,0,0,0,0,270,0,0,0,0,,,,,,,,,,,,,,,,,,,,,,,,,,,,,,,,,,,,,,,,,,
NANACAMILPA DE MARIANO ARISTA,29021,300,2016,June,0,79,61,155,4,,,,,,,814,787,1326,TLAXCALA,0.613876319758673,0,,,,,,259,0,,,,,,0,,,4,,,,,9,,,,0,38,0,0,0,0,0,0,0,178,0,0,0,0,,,,,,,,,,,,,,,,,,,,,,,,,,,,,,,,,,,,,,,,,,
NANACAMILPA DE MARIANO ARISTA,29021,301,2016,June,0,126,138,234,9,,,,,,,1368,1307,2270,TLAXCALA,0.602643171806168,0,,,,,,355,0,,,,,,0,,,5,,,,,9,,,,0,37,0,0,0,0,0,0,0,394,0,0,0,0,,,,,,,,,,,,,,,,,,,,,,,,,,,,,,,,,,,,,,,,,,
NANACAMILPA DE MARIANO ARISTA,29021,302,2016,June,0,73,172,207,9,,,,,,,1406,1339,2328,TLAXCALA,0.603951890034364,0,,,,,,318,0,,,,,,0,,,13,,,,,23,,,,0,156,0,0,0,0,0,0,0,368,0,0,0,0,,,,,,,,,,,,,,,,,,,,,,,,,,,,,,,,,,,,,,,,,,
NANACAMILPA DE MARIANO ARISTA,29021,303,2016,June,0,37,92,59,2,,,,,,,543,523,825,TLAXCALA,0.658181818181818,0,,,,,,136,0,,,,,,0,,,5,,,,,6,,,,0,39,0,0,0,0,0,0,0,147,0,0,0,0,,,,,,,,,,,,,,,,,,,,,,,,,,,,,,,,,,,,,,,,,,
NANACAMILPA DE MARIANO ARISTA,29021,304,2016,June,0,48,12,118,0,,,,,,,662,646,915,TLAXCALA,0.723497267759563,0,,,,,,146,0,,,,,,0,,,6,,,,,10,,,,0,20,0,0,0,0,0,0,0,286,0,0,0,0,,,,,,,,,,,,,,,,,,,,,,,,,,,,,,,,,,,,,,,,,,
NANACAMILPA DE MARIANO ARISTA,29021,305,2016,June,0,17,9,42,3,,,,,,,223,217,333,TLAXCALA,0.66966966966967,0,,,,,,17,0,,,,,,0,,,1,,,,,3,,,,0,10,0,0,0,0,0,0,0,115,0,0,0,0,,,,,,,,,,,,,,,,,,,,,,,,,,,,,,,,,,,,,,,,,,
NANACAMILPA DE MARIANO ARISTA,29021,306,2016,June,0,15,9,10,0,,,,,,,134,127,172,TLAXCALA,0.779069767441861,0,,,,,,7,0,,,,,,0,,,1,,,,,1,,,,0,28,0,0,0,0,0,0,0,56,0,0,0,0,,,,,,,,,,,,,,,,,,,,,,,,,,,,,,,,,,,,,,,,,,
NANACAMILPA DE MARIANO ARISTA,29021,307,2016,June,0,16,24,44,1,,,,,,,358,345,506,TLAXCALA,0.707509881422925,0,,,,,,102,0,,,,,,0,,,2,,,,,3,,,,0,21,0,0,0,0,0,0,0,132,0,0,0,0,,,,,,,,,,,,,,,,,,,,,,,,,,,,,,,,,,,,,,,,,,
NANACAMILPA DE MARIANO ARISTA,29021,308,2016,June,0,35,61,143,7,,,,,,,814,787,1170,TLAXCALA,0.695726495726496,0,,,,,,204,0,,,,,,0,,,3,,,,,1,,,,0,74,0,0,0,0,0,0,0,259,0,0,0,0,,,,,,,,,,,,,,,,,,,,,,,,,,,,,,,,,,,,,,,,,,
NATIVITAS,29023,318,2016,June,0,13,0,0,7,,,,,,,579,567,843,TLAXCALA,0.686832740213523,0,,,,,,0,97,,,,,,2,,,343,,,,,1,,,,0,29,2,73,0,0,0,0,0,0,0,0,0,0,,,,,,,,,,,,,,,,,,,,,,,,,,,,,,,,,,,,,,,,,,
NATIVITAS,29023,319,2016,June,0,70,0,0,106,,,,,,,1605,1567,2537,TLAXCALA,0.632636972802523,0,,,,,,0,82,,,,,,17,,,915,,,,,2,,,,0,82,0,293,0,0,0,0,0,0,0,0,0,0,,,,,,,,,,,,,,,,,,,,,,,,,,,,,,,,,,,,,,,,,,
NATIVITAS,29023,320,2016,June,0,16,0,0,27,,,,,,,417,408,554,TLAXCALA,0.752707581227437,0,,,,,,0,15,,,,,,3,,,209,,,,,1,,,,0,14,1,122,0,0,0,0,0,0,0,0,0,0,,,,,,,,,,,,,,,,,,,,,,,,,,,,,,,,,,,,,,,,,,
NATIVITAS,29023,321,2016,June,0,54,0,0,66,,,,,,,442,431,706,TLAXCALA,0.626062322946176,0,,,,,,0,9,,,,,,3,,,174,,,,,3,,,,0,33,0,89,0,0,0,0,0,0,0,0,0,0,,,,,,,,,,,,,,,,,,,,,,,,,,,,,,,,,,,,,,,,,,
NATIVITAS,29023,322,2016,June,0,24,0,0,23,,,,,,,753,739,1055,TLAXCALA,0.713744075829384,0,,,,,,0,89,,,,,,3,,,417,,,,,2,,,,0,25,1,155,0,0,0,0,0,0,0,0,0,0,,,,,,,,,,,,,,,,,,,,,,,,,,,,,,,,,,,,,,,,,,
NATIVITAS,29023,323,2016,June,0,37,0,0,172,,,,,,,769,722,1667,TLAXCALA,0.46130773845231,0,,,,,,0,66,,,,,,9,,,202,,,,,9,,,,0,57,5,165,0,0,0,0,0,0,0,0,0,0,,,,,,,,,,,,,,,,,,,,,,,,,,,,,,,,,,,,,,,,,,
NATIVITAS,29023,324,2016,June,0,15,0,0,88,,,,,,,403,381,628,TLAXCALA,0.64171974522293,0,,,,,,0,13,,,,,,5,,,162,,,,,4,,,,0,18,1,75,0,0,0,0,0,0,0,0,0,0,,,,,,,,,,,,,,,,,,,,,,,,,,,,,,,,,,,,,,,,,,
NATIVITAS,29023,325,2016,June,0,217,0,0,130,,,,,,,828,783,1314,TLAXCALA,0.63013698630137,0,,,,,,0,56,,,,,,20,,,180,,,,,2,,,,0,38,0,140,0,0,0,0,0,0,0,0,0,0,,,,,,,,,,,,,,,,,,,,,,,,,,,,,,,,,,,,,,,,,,
NATIVITAS,29023,326,2016,June,0,154,0,0,113,,,,,,,1396,1354,2075,TLAXCALA,0.67277108433735,0,,,,,,0,52,,,,,,17,,,618,,,,,8,,,,0,88,3,301,0,0,0,0,0,0,0,0,0,0,,,,,,,,,,,,,,,,,,,,,,,,,,,,,,,,,,,,,,,,,,
NATIVITAS,29023,327,2016,June,0,200,0,0,78,,,,,,,1006,973,1653,TLAXCALA,0.608590441621295,0,,,,,,0,31,,,,,,15,,,350,,,,,12,,,,0,103,0,184,0,0,0,0,0,0,0,0,0,0,,,,,,,,,,,,,,,,,,,,,,,,,,,,,,,,,,,,,,,,,,
NATIVITAS,29023,328,2016,June,0,30,0,0,63,,,,,,,552,534,818,TLAXCALA,0.67481662591687,0,,,,,,0,11,,,,,,9,,,268,,,,,3,,,,0,21,3,126,0,0,0,0,0,0,0,0,0,0,,,,,,,,,,,,,,,,,,,,,,,,,,,,,,,,,,,,,,,,,,
NATIVITAS,29023,329,2016,June,0,33,0,0,525,,,,,,,1014,987,1437,TLAXCALA,0.705636743215031,0,,,,,,0,10,,,,,,8,,,161,,,,,3,,,,0,33,5,209,0,0,0,0,0,0,0,0,0,0,,,,,,,,,,,,,,,,,,,,,,,,,,,,,,,,,,,,,,,,,,
NATIVITAS,29023,330,2016,June,0,38,0,0,442,,,,,,,804,787,1115,TLAXCALA,0.721076233183857,0,,,,,,0,5,,,,,,21,,,156,,,,,2,,,,0,18,6,99,0,0,0,0,0,0,0,0,0,0,,,,,,,,,,,,,,,,,,,,,,,,,,,,,,,,,,,,,,,,,,
NATIVITAS,29023,331,2016,June,0,41,0,0,64,,,,,,,740,705,1110,TLAXCALA,0.666666666666667,0,,,,,,0,112,,,,,,21,,,234,,,,,5,,,,0,46,2,180,0,0,0,0,0,0,0,0,0,0,,,,,,,,,,,,,,,,,,,,,,,,,,,,,,,,,,,,,,,,,,
PANOTLA,29024,332,2016,June,1,13,6,0,10,,,,,,,70,69,314,TLAXCALA,0.222929936305732,0,,,,,,1,0,,,,,,0,,,3,,,,,2,,,,0,4,1,0,0,3,23,1,0,0,1,0,0,0,,,,,,,,,,,,,,,,,,,,,,,,,,,,,,,,,,,,,,,,,,
PANOTLA,29024,333,2016,June,75,48,171,8,71,,,,,,,666,637,1226,TLAXCALA,0.543230016313214,0,,,,,,5,0,,,,,,0,,,84,,,,,13,,,,0,42,17,0,0,27,36,20,0,0,20,0,0,0,,,,,,,,,,,,,,,,,,,,,,,,,,,,,,,,,,,,,,,,,,
PANOTLA,29024,334,2016,June,52,47,86,15,116,,,,,,,720,691,994,TLAXCALA,0.724346076458753,0,,,,,,4,0,,,,,,0,,,30,,,,,8,,,,0,123,24,0,0,76,74,22,0,0,14,0,0,0,,,,,,,,,,,,,,,,,,,,,,,,,,,,,,,,,,,,,,,,,,
PANOTLA,29024,335,2016,June,30,58,105,10,74,,,,,,,516,499,876,TLAXCALA,0.589041095890411,0,,,,,,4,0,,,,,,0,,,14,,,,,3,,,,0,59,17,0,0,49,48,21,0,0,7,0,0,0,,,,,,,,,,,,,,,,,,,,,,,,,,,,,,,,,,,,,,,,,,
PANOTLA,29024,336,2016,June,175,120,396,51,216,,,,,,,1870,1800,2708,TLAXCALA,0.690546528803545,0,,,,,,18,0,,,,,,0,,,74,,,,,23,,,,0,150,37,0,0,139,209,117,0,0,75,0,0,0,,,,,,,,,,,,,,,,,,,,,,,,,,,,,,,,,,,,,,,,,,
PANOTLA,29024,337,2016,June,88,61,208,29,264,,,,,,,1292,1236,1812,TLAXCALA,0.713024282560706,0,,,,,,11,0,,,,,,0,,,70,,,,,8,,,,0,131,37,0,0,99,132,76,0,0,22,0,0,0,,,,,,,,,,,,,,,,,,,,,,,,,,,,,,,,,,,,,,,,,,
PANOTLA,29024,338,2016,June,89,113,320,177,124,,,,,,,1337,1258,2218,TLAXCALA,0.602795311091073,0,,,,,,26,0,,,,,,0,,,60,,,,,8,,,,0,27,5,0,0,151,14,103,0,0,41,0,0,0,,,,,,,,,,,,,,,,,,,,,,,,,,,,,,,,,,,,,,,,,,
PANOTLA,29024,339,2016,June,80,75,215,13,20,,,,,,,508,479,785,TLAXCALA,0.647133757961783,0,,,,,,18,0,,,,,,0,,,11,,,,,2,,,,0,1,15,0,0,9,9,3,0,0,8,0,0,0,,,,,,,,,,,,,,,,,,,,,,,,,,,,,,,,,,,,,,,,,,
PANOTLA,29024,340,2016,June,59,34,136,12,52,,,,,,,386,363,677,TLAXCALA,0.570162481536189,0,,,,,,2,0,,,,,,0,,,16,,,,,7,,,,0,4,2,0,0,17,2,9,0,0,11,0,0,0,,,,,,,,,,,,,,,,,,,,,,,,,,,,,,,,,,,,,,,,,,
PANOTLA,29024,341,2016,June,38,7,18,5,30,,,,,,,140,138,167,TLAXCALA,0.838323353293413,0,,,,,,0,0,,,,,,0,,,0,,,,,0,,,,0,17,0,0,0,8,2,2,0,0,11,0,0,0,,,,,,,,,,,,,,,,,,,,,,,,,,,,,,,,,,,,,,,,,,
PANOTLA,29024,342,2016,June,166,74,381,70,51,,,,,,,1292,1246,1765,TLAXCALA,0.732011331444759,0,,,,,,11,0,,,,,,0,,,146,,,,,11,,,,0,40,9,0,0,117,55,35,0,0,80,0,0,0,,,,,,,,,,,,,,,,,,,,,,,,,,,,,,,,,,,,,,,,,,
PANOTLA,29024,343,2016,June,93,34,205,4,23,,,,,,,534,517,652,TLAXCALA,0.819018404907976,0,,,,,,8,0,,,,,,0,,,3,,,,,1,,,,0,8,5,0,0,51,3,34,0,0,45,0,0,0,,,,,,,,,,,,,,,,,,,,,,,,,,,,,,,,,,,,,,,,,,
PANOTLA,29024,344,2016,June,99,16,88,13,13,,,,,,,566,560,709,TLAXCALA,0.798307475317348,0,,,,,,5,0,,,,,,0,,,37,,,,,21,,,,0,14,4,0,0,34,8,26,0,0,182,0,0,0,,,,,,,,,,,,,,,,,,,,,,,,,,,,,,,,,,,,,,,,,,
PANOTLA,29024,345,2016,June,75,42,201,70,98,,,,,,,1137,1107,1537,TLAXCALA,0.739752765126871,0,,,,,,23,0,,,,,,0,,,30,,,,,26,,,,0,75,1,0,0,143,82,30,0,0,211,0,0,0,,,,,,,,,,,,,,,,,,,,,,,,,,,,,,,,,,,,,,,,,,
PANOTLA,29024,346,2016,June,65,42,141,87,59,,,,,,,1103,1052,1595,TLAXCALA,0.69153605015674,0,,,,,,11,0,,,,,,0,,,35,,,,,130,,,,0,70,19,0,0,209,16,103,0,0,65,0,0,0,,,,,,,,,,,,,,,,,,,,,,,,,,,,,,,,,,,,,,,,,,
PANOTLA,29024,347,2016,June,70,50,133,93,70,,,,,,,1172,1123,1766,TLAXCALA,0.663646659116648,0,,,,,,6,0,,,,,,0,,,78,,,,,139,,,,0,69,12,0,0,274,27,79,0,0,23,0,0,0,,,,,,,,,,,,,,,,,,,,,,,,,,,,,,,,,,,,,,,,,,
PAPALOTLA DE XICOHTENCATL,29041,558,2016,June,0,509,293,6,0,,,,,,,1549,1513,2200,TLAXCALA,0.704090909090909,272,,,,,,0,0,,,,,,0,,,101,,,,,279,,,,0,53,0,0,0,0,0,0,0,0,0,0,0,0,,,,,,,,,,,,,,,,,,,,,,,,,,,,,,,,,,,,,,,,,,
PAPALOTLA DE XICOHTENCATL,29041,559,2016,June,0,362,174,3,0,,,,,,,1229,1215,1768,TLAXCALA,0.695135746606335,385,,,,,,0,0,,,,,,0,,,83,,,,,149,,,,0,59,0,0,0,0,0,0,0,0,0,0,0,0,,,,,,,,,,,,,,,,,,,,,,,,,,,,,,,,,,,,,,,,,,
PAPALOTLA DE XICOHTENCATL,29041,560,2016,June,0,323,357,5,0,,,,,,,1615,1575,2501,TLAXCALA,0.645741703318673,350,,,,,,0,0,,,,,,0,,,97,,,,,376,,,,0,67,0,0,0,0,0,0,0,0,0,0,0,0,,,,,,,,,,,,,,,,,,,,,,,,,,,,,,,,,,,,,,,,,,
PAPALOTLA DE XICOHTENCATL,29041,561,2016,June,0,471,386,5,0,,,,,,,1550,1527,2280,TLAXCALA,0.679824561403509,286,,,,,,0,0,,,,,,0,,,55,,,,,274,,,,0,50,0,0,0,0,0,0,0,0,0,0,0,0,,,,,,,,,,,,,,,,,,,,,,,,,,,,,,,,,,,,,,,,,,
PAPALOTLA DE XICOHTENCATL,29041,562,2016,June,0,286,272,5,0,,,,,,,1257,1238,2032,TLAXCALA,0.618602362204724,264,,,,,,0,0,,,,,,0,,,86,,,,,268,,,,0,57,0,0,0,0,0,0,0,0,0,0,0,0,,,,,,,,,,,,,,,,,,,,,,,,,,,,,,,,,,,,,,,,,,
PAPALOTLA DE XICOHTENCATL,29041,563,2016,June,0,171,321,24,0,,,,,,,1358,1297,1952,TLAXCALA,0.695696721311475,316,,,,,,0,0,,,,,,0,,,92,,,,,276,,,,0,96,1,0,0,0,0,0,0,0,0,0,0,0,,,,,,,,,,,,,,,,,,,,,,,,,,,,,,,,,,,,,,,,,,
PAPALOTLA DE XICOHTENCATL,29041,564,2016,June,0,216,184,4,0,,,,,,,1114,1074,1878,TLAXCALA,0.593184238551651,260,,,,,,0,0,,,,,,0,,,129,,,,,230,,,,0,51,0,0,0,0,0,0,0,0,0,0,0,0,,,,,,,,,,,,,,,,,,,,,,,,,,,,,,,,,,,,,,,,,,
PAPALOTLA DE XICOHTENCATL,29041,565,2016,June,0,173,123,0,0,,,,,,,705,682,1117,TLAXCALA,0.631154879140555,116,,,,,,0,0,,,,,,0,,,66,,,,,147,,,,0,57,0,0,0,0,0,0,0,0,0,0,0,0,,,,,,,,,,,,,,,,,,,,,,,,,,,,,,,,,,,,,,,,,,
PAPALOTLA DE XICOHTENCATL,29041,566,2016,June,0,114,255,6,0,,,,,,,957,906,1314,TLAXCALA,0.728310502283105,353,,,,,,0,0,,,,,,0,,,77,,,,,68,,,,0,33,0,0,0,0,0,0,0,0,0,0,0,0,,,,,,,,,,,,,,,,,,,,,,,,,,,,,,,,,,,,,,,,,,
PAPALOTLA DE XICOHTENCATL,29041,567,2016,June,0,112,184,7,0,,,,,,,867,804,1293,TLAXCALA,0.670533642691415,206,,,,,,0,0,,,,,,0,,,88,,,,,169,,,,0,38,0,0,0,0,0,0,0,0,0,0,0,0,,,,,,,,,,,,,,,,,,,,,,,,,,,,,,,,,,,,,,,,,,
PAPALOTLA DE XICOHTENCATL,29041,568,2016,June,0,142,142,4,0,,,,,,,650,637,1179,TLAXCALA,0.551314673452078,124,,,,,,0,0,,,,,,0,,,24,,,,,157,,,,0,44,0,0,0,0,0,0,0,0,0,0,0,0,,,,,,,,,,,,,,,,,,,,,,,,,,,,,,,,,,,,,,,,,,
PAPALOTLA DE XICOHTENCATL,29041,569,2016,June,0,118,92,3,0,,,,,,,459,448,836,TLAXCALA,0.549043062200957,135,,,,,,0,0,,,,,,0,,,24,,,,,56,,,,0,20,0,0,0,0,0,0,0,0,0,0,0,0,,,,,,,,,,,,,,,,,,,,,,,,,,,,,,,,,,,,,,,,,,
SANTA ANA NOPALUCAN,29056,254,2016,June,0,408,26,0,0,,,,,,,1523,1481,,TLAXCALA,,248,,,,,,0,588,,,,,,0,,,134,,,,,5,,,,0,72,0,0,0,0,0,0,0,0,0,0,0,0,,,,,,,,,,,,,,,,,,,,,,,,,,,,,,,,,,,,,,,,,,
SANTA ANA NOPALUCAN,29056,255,2016,June,0,594,29,0,0,,,,,,,2029,1954,,TLAXCALA,,337,,,,,,0,662,,,,,,0,,,235,,,,,8,,,,0,89,0,0,0,0,0,0,0,0,0,0,0,0,,,,,,,,,,,,,,,,,,,,,,,,,,,,,,,,,,,,,,,,,,
SAN DAMIAN TEXOLOC,29049,429,2016,June,0,72,511,5,0,,,,,,,1534,1500,,TLAXCALA,,0,,,,,,0,0,,,,,,0,,,469,,,,,84,,,,0,75,0,0,54,201,29,0,0,0,0,0,0,0,,,,,,,,,,,,,,,,,,,,,,,,,,,,,,,,,,,,,,,,,,
SAN DAMIAN TEXOLOC,29049,430,2016,June,0,56,600,22,0,,,,,,,1720,1686,,TLAXCALA,,0,,,,,,0,0,,,,,,0,,,542,,,,,95,,,,0,52,0,0,93,218,8,0,0,0,0,0,0,0,,,,,,,,,,,,,,,,,,,,,,,,,,,,,,,,,,,,,,,,,,
SAN FRANCISCO TETLANOHCAN,29050,158,2016,June,564,390,426,7,484,,,,,,,2321,2263,,TLAXCALA,,0,,,,,,0,48,,,,,,0,,,0,,,,,76,,,,0,268,0,0,0,0,0,0,0,0,0,0,0,0,,,,,,,,,,,,,,,,,,,,,,,,,,,,,,,,,,,,,,,,,,
SAN FRANCISCO TETLANOHCAN,29050,159,2016,June,403,372,315,4,262,,,,,,,1667,1611,,TLAXCALA,,0,,,,,,0,52,,,,,,0,,,0,,,,,46,,,,0,157,0,0,0,0,0,0,0,0,0,0,0,0,,,,,,,,,,,,,,,,,,,,,,,,,,,,,,,,,,,,,,,,,,
SAN FRANCISCO TETLANOHCAN,29050,160,2016,June,432,444,384,10,369,,,,,,,2005,1941,,TLAXCALA,,0,,,,,,0,80,,,,,,0,,,0,,,,,60,,,,0,162,0,0,0,0,0,0,0,0,0,0,0,0,,,,,,,,,,,,,,,,,,,,,,,,,,,,,,,,,,,,,,,,,,
SAN JERONIMO ZACUALPAN,29051,432,2016,June,434,77,0,0,0,,,,,,,1021,998,,TLAXCALA,,0,,,,,,0,197,,,,,,0,,,0,,,,,0,,,,0,290,0,0,0,0,0,0,0,0,0,0,0,0,,,,,,,,,,,,,,,,,,,,,,,,,,,,,,,,,,,,,,,,,,
SAN JERONIMO ZACUALPAN,29051,433,2016,June,475,133,0,0,0,,,,,,,1285,1247,,TLAXCALA,,0,,,,,,0,228,,,,,,0,,,0,,,,,0,,,,0,411,0,0,0,0,0,0,0,0,0,0,0,0,,,,,,,,,,,,,,,,,,,,,,,,,,,,,,,,,,,,,,,,,,
SAN JOSE TEACALCO,29052,531,2016,June,149,74,97,2,95,,,,,,,840,811,,TLAXCALA,,0,,,,,,0,11,,,,,,0,,,180,,,,,0,,,,0,137,66,0,0,0,0,0,0,0,0,0,0,0,,,,,,,,,,,,,,,,,,,,,,,,,,,,,,,,,,,,,,,,,,
SAN JOSE TEACALCO,29052,532,2016,June,123,73,33,0,80,,,,,,,536,521,,TLAXCALA,,0,,,,,,0,5,,,,,,0,,,117,,,,,0,,,,0,38,52,0,0,0,0,0,0,0,0,0,0,0,,,,,,,,,,,,,,,,,,,,,,,,,,,,,,,,,,,,,,,,,,
SAN JOSE TEACALCO,29052,533,2016,June,114,26,47,1,62,,,,,,,483,469,,TLAXCALA,,0,,,,,,0,12,,,,,,0,,,124,,,,,0,,,,0,57,26,0,0,0,0,0,0,0,0,0,0,0,,,,,,,,,,,,,,,,,,,,,,,,,,,,,,,,,,,,,,,,,,
SAN JOSE TEACALCO,29052,534,2016,June,211,107,62,2,88,,,,,,,830,806,,TLAXCALA,,0,,,,,,0,14,,,,,,0,,,168,,,,,7,,,,0,69,78,0,0,0,0,0,0,0,0,0,0,0,,,,,,,,,,,,,,,,,,,,,,,,,,,,,,,,,,,,,,,,,,
SAN JOSE TEACALCO,29052,535,2016,June,158,61,15,0,28,,,,,,,453,443,,TLAXCALA,,0,,,,,,0,7,,,,,,0,,,83,,,,,1,,,,0,50,40,0,0,0,0,0,0,0,0,0,0,0,,,,,,,,,,,,,,,,,,,,,,,,,,,,,,,,,,,,,,,,,,
SAN JUAN HUACTZINCO,29053,395,2016,June,0,21,124,268,87,,,,,,,2008,1939,,TLAXCALA,,0,,,,,,0,603,,,,,,0,,,321,,,,,247,,,,0,40,150,78,0,0,0,0,0,0,0,0,0,0,,,,,,,,,,,,,,,,,,,,,,,,,,,,,,,,,,,,,,,,,,
SAN JUAN HUACTZINCO,29053,396,2016,June,0,21,109,270,108,,,,,,,1734,1693,,TLAXCALA,,0,,,,,,0,421,,,,,,0,,,353,,,,,165,,,,0,73,125,48,0,0,0,0,0,0,0,0,0,0,,,,,,,,,,,,,,,,,,,,,,,,,,,,,,,,,,,,,,,,,,
SAN LORENZO AXOCOMANITLA,29054,586,2016,June,0,609,365,5,203,,,,,,,1473,1445,,TLAXCALA,,0,,,,,,0,0,,,,,,0,,,0,,,,,0,,,,0,33,38,0,0,0,0,0,192,0,0,0,0,0,,,,,,,,,,,,,,,,,,,,,,,,,,,,,,,,,,,,,,,,,,
SAN LORENZO AXOCOMANITLA,29054,587,2016,June,0,436,409,36,214,,,,,,,1466,1427,,TLAXCALA,,0,,,,,,0,0,,,,,,0,,,0,,,,,0,,,,0,58,46,0,0,0,0,0,228,0,0,0,0,0,,,,,,,,,,,,,,,,,,,,,,,,,,,,,,,,,,,,,,,,,,
SAN LUCAS TECOPILCO,29055,551,2016,June,354,4,0,0,30,,,,,,,1148,1109,,TLAXCALA,,0,,,,,,0,246,,,,,,7,,,29,,,,,388,,,,0,51,0,0,0,0,0,0,0,0,0,0,0,0,,,,,,,,,,,,,,,,,,,,,,,,,,,,,,,,,,,,,,,,,,
SAN LUCAS TECOPILCO,29055,552,2016,June,165,8,0,0,25,,,,,,,701,678,,TLAXCALA,,0,,,,,,0,157,,,,,,3,,,14,,,,,257,,,,0,49,0,0,0,0,0,0,0,0,0,0,0,0,,,,,,,,,,,,,,,,,,,,,,,,,,,,,,,,,,,,,,,,,,
SAN PABLO DEL MONTE,29025,348,2016,June,0,540,0,0,8,,,,,,,2248,2192,3167,TLAXCALA,0.709820018945374,0,,,,,,0,0,,,,,,431,,,13,,,,,34,,,,0,166,11,0,0,0,0,0,989,0,0,0,0,0,,,,,,,,,,,,,,,,,,,,,,,,,,,,,,,,,,,,,,,,,,
SAN PABLO DEL MONTE,29025,349,2016,June,0,714,0,0,8,,,,,,,2385,2326,3220,TLAXCALA,0.740683229813665,0,,,,,,0,0,,,,,,564,,,49,,,,,60,,,,0,272,8,0,0,0,0,0,651,0,0,0,0,0,,,,,,,,,,,,,,,,,,,,,,,,,,,,,,,,,,,,,,,,,,
SAN PABLO DEL MONTE,29025,350,2016,June,0,1143,0,0,24,,,,,,,2963,2851,4237,TLAXCALA,0.699315553457635,0,,,,,,0,0,,,,,,761,,,9,,,,,16,,,,0,256,20,0,0,0,0,0,622,0,0,0,0,0,,,,,,,,,,,,,,,,,,,,,,,,,,,,,,,,,,,,,,,,,,
SAN PABLO DEL MONTE,29025,351,2016,June,0,999,0,0,61,,,,,,,2525,2454,3461,TLAXCALA,0.729557931233748,0,,,,,,0,0,,,,,,668,,,11,,,,,11,,,,0,163,9,0,0,0,0,0,532,0,0,0,0,0,,,,,,,,,,,,,,,,,,,,,,,,,,,,,,,,,,,,,,,,,,
SAN PABLO DEL MONTE,29025,352,2016,June,0,737,0,0,69,,,,,,,1876,1840,2552,TLAXCALA,0.735109717868339,0,,,,,,0,0,,,,,,430,,,9,,,,,12,,,,0,109,3,0,0,0,0,0,471,0,0,0,0,0,,,,,,,,,,,,,,,,,,,,,,,,,,,,,,,,,,,,,,,,,,
SAN PABLO DEL MONTE,29025,353,2016,June,0,932,0,0,30,,,,,,,2105,2028,3071,TLAXCALA,0.685444480625204,0,,,,,,0,0,,,,,,535,,,17,,,,,47,,,,0,148,6,0,0,0,0,0,313,0,0,0,0,0,,,,,,,,,,,,,,,,,,,,,,,,,,,,,,,,,,,,,,,,,,
SAN PABLO DEL MONTE,29025,354,2016,June,0,856,0,0,23,,,,,,,2259,2198,3144,TLAXCALA,0.718511450381679,0,,,,,,0,0,,,,,,538,,,40,,,,,26,,,,0,172,12,0,0,0,0,0,531,0,0,0,0,0,,,,,,,,,,,,,,,,,,,,,,,,,,,,,,,,,,,,,,,,,,
SAN PABLO DEL MONTE,29025,355,2016,June,0,455,0,0,14,,,,,,,1847,1808,2612,TLAXCALA,0.707120980091884,0,,,,,,0,0,,,,,,588,,,11,,,,,19,,,,0,302,8,0,0,0,0,0,411,0,0,0,0,0,,,,,,,,,,,,,,,,,,,,,,,,,,,,,,,,,,,,,,,,,,
SAN PABLO DEL MONTE,29025,356,2016,June,0,598,0,0,58,,,,,,,2287,2199,3382,TLAXCALA,0.676227084565346,0,,,,,,0,0,,,,,,618,,,52,,,,,70,,,,0,271,13,0,0,0,0,0,519,0,0,0,0,0,,,,,,,,,,,,,,,,,,,,,,,,,,,,,,,,,,,,,,,,,,
SAN PABLO DEL MONTE,29025,357,2016,June,0,466,0,0,13,,,,,,,1802,1765,2670,TLAXCALA,0.674906367041199,0,,,,,,0,0,,,,,,468,,,4,,,,,16,,,,0,435,9,0,0,0,0,0,354,0,0,0,0,0,,,,,,,,,,,,,,,,,,,,,,,,,,,,,,,,,,,,,,,,,,
SAN PABLO DEL MONTE,29025,358,2016,June,0,686,0,0,23,,,,,,,2034,1983,3060,TLAXCALA,0.664705882352941,0,,,,,,0,0,,,,,,485,,,12,,,,,51,,,,0,305,11,0,0,0,0,0,410,0,0,0,0,0,,,,,,,,,,,,,,,,,,,,,,,,,,,,,,,,,,,,,,,,,,
SAN PABLO DEL MONTE,29025,359,2016,June,0,491,0,0,26,,,,,,,1479,1429,2180,TLAXCALA,0.678440366972477,0,,,,,,0,0,,,,,,325,,,15,,,,,23,,,,0,196,8,0,0,0,0,0,345,0,0,0,0,0,,,,,,,,,,,,,,,,,,,,,,,,,,,,,,,,,,,,,,,,,,
SAN PABLO DEL MONTE,29025,360,2016,June,0,536,0,0,27,,,,,,,1389,1342,2083,TLAXCALA,0.666826692270763,0,,,,,,0,0,,,,,,320,,,16,,,,,46,,,,0,172,9,0,0,0,0,0,216,0,0,0,0,0,,,,,,,,,,,,,,,,,,,,,,,,,,,,,,,,,,,,,,,,,,
SAN PABLO DEL MONTE,29025,361,2016,June,0,1424,0,0,6,,,,,,,1884,1815,2723,TLAXCALA,0.691883951524054,0,,,,,,0,0,,,,,,239,,,4,,,,,20,,,,0,52,3,0,0,0,0,0,67,0,0,0,0,0,,,,,,,,,,,,,,,,,,,,,,,,,,,,,,,,,,,,,,,,,,
SAN PABLO DEL MONTE,29025,362,2016,June,0,1493,0,0,11,,,,,,,2262,2177,3479,TLAXCALA,0.650186835297499,0,,,,,,0,0,,,,,,383,,,12,,,,,44,,,,0,62,5,0,0,0,0,0,167,0,0,0,0,0,,,,,,,,,,,,,,,,,,,,,,,,,,,,,,,,,,,,,,,,,,
SAN PABLO DEL MONTE,29025,363,2016,June,0,570,0,0,41,,,,,,,2535,2384,3778,TLAXCALA,0.670989941768131,0,,,,,,0,0,,,,,,635,,,35,,,,,229,,,,0,156,18,0,0,0,0,0,700,0,0,0,0,0,,,,,,,,,,,,,,,,,,,,,,,,,,,,,,,,,,,,,,,,,,
SAN PABLO DEL MONTE,29025,364,2016,June,0,366,0,0,24,,,,,,,1527,1459,2375,TLAXCALA,0.642947368421053,0,,,,,,0,0,,,,,,360,,,31,,,,,105,,,,0,118,11,0,0,0,0,0,444,0,0,0,0,0,,,,,,,,,,,,,,,,,,,,,,,,,,,,,,,,,,,,,,,,,,
SANCTORUM DE LAZARO CARDENAS,29020,292,2016,June,0,30,97,233,0,,,,,,,958,916,1365,TLAXCALA,0.701831501831502,31,,,,,,114,35,,,,,,0,,,191,,,,,40,,,,0,15,130,0,0,0,0,0,0,0,0,0,0,0,,,,,,,,,,,,,,,,,,,,,,,,,,,,,,,,,,,,,,,,,,
SANCTORUM DE LAZARO CARDENAS,29020,293,2016,June,0,63,49,207,0,,,,,,,926,898,1320,TLAXCALA,0.701515151515152,66,,,,,,127,67,,,,,,0,,,175,,,,,38,,,,0,21,85,0,0,0,0,0,0,0,0,0,0,0,,,,,,,,,,,,,,,,,,,,,,,,,,,,,,,,,,,,,,,,,,
SANCTORUM DE LAZARO CARDENAS,29020,294,2016,June,0,21,67,170,0,,,,,,,730,695,1002,TLAXCALA,0.728542914171657,24,,,,,,109,70,,,,,,0,,,117,,,,,20,,,,0,6,91,0,0,0,0,0,0,0,0,0,0,0,,,,,,,,,,,,,,,,,,,,,,,,,,,,,,,,,,,,,,,,,,
SANCTORUM DE LAZARO CARDENAS,29020,297,2016,June,0,443,197,60,0,,,,,,,950,926,1333,TLAXCALA,0.712678169542386,34,,,,,,56,21,,,,,,0,,,53,,,,,6,,,,0,22,34,0,0,0,0,0,0,0,0,0,0,0,,,,,,,,,,,,,,,,,,,,,,,,,,,,,,,,,,,,,,,,,,
SANCTORUM DE LAZARO CARDENAS,29020,298,2016,June,0,310,159,111,0,,,,,,,857,833,1248,TLAXCALA,0.686698717948718,35,,,,,,53,22,,,,,,0,,,65,,,,,5,,,,0,45,28,0,0,0,0,0,0,0,0,0,0,0,,,,,,,,,,,,,,,,,,,,,,,,,,,,,,,,,,,,,,,,,,
SANTA APOLONIA TEACALCO,29057,316,2016,June,0,434,0,0,0,,,,,,,1366,1336,,TLAXCALA,,0,,,,,,544,0,,,,,,231,,,87,,,,,12,,,,0,12,0,0,0,0,0,0,0,16,0,0,0,0,,,,,,,,,,,,,,,,,,,,,,,,,,,,,,,,,,,,,,,,,,
SANTA APOLONIA TEACALCO,29057,317,2016,June,0,544,0,0,0,,,,,,,1557,1536,,TLAXCALA,,0,,,,,,460,0,,,,,,358,,,139,,,,,23,,,,0,2,0,0,0,0,0,0,0,10,0,0,0,0,,,,,,,,,,,,,,,,,,,,,,,,,,,,,,,,,,,,,,,,,,
SANTA CATARINA AYOMETLA,29058,602,2016,June,0,341,393,29,0,,,,,,,1316,1277,,TLAXCALA,,0,,,,,,0,2,,,,,,0,,,204,,,,,50,,,,0,29,166,63,0,0,0,0,0,0,0,0,0,0,,,,,,,,,,,,,,,,,,,,,,,,,,,,,,,,,,,,,,,,,,
SANTA CATARINA AYOMETLA,29058,603,2016,June,0,363,197,80,0,,,,,,,952,911,,TLAXCALA,,0,,,,,,0,3,,,,,,0,,,58,,,,,12,,,,0,8,147,43,0,0,0,0,0,0,0,0,0,0,,,,,,,,,,,,,,,,,,,,,,,,,,,,,,,,,,,,,,,,,,
SANTA CATARINA AYOMETLA,29058,604,2016,June,0,647,537,33,0,,,,,,,1956,1907,,TLAXCALA,,0,,,,,,0,9,,,,,,0,,,181,,,,,53,,,,0,9,327,111,0,0,0,0,0,0,0,0,0,0,,,,,,,,,,,,,,,,,,,,,,,,,,,,,,,,,,,,,,,,,,
SANTA CATARINA AYOMETLA,29058,605,2016,June,0,193,190,22,0,,,,,,,775,754,,TLAXCALA,,0,,,,,,0,0,,,,,,0,,,97,,,,,30,,,,0,23,73,126,0,0,0,0,0,0,0,0,0,0,,,,,,,,,,,,,,,,,,,,,,,,,,,,,,,,,,,,,,,,,,
SANTA CRUZ QUILEHTLA,29059,313,2016,June,78,11,104,12,0,,,,,,,819,790,,TLAXCALA,,0,,,,,,314,0,,,,,,0,,,56,,,,,142,,,,0,1,72,0,0,0,0,0,0,0,0,0,0,0,,,,,,,,,,,,,,,,,,,,,,,,,,,,,,,,,,,,,,,,,,
SANTA CRUZ QUILEHTLA,29059,314,2016,June,101,6,139,17,0,,,,,,,1013,979,,TLAXCALA,,0,,,,,,379,0,,,,,,0,,,58,,,,,173,,,,0,4,102,0,0,0,0,0,0,0,0,0,0,0,,,,,,,,,,,,,,,,,,,,,,,,,,,,,,,,,,,,,,,,,,
SANTA CRUZ QUILEHTLA,29059,315,2016,June,106,8,253,295,0,,,,,,,985,939,,TLAXCALA,,0,,,,,,9,0,,,,,,0,,,15,,,,,2,,,,0,13,238,0,0,0,0,0,0,0,0,0,0,0,,,,,,,,,,,,,,,,,,,,,,,,,,,,,,,,,,,,,,,,,,
SANTA CRUZ TLAXCALA,29026,365,2016,June,87,201,35,26,115,,,,,,,1013,961,1787,TLAXCALA,0.566871852266368,0,,,,,,0,29,,,,,,0,,,11,,,,,110,,,,0,40,3,0,0,286,18,0,0,0,0,0,0,0,,,,,,,,,,,,,,,,,,,,,,,,,,,,,,,,,,,,,,,,,,
SANTA CRUZ TLAXCALA,29026,366,2016,June,344,307,55,48,165,,,,,,,1484,1441,2040,TLAXCALA,0.727450980392157,0,,,,,,0,32,,,,,,0,,,24,,,,,85,,,,0,20,14,0,0,326,21,0,0,0,0,0,0,0,,,,,,,,,,,,,,,,,,,,,,,,,,,,,,,,,,,,,,,,,,
SANTA CRUZ TLAXCALA,29026,367,2016,June,108,205,50,9,81,,,,,,,1392,1339,1963,TLAXCALA,0.709118695873663,0,,,,,,0,6,,,,,,0,,,25,,,,,287,,,,0,46,8,0,0,508,6,0,0,0,0,0,0,0,,,,,,,,,,,,,,,,,,,,,,,,,,,,,,,,,,,,,,,,,,
SANTA CRUZ TLAXCALA,29026,368,2016,June,124,111,63,17,121,,,,,,,1248,1221,1754,TLAXCALA,0.7115165336374,0,,,,,,0,3,,,,,,0,,,21,,,,,257,,,,0,25,5,0,0,465,9,0,0,0,0,0,0,0,,,,,,,,,,,,,,,,,,,,,,,,,,,,,,,,,,,,,,,,,,
SANTA CRUZ TLAXCALA,29026,369,2016,June,211,213,64,50,285,,,,,,,1413,1362,2056,TLAXCALA,0.687256809338521,0,,,,,,0,6,,,,,,0,,,49,,,,,129,,,,0,21,3,0,0,310,21,0,0,0,0,0,0,0,,,,,,,,,,,,,,,,,,,,,,,,,,,,,,,,,,,,,,,,,,
SANTA CRUZ TLAXCALA,29026,370,2016,June,154,118,27,29,210,,,,,,,732,717,918,TLAXCALA,0.797385620915033,0,,,,,,0,2,,,,,,0,,,9,,,,,30,,,,0,7,6,0,0,118,7,0,0,0,0,0,0,0,,,,,,,,,,,,,,,,,,,,,,,,,,,,,,,,,,,,,,,,,,
SANTA CRUZ TLAXCALA,29026,371,2016,June,615,260,32,129,365,,,,,,,1709,1670,2473,TLAXCALA,0.691063485644966,0,,,,,,0,2,,,,,,0,,,119,,,,,15,,,,0,21,12,0,0,26,74,0,0,0,0,0,0,0,,,,,,,,,,,,,,,,,,,,,,,,,,,,,,,,,,,,,,,,,,
SANTA ISABEL XILOXOXTLA,29060,391,2016,June,521,72,0,0,0,,,,,,,1300,1247,,TLAXCALA,,0,,,,,,3,6,,,,,,285,,,167,,,,,176,,,,0,17,0,0,0,0,0,0,0,0,0,0,0,0,,,,,,,,,,,,,,,,,,,,,,,,,,,,,,,,,,,,,,,,,,
SANTA ISABEL XILOXOXTLA,29060,392,2016,June,360,39,0,0,0,,,,,,,987,961,,TLAXCALA,,0,,,,,,3,1,,,,,,318,,,83,,,,,135,,,,0,22,0,0,0,0,0,0,0,0,0,0,0,0,,,,,,,,,,,,,,,,,,,,,,,,,,,,,,,,,,,,,,,,,,
TENANCINGO,29027,372,2016,June,0,287,20,9,4,,,,,,,804,778,1277,TLAXCALA,0.629600626468285,0,,,,,,0,0,,,,,,0,,,181,,,,,65,,,,0,31,0,0,0,0,0,0,181,0,0,0,0,0,,,,,,,,,,,,,,,,,,,,,,,,,,,,,,,,,,,,,,,,,,
TENANCINGO,29027,373,2016,June,0,202,16,7,4,,,,,,,743,715,1147,TLAXCALA,0.647776809067132,0,,,,,,0,0,,,,,,0,,,99,,,,,152,,,,0,18,0,0,0,0,0,0,217,0,0,0,0,0,,,,,,,,,,,,,,,,,,,,,,,,,,,,,,,,,,,,,,,,,,
TENANCINGO,29027,374,2016,June,0,175,26,3,2,,,,,,,522,509,911,TLAXCALA,0.572996706915478,0,,,,,,0,0,,,,,,0,,,114,,,,,39,,,,0,46,0,0,0,0,0,0,104,0,0,0,0,0,,,,,,,,,,,,,,,,,,,,,,,,,,,,,,,,,,,,,,,,,,
TENANCINGO,29027,375,2016,June,0,309,43,11,2,,,,,,,1096,1064,1959,TLAXCALA,0.559469116896376,0,,,,,,0,0,,,,,,0,,,287,,,,,103,,,,0,110,0,0,0,0,0,0,199,0,0,0,0,0,,,,,,,,,,,,,,,,,,,,,,,,,,,,,,,,,,,,,,,,,,
TENANCINGO,29027,376,2016,June,0,164,26,12,3,,,,,,,882,862,1429,TLAXCALA,0.617214835549335,0,,,,,,0,0,,,,,,0,,,148,,,,,120,,,,0,159,0,0,0,0,0,0,230,0,0,0,0,0,,,,,,,,,,,,,,,,,,,,,,,,,,,,,,,,,,,,,,,,,,
TENANCINGO,29027,377,2016,June,0,346,46,8,2,,,,,,,1041,1011,1806,TLAXCALA,0.57641196013289,0,,,,,,0,0,,,,,,0,,,210,,,,,95,,,,0,126,0,0,0,0,0,0,178,0,0,0,0,0,,,,,,,,,,,,,,,,,,,,,,,,,,,,,,,,,,,,,,,,,,
SAN LUIS TEOLOCHOLCO,29028,378,2016,June,213,229,244,163,0,,,,,,,1207,1169,1594,TLAXCALA,0.757214554579674,0,,,,,,5,6,,,,,,0,,,38,,,,,61,,,,0,179,31,0,0,0,0,0,0,0,0,0,0,0,,,,,,,,,,,,,,,,,,,,,,,,,,,,,,,,,,,,,,,,,,
SAN LUIS TEOLOCHOLCO,29028,379,2016,June,408,173,230,236,0,,,,,,,1547,1498,2204,TLAXCALA,0.701905626134301,0,,,,,,6,10,,,,,,0,,,111,,,,,83,,,,0,189,52,0,0,0,0,0,0,0,0,0,0,0,,,,,,,,,,,,,,,,,,,,,,,,,,,,,,,,,,,,,,,,,,
SAN LUIS TEOLOCHOLCO,29028,380,2016,June,535,466,321,437,0,,,,,,,2589,2504,3712,TLAXCALA,0.697467672413793,0,,,,,,4,7,,,,,,0,,,49,,,,,250,,,,0,296,139,0,0,0,0,0,0,0,0,0,0,0,,,,,,,,,,,,,,,,,,,,,,,,,,,,,,,,,,,,,,,,,,
SAN LUIS TEOLOCHOLCO,29028,381,2016,June,359,77,131,221,0,,,,,,,1303,1236,1902,TLAXCALA,0.685068349106204,0,,,,,,11,2,,,,,,0,,,102,,,,,143,,,,0,135,55,0,0,0,0,0,0,0,0,0,0,0,,,,,,,,,,,,,,,,,,,,,,,,,,,,,,,,,,,,,,,,,,
SAN LUIS TEOLOCHOLCO,29028,382,2016,June,183,130,184,311,0,,,,,,,1018,984,1436,TLAXCALA,0.70891364902507,0,,,,,,3,3,,,,,,0,,,31,,,,,42,,,,0,73,24,0,0,0,0,0,0,0,0,0,0,0,,,,,,,,,,,,,,,,,,,,,,,,,,,,,,,,,,,,,,,,,,
SAN LUIS TEOLOCHOLCO,29028,383,2016,June,190,220,311,170,0,,,,,,,1186,1168,1494,TLAXCALA,0.79384203480589,0,,,,,,14,5,,,,,,0,,,22,,,,,41,,,,0,184,11,0,0,0,0,0,0,0,0,0,0,0,,,,,,,,,,,,,,,,,,,,,,,,,,,,,,,,,,,,,,,,,,
SAN LUIS TEOLOCHOLCO,29028,384,2016,June,314,180,261,144,0,,,,,,,1185,1157,1566,TLAXCALA,0.756704980842912,0,,,,,,3,3,,,,,,0,,,29,,,,,48,,,,0,164,11,0,0,0,0,0,0,0,0,0,0,0,,,,,,,,,,,,,,,,,,,,,,,,,,,,,,,,,,,,,,,,,,
SAN LUIS TEOLOCHOLCO,29028,385,2016,June,85,35,48,41,0,,,,,,,292,283,338,TLAXCALA,0.863905325443787,0,,,,,,1,0,,,,,,0,,,8,,,,,25,,,,0,15,25,0,0,0,0,0,0,0,0,0,0,0,,,,,,,,,,,,,,,,,,,,,,,,,,,,,,,,,,,,,,,,,,
SAN LUIS TEOLOCHOLCO,29028,386,2016,June,185,203,302,315,0,,,,,,,1486,1434,1946,TLAXCALA,0.763617677286742,0,,,,,,4,4,,,,,,0,,,96,,,,,146,,,,0,155,24,0,0,0,0,0,0,0,0,0,0,0,,,,,,,,,,,,,,,,,,,,,,,,,,,,,,,,,,,,,,,,,,
TEPETITLA DE LARDIZABAL,29019,284,2016,June,0,335,114,0,7,,,,,,,921,895,,TLAXCALA,,0,,,,,,201,4,,,,,,0,,,3,,,,,1,,,,0,38,12,0,0,0,0,0,0,0,0,180,0,0,,,,,,,,,,,,,,,,,,,,,,,,,,,,,,,,,,,,,,,,,,
TEPETITLA DE LARDIZABAL,29019,285,2016,June,0,379,102,0,4,,,,,,,883,855,,TLAXCALA,,0,,,,,,220,3,,,,,,0,,,1,,,,,1,,,,0,23,8,0,0,0,0,0,0,0,0,114,0,0,,,,,,,,,,,,,,,,,,,,,,,,,,,,,,,,,,,,,,,,,,
TEPETITLA DE LARDIZABAL,29019,286,2016,June,0,483,178,0,14,,,,,,,1424,1387,,TLAXCALA,,0,,,,,,404,7,,,,,,0,,,4,,,,,3,,,,0,57,8,0,0,0,0,0,0,0,0,229,0,0,,,,,,,,,,,,,,,,,,,,,,,,,,,,,,,,,,,,,,,,,,
TEPETITLA DE LARDIZABAL,29019,287,2016,June,0,364,122,0,10,,,,,,,1164,1129,,TLAXCALA,,0,,,,,,365,4,,,,,,0,,,9,,,,,2,,,,0,51,11,0,0,0,0,0,0,0,0,191,0,0,,,,,,,,,,,,,,,,,,,,,,,,,,,,,,,,,,,,,,,,,,
TEPETITLA DE LARDIZABAL,29019,288,2016,June,0,297,75,0,11,,,,,,,1604,1551,,TLAXCALA,,0,,,,,,132,16,,,,,,0,,,11,,,,,13,,,,0,401,472,0,0,0,0,0,0,0,0,123,0,0,,,,,,,,,,,,,,,,,,,,,,,,,,,,,,,,,,,,,,,,,,
TEPETITLA DE LARDIZABAL,29019,289,2016,June,0,195,26,0,6,,,,,,,1071,1050,,TLAXCALA,,0,,,,,,74,10,,,,,,0,,,7,,,,,7,,,,0,255,411,0,0,0,0,0,0,0,0,59,0,0,,,,,,,,,,,,,,,,,,,,,,,,,,,,,,,,,,,,,,,,,,
TEPETITLA DE LARDIZABAL,29019,290,2016,June,0,535,112,0,2,,,,,,,1869,1823,,TLAXCALA,,0,,,,,,221,13,,,,,,0,,,13,,,,,8,,,,0,422,359,0,0,0,0,0,0,0,0,138,0,0,,,,,,,,,,,,,,,,,,,,,,,,,,,,,,,,,,,,,,,,,,
TEPETITLA DE LARDIZABAL,29019,291,2016,June,0,97,56,0,1,,,,,,,460,447,,TLAXCALA,,0,,,,,,138,1,,,,,,0,,,0,,,,,1,,,,0,105,12,0,0,0,0,0,0,0,0,36,0,0,,,,,,,,,,,,,,,,,,,,,,,,,,,,,,,,,,,,,,,,,,
TEPEYANCO,29029,387,2016,June,0,55,296,0,0,,,,,,,1177,1143,1599,TLAXCALA,0.736085053158224,0,,,,,,0,18,,,,,,0,,,5,,,,,91,,,,0,26,122,0,0,0,0,0,0,0,0,0,530,0,,,,,,,,,,,,,,,,,,,,,,,,,,,,,,,,,,,,,,,,,,
TEPEYANCO,29029,388,2016,June,0,48,225,0,0,,,,,,,897,867,1248,TLAXCALA,0.71875,0,,,,,,0,15,,,,,,0,,,6,,,,,72,,,,0,23,76,0,0,0,0,0,0,0,0,0,402,0,,,,,,,,,,,,,,,,,,,,,,,,,,,,,,,,,,,,,,,,,,
TEPEYANCO,29029,389,2016,June,0,10,59,0,0,,,,,,,285,280,433,TLAXCALA,0.658198614318707,0,,,,,,0,3,,,,,,0,,,3,,,,,54,,,,0,17,10,0,0,0,0,0,0,0,0,0,124,0,,,,,,,,,,,,,,,,,,,,,,,,,,,,,,,,,,,,,,,,,,
TEPEYANCO,29029,390,2016,June,0,45,131,0,0,,,,,,,640,623,876,TLAXCALA,0.730593607305936,0,,,,,,0,13,,,,,,0,,,8,,,,,126,,,,0,24,27,0,0,0,0,0,0,0,0,0,249,0,,,,,,,,,,,,,,,,,,,,,,,,,,,,,,,,,,,,,,,,,,
TEPEYANCO,29029,393,2016,June,0,20,160,0,0,,,,,,,593,574,800,TLAXCALA,0.74125,0,,,,,,0,21,,,,,,0,,,9,,,,,106,,,,0,20,27,0,0,0,0,0,0,0,0,0,211,0,,,,,,,,,,,,,,,,,,,,,,,,,,,,,,,,,,,,,,,,,,
TEPEYANCO,29029,394,2016,June,0,51,323,0,0,,,,,,,1501,1470,1811,TLAXCALA,0.828823854224186,0,,,,,,0,306,,,,,,0,,,22,,,,,382,,,,0,15,19,0,0,0,0,0,0,0,0,0,352,0,,,,,,,,,,,,,,,,,,,,,,,,,,,,,,,,,,,,,,,,,,
TEPEYANCO,29029,397,2016,June,0,29,283,0,0,,,,,,,1322,1298,1665,TLAXCALA,0.793993993993994,0,,,,,,0,44,,,,,,0,,,31,,,,,585,,,,0,47,20,0,0,0,0,0,0,0,0,0,259,0,,,,,,,,,,,,,,,,,,,,,,,,,,,,,,,,,,,,,,,,,,
TERRENATE,29030,398,2016,June,85,434,13,830,0,,,,,,,1630,1592,2207,TLAXCALA,0.738559130040779,0,,,,,,35,22,,,,,,0,,,0,,,,,1,,,,0,172,0,0,0,0,0,0,0,0,0,0,0,0,,,,,,,,,,,,,,,,,,,,,,,,,,,,,,,,,,,,,,,,,,
TERRENATE,29030,399,2016,June,94,273,11,590,0,,,,,,,1142,1089,1495,TLAXCALA,0.763879598662207,0,,,,,,32,23,,,,,,0,,,0,,,,,0,,,,0,66,0,0,0,0,0,0,0,0,0,0,0,0,,,,,,,,,,,,,,,,,,,,,,,,,,,,,,,,,,,,,,,,,,
TERRENATE,29030,403,2016,June,146,263,8,266,0,,,,,,,870,839,1193,TLAXCALA,0.729253981559095,0,,,,,,84,46,,,,,,0,,,0,,,,,0,,,,0,26,0,0,0,0,0,0,0,0,0,0,0,0,,,,,,,,,,,,,,,,,,,,,,,,,,,,,,,,,,,,,,,,,,
TERRENATE,29030,404,2016,June,235,183,8,327,0,,,,,,,1679,1585,2280,TLAXCALA,0.73640350877193,0,,,,,,600,175,,,,,,0,,,0,,,,,4,,,,0,53,0,0,0,0,0,0,0,0,0,0,0,0,,,,,,,,,,,,,,,,,,,,,,,,,,,,,,,,,,,,,,,,,,
TERRENATE,29030,405,2016,June,84,31,2,56,0,,,,,,,205,197,244,TLAXCALA,0.84016393442623,0,,,,,,18,4,,,,,,0,,,0,,,,,0,,,,0,2,0,0,0,0,0,0,0,0,0,0,0,0,,,,,,,,,,,,,,,,,,,,,,,,,,,,,,,,,,,,,,,,,,
TERRENATE,29030,406,2016,June,72,100,0,104,0,,,,,,,350,331,438,TLAXCALA,0.799086757990868,0,,,,,,32,7,,,,,,0,,,0,,,,,2,,,,0,14,0,0,0,0,0,0,0,0,0,0,0,0,,,,,,,,,,,,,,,,,,,,,,,,,,,,,,,,,,,,,,,,,,
TERRENATE,29030,407,2016,June,44,186,4,194,0,,,,,,,521,505,662,TLAXCALA,0.787009063444109,0,,,,,,37,17,,,,,,0,,,0,,,,,1,,,,0,22,0,0,0,0,0,0,0,0,0,0,0,0,,,,,,,,,,,,,,,,,,,,,,,,,,,,,,,,,,,,,,,,,,
TERRENATE,29030,408,2016,June,54,245,3,499,0,,,,,,,898,868,1197,TLAXCALA,0.750208855472013,0,,,,,,44,10,,,,,,0,,,0,,,,,2,,,,0,11,0,0,0,0,0,0,0,0,0,0,0,0,,,,,,,,,,,,,,,,,,,,,,,,,,,,,,,,,,,,,,,,,,
TETLA DE LA SOLIDARIDAD,29031,409,2016,June,0,158,227,3,0,,,,,,,797,765,1270,TLAXCALA,0.62755905511811,81,,,,,,0,191,,,,,,0,,,11,,,,,72,,,,0,17,5,0,0,0,0,0,0,0,0,0,0,0,,,,,,,,,,,,,,,,,,,,,,,,,,,,,,,,,,,,,,,,,,
TETLA DE LA SOLIDARIDAD,29031,410,2016,June,0,244,237,4,0,,,,,,,916,895,1221,TLAXCALA,0.75020475020475,70,,,,,,0,235,,,,,,0,,,4,,,,,83,,,,0,15,3,0,0,0,0,0,0,0,0,0,0,0,,,,,,,,,,,,,,,,,,,,,,,,,,,,,,,,,,,,,,,,,,
TETLA DE LA SOLIDARIDAD,29031,411,2016,June,0,267,578,13,0,,,,,,,1626,1571,2475,TLAXCALA,0.656969696969697,69,,,,,,0,358,,,,,,0,,,15,,,,,206,,,,0,50,15,0,0,0,0,0,0,0,0,0,0,0,,,,,,,,,,,,,,,,,,,,,,,,,,,,,,,,,,,,,,,,,,
TETLA DE LA SOLIDARIDAD,29031,412,2016,June,0,297,596,13,0,,,,,,,1660,1608,2738,TLAXCALA,0.606281957633309,46,,,,,,0,379,,,,,,0,,,31,,,,,187,,,,0,28,31,0,0,0,0,0,0,0,0,0,0,0,,,,,,,,,,,,,,,,,,,,,,,,,,,,,,,,,,,,,,,,,,
TETLA DE LA SOLIDARIDAD,29031,413,2016,June,0,190,248,6,0,,,,,,,856,822,1215,TLAXCALA,0.704526748971193,44,,,,,,0,208,,,,,,0,,,27,,,,,75,,,,0,20,4,0,0,0,0,0,0,0,0,0,0,0,,,,,,,,,,,,,,,,,,,,,,,,,,,,,,,,,,,,,,,,,,
TETLA DE LA SOLIDARIDAD,29031,414,2016,June,0,71,119,2,0,,,,,,,481,463,817,TLAXCALA,0.588739290085679,19,,,,,,0,89,,,,,,0,,,9,,,,,118,,,,0,28,8,0,0,0,0,0,0,0,0,0,0,0,,,,,,,,,,,,,,,,,,,,,,,,,,,,,,,,,,,,,,,,,,
TETLA DE LA SOLIDARIDAD,29031,415,2016,June,0,117,130,6,0,,,,,,,593,567,1043,TLAXCALA,0.568552253116012,22,,,,,,0,91,,,,,,0,,,14,,,,,150,,,,0,31,6,0,0,0,0,0,0,0,0,0,0,0,,,,,,,,,,,,,,,,,,,,,,,,,,,,,,,,,,,,,,,,,,
TETLA DE LA SOLIDARIDAD,29031,416,2016,June,0,357,48,5,0,,,,,,,841,816,1064,TLAXCALA,0.790413533834586,14,,,,,,0,355,,,,,,0,,,3,,,,,25,,,,0,9,0,0,0,0,0,0,0,0,0,0,0,0,,,,,,,,,,,,,,,,,,,,,,,,,,,,,,,,,,,,,,,,,,
TETLA DE LA SOLIDARIDAD,29031,417,2016,June,0,57,12,5,0,,,,,,,250,246,301,TLAXCALA,0.830564784053156,32,,,,,,0,127,,,,,,0,,,0,,,,,9,,,,0,2,2,0,0,0,0,0,0,0,0,0,0,0,,,,,,,,,,,,,,,,,,,,,,,,,,,,,,,,,,,,,,,,,,
TETLA DE LA SOLIDARIDAD,29031,418,2016,June,0,77,63,3,0,,,,,,,326,300,407,TLAXCALA,0.800982800982801,33,,,,,,0,75,,,,,,0,,,3,,,,,33,,,,0,11,2,0,0,0,0,0,0,0,0,0,0,0,,,,,,,,,,,,,,,,,,,,,,,,,,,,,,,,,,,,,,,,,,
TETLA DE LA SOLIDARIDAD,29031,419,2016,June,0,43,42,1,0,,,,,,,468,454,582,TLAXCALA,0.804123711340206,19,,,,,,0,272,,,,,,0,,,4,,,,,69,,,,0,4,0,0,0,0,0,0,0,0,0,0,0,0,,,,,,,,,,,,,,,,,,,,,,,,,,,,,,,,,,,,,,,,,,
TETLA DE LA SOLIDARIDAD,29031,420,2016,June,0,771,45,4,0,,,,,,,1201,1161,1773,TLAXCALA,0.677382966723068,41,,,,,,0,208,,,,,,0,,,9,,,,,58,,,,0,21,4,0,0,0,0,0,0,0,0,0,0,0,,,,,,,,,,,,,,,,,,,,,,,,,,,,,,,,,,,,,,,,,,
TETLA DE LA SOLIDARIDAD,29031,421,2016,June,0,853,97,5,0,,,,,,,1272,1237,2024,TLAXCALA,0.628458498023715,64,,,,,,0,132,,,,,,0,,,6,,,,,50,,,,0,27,3,0,0,0,0,0,0,0,0,0,0,0,,,,,,,,,,,,,,,,,,,,,,,,,,,,,,,,,,,,,,,,,,
TETLA DE LA SOLIDARIDAD,29031,422,2016,June,0,507,338,21,0,,,,,,,1956,1896,3248,TLAXCALA,0.602216748768473,263,,,,,,0,547,,,,,,0,,,32,,,,,135,,,,0,41,12,0,0,0,0,0,0,0,0,0,0,0,,,,,,,,,,,,,,,,,,,,,,,,,,,,,,,,,,,,,,,,,,
TETLA DE LA SOLIDARIDAD,29031,423,2016,June,0,64,10,1,0,,,,,,,191,183,219,TLAXCALA,0.872146118721461,34,,,,,,0,56,,,,,,0,,,1,,,,,10,,,,0,7,0,0,0,0,0,0,0,0,0,0,0,0,,,,,,,,,,,,,,,,,,,,,,,,,,,,,,,,,,,,,,,,,,
TETLATLAHUCA,29032,424,2016,June,34,9,40,6,799,,,,,,,1081,1070,1380,TLAXCALA,0.783333333333333,0,,,,,,0,11,,,,,,0,,,88,,,,,10,,,,0,41,32,0,0,0,0,0,0,0,0,0,0,0,,,,,,,,,,,,,,,,,,,,,,,,,,,,,,,,,,,,,,,,,,
TETLATLAHUCA,29032,425,2016,June,71,49,14,7,257,,,,,,,1096,1076,1441,TLAXCALA,0.76058292852186,0,,,,,,0,22,,,,,,0,,,71,,,,,11,,,,0,118,456,0,0,0,0,0,0,0,0,0,0,0,,,,,,,,,,,,,,,,,,,,,,,,,,,,,,,,,,,,,,,,,,
TETLATLAHUCA,29032,426,2016,June,47,21,23,18,278,,,,,,,1033,1005,1402,TLAXCALA,0.736804564907275,0,,,,,,0,19,,,,,,0,,,70,,,,,8,,,,0,113,408,0,0,0,0,0,0,0,0,0,0,0,,,,,,,,,,,,,,,,,,,,,,,,,,,,,,,,,,,,,,,,,,
TETLATLAHUCA,29032,427,2016,June,188,8,15,237,126,,,,,,,1245,1208,1821,TLAXCALA,0.683690280065898,0,,,,,,0,31,,,,,,0,,,216,,,,,17,,,,0,236,134,0,0,0,0,0,0,0,0,0,0,0,,,,,,,,,,,,,,,,,,,,,,,,,,,,,,,,,,,,,,,,,,
TETLATLAHUCA,29032,428,2016,June,266,5,38,219,92,,,,,,,1045,1020,1465,TLAXCALA,0.713310580204778,0,,,,,,0,43,,,,,,0,,,41,,,,,25,,,,0,175,116,0,0,0,0,0,0,0,0,0,0,0,,,,,,,,,,,,,,,,,,,,,,,,,,,,,,,,,,,,,,,,,,
TETLATLAHUCA,29032,431,2016,June,77,18,50,38,185,,,,,,,814,793,1076,TLAXCALA,0.756505576208179,0,,,,,,0,23,,,,,,0,,,70,,,,,55,,,,0,71,206,0,0,0,0,0,0,0,0,0,0,0,,,,,,,,,,,,,,,,,,,,,,,,,,,,,,,,,,,,,,,,,,
TETLATLAHUCA,29032,434,2016,June,36,3,18,28,155,,,,,,,437,422,556,TLAXCALA,0.785971223021583,0,,,,,,0,15,,,,,,0,,,88,,,,,22,,,,0,23,34,0,0,0,0,0,0,0,0,0,0,0,,,,,,,,,,,,,,,,,,,,,,,,,,,,,,,,,,,,,,,,,,
TLAXCALA,29033,435,2016,June,0,132,0,0,0,,,,,,,1040,1000,1631,TLAXCALA,0.637645616186389,0,,,,,,0,0,,,,,,134,,,155,,,,,13,,,,0,71,17,0,435,43,0,0,0,0,0,0,0,0,,,,,,,,,,,,,,,,,,,,,,,,,,,,,,,,,,,,,,,,,,
TLAXCALA,29033,436,2016,June,0,168,0,0,0,,,,,,,1141,1102,1774,TLAXCALA,0.643179255918828,0,,,,,,0,0,,,,,,200,,,159,,,,,30,,,,0,61,24,0,402,58,0,0,0,0,0,0,0,0,,,,,,,,,,,,,,,,,,,,,,,,,,,,,,,,,,,,,,,,,,
TLAXCALA,29033,437,2016,June,0,163,0,0,0,,,,,,,868,833,1328,TLAXCALA,0.653614457831325,0,,,,,,0,0,,,,,,147,,,137,,,,,14,,,,0,43,16,0,286,27,0,0,0,0,0,0,0,0,,,,,,,,,,,,,,,,,,,,,,,,,,,,,,,,,,,,,,,,,,
TLAXCALA,29033,438,2016,June,0,131,0,0,0,,,,,,,726,699,1541,TLAXCALA,0.471122647631408,0,,,,,,0,0,,,,,,117,,,120,,,,,5,,,,0,65,12,0,225,24,0,0,0,0,0,0,0,0,,,,,,,,,,,,,,,,,,,,,,,,,,,,,,,,,,,,,,,,,,
TLAXCALA,29033,439,2016,June,0,217,0,0,0,,,,,,,1395,1352,2147,TLAXCALA,0.649743828598044,0,,,,,,0,0,,,,,,244,,,215,,,,,34,,,,0,106,21,0,469,46,0,0,0,0,0,0,0,0,,,,,,,,,,,,,,,,,,,,,,,,,,,,,,,,,,,,,,,,,,
TLAXCALA,29033,440,2016,June,0,183,0,0,0,,,,,,,1216,1177,1750,TLAXCALA,0.694857142857143,0,,,,,,0,0,,,,,,279,,,203,,,,,20,,,,0,74,37,0,325,56,0,0,0,0,0,0,0,0,,,,,,,,,,,,,,,,,,,,,,,,,,,,,,,,,,,,,,,,,,
TLAXCALA,29033,441,2016,June,0,102,0,0,0,,,,,,,744,723,1163,TLAXCALA,0.639724849527085,0,,,,,,0,0,,,,,,124,,,100,,,,,9,,,,0,63,19,0,281,25,0,0,0,0,0,0,0,0,,,,,,,,,,,,,,,,,,,,,,,,,,,,,,,,,,,,,,,,,,
TLAXCALA,29033,442,2016,June,0,149,0,0,0,,,,,,,758,729,1178,TLAXCALA,0.643463497453311,0,,,,,,0,0,,,,,,155,,,98,,,,,16,,,,0,58,10,0,183,60,0,0,0,0,0,0,0,0,,,,,,,,,,,,,,,,,,,,,,,,,,,,,,,,,,,,,,,,,,
TLAXCALA,29033,443,2016,June,0,61,0,0,0,,,,,,,435,422,699,TLAXCALA,0.622317596566524,0,,,,,,0,0,,,,,,73,,,60,,,,,10,,,,0,41,12,0,146,19,0,0,0,0,0,0,0,0,,,,,,,,,,,,,,,,,,,,,,,,,,,,,,,,,,,,,,,,,,
TLAXCALA,29033,444,2016,June,0,359,0,0,0,,,,,,,2350,2263,3791,TLAXCALA,0.619889211289897,0,,,,,,0,0,,,,,,419,,,371,,,,,60,,,,0,209,53,0,653,139,0,0,0,0,0,0,0,0,,,,,,,,,,,,,,,,,,,,,,,,,,,,,,,,,,,,,,,,,,
TLAXCALA,29033,445,2016,June,0,107,0,0,0,,,,,,,935,909,1439,TLAXCALA,0.649756775538569,0,,,,,,0,0,,,,,,171,,,188,,,,,22,,,,0,65,38,0,261,57,0,0,0,0,0,0,0,0,,,,,,,,,,,,,,,,,,,,,,,,,,,,,,,,,,,,,,,,,,
TLAXCALA,29033,446,2016,June,0,59,0,0,0,,,,,,,487,474,740,TLAXCALA,0.658108108108108,0,,,,,,0,0,,,,,,109,,,73,,,,,2,,,,0,27,6,0,172,26,0,0,0,0,0,0,0,0,,,,,,,,,,,,,,,,,,,,,,,,,,,,,,,,,,,,,,,,,,
TLAXCALA,29033,447,2016,June,0,61,0,0,0,,,,,,,592,578,889,TLAXCALA,0.665916760404949,0,,,,,,0,0,,,,,,109,,,104,,,,,15,,,,0,49,33,0,181,26,0,0,0,0,0,0,0,0,,,,,,,,,,,,,,,,,,,,,,,,,,,,,,,,,,,,,,,,,,
TLAXCALA,29033,448,2016,June,0,94,0,0,0,,,,,,,915,887,2113,TLAXCALA,0.433033601514434,0,,,,,,0,0,,,,,,257,,,132,,,,,23,,,,0,67,61,0,207,46,0,0,0,0,0,0,0,0,,,,,,,,,,,,,,,,,,,,,,,,,,,,,,,,,,,,,,,,,,
TLAXCALA,29033,449,2016,June,0,110,0,0,0,,,,,,,846,829,1346,TLAXCALA,0.62852897473997,0,,,,,,0,0,,,,,,140,,,146,,,,,23,,,,0,70,14,0,259,67,0,0,0,0,0,0,0,0,,,,,,,,,,,,,,,,,,,,,,,,,,,,,,,,,,,,,,,,,,
TLAXCALA,29033,450,2016,June,0,99,0,0,0,,,,,,,555,533,841,TLAXCALA,0.659928656361474,0,,,,,,0,0,,,,,,101,,,72,,,,,7,,,,0,52,22,0,156,24,0,0,0,0,0,0,0,0,,,,,,,,,,,,,,,,,,,,,,,,,,,,,,,,,,,,,,,,,,
TLAXCALA,29033,451,2016,June,0,135,0,0,0,,,,,,,1257,1202,1943,TLAXCALA,0.646937725167267,0,,,,,,0,0,,,,,,305,,,151,,,,,42,,,,0,122,57,0,314,76,0,0,0,0,0,0,0,0,,,,,,,,,,,,,,,,,,,,,,,,,,,,,,,,,,,,,,,,,,
TLAXCALA,29033,452,2016,June,0,83,0,0,0,,,,,,,643,622,1526,TLAXCALA,0.421363040629096,0,,,,,,0,0,,,,,,124,,,106,,,,,20,,,,0,62,25,0,171,31,0,0,0,0,0,0,0,0,,,,,,,,,,,,,,,,,,,,,,,,,,,,,,,,,,,,,,,,,,
TLAXCALA,29033,453,2016,June,0,425,0,0,0,,,,,,,3320,3223,6422,TLAXCALA,0.516972905636873,0,,,,,,0,0,,,,,,692,,,573,,,,,88,,,,0,260,87,0,936,162,0,0,0,0,0,0,0,0,,,,,,,,,,,,,,,,,,,,,,,,,,,,,,,,,,,,,,,,,,
TLAXCALA,29033,454,2016,June,0,77,0,0,0,,,,,,,489,479,865,TLAXCALA,0.565317919075145,0,,,,,,0,0,,,,,,82,,,59,,,,,29,,,,0,38,16,0,138,40,0,0,0,0,0,0,0,0,,,,,,,,,,,,,,,,,,,,,,,,,,,,,,,,,,,,,,,,,,
TLAXCALA,29033,455,2016,June,0,79,0,0,0,,,,,,,429,413,728,TLAXCALA,0.589285714285714,0,,,,,,0,0,,,,,,89,,,54,,,,,10,,,,0,29,18,0,116,18,0,0,0,0,0,0,0,0,,,,,,,,,,,,,,,,,,,,,,,,,,,,,,,,,,,,,,,,,,
TLAXCALA,29033,456,2016,June,0,177,0,0,0,,,,,,,1252,1207,1920,TLAXCALA,0.652083333333333,0,,,,,,0,0,,,,,,246,,,168,,,,,23,,,,0,115,42,0,358,78,0,0,0,0,0,0,0,0,,,,,,,,,,,,,,,,,,,,,,,,,,,,,,,,,,,,,,,,,,
TLAXCALA,29033,457,2016,June,0,78,0,0,0,,,,,,,788,753,1245,TLAXCALA,0.632931726907631,0,,,,,,0,0,,,,,,189,,,102,,,,,12,,,,0,84,15,0,234,39,0,0,0,0,0,0,0,0,,,,,,,,,,,,,,,,,,,,,,,,,,,,,,,,,,,,,,,,,,
TLAXCALA,29033,458,2016,June,0,290,0,0,0,,,,,,,2335,2250,4852,TLAXCALA,0.481244847485573,0,,,,,,0,0,,,,,,386,,,395,,,,,52,,,,0,167,46,0,773,141,0,0,0,0,0,0,0,0,,,,,,,,,,,,,,,,,,,,,,,,,,,,,,,,,,,,,,,,,,
TLAXCALA,29033,459,2016,June,0,196,0,0,0,,,,,,,1154,1108,1934,TLAXCALA,0.596690796277146,0,,,,,,0,0,,,,,,284,,,162,,,,,42,,,,0,108,42,0,208,66,0,0,0,0,0,0,0,0,,,,,,,,,,,,,,,,,,,,,,,,,,,,,,,,,,,,,,,,,,
TLAXCALA,29033,460,2016,June,0,146,0,0,0,,,,,,,894,874,1399,TLAXCALA,0.639027877055039,0,,,,,,0,0,,,,,,173,,,160,,,,,26,,,,0,56,25,0,248,40,0,0,0,0,0,0,0,0,,,,,,,,,,,,,,,,,,,,,,,,,,,,,,,,,,,,,,,,,,
TLAXCALA,29033,461,2016,June,0,294,0,0,0,,,,,,,1496,1447,2091,TLAXCALA,0.715447154471545,0,,,,,,0,0,,,,,,238,,,226,,,,,28,,,,0,88,48,0,412,113,0,0,0,0,0,0,0,0,,,,,,,,,,,,,,,,,,,,,,,,,,,,,,,,,,,,,,,,,,
TLAXCALA,29033,462,2016,June,0,127,0,0,0,,,,,,,844,799,1883,TLAXCALA,0.448220924057355,0,,,,,,0,0,,,,,,126,,,64,,,,,33,,,,0,61,80,0,201,107,0,0,0,0,0,0,0,0,,,,,,,,,,,,,,,,,,,,,,,,,,,,,,,,,,,,,,,,,,
TLAXCALA,29033,463,2016,June,0,135,0,0,0,,,,,,,930,867,1759,TLAXCALA,0.528709494030699,0,,,,,,0,0,,,,,,143,,,171,,,,,69,,,,0,76,17,0,222,34,0,0,0,0,0,0,0,0,,,,,,,,,,,,,,,,,,,,,,,,,,,,,,,,,,,,,,,,,,
TLAXCALA,29033,464,2016,June,0,364,0,0,0,,,,,,,2272,2120,4269,TLAXCALA,0.532208948231436,0,,,,,,0,0,,,,,,354,,,332,,,,,111,,,,0,189,66,0,600,104,0,0,0,0,0,0,0,0,,,,,,,,,,,,,,,,,,,,,,,,,,,,,,,,,,,,,,,,,,
TLAXCALA,29033,465,2016,June,0,355,0,0,0,,,,,,,2486,2371,4260,TLAXCALA,0.583568075117371,0,,,,,,0,0,,,,,,513,,,381,,,,,64,,,,0,203,45,0,702,108,0,0,0,0,0,0,0,0,,,,,,,,,,,,,,,,,,,,,,,,,,,,,,,,,,,,,,,,,,
TLAXCALA,29033,466,2016,June,0,246,0,0,0,,,,,,,2205,2102,3792,TLAXCALA,0.581487341772152,0,,,,,,0,0,,,,,,443,,,309,,,,,63,,,,0,156,52,0,719,114,0,0,0,0,0,0,0,0,,,,,,,,,,,,,,,,,,,,,,,,,,,,,,,,,,,,,,,,,,
TLAXCALA,29033,467,2016,June,0,122,0,0,0,,,,,,,871,840,1341,TLAXCALA,0.64951528709918,0,,,,,,0,0,,,,,,137,,,93,,,,,8,,,,0,61,70,0,331,18,0,0,0,0,0,0,0,0,,,,,,,,,,,,,,,,,,,,,,,,,,,,,,,,,,,,,,,,,,
TLAXCALA,29033,468,2016,June,0,133,0,0,0,,,,,,,1602,1543,2315,TLAXCALA,0.692008639308855,0,,,,,,0,0,,,,,,281,,,265,,,,,72,,,,0,123,29,0,548,92,0,0,0,0,0,0,0,0,,,,,,,,,,,,,,,,,,,,,,,,,,,,,,,,,,,,,,,,,,
TLAXCALA,29033,469,2016,June,0,137,0,0,0,,,,,,,1140,1108,1518,TLAXCALA,0.75098814229249,0,,,,,,0,0,,,,,,244,,,216,,,,,45,,,,0,76,30,0,300,60,0,0,0,0,0,0,0,0,,,,,,,,,,,,,,,,,,,,,,,,,,,,,,,,,,,,,,,,,,
TLAXCO,29034,58,2016,June,42,9,16,0,0,,,,,,,127,122,194,TLAXCALA,0.654639175257732,0,,,,,,9,0,,,,,,0,,,1,,,,,4,,,,0,1,0,0,0,40,0,0,0,0,0,0,0,0,,,,,,,,,,,,,,,,,,,,,,,,,,,,,,,,,,,,,,,,,,
TLAXCO,29034,470,2016,June,167,18,129,0,1,,,,,,,634,613,894,TLAXCALA,0.70917225950783,0,,,,,,105,18,,,,,,0,,,26,,,,,44,,,,0,7,0,0,0,98,0,0,0,0,0,0,0,0,,,,,,,,,,,,,,,,,,,,,,,,,,,,,,,,,,,,,,,,,,
TLAXCO,29034,471,2016,June,196,44,163,0,6,,,,,,,811,771,1237,TLAXCALA,0.655618431689572,0,,,,,,75,9,,,,,,0,,,17,,,,,31,,,,0,11,0,0,0,219,0,0,0,0,0,0,0,0,,,,,,,,,,,,,,,,,,,,,,,,,,,,,,,,,,,,,,,,,,
TLAXCO,29034,472,2016,June,177,18,92,0,1,,,,,,,752,720,1175,TLAXCALA,0.64,0,,,,,,76,7,,,,,,0,,,25,,,,,72,,,,0,14,0,0,0,238,0,0,0,0,0,0,0,0,,,,,,,,,,,,,,,,,,,,,,,,,,,,,,,,,,,,,,,,,,
TLAXCO,29034,473,2016,June,208,13,58,0,0,,,,,,,679,667,975,TLAXCALA,0.696410256410256,0,,,,,,129,11,,,,,,0,,,42,,,,,24,,,,0,8,0,0,0,174,0,0,0,0,0,0,0,0,,,,,,,,,,,,,,,,,,,,,,,,,,,,,,,,,,,,,,,,,,
TLAXCO,29034,474,2016,June,262,35,272,0,1,,,,,,,1042,1025,1585,TLAXCALA,0.657413249211357,0,,,,,,166,12,,,,,,0,,,16,,,,,32,,,,0,14,0,0,0,215,0,0,0,0,0,0,0,0,,,,,,,,,,,,,,,,,,,,,,,,,,,,,,,,,,,,,,,,,,
TLAXCO,29034,475,2016,June,332,17,59,0,1,,,,,,,831,815,1237,TLAXCALA,0.67178658043654,0,,,,,,72,14,,,,,,0,,,87,,,,,29,,,,0,5,0,0,0,199,0,0,0,0,0,0,0,0,,,,,,,,,,,,,,,,,,,,,,,,,,,,,,,,,,,,,,,,,,
TLAXCO,29034,476,2016,June,312,23,117,0,16,,,,,,,1623,1576,2530,TLAXCALA,0.641501976284585,0,,,,,,127,10,,,,,,0,,,33,,,,,40,,,,0,17,0,0,0,881,0,0,0,0,0,0,0,0,,,,,,,,,,,,,,,,,,,,,,,,,,,,,,,,,,,,,,,,,,
TLAXCO,29034,477,2016,June,193,15,94,0,2,,,,,,,717,702,1012,TLAXCALA,0.708498023715415,0,,,,,,149,17,,,,,,0,,,32,,,,,23,,,,0,9,0,0,0,168,0,0,0,0,0,0,0,0,,,,,,,,,,,,,,,,,,,,,,,,,,,,,,,,,,,,,,,,,,
TLAXCO,29034,478,2016,June,71,10,46,0,1,,,,,,,320,312,417,TLAXCALA,0.767386091127098,0,,,,,,60,0,,,,,,0,,,20,,,,,13,,,,0,7,0,0,0,84,0,0,0,0,0,0,0,0,,,,,,,,,,,,,,,,,,,,,,,,,,,,,,,,,,,,,,,,,,
TLAXCO,29034,479,2016,June,60,26,5,0,2,,,,,,,192,184,302,TLAXCALA,0.635761589403974,0,,,,,,27,16,,,,,,0,,,3,,,,,13,,,,0,2,0,0,0,30,0,0,0,0,0,0,0,0,,,,,,,,,,,,,,,,,,,,,,,,,,,,,,,,,,,,,,,,,,
TLAXCO,29034,480,2016,June,33,8,14,0,0,,,,,,,163,153,245,TLAXCALA,0.66530612244898,0,,,,,,31,0,,,,,,0,,,6,,,,,24,,,,0,1,0,0,0,36,0,0,0,0,0,0,0,0,,,,,,,,,,,,,,,,,,,,,,,,,,,,,,,,,,,,,,,,,,
TLAXCO,29034,481,2016,June,471,69,237,0,11,,,,,,,1239,1202,1880,TLAXCALA,0.659042553191489,0,,,,,,85,16,,,,,,0,,,24,,,,,41,,,,0,9,0,0,0,239,0,0,0,0,0,0,0,0,,,,,,,,,,,,,,,,,,,,,,,,,,,,,,,,,,,,,,,,,,
TLAXCO,29034,482,2016,June,180,157,181,0,9,,,,,,,1095,1056,1724,TLAXCALA,0.635150812064965,0,,,,,,136,25,,,,,,0,,,44,,,,,174,,,,0,11,0,0,0,139,0,0,0,0,0,0,0,0,,,,,,,,,,,,,,,,,,,,,,,,,,,,,,,,,,,,,,,,,,
TLAXCO,29034,483,2016,June,40,3,5,0,0,,,,,,,78,75,116,TLAXCALA,0.672413793103448,0,,,,,,16,5,,,,,,0,,,0,,,,,1,,,,0,0,0,0,0,5,0,0,0,0,0,0,0,0,,,,,,,,,,,,,,,,,,,,,,,,,,,,,,,,,,,,,,,,,,
TLAXCO,29034,484,2016,June,253,68,237,0,3,,,,,,,1116,1068,1630,TLAXCALA,0.684662576687117,0,,,,,,89,61,,,,,,0,,,10,,,,,221,,,,0,12,0,0,0,114,0,0,0,0,0,0,0,0,,,,,,,,,,,,,,,,,,,,,,,,,,,,,,,,,,,,,,,,,,
TLAXCO,29034,485,2016,June,67,22,35,0,2,,,,,,,431,418,647,TLAXCALA,0.666151468315301,0,,,,,,47,30,,,,,,0,,,6,,,,,127,,,,0,17,0,0,0,65,0,0,0,0,0,0,0,0,,,,,,,,,,,,,,,,,,,,,,,,,,,,,,,,,,,,,,,,,,
TLAXCO,29034,486,2016,June,69,31,36,0,2,,,,,,,403,391,588,TLAXCALA,0.685374149659864,0,,,,,,65,35,,,,,,0,,,11,,,,,71,,,,0,8,0,0,0,63,0,0,0,0,0,0,0,0,,,,,,,,,,,,,,,,,,,,,,,,,,,,,,,,,,,,,,,,,,
TLAXCO,29034,487,2016,June,7,6,3,0,2,,,,,,,35,33,201,TLAXCALA,0.174129353233831,0,,,,,,1,1,,,,,,0,,,0,,,,,4,,,,0,2,0,0,0,7,0,0,0,0,0,0,0,0,,,,,,,,,,,,,,,,,,,,,,,,,,,,,,,,,,,,,,,,,,
TLAXCO,29034,488,2016,June,148,49,101,0,5,,,,,,,758,715,1199,TLAXCALA,0.632193494578816,0,,,,,,58,28,,,,,,0,,,7,,,,,226,,,,0,16,0,0,0,77,0,0,0,0,0,0,0,0,,,,,,,,,,,,,,,,,,,,,,,,,,,,,,,,,,,,,,,,,,
TLAXCO,29034,490,2016,June,11,13,13,0,1,,,,,,,147,145,185,TLAXCALA,0.794594594594595,0,,,,,,50,3,,,,,,0,,,2,,,,,31,,,,0,0,0,0,0,21,0,0,0,0,0,0,0,0,,,,,,,,,,,,,,,,,,,,,,,,,,,,,,,,,,,,,,,,,,
TLAXCO,29034,491,2016,June,397,100,390,0,10,,,,,,,1517,1470,2433,TLAXCALA,0.623510069872585,0,,,,,,127,97,,,,,,0,,,22,,,,,106,,,,0,16,0,0,0,205,0,0,0,0,0,0,0,0,,,,,,,,,,,,,,,,,,,,,,,,,,,,,,,,,,,,,,,,,,
TLAXCO,29034,492,2016,June,79,6,30,0,3,,,,,,,236,224,277,TLAXCALA,0.851985559566787,0,,,,,,29,5,,,,,,0,,,8,,,,,27,,,,0,1,0,0,0,36,0,0,0,0,0,0,0,0,,,,,,,,,,,,,,,,,,,,,,,,,,,,,,,,,,,,,,,,,,
TLAXCO,29034,493,2016,June,109,12,72,0,2,,,,,,,367,353,514,TLAXCALA,0.714007782101167,0,,,,,,31,6,,,,,,0,,,7,,,,,39,,,,0,10,0,0,0,65,0,0,0,0,0,0,0,0,,,,,,,,,,,,,,,,,,,,,,,,,,,,,,,,,,,,,,,,,,
TLAXCO,29034,494,2016,June,124,66,45,0,16,,,,,,,601,555,814,TLAXCALA,0.738329238329238,0,,,,,,49,55,,,,,,0,,,7,,,,,96,,,,0,6,0,0,0,91,0,0,0,0,0,0,0,0,,,,,,,,,,,,,,,,,,,,,,,,,,,,,,,,,,,,,,,,,,
TLAXCO,29034,495,2016,June,96,49,68,0,1,,,,,,,532,512,748,TLAXCALA,0.711229946524064,0,,,,,,67,29,,,,,,0,,,7,,,,,182,,,,0,3,0,0,0,10,0,0,0,0,0,0,0,0,,,,,,,,,,,,,,,,,,,,,,,,,,,,,,,,,,,,,,,,,,
TLAXCO,29034,496,2016,June,81,12,93,0,2,,,,,,,360,341,549,TLAXCALA,0.655737704918033,0,,,,,,30,42,,,,,,0,,,18,,,,,12,,,,0,6,0,0,0,45,0,0,0,0,0,0,0,0,,,,,,,,,,,,,,,,,,,,,,,,,,,,,,,,,,,,,,,,,,
TLAXCO,29034,497,2016,June,56,11,44,0,2,,,,,,,333,319,416,TLAXCALA,0.800480769230769,0,,,,,,110,8,,,,,,0,,,6,,,,,42,,,,0,2,0,0,0,38,0,0,0,0,0,0,0,0,,,,,,,,,,,,,,,,,,,,,,,,,,,,,,,,,,,,,,,,,,
TLAXCO,29034,498,2016,June,59,11,37,0,1,,,,,,,241,234,305,TLAXCALA,0.79016393442623,0,,,,,,39,15,,,,,,0,,,15,,,,,37,,,,0,0,0,0,0,20,0,0,0,0,0,0,0,0,,,,,,,,,,,,,,,,,,,,,,,,,,,,,,,,,,,,,,,,,,
TLAXCO,29034,499,2016,June,168,17,69,0,6,,,,,,,642,616,806,TLAXCALA,0.796526054590571,0,,,,,,105,15,,,,,,0,,,15,,,,,22,,,,0,10,0,0,0,189,0,0,0,0,0,0,0,0,,,,,,,,,,,,,,,,,,,,,,,,,,,,,,,,,,,,,,,,,,
TLAXCO,29034,500,2016,June,24,5,21,0,3,,,,,,,368,346,454,TLAXCALA,0.81057268722467,0,,,,,,25,81,,,,,,0,,,4,,,,,149,,,,0,24,0,0,0,10,0,0,0,0,0,0,0,0,,,,,,,,,,,,,,,,,,,,,,,,,,,,,,,,,,,,,,,,,,
TLAXCO,29034,501,2016,June,136,163,228,0,5,,,,,,,953,899,1304,TLAXCALA,0.730828220858896,0,,,,,,54,49,,,,,,0,,,24,,,,,138,,,,0,19,0,0,0,83,0,0,0,0,0,0,0,0,,,,,,,,,,,,,,,,,,,,,,,,,,,,,,,,,,,,,,,,,,
TLAXCO,29034,502,2016,June,54,9,62,0,1,,,,,,,253,238,311,TLAXCALA,0.813504823151125,0,,,,,,40,12,,,,,,0,,,1,,,,,51,,,,0,3,0,0,0,5,0,0,0,0,0,0,0,0,,,,,,,,,,,,,,,,,,,,,,,,,,,,,,,,,,,,,,,,,,
TLAXCO,29034,503,2016,June,22,5,9,0,1,,,,,,,103,96,133,TLAXCALA,0.774436090225564,0,,,,,,16,5,,,,,,0,,,5,,,,,11,,,,0,5,0,0,0,17,0,0,0,0,0,0,0,0,,,,,,,,,,,,,,,,,,,,,,,,,,,,,,,,,,,,,,,,,,
TLAXCO,29034,504,2016,June,60,16,16,0,4,,,,,,,176,170,208,TLAXCALA,0.846153846153846,0,,,,,,34,5,,,,,,0,,,7,,,,,7,,,,0,9,0,0,0,12,0,0,0,0,0,0,0,0,,,,,,,,,,,,,,,,,,,,,,,,,,,,,,,,,,,,,,,,,,
TOCATLAN,29035,505,2016,June,396,73,0,538,47,,,,,,,1741,1704,,TLAXCALA,,0,,,,,,258,382,,,,,,0,,,0,,,,,5,,,,0,5,0,0,0,0,0,0,0,0,0,0,0,0,,,,,,,,,,,,,,,,,,,,,,,,,,,,,,,,,,,,,,,,,,
TOCATLAN,29035,506,2016,June,142,26,0,392,23,,,,,,,994,953,,TLAXCALA,,0,,,,,,75,285,,,,,,0,,,0,,,,,6,,,,0,4,0,0,0,0,0,0,0,0,0,0,0,0,,,,,,,,,,,,,,,,,,,,,,,,,,,,,,,,,,,,,,,,,,
TOCATLAN,29035,507,2016,June,74,15,0,206,7,,,,,,,448,428,,TLAXCALA,,0,,,,,,45,80,,,,,,0,,,0,,,,,1,,,,0,0,0,0,0,0,0,0,0,0,0,0,0,0,,,,,,,,,,,,,,,,,,,,,,,,,,,,,,,,,,,,,,,,,,
TOTOLAC,29036,508,2016,June,0,46,122,35,37,,,,,,,545,520,792,TLAXCALA,0.688131313131313,0,,,,,,0,9,,,,,,0,,,94,,,,,2,,,,0,26,52,85,0,12,0,0,0,0,0,0,0,0,,,,,,,,,,,,,,,,,,,,,,,,,,,,,,,,,,,,,,,,,,
TOTOLAC,29036,509,2016,June,0,148,166,23,50,,,,,,,788,754,1094,TLAXCALA,0.720292504570384,0,,,,,,0,10,,,,,,0,,,155,,,,,3,,,,0,26,51,99,0,23,0,0,0,0,0,0,0,0,,,,,,,,,,,,,,,,,,,,,,,,,,,,,,,,,,,,,,,,,,
TOTOLAC,29036,510,2016,June,0,176,93,19,44,,,,,,,669,641,1076,TLAXCALA,0.621747211895911,0,,,,,,0,2,,,,,,0,,,161,,,,,6,,,,0,24,25,70,0,21,0,0,0,0,0,0,0,0,,,,,,,,,,,,,,,,,,,,,,,,,,,,,,,,,,,,,,,,,,
TOTOLAC,29036,511,2016,June,0,153,98,14,46,,,,,,,647,615,917,TLAXCALA,0.705561613958561,0,,,,,,0,18,,,,,,0,,,69,,,,,5,,,,0,38,65,81,0,28,0,0,0,0,0,0,0,0,,,,,,,,,,,,,,,,,,,,,,,,,,,,,,,,,,,,,,,,,,
TOTOLAC,29036,512,2016,June,0,66,340,16,73,,,,,,,1094,1061,1599,TLAXCALA,0.684177611006879,0,,,,,,0,10,,,,,,0,,,178,,,,,7,,,,0,58,90,207,0,16,0,0,0,0,0,0,0,0,,,,,,,,,,,,,,,,,,,,,,,,,,,,,,,,,,,,,,,,,,
TOTOLAC,29036,513,2016,June,0,144,337,41,113,,,,,,,1423,1348,2168,TLAXCALA,0.656365313653137,0,,,,,,0,36,,,,,,0,,,267,,,,,14,,,,0,107,120,113,0,56,0,0,0,0,0,0,0,0,,,,,,,,,,,,,,,,,,,,,,,,,,,,,,,,,,,,,,,,,,
TOTOLAC,29036,514,2016,June,0,58,195,50,75,,,,,,,858,821,1267,TLAXCALA,0.677190213101815,0,,,,,,0,6,,,,,,0,,,138,,,,,11,,,,0,112,52,105,0,19,0,0,0,0,0,0,0,0,,,,,,,,,,,,,,,,,,,,,,,,,,,,,,,,,,,,,,,,,,
TOTOLAC,29036,515,2016,June,0,131,251,60,115,,,,,,,1408,1371,1946,TLAXCALA,0.723535457348407,0,,,,,,0,22,,,,,,0,,,224,,,,,10,,,,0,48,230,265,0,15,0,0,0,0,0,0,0,0,,,,,,,,,,,,,,,,,,,,,,,,,,,,,,,,,,,,,,,,,,
TOTOLAC,29036,516,2016,June,0,102,129,45,83,,,,,,,1306,1283,1828,TLAXCALA,0.714442013129103,0,,,,,,0,20,,,,,,0,,,165,,,,,16,,,,0,33,358,324,0,8,0,0,0,0,0,0,0,0,,,,,,,,,,,,,,,,,,,,,,,,,,,,,,,,,,,,,,,,,,
TOTOLAC,29036,517,2016,June,0,144,165,19,62,,,,,,,909,891,1282,TLAXCALA,0.709048361934477,0,,,,,,0,8,,,,,,0,,,103,,,,,3,,,,0,23,196,161,0,7,0,0,0,0,0,0,0,0,,,,,,,,,,,,,,,,,,,,,,,,,,,,,,,,,,,,,,,,,,
TOTOLAC,29036,518,2016,June,0,101,224,25,66,,,,,,,969,936,1122,TLAXCALA,0.863636363636364,0,,,,,,0,11,,,,,,0,,,78,,,,,10,,,,0,51,129,219,0,22,0,0,0,0,0,0,0,0,,,,,,,,,,,,,,,,,,,,,,,,,,,,,,,,,,,,,,,,,,
TOTOLAC,29036,519,2016,June,0,77,99,9,34,,,,,,,477,475,721,TLAXCALA,0.661581137309293,0,,,,,,0,5,,,,,,0,,,57,,,,,0,,,,0,25,88,71,0,10,0,0,0,0,0,0,0,0,,,,,,,,,,,,,,,,,,,,,,,,,,,,,,,,,,,,,,,,,,
TZOMPANTEPEC,29038,527,2016,June,125,146,91,69,68,,,,,,,2151,2066,3680,TLAXCALA,0.584510869565217,0,,,,,,287,37,,,,,,0,,,426,,,,,18,,,,0,175,508,0,0,38,78,0,0,0,0,0,0,0,,,,,,,,,,,,,,,,,,,,,,,,,,,,,,,,,,,,,,,,,,
TZOMPANTEPEC,29038,528,2016,June,127,84,156,24,79,,,,,,,2029,1962,3246,TLAXCALA,0.625077017868145,0,,,,,,324,45,,,,,,0,,,395,,,,,4,,,,0,150,437,0,0,69,68,0,0,0,0,0,0,0,,,,,,,,,,,,,,,,,,,,,,,,,,,,,,,,,,,,,,,,,,
TZOMPANTEPEC,29038,529,2016,June,54,9,21,67,44,,,,,,,1022,994,1394,TLAXCALA,0.733142037302726,0,,,,,,31,7,,,,,,0,,,191,,,,,2,,,,0,121,51,0,0,370,26,0,0,0,0,0,0,0,,,,,,,,,,,,,,,,,,,,,,,,,,,,,,,,,,,,,,,,,,
TZOMPANTEPEC,29038,530,2016,June,120,106,17,49,14,,,,,,,808,793,1114,TLAXCALA,0.725314183123878,0,,,,,,199,5,,,,,,0,,,72,,,,,1,,,,0,37,79,0,0,24,70,0,0,0,0,0,0,0,,,,,,,,,,,,,,,,,,,,,,,,,,,,,,,,,,,,,,,,,,
TZOMPANTEPEC,29038,536,2016,June,43,11,15,12,45,,,,,,,516,498,669,TLAXCALA,0.771300448430493,0,,,,,,16,9,,,,,,0,,,61,,,,,3,,,,0,179,32,0,0,51,21,0,0,0,0,0,0,0,,,,,,,,,,,,,,,,,,,,,,,,,,,,,,,,,,,,,,,,,,
TZOMPANTEPEC,29038,537,2016,June,10,17,12,1,1,,,,,,,201,198,235,TLAXCALA,0.85531914893617,0,,,,,,15,2,,,,,,0,,,33,,,,,0,,,,0,17,14,0,0,65,11,0,0,0,0,0,0,0,,,,,,,,,,,,,,,,,,,,,,,,,,,,,,,,,,,,,,,,,,
XALOZTOC,29039,538,2016,June,0,268,249,44,186,,,,,,,1463,1429,2062,TLAXCALA,0.709505334626576,0,,,,,,0,49,,,,,,0,,,301,,,,,0,,,,0,58,0,227,0,47,0,0,0,0,0,0,0,0,,,,,,,,,,,,,,,,,,,,,,,,,,,,,,,,,,,,,,,,,,
XALOZTOC,29039,539,2016,June,0,393,251,30,227,,,,,,,1509,1482,1974,TLAXCALA,0.764437689969605,0,,,,,,0,31,,,,,,0,,,214,,,,,0,,,,0,69,0,230,0,37,0,0,0,0,0,0,0,0,,,,,,,,,,,,,,,,,,,,,,,,,,,,,,,,,,,,,,,,,,
XALOZTOC,29039,540,2016,June,0,480,372,79,176,,,,,,,2102,2055,3005,TLAXCALA,0.699500831946755,0,,,,,,0,69,,,,,,0,,,447,,,,,0,,,,0,145,0,247,0,40,0,0,0,0,0,0,0,0,,,,,,,,,,,,,,,,,,,,,,,,,,,,,,,,,,,,,,,,,,
XALOZTOC,29039,541,2016,June,0,334,373,72,360,,,,,,,1841,1797,2621,TLAXCALA,0.702403662724151,0,,,,,,0,53,,,,,,0,,,157,,,,,0,,,,0,74,0,329,0,45,0,0,0,0,0,0,0,0,,,,,,,,,,,,,,,,,,,,,,,,,,,,,,,,,,,,,,,,,,
XALOZTOC,29039,542,2016,June,0,86,248,44,394,,,,,,,1559,1521,2273,TLAXCALA,0.685877694676639,0,,,,,,0,71,,,,,,0,,,226,,,,,0,,,,0,96,0,290,0,66,0,0,0,0,0,0,0,0,,,,,,,,,,,,,,,,,,,,,,,,,,,,,,,,,,,,,,,,,,
XALOZTOC,29039,543,2016,June,0,176,162,39,98,,,,,,,963,942,1991,TLAXCALA,0.483676544450025,0,,,,,,0,35,,,,,,0,,,133,,,,,0,,,,0,36,0,232,0,31,0,0,0,0,0,0,0,0,,,,,,,,,,,,,,,,,,,,,,,,,,,,,,,,,,,,,,,,,,
XALOZTOC,29039,544,2016,June,0,46,127,54,75,,,,,,,505,489,587,TLAXCALA,0.8603066439523,0,,,,,,0,17,,,,,,0,,,93,,,,,0,,,,0,10,0,43,0,24,0,0,0,0,0,0,0,0,,,,,,,,,,,,,,,,,,,,,,,,,,,,,,,,,,,,,,,,,,
XALOZTOC,29039,545,2016,June,0,84,91,15,48,,,,,,,411,400,520,TLAXCALA,0.790384615384615,0,,,,,,0,6,,,,,,0,,,55,,,,,0,,,,0,33,0,62,0,6,0,0,0,0,0,0,0,0,,,,,,,,,,,,,,,,,,,,,,,,,,,,,,,,,,,,,,,,,,
XALOZTOC,29039,546,2016,June,0,31,143,16,94,,,,,,,549,537,685,TLAXCALA,0.801459854014599,0,,,,,,0,12,,,,,,0,,,51,,,,,0,,,,0,20,0,158,0,12,0,0,0,0,0,0,0,0,,,,,,,,,,,,,,,,,,,,,,,,,,,,,,,,,,,,,,,,,,
XALTOCAN,29040,547,2016,June,128,89,53,34,114,,,,,,,785,760,1097,TLAXCALA,0.715587967183227,0,,,,,,2,195,,,,,,0,,,131,,,,,3,,,,0,11,0,0,0,0,0,0,0,0,0,0,0,0,,,,,,,,,,,,,,,,,,,,,,,,,,,,,,,,,,,,,,,,,,
XALTOCAN,29040,548,2016,June,186,114,198,24,238,,,,,,,1272,1214,1849,TLAXCALA,0.687939426717144,0,,,,,,6,130,,,,,,0,,,281,,,,,2,,,,0,35,0,0,0,0,0,0,0,0,0,0,0,0,,,,,,,,,,,,,,,,,,,,,,,,,,,,,,,,,,,,,,,,,,
XALTOCAN,29040,549,2016,June,98,70,102,158,102,,,,,,,863,835,1346,TLAXCALA,0.641158989598811,0,,,,,,8,58,,,,,,0,,,211,,,,,8,,,,0,20,0,0,0,0,0,0,0,0,0,0,0,0,,,,,,,,,,,,,,,,,,,,,,,,,,,,,,,,,,,,,,,,,,
XALTOCAN,29040,550,2016,June,75,37,55,119,58,,,,,,,558,538,855,TLAXCALA,0.652631578947369,0,,,,,,1,29,,,,,,0,,,140,,,,,6,,,,0,18,0,0,0,0,0,0,0,0,0,0,0,0,,,,,,,,,,,,,,,,,,,,,,,,,,,,,,,,,,,,,,,,,,
XALTOCAN,29040,553,2016,June,26,4,11,5,36,,,,,,,216,202,287,TLAXCALA,0.752613240418119,0,,,,,,1,22,,,,,,0,,,83,,,,,0,,,,0,14,0,0,0,0,0,0,0,0,0,0,0,0,,,,,,,,,,,,,,,,,,,,,,,,,,,,,,,,,,,,,,,,,,
XALTOCAN,29040,554,2016,June,14,20,18,9,19,,,,,,,120,116,152,TLAXCALA,0.789473684210526,0,,,,,,1,9,,,,,,0,,,24,,,,,0,,,,0,2,0,0,0,0,0,0,0,0,0,0,0,0,,,,,,,,,,,,,,,,,,,,,,,,,,,,,,,,,,,,,,,,,,
XALTOCAN,29040,555,2016,June,183,39,100,8,59,,,,,,,520,508,672,TLAXCALA,0.773809523809524,0,,,,,,3,25,,,,,,0,,,85,,,,,0,,,,0,6,0,0,0,0,0,0,0,0,0,0,0,0,,,,,,,,,,,,,,,,,,,,,,,,,,,,,,,,,,,,,,,,,,
XALTOCAN,29040,556,2016,June,36,24,101,19,73,,,,,,,517,508,718,TLAXCALA,0.720055710306407,0,,,,,,0,140,,,,,,0,,,101,,,,,6,,,,0,8,0,0,0,0,0,0,0,0,0,0,0,0,,,,,,,,,,,,,,,,,,,,,,,,,,,,,,,,,,,,,,,,,,
XALTOCAN,29040,557,2016,June,73,40,55,46,89,,,,,,,491,461,706,TLAXCALA,0.695467422096317,0,,,,,,3,29,,,,,,0,,,89,,,,,7,,,,0,30,0,0,0,0,0,0,0,0,0,0,0,0,,,,,,,,,,,,,,,,,,,,,,,,,,,,,,,,,,,,,,,,,,
XICOHTZINCO,29042,570,2016,June,0,165,416,76,0,,,,,,,1738,1692,2490,TLAXCALA,0.697991967871486,0,,,,,,0,371,,,,,,0,,,0,,,,,97,,,,0,330,77,0,0,0,0,0,0,0,0,0,160,0,,,,,,,,,,,,,,,,,,,,,,,,,,,,,,,,,,,,,,,,,,
XICOHTZINCO,29042,571,2016,June,0,121,236,46,0,,,,,,,1168,1139,1595,TLAXCALA,0.732288401253919,0,,,,,,0,257,,,,,,0,,,0,,,,,169,,,,0,145,73,0,0,0,0,0,0,0,0,0,92,0,,,,,,,,,,,,,,,,,,,,,,,,,,,,,,,,,,,,,,,,,,
XICOHTZINCO,29042,572,2016,June,0,126,318,57,0,,,,,,,1178,1133,1651,TLAXCALA,0.71350696547547,0,,,,,,0,202,,,,,,0,,,0,,,,,102,,,,0,111,86,0,0,0,0,0,0,0,0,0,131,0,,,,,,,,,,,,,,,,,,,,,,,,,,,,,,,,,,,,,,,,,,
XICOHTZINCO,29042,573,2016,June,0,104,295,90,0,,,,,,,1219,1198,1821,TLAXCALA,0.669412410763317,0,,,,,,0,269,,,,,,0,,,0,,,,,125,,,,0,169,49,0,0,0,0,0,0,0,0,0,97,0,,,,,,,,,,,,,,,,,,,,,,,,,,,,,,,,,,,,,,,,,,
XICOHTZINCO,29042,574,2016,June,0,148,374,102,0,,,,,,,1703,1658,2618,TLAXCALA,0.650496562261268,0,,,,,,0,370,,,,,,0,,,0,,,,,134,,,,0,302,81,0,0,0,0,0,0,0,0,0,147,0,,,,,,,,,,,,,,,,,,,,,,,,,,,,,,,,,,,,,,,,,,
YAUHQUEMEHCAN,29043,575,2016,June,111,202,35,6,14,,,,,,,1346,1298,2029,TLAXCALA,0.663380975850173,0,,,,,,181,1,,,,,,0,,,368,,,,,2,,,,0,188,190,0,0,0,0,0,0,0,0,0,0,0,,,,,,,,,,,,,,,,,,,,,,,,,,,,,,,,,,,,,,,,,,
YAUHQUEMEHCAN,29043,576,2016,June,92,177,36,2,8,,,,,,,1084,1062,1626,TLAXCALA,0.666666666666667,0,,,,,,179,3,,,,,,0,,,308,,,,,6,,,,0,97,154,0,0,0,0,0,0,0,0,0,0,0,,,,,,,,,,,,,,,,,,,,,,,,,,,,,,,,,,,,,,,,,,
YAUHQUEMEHCAN,29043,577,2016,June,40,73,5,1,5,,,,,,,453,438,621,TLAXCALA,0.729468599033817,0,,,,,,103,2,,,,,,0,,,139,,,,,2,,,,0,33,35,0,0,0,0,0,0,0,0,0,0,0,,,,,,,,,,,,,,,,,,,,,,,,,,,,,,,,,,,,,,,,,,
YAUHQUEMEHCAN,29043,578,2016,June,104,180,15,2,4,,,,,,,742,721,996,TLAXCALA,0.744979919678715,0,,,,,,108,12,,,,,,0,,,206,,,,,3,,,,0,46,41,0,0,0,0,0,0,0,0,0,0,0,,,,,,,,,,,,,,,,,,,,,,,,,,,,,,,,,,,,,,,,,,
YAUHQUEMEHCAN,29043,579,2016,June,146,60,23,5,3,,,,,,,859,841,1228,TLAXCALA,0.699511400651466,0,,,,,,215,4,,,,,,0,,,295,,,,,1,,,,0,52,37,0,0,0,0,0,0,0,0,0,0,0,,,,,,,,,,,,,,,,,,,,,,,,,,,,,,,,,,,,,,,,,,
YAUHQUEMEHCAN,29043,580,2016,June,58,408,19,31,11,,,,,,,1138,1107,1984,TLAXCALA,0.573588709677419,0,,,,,,51,2,,,,,,0,,,189,,,,,12,,,,0,309,17,0,0,0,0,0,0,0,0,0,0,0,,,,,,,,,,,,,,,,,,,,,,,,,,,,,,,,,,,,,,,,,,
YAUHQUEMEHCAN,29043,581,2016,June,121,647,82,16,20,,,,,,,1715,1638,3205,TLAXCALA,0.535101404056162,0,,,,,,98,16,,,,,,0,,,301,,,,,21,,,,0,290,26,0,0,0,0,0,0,0,0,0,0,0,,,,,,,,,,,,,,,,,,,,,,,,,,,,,,,,,,,,,,,,,,
YAUHQUEMEHCAN,29043,582,2016,June,307,554,81,52,17,,,,,,,2335,2263,4055,TLAXCALA,0.575832305795314,0,,,,,,92,14,,,,,,0,,,479,,,,,25,,,,0,593,49,0,0,0,0,0,0,0,0,0,0,0,,,,,,,,,,,,,,,,,,,,,,,,,,,,,,,,,,,,,,,,,,
YAUHQUEMEHCAN,29043,583,2016,June,178,327,134,35,14,,,,,,,1459,1387,2716,TLAXCALA,0.537187039764359,0,,,,,,97,9,,,,,,0,,,330,,,,,16,,,,0,219,28,0,0,0,0,0,0,0,0,0,0,0,,,,,,,,,,,,,,,,,,,,,,,,,,,,,,,,,,,,,,,,,,
YAUHQUEMEHCAN,29043,584,2016,June,107,208,31,3,1,,,,,,,661,629,1148,TLAXCALA,0.575783972125436,0,,,,,,25,0,,,,,,0,,,160,,,,,4,,,,0,66,24,0,0,0,0,0,0,0,0,0,0,0,,,,,,,,,,,,,,,,,,,,,,,,,,,,,,,,,,,,,,,,,,
YAUHQUEMEHCAN,29043,585,2016,June,253,257,62,9,7,,,,,,,1652,1588,2530,TLAXCALA,0.65296442687747,0,,,,,,346,4,,,,,,0,,,308,,,,,9,,,,0,172,161,0,0,0,0,0,0,0,0,0,0,0,,,,,,,,,,,,,,,,,,,,,,,,,,,,,,,,,,,,,,,,,,
ZACATELCO,29044,588,2016,June,0,32,0,0,0,,,,,,,779,750,1177,TLAXCALA,0.661852166525064,0,,,,,,0,0,,,,,,125,,,71,,,,,30,,,,0,119,137,155,0,0,0,0,0,0,0,0,0,81,,,,,,,,,,,,,,,,,,,,,,,,,,,,,,,,,,,,,,,,,,
ZACATELCO,29044,589,2016,June,0,48,0,0,0,,,,,,,1160,1131,1916,TLAXCALA,0.605427974947808,0,,,,,,0,0,,,,,,262,,,162,,,,,33,,,,0,183,136,205,0,0,0,0,0,0,0,0,0,102,,,,,,,,,,,,,,,,,,,,,,,,,,,,,,,,,,,,,,,,,,
ZACATELCO,29044,590,2016,June,0,111,0,0,0,,,,,,,1885,1835,3147,TLAXCALA,0.598983158563711,0,,,,,,0,0,,,,,,351,,,186,,,,,81,,,,0,299,335,279,0,0,0,0,0,0,0,0,0,193,,,,,,,,,,,,,,,,,,,,,,,,,,,,,,,,,,,,,,,,,,
ZACATELCO,29044,591,2016,June,0,69,0,0,0,,,,,,,1557,1513,2476,TLAXCALA,0.628836833602585,0,,,,,,0,0,,,,,,281,,,204,,,,,68,,,,0,258,280,226,0,0,0,0,0,0,0,0,0,127,,,,,,,,,,,,,,,,,,,,,,,,,,,,,,,,,,,,,,,,,,
ZACATELCO,29044,592,2016,June,0,72,0,0,0,,,,,,,1978,1906,3318,TLAXCALA,0.596142254370102,0,,,,,,0,0,,,,,,402,,,260,,,,,67,,,,0,325,242,402,0,0,0,0,0,0,0,0,0,136,,,,,,,,,,,,,,,,,,,,,,,,,,,,,,,,,,,,,,,,,,
ZACATELCO,29044,593,2016,June,0,70,0,0,0,,,,,,,1471,1423,2367,TLAXCALA,0.621461765948458,0,,,,,,0,0,,,,,,379,,,169,,,,,63,,,,0,244,170,201,0,0,0,0,0,0,0,0,0,127,,,,,,,,,,,,,,,,,,,,,,,,,,,,,,,,,,,,,,,,,,
ZACATELCO,29044,594,2016,June,0,33,0,0,0,,,,,,,1240,1203,1917,TLAXCALA,0.646844027125717,0,,,,,,0,0,,,,,,231,,,243,,,,,41,,,,0,180,167,153,0,0,0,0,0,0,0,0,0,155,,,,,,,,,,,,,,,,,,,,,,,,,,,,,,,,,,,,,,,,,,
ZACATELCO,29044,595,2016,June,0,43,0,0,0,,,,,,,1280,1243,2091,TLAXCALA,0.612147297943568,0,,,,,,0,0,,,,,,268,,,228,,,,,101,,,,0,125,185,159,0,0,0,0,0,0,0,0,0,134,,,,,,,,,,,,,,,,,,,,,,,,,,,,,,,,,,,,,,,,,,
ZACATELCO,29044,596,2016,June,0,33,0,0,0,,,,,,,832,802,1194,TLAXCALA,0.696817420435511,0,,,,,,0,0,,,,,,140,,,178,,,,,44,,,,0,85,139,100,0,0,0,0,0,0,0,0,0,83,,,,,,,,,,,,,,,,,,,,,,,,,,,,,,,,,,,,,,,,,,
ZACATELCO,29044,597,2016,June,0,55,0,0,0,,,,,,,1165,1140,1673,TLAXCALA,0.696353855349671,0,,,,,,0,0,,,,,,273,,,173,,,,,41,,,,0,133,181,153,0,0,0,0,0,0,0,0,0,131,,,,,,,,,,,,,,,,,,,,,,,,,,,,,,,,,,,,,,,,,,
ZACATELCO,29044,598,2016,June,0,78,0,0,0,,,,,,,1282,1251,1987,TLAXCALA,0.645193759436336,0,,,,,,0,0,,,,,,278,,,235,,,,,86,,,,0,171,161,148,0,0,0,0,0,0,0,0,0,94,,,,,,,,,,,,,,,,,,,,,,,,,,,,,,,,,,,,,,,,,,
ZACATELCO,29044,599,2016,June,0,82,0,0,0,,,,,,,1507,1446,2454,TLAXCALA,0.614099429502852,0,,,,,,0,0,,,,,,268,,,173,,,,,85,,,,0,158,353,230,0,0,0,0,0,0,0,0,0,97,,,,,,,,,,,,,,,,,,,,,,,,,,,,,,,,,,,,,,,,,,
ZACATELCO,29044,600,2016,June,0,70,0,0,0,,,,,,,1954,1908,2961,TLAXCALA,0.659912191827086,0,,,,,,0,0,,,,,,336,,,230,,,,,89,,,,0,242,292,327,0,0,0,0,0,0,0,0,0,322,,,,,,,,,,,,,,,,,,,,,,,,,,,,,,,,,,,,,,,,,,
ZACATELCO,29044,601,2016,June,0,31,0,0,0,,,,,,,1704,1659,2475,TLAXCALA,0.688484848484849,0,,,,,,0,0,,,,,,258,,,202,,,,,53,,,,0,273,307,382,0,0,0,0,0,0,0,0,0,153,,,,,,,,,,,,,,,,,,,,,,,,,,,,,,,,,,,,,,,,,,
ZILTLALTEPEC DE TRINIDAD SANCHEZ SANTOS,29037,520,2016,June,64,397,15,24,105,,,,,,,989,938,1429,TLAXCALA,0.692092372288314,0,,,,,,4,0,,,,,,0,,,21,,,,,0,,,,0,284,24,0,0,0,0,0,0,0,0,0,0,0,,,,,,,,,,,,,,,,,,,,,,,,,,,,,,,,,,,,,,,,,,
ZILTLALTEPEC DE TRINIDAD SANCHEZ SANTOS,29037,521,2016,June,30,291,27,3,70,,,,,,,688,652,989,TLAXCALA,0.695652173913044,0,,,,,,3,0,,,,,,0,,,5,,,,,0,,,,0,195,28,0,0,0,0,0,0,0,0,0,0,0,,,,,,,,,,,,,,,,,,,,,,,,,,,,,,,,,,,,,,,,,,
ZILTLALTEPEC DE TRINIDAD SANCHEZ SANTOS,29037,522,2016,June,103,282,23,15,95,,,,,,,839,798,1232,TLAXCALA,0.681006493506494,0,,,,,,3,0,,,,,,0,,,1,,,,,0,,,,0,246,30,0,0,0,0,0,0,0,0,0,0,0,,,,,,,,,,,,,,,,,,,,,,,,,,,,,,,,,,,,,,,,,,
ZILTLALTEPEC DE TRINIDAD SANCHEZ SANTOS,29037,523,2016,June,64,212,17,6,63,,,,,,,824,806,1229,TLAXCALA,0.67046379170057,0,,,,,,7,0,,,,,,0,,,9,,,,,0,,,,0,384,44,0,0,0,0,0,0,0,0,0,0,0,,,,,,,,,,,,,,,,,,,,,,,,,,,,,,,,,,,,,,,,,,
ZILTLALTEPEC DE TRINIDAD SANCHEZ SANTOS,29037,524,2016,June,54,141,19,8,90,,,,,,,434,408,540,TLAXCALA,0.803703703703704,0,,,,,,3,0,,,,,,0,,,6,,,,,0,,,,0,77,10,0,0,0,0,0,0,0,0,0,0,0,,,,,,,,,,,,,,,,,,,,,,,,,,,,,,,,,,,,,,,,,,
ZILTLALTEPEC DE TRINIDAD SANCHEZ SANTOS,29037,525,2016,June,55,103,10,64,179,,,,,,,663,600,887,TLAXCALA,0.747463359639233,0,,,,,,5,0,,,,,,0,,,26,,,,,0,,,,0,92,66,0,0,0,0,0,0,0,0,0,0,0,,,,,,,,,,,,,,,,,,,,,,,,,,,,,,,,,,,,,,,,,,
ZILTLALTEPEC DE TRINIDAD SANCHEZ SANTOS,29037,526,2016,June,16,27,4,3,0,,,,,,,92,87,167,TLAXCALA,0.550898203592814,0,,,,,,1,0,,,,,,0,,,8,,,,,0,,,,0,27,1,0,0,0,0,0,0,0,0,0,0,0,,,,,,,,,,,,,,,,,,,,,,,,,,,,,,,,,,,,,,,,,,
ACUAMANALA DE MIGUEL HIDALGO,29022,309,2021,June,157,8,7,4,0,,,,,,,1117,1094,1386,TLAXCALA,0.805916305916306,,,,,,,0,327,,,,,,,,,0,,,,,20,,,,,193,31,,,0,0,0,,,0,,,,0,0,155,0,0,0,0,0,0,0,0,0,0,0,0,0,0,0,0,0,0,0,0,0,0,0,0,0,0,0,0,0,0,0,0,0,23,,,,,
ACUAMANALA DE MIGUEL HIDALGO,29022,310,2021,June,112,9,8,0,2,,,,,,,1279,1240,1513,TLAXCALA,0.845340383344349,,,,,,,0,240,,,,,,,,,0,,,,,91,,,,,167,59,,,0,0,0,,,0,,,,0,0,359,0,0,0,0,0,0,0,0,0,0,0,0,0,0,0,0,0,0,0,0,0,0,0,0,0,0,0,0,0,0,0,0,5,29,,,,,
ACUAMANALA DE MIGUEL HIDALGO,29022,311,2021,June,139,2,5,0,0,,,,,,,1016,993,1242,TLAXCALA,0.818035426731079,,,,,,,0,214,,,,,,,,,0,,,,,37,,,,,93,34,,,0,0,0,,,0,,,,0,0,255,0,0,0,0,0,0,0,0,0,0,0,0,0,0,0,0,0,0,0,0,0,0,0,0,0,0,0,0,0,0,0,0,0,23,,,,,
ACUAMANALA DE MIGUEL HIDALGO,29022,312,2021,June,101,1,2,0,0,,,,,,,623,616,730,TLAXCALA,0.853424657534247,,,,,,,0,132,,,,,,,,,0,,,,,42,,,,,76,7,,,0,0,0,,,0,,,,0,0,157,0,0,0,0,0,0,0,0,0,0,0,0,0,0,0,0,0,0,0,0,0,0,0,0,0,0,0,0,0,0,0,0,0,7,,,,,
AMAXAC DE GUERRERO,29001,1,2021,June,84,6,49,54,2,,,,,,,850,837,1192,TLAXCALA,0.713087248322148,,,,,,,0,11,,,,,,,,,128,,,,,24,,,,,138,87,,,0,0,0,,,0,,,,66,0,62,81,0,0,0,0,0,0,0,0,0,0,0,0,0,0,0,0,0,0,0,0,0,0,0,0,0,0,0,0,0,0,0,0,13,,,,,
AMAXAC DE GUERRERO,29001,2,2021,June,374,27,99,282,5,,,,,,,2318,2282,3522,TLAXCALA,0.658148779102783,,,,,,,0,24,,,,,,,,,190,,,,,79,,,,,373,126,,,0,0,0,,,0,,,,104,0,160,229,0,0,0,0,0,0,0,0,0,0,0,0,0,0,0,0,0,0,0,0,0,0,0,0,0,0,0,0,0,0,0,1,35,,,,,
AMAXAC DE GUERRERO,29001,3,2021,June,206,30,158,298,7,,,,,,,2064,2023,3029,TLAXCALA,0.681413007593265,,,,,,,0,36,,,,,,,,,156,,,,,83,,,,,313,102,,,0,0,0,,,0,,,,91,0,109,250,0,0,0,0,0,0,0,0,0,0,0,0,0,0,0,0,0,0,0,0,0,0,0,0,0,0,0,0,0,0,0,2,39,,,,,
AMAXAC DE GUERRERO,29001,4,2021,June,90,7,29,6,2,,,,,,,577,552,701,TLAXCALA,0.823109843081312,,,,,,,0,12,,,,,,,,,130,,,,,39,,,,,88,30,,,0,0,0,,,0,,,,5,0,69,33,0,0,0,0,0,0,0,0,0,0,0,0,0,0,0,0,0,0,0,0,0,0,0,0,0,0,0,0,0,0,0,0,25,,,,,
APETATITLAN DE ANTONIO CARVAJAL,29002,5,2021,June,74,521,9,85,11,,,,,,,1961,1920,2634,TLAXCALA,0.744495064540623,,,,,,,0,254,,,,,,,,,38,,,,,84,,,,,416,154,,,0,0,0,,,0,,,,20,0,5,173,0,0,0,0,0,0,0,0,0,0,0,0,0,0,0,0,0,0,0,0,0,0,0,0,0,0,0,0,0,0,0,0,41,,,,,
APETATITLAN DE ANTONIO CARVAJAL,29002,6,2021,June,24,208,6,12,3,,,,,,,605,593,864,TLAXCALA,0.700231481481482,,,,,,,0,164,,,,,,,,,7,,,,,18,,,,,102,23,,,0,0,0,,,0,,,,2,0,1,9,0,0,0,0,0,0,0,0,0,0,0,0,0,0,0,0,0,0,0,0,0,0,0,0,0,0,0,0,0,0,0,0,12,,,,,
APETATITLAN DE ANTONIO CARVAJAL,29002,7,2021,June,5,75,3,3,0,,,,,,,232,225,295,TLAXCALA,0.786440677966102,,,,,,,0,48,,,,,,,,,20,,,,,12,,,,,40,5,,,0,0,0,,,0,,,,0,0,2,2,0,0,0,0,0,0,0,0,0,0,0,0,0,0,0,0,0,0,0,0,0,0,0,0,0,0,0,0,0,0,0,2,5,,,,,
APETATITLAN DE ANTONIO CARVAJAL,29002,8,2021,June,67,543,2,53,6,,,,,,,1544,1519,2225,TLAXCALA,0.693932584269663,,,,,,,0,319,,,,,,,,,36,,,,,38,,,,,244,68,,,0,0,0,,,0,,,,18,0,2,33,0,0,0,0,0,0,0,0,0,0,0,0,0,0,0,0,0,0,0,0,0,0,0,0,0,0,0,0,0,0,0,0,25,,,,,
APETATITLAN DE ANTONIO CARVAJAL,29002,9,2021,June,63,330,3,50,7,,,,,,,1660,1630,2541,TLAXCALA,0.653286107831562,,,,,,,0,115,,,,,,,,,56,,,,,530,,,,,293,27,,,0,0,0,,,0,,,,9,0,8,63,0,0,0,0,0,0,0,0,0,0,0,0,0,0,0,0,0,0,0,0,0,0,0,0,0,0,0,0,0,0,0,0,30,,,,,
APETATITLAN DE ANTONIO CARVAJAL,29002,10,2021,June,71,422,7,71,5,,,,,,,2082,2046,2722,TLAXCALA,0.76487876561352,,,,,,,0,552,,,,,,,,,18,,,,,83,,,,,323,30,,,0,0,0,,,0,,,,2,0,12,126,0,0,0,0,0,0,0,0,0,0,0,0,0,0,0,0,0,0,0,0,0,0,0,0,0,0,0,0,0,0,0,0,36,,,,,
APETATITLAN DE ANTONIO CARVAJAL,29002,11,2021,June,32,173,0,28,4,,,,,,,683,676,923,TLAXCALA,0.739978331527627,,,,,,,0,119,,,,,,,,,10,,,,,12,,,,,181,13,,,0,0,0,,,0,,,,0,0,1,37,0,0,0,0,0,0,0,0,0,0,0,0,0,0,0,0,0,0,0,0,0,0,0,0,0,0,0,0,0,0,0,0,7,,,,,
APIZACO,29005,12,2021,June,84,108,50,147,8,,,,,,,668,659,1194,TLAXCALA,0.559463986599665,,,,,,,0,0,,,,,,,,,7,,,,,6,,,,,97,49,,,0,0,0,,,0,,,,10,0,57,19,0,0,0,0,0,0,0,0,0,0,0,0,0,0,0,0,0,0,0,0,0,0,0,0,0,0,0,0,0,0,0,0,9,,,,,
APIZACO,29005,13,2021,June,152,264,174,168,29,,,,,,,1493,1456,2269,TLAXCALA,0.657999118554429,,,,,,,0,0,,,,,,,,,14,,,,,20,,,,,185,87,,,0,0,0,,,0,,,,93,0,141,62,0,0,0,0,0,0,0,0,0,0,0,0,0,0,0,0,0,0,0,0,0,0,0,0,0,0,0,0,0,0,0,0,37,,,,,
APIZACO,29005,14,2021,June,276,451,474,218,22,,,,,,,2898,2830,4765,TLAXCALA,0.608184679958027,,,,,,,0,0,,,,,,,,,37,,,,,20,,,,,425,120,,,0,0,0,,,0,,,,285,0,267,104,0,0,0,0,0,0,0,0,0,0,0,0,0,0,0,0,0,0,0,0,0,0,0,0,0,0,0,0,0,0,0,1,67,,,,,
APIZACO,29005,15,2021,June,99,157,89,117,23,,,,,,,947,938,1624,TLAXCALA,0.583128078817734,,,,,,,0,0,,,,,,,,,10,,,,,10,,,,,190,71,,,0,0,0,,,0,,,,57,0,55,33,0,0,0,0,0,0,0,0,0,0,0,0,0,0,0,0,0,0,0,0,0,0,0,0,0,0,0,0,0,0,0,0,9,,,,,
APIZACO,29005,16,2021,June,84,288,119,113,20,,,,,,,1123,1100,1728,TLAXCALA,0.649884259259259,,,,,,,0,0,,,,,,,,,10,,,,,13,,,,,213,71,,,0,0,0,,,0,,,,51,0,72,18,0,0,0,0,0,0,0,0,0,0,0,0,0,0,0,0,0,0,0,0,0,0,0,0,0,0,0,0,0,0,0,1,22,,,,,
APIZACO,29005,17,2021,June,115,161,88,126,15,,,,,,,854,840,1344,TLAXCALA,0.635416666666667,,,,,,,0,0,,,,,,,,,23,,,,,12,,,,,117,85,,,0,0,0,,,0,,,,14,0,43,15,0,0,0,0,0,0,0,0,0,0,0,0,0,0,0,0,0,0,0,0,0,0,0,0,0,0,0,0,0,0,0,0,14,,,,,
APIZACO,29005,18,2021,June,72,169,116,87,17,,,,,,,716,702,1119,TLAXCALA,0.639857015192136,,,,,,,0,0,,,,,,,,,9,,,,,11,,,,,114,39,,,0,0,0,,,0,,,,9,0,26,22,0,0,0,0,0,0,0,0,0,0,0,0,0,0,0,0,0,0,0,0,0,0,0,0,0,0,0,0,0,0,0,2,12,,,,,
APIZACO,29005,19,2021,June,56,161,71,95,13,,,,,,,730,712,1153,TLAXCALA,0.633130962705984,,,,,,,0,0,,,,,,,,,11,,,,,7,,,,,120,72,,,0,0,0,,,0,,,,42,0,28,22,0,0,0,0,0,0,0,0,0,0,0,0,0,0,0,0,0,0,0,0,0,0,0,0,0,0,0,0,0,0,0,1,17,,,,,
APIZACO,29005,20,2021,June,39,97,31,65,7,,,,,,,515,497,884,TLAXCALA,0.582579185520362,,,,,,,0,0,,,,,,,,,4,,,,,2,,,,,86,41,,,0,0,0,,,0,,,,50,0,40,13,0,0,0,0,0,0,0,0,0,0,0,0,0,0,0,0,0,0,0,0,0,0,0,0,0,0,0,0,0,0,0,1,17,,,,,
APIZACO,29005,21,2021,June,21,58,46,35,5,,,,,,,286,278,437,TLAXCALA,0.654462242562929,,,,,,,0,0,,,,,,,,,5,,,,,7,,,,,42,14,,,0,0,0,,,0,,,,6,0,24,8,0,0,0,0,0,0,0,0,0,0,0,0,0,0,0,0,0,0,0,0,0,0,0,0,0,0,0,0,0,0,0,1,7,,,,,
APIZACO,29005,22,2021,June,74,141,98,100,14,,,,,,,788,766,1351,TLAXCALA,0.583271650629164,,,,,,,0,0,,,,,,,,,16,,,,,20,,,,,113,54,,,0,0,0,,,0,,,,31,0,58,24,0,0,0,0,0,0,0,0,0,0,0,0,0,0,0,0,0,0,0,0,0,0,0,0,0,0,0,0,0,0,0,0,22,,,,,
APIZACO,29005,23,2021,June,45,95,73,89,1,,,,,,,458,451,730,TLAXCALA,0.627397260273973,,,,,,,0,0,,,,,,,,,7,,,,,2,,,,,41,39,,,0,0,0,,,0,,,,8,0,27,9,0,0,0,0,0,0,0,0,0,0,0,0,0,0,0,0,0,0,0,0,0,0,0,0,0,0,0,0,0,0,0,1,6,,,,,
APIZACO,29005,24,2021,June,57,109,49,103,7,,,,,,,541,533,862,TLAXCALA,0.627610208816705,,,,,,,0,0,,,,,,,,,7,,,,,6,,,,,79,49,,,0,0,0,,,0,,,,21,0,21,10,0,0,0,0,0,0,0,0,0,0,0,0,0,0,0,0,0,0,0,0,0,0,0,0,0,0,0,0,0,0,0,0,8,,,,,
APIZACO,29005,25,2021,June,59,176,82,119,13,,,,,,,757,739,1271,TLAXCALA,0.595594020456334,,,,,,,0,0,,,,,,,,,21,,,,,7,,,,,93,84,,,0,0,0,,,0,,,,17,0,33,13,0,0,0,0,0,0,0,0,0,0,0,0,0,0,0,0,0,0,0,0,0,0,0,0,0,0,0,0,0,0,0,0,18,,,,,
APIZACO,29005,26,2021,June,68,291,72,120,8,,,,,,,852,840,1412,TLAXCALA,0.603399433427762,,,,,,,0,0,,,,,,,,,10,,,,,8,,,,,95,63,,,0,0,0,,,0,,,,14,0,51,13,0,0,0,0,0,0,0,0,0,0,0,0,0,0,0,0,0,0,0,0,0,0,0,0,0,0,0,0,0,0,0,0,12,,,,,
APIZACO,29005,27,2021,June,120,282,118,210,25,,,,,,,1204,1172,2095,TLAXCALA,0.574701670644391,,,,,,,0,0,,,,,,,,,8,,,,,12,,,,,171,86,,,0,0,0,,,0,,,,13,0,55,42,0,0,0,0,0,0,0,0,0,0,0,0,0,0,0,0,0,0,0,0,0,0,0,0,0,0,0,0,0,0,0,0,32,,,,,
APIZACO,29005,28,2021,June,41,153,92,126,11,,,,,,,794,781,1479,TLAXCALA,0.5368492224476,,,,,,,0,0,,,,,,,,,13,,,,,10,,,,,151,53,,,0,0,0,,,0,,,,37,0,56,20,0,0,0,0,0,0,0,0,0,0,0,0,0,0,0,0,0,0,0,0,0,0,0,0,0,0,0,0,0,0,0,1,12,,,,,
APIZACO,29005,29,2021,June,115,194,121,121,16,,,,,,,982,957,1704,TLAXCALA,0.576291079812207,,,,,,,0,0,,,,,,,,,11,,,,,10,,,,,146,69,,,0,0,0,,,0,,,,49,0,61,20,0,0,0,0,0,0,0,0,0,0,0,0,0,0,0,0,0,0,0,0,0,0,0,0,0,0,0,0,0,0,0,0,25,,,,,
APIZACO,29005,30,2021,June,273,785,266,363,68,,,,,,,3376,3304,6130,TLAXCALA,0.550734094616639,,,,,,,0,0,,,,,,,,,28,,,,,43,,,,,601,193,,,0,0,0,,,0,,,,163,0,262,129,0,0,0,0,0,0,0,0,0,0,0,0,0,0,0,0,0,0,0,0,0,0,0,0,0,0,0,0,0,0,0,1,71,,,,,
APIZACO,29005,31,2021,June,118,335,123,176,12,,,,,,,1554,1514,3025,TLAXCALA,0.513719008264463,,,,,,,0,0,,,,,,,,,15,,,,,13,,,,,241,94,,,0,0,0,,,0,,,,136,0,130,52,0,0,0,0,0,0,0,0,0,0,0,0,0,0,0,0,0,0,0,0,0,0,0,0,0,0,0,0,0,0,0,2,38,,,,,
APIZACO,29005,32,2021,June,111,264,175,158,19,,,,,,,1130,1109,1876,TLAXCALA,0.602345415778252,,,,,,,0,0,,,,,,,,,11,,,,,11,,,,,163,54,,,0,0,0,,,0,,,,29,0,78,18,0,0,0,0,0,0,0,0,0,0,0,0,0,0,0,0,0,0,0,0,0,0,0,0,0,0,0,0,0,0,0,1,20,,,,,
APIZACO,29005,33,2021,June,87,242,138,189,19,,,,,,,1188,1162,2171,TLAXCALA,0.54721326577614,,,,,,,0,0,,,,,,,,,10,,,,,10,,,,,181,84,,,0,0,0,,,0,,,,28,0,106,21,0,0,0,0,0,0,0,0,0,0,0,0,0,0,0,0,0,0,0,0,0,0,0,0,0,0,0,0,0,0,0,0,26,,,,,
APIZACO,29005,34,2021,June,90,153,84,125,17,,,,,,,828,803,1390,TLAXCALA,0.59568345323741,,,,,,,0,0,,,,,,,,,10,,,,,4,,,,,149,39,,,0,0,0,,,0,,,,26,0,44,23,0,0,0,0,0,0,0,0,0,0,0,0,0,0,0,0,0,0,0,0,0,0,0,0,0,0,0,0,0,0,0,0,25,,,,,
APIZACO,29005,35,2021,June,71,173,110,123,14,,,,,,,758,744,1179,TLAXCALA,0.642917726887193,,,,,,,0,0,,,,,,,,,6,,,,,7,,,,,96,43,,,0,0,0,,,0,,,,22,0,27,18,0,0,0,0,0,0,0,0,0,0,0,0,0,0,0,0,0,0,0,0,0,0,0,0,0,0,0,0,0,0,0,0,14,,,,,
APIZACO,29005,36,2021,June,110,250,111,144,19,,,,,,,1063,1018,2053,TLAXCALA,0.517778860204579,,,,,,,0,0,,,,,,,,,8,,,,,12,,,,,149,61,,,0,0,0,,,0,,,,49,0,54,26,0,0,0,0,0,0,0,0,0,0,0,0,0,0,0,0,0,0,0,0,0,0,0,0,0,0,0,0,0,0,0,13,32,,,,,
APIZACO,29005,37,2021,June,90,121,120,117,15,,,,,,,854,837,1303,TLAXCALA,0.655410590943975,,,,,,,0,0,,,,,,,,,11,,,,,6,,,,,135,77,,,0,0,0,,,0,,,,37,0,71,16,0,0,0,0,0,0,0,0,0,0,0,0,0,0,0,0,0,0,0,0,0,0,0,0,0,0,0,0,0,0,0,2,15,,,,,
APIZACO,29005,38,2021,June,77,184,249,12,11,,,,,,,784,759,1002,TLAXCALA,0.782435129740519,,,,,,,0,0,,,,,,,,,0,,,,,9,,,,,43,27,,,0,0,0,,,0,,,,20,0,106,16,0,0,0,0,0,0,0,0,0,0,0,0,0,0,0,0,0,0,0,0,0,0,0,0,0,0,0,0,0,0,0,0,25,,,,,
APIZACO,29005,39,2021,June,60,186,98,74,11,,,,,,,825,787,1213,TLAXCALA,0.680131904369332,,,,,,,0,0,,,,,,,,,2,,,,,18,,,,,122,30,,,0,0,0,,,0,,,,53,0,105,15,0,0,0,0,0,0,0,0,0,0,0,0,0,0,0,0,0,0,0,0,0,0,0,0,0,0,0,0,0,0,0,0,38,,,,,
APIZACO,29005,40,2021,June,130,294,99,73,22,,,,,,,1677,1622,2598,TLAXCALA,0.645496535796767,,,,,,,0,0,,,,,,,,,10,,,,,30,,,,,288,98,,,0,0,0,,,0,,,,276,0,201,52,0,0,0,0,0,0,0,0,0,0,0,0,0,0,0,0,0,0,0,0,0,0,0,0,0,0,0,0,0,0,0,0,55,,,,,
APIZACO,29005,41,2021,June,183,464,112,125,31,,,,,,,2097,2049,3209,TLAXCALA,0.653474602679963,,,,,,,0,0,,,,,,,,,15,,,,,30,,,,,350,126,,,0,0,0,,,0,,,,283,0,222,56,0,0,0,0,0,0,0,0,0,0,0,0,0,0,0,0,0,0,0,0,0,0,0,0,0,0,0,0,0,0,0,0,48,,,,,
APIZACO,29005,42,2021,June,40,74,29,23,12,,,,,,,363,347,621,TLAXCALA,0.584541062801932,,,,,,,0,0,,,,,,,,,2,,,,,3,,,,,58,22,,,0,0,0,,,0,,,,25,0,30,8,0,0,0,0,0,0,0,0,0,0,0,0,0,0,0,0,0,0,0,0,0,0,0,0,0,0,0,0,0,0,0,1,15,,,,,
APIZACO,29005,43,2021,June,129,454,215,246,20,,,,,,,2161,2097,3728,TLAXCALA,0.579667381974249,,,,,,,0,0,,,,,,,,,14,,,,,30,,,,,340,119,,,0,0,0,,,0,,,,116,0,232,103,0,0,0,0,0,0,0,0,0,0,0,0,0,0,0,0,0,0,0,0,0,0,0,0,0,0,0,0,0,0,0,0,64,,,,,
APIZACO,29005,44,2021,June,96,281,91,94,28,,,,,,,1412,1364,2193,TLAXCALA,0.643866849065208,,,,,,,0,0,,,,,,,,,6,,,,,19,,,,,216,87,,,0,0,0,,,0,,,,148,0,160,88,0,0,0,0,0,0,0,0,0,0,0,0,0,0,0,0,0,0,0,0,0,0,0,0,0,0,0,0,0,0,0,0,48,,,,,
APIZACO,29005,45,2021,June,28,43,38,39,1,,,,,,,291,283,445,TLAXCALA,0.653932584269663,,,,,,,0,0,,,,,,,,,5,,,,,3,,,,,44,11,,,0,0,0,,,0,,,,29,0,26,9,0,0,0,0,0,0,0,0,0,0,0,0,0,0,0,0,0,0,0,0,0,0,0,0,0,0,0,0,0,0,0,0,8,,,,,
APIZACO,29005,46,2021,June,83,198,92,125,7,,,,,,,1212,1165,1918,TLAXCALA,0.631908237747654,,,,,,,0,0,,,,,,,,,29,,,,,30,,,,,173,96,,,0,0,0,,,0,,,,94,0,117,95,0,0,0,0,0,0,0,0,0,0,0,0,0,0,0,0,0,0,0,0,0,0,0,0,0,0,0,0,0,0,0,9,38,,,,,
APIZACO,29005,47,2021,June,80,272,75,111,26,,,,,,,1369,1325,2574,TLAXCALA,0.531857031857032,,,,,,,0,0,,,,,,,,,3,,,,,6,,,,,230,117,,,0,0,0,,,0,,,,67,0,107,33,0,0,0,0,0,0,0,0,0,0,0,0,0,0,0,0,0,0,0,0,0,0,0,0,0,0,0,0,0,0,0,3,41,,,,,
APIZACO,29005,48,2021,June,22,45,31,37,2,,,,,,,266,262,372,TLAXCALA,0.71505376344086,,,,,,,0,0,,,,,,,,,3,,,,,0,,,,,43,24,,,0,0,0,,,0,,,,12,0,23,14,0,0,0,0,0,0,0,0,0,0,0,0,0,0,0,0,0,0,0,0,0,0,0,0,0,0,0,0,0,0,0,0,4,,,,,
ATLANGATEPEC,29003,49,2021,November,108,29,13,1,42,,,,,,,567,550,720,TLAXCALA,0.7875,,,,,,,0,75,,,,,,,,,32,,,,,0,,,,,29,3,,,0,0,0,,,0,,,,63,0,2,49,0,0,0,0,0,0,0,0,0,0,0,0,0,0,0,0,0,0,0,0,0,0,0,0,0,0,0,0,0,0,0,0,17,,,,,
ATLANGATEPEC,29003,50,2021,November,122,110,1,1,6,,,,,,,315,311,369,TLAXCALA,0.853658536585366,,,,,,,0,27,,,,,,,,,1,,,,,0,,,,,8,0,,,0,0,0,,,0,,,,7,0,8,4,0,0,0,0,0,0,0,0,0,0,0,0,0,0,0,0,0,0,0,0,0,0,0,0,0,0,0,0,0,0,0,0,4,,,,,
ATLANGATEPEC,29003,51,2021,November,72,45,28,0,36,,,,,,,290,279,353,TLAXCALA,0.821529745042493,,,,,,,0,8,,,,,,,,,6,,,,,0,,,,,15,1,,,0,0,0,,,0,,,,5,0,5,7,0,0,0,0,0,0,0,0,0,0,0,0,0,0,0,0,0,0,0,0,0,0,0,0,0,0,0,0,0,0,0,0,11,,,,,
ATLANGATEPEC,29003,52,2021,November,24,55,0,0,0,,,,,,,213,207,256,TLAXCALA,0.83203125,,,,,,,48,0,,,,,,,,,0,,,,,2,,,,,32,0,,,0,0,0,,,0,,,,7,0,0,1,0,0,0,0,0,0,0,0,0,0,0,0,0,0,0,0,0,0,0,0,0,0,0,0,0,0,0,0,0,0,0,0,6,,,,,
ATLANGATEPEC,29003,53,2021,November,170,134,44,1,74,,,,,,,821,798,1141,TLAXCALA,0.71954425942156,,,,,,,0,62,,,,,,,,,48,,,,,0,,,,,47,0,,,0,0,0,,,0,,,,13,0,0,78,0,0,0,0,0,0,0,0,0,0,0,0,0,0,0,0,0,0,0,0,0,0,0,0,0,0,0,0,0,0,0,0,23,,,,,
ATLANGATEPEC,29003,54,2021,November,68,28,2,2,17,,,,,,,322,316,432,TLAXCALA,0.74537037037037,,,,,,,0,80,,,,,,,,,30,,,,,0,,,,,19,1,,,0,0,0,,,0,,,,14,0,0,21,0,0,0,0,0,0,0,0,0,0,0,0,0,0,0,0,0,0,0,0,0,0,0,0,0,0,0,0,0,0,0,0,6,,,,,
ATLANGATEPEC,29003,55,2021,November,41,58,24,1,15,,,,,,,258,252,350,TLAXCALA,0.737142857142857,,,,,,,0,22,,,,,,,,,11,,,,,0,,,,,7,0,,,0,0,0,,,0,,,,15,0,12,19,0,0,0,0,0,0,0,0,0,0,0,0,0,0,0,0,0,0,0,0,0,0,0,0,0,0,0,0,0,0,0,0,6,,,,,
ATLANGATEPEC,29003,56,2021,November,239,273,33,1,56,,,,,,,912,900,1243,TLAXCALA,0.733708769106999,,,,,,,0,89,,,,,,,,,67,,,,,0,,,,,38,3,,,0,0,0,,,0,,,,23,0,3,14,0,0,0,0,0,0,0,0,0,0,0,0,0,0,0,0,0,0,0,0,0,0,0,0,0,0,0,0,0,0,0,0,12,,,,,
ATLANGATEPEC,29003,57,2021,November,128,48,0,1,9,,,,,,,288,277,374,TLAXCALA,0.770053475935829,,,,,,,0,1,,,,,,,,,7,,,,,0,,,,,4,0,,,0,0,0,,,0,,,,28,0,2,8,0,0,0,0,0,0,0,0,0,0,0,0,0,0,0,0,0,0,0,0,0,0,0,0,0,0,0,0,0,0,0,0,11,,,,,
ATLTZAYANCA,29004,59,2021,June,236,223,138,2,90,,,,,,,776,759,1018,TLAXCALA,0.762278978388998,,,,,,,0,0,,,,,,,,,1,,,,,1,,,,,45,0,,,0,0,0,,,0,,,,0,0,23,0,0,0,0,0,0,0,0,0,0,0,0,0,0,0,0,0,0,0,0,0,0,0,0,0,0,0,0,0,0,0,0,0,17,,,,,
ATLTZAYANCA,29004,60,2021,June,110,175,91,7,98,,,,,,,591,571,756,TLAXCALA,0.781746031746032,,,,,,,0,0,,,,,,,,,3,,,,,2,,,,,64,2,,,0,0,0,,,0,,,,0,0,16,0,0,0,0,0,0,0,0,0,0,0,0,0,0,0,0,0,0,0,0,0,0,0,0,0,0,0,0,0,0,0,0,0,20,,,,,
ATLTZAYANCA,29004,61,2021,June,88,73,39,14,126,,,,,,,435,412,573,TLAXCALA,0.759162303664922,,,,,,,0,0,,,,,,,,,1,,,,,5,,,,,46,3,,,0,0,0,,,0,,,,0,0,15,0,0,0,0,0,0,0,0,0,0,0,0,0,0,0,0,0,0,0,0,0,0,0,0,0,0,0,0,0,0,0,0,0,23,,,,,
ATLTZAYANCA,29004,62,2021,June,73,102,32,9,62,,,,,,,306,293,344,TLAXCALA,0.88953488372093,,,,,,,0,0,,,,,,,,,0,,,,,4,,,,,10,0,,,0,0,0,,,0,,,,0,0,1,0,0,0,0,0,0,0,0,0,0,0,0,0,0,0,0,0,0,0,0,0,0,0,0,0,0,0,0,0,0,0,0,0,13,,,,,
ATLTZAYANCA,29004,63,2021,June,83,48,41,2,66,,,,,,,301,295,351,TLAXCALA,0.857549857549858,,,,,,,0,0,,,,,,,,,5,,,,,5,,,,,34,0,,,0,0,0,,,0,,,,0,0,6,0,0,0,0,0,0,0,0,0,0,0,0,0,0,0,0,0,0,0,0,0,0,0,0,0,0,0,0,0,0,0,0,0,6,,,,,
ATLTZAYANCA,29004,64,2021,June,33,21,18,7,61,,,,,,,192,183,219,TLAXCALA,0.876712328767123,,,,,,,0,0,,,,,,,,,0,,,,,0,,,,,34,0,,,0,0,0,,,0,,,,0,0,9,0,0,0,0,0,0,0,0,0,0,0,0,0,0,0,0,0,0,0,0,0,0,0,0,0,0,0,0,0,0,0,0,0,9,,,,,
ATLTZAYANCA,29004,65,2021,June,67,78,23,2,21,,,,,,,211,209,242,TLAXCALA,0.871900826446281,,,,,,,0,0,,,,,,,,,0,,,,,0,,,,,18,0,,,0,0,0,,,0,,,,0,0,0,0,0,0,0,0,0,0,0,0,0,0,0,0,0,0,0,0,0,0,0,0,0,0,0,0,0,0,0,0,0,0,0,0,2,,,,,
ATLTZAYANCA,29004,66,2021,June,118,102,38,6,67,,,,,,,417,397,531,TLAXCALA,0.785310734463277,,,,,,,0,0,,,,,,,,,3,,,,,4,,,,,34,1,,,0,0,0,,,0,,,,0,0,22,0,0,0,0,0,0,0,0,0,0,0,0,0,0,0,0,0,0,0,0,0,0,0,0,0,0,0,0,0,0,0,0,0,20,,,,,
ATLTZAYANCA,29004,67,2021,June,44,35,20,1,57,,,,,,,214,206,239,TLAXCALA,0.895397489539749,,,,,,,0,0,,,,,,,,,1,,,,,8,,,,,34,1,,,0,0,0,,,0,,,,0,0,2,0,0,0,0,0,0,0,0,0,0,0,0,0,0,0,0,0,0,0,0,0,0,0,0,0,0,0,0,0,0,0,0,0,8,,,,,
ATLTZAYANCA,29004,68,2021,June,349,312,103,10,457,,,,,,,1549,1498,2066,TLAXCALA,0.749757986447241,,,,,,,0,0,,,,,,,,,18,,,,,8,,,,,192,4,,,0,0,0,,,0,,,,0,0,35,0,0,0,0,0,0,0,0,0,0,0,0,0,0,0,0,0,0,0,0,0,0,0,0,0,0,0,0,0,0,0,0,1,50,,,,,
ATLTZAYANCA,29004,69,2021,June,160,85,59,3,194,,,,,,,668,652,849,TLAXCALA,0.786808009422851,,,,,,,0,0,,,,,,,,,2,,,,,7,,,,,120,0,,,0,0,0,,,0,,,,0,0,12,0,0,0,0,0,0,0,0,0,0,0,0,0,0,0,0,0,0,0,0,0,0,0,0,0,0,0,0,0,0,0,0,0,16,,,,,
ATLTZAYANCA,29004,70,2021,June,131,64,39,8,116,,,,,,,431,411,545,TLAXCALA,0.790825688073395,,,,,,,0,0,,,,,,,,,4,,,,,4,,,,,36,0,,,0,0,0,,,0,,,,0,0,4,0,0,0,0,0,0,0,0,0,0,0,0,0,0,0,0,0,0,0,0,0,0,0,0,0,0,0,0,0,0,0,0,0,20,,,,,
ATLTZAYANCA,29004,71,2021,June,247,116,41,2,214,,,,,,,789,758,996,TLAXCALA,0.792168674698795,,,,,,,0,0,,,,,,,,,5,,,,,24,,,,,95,1,,,0,0,0,,,0,,,,0,0,12,0,0,0,0,0,0,0,0,0,0,0,0,0,0,0,0,0,0,0,0,0,0,0,0,0,0,0,0,0,0,0,0,0,31,,,,,
ATLTZAYANCA,29004,72,2021,June,137,44,12,2,270,,,,,,,586,561,712,TLAXCALA,0.823033707865169,,,,,,,0,0,,,,,,,,,10,,,,,18,,,,,54,0,,,0,0,0,,,0,,,,0,0,14,0,0,0,0,0,0,0,0,0,0,0,0,0,0,0,0,0,0,0,0,0,0,0,0,0,0,0,0,0,0,0,0,0,25,,,,,
ATLTZAYANCA,29004,73,2021,June,58,44,17,3,65,,,,,,,233,229,287,TLAXCALA,0.81184668989547,,,,,,,0,0,,,,,,,,,0,,,,,9,,,,,27,1,,,0,0,0,,,0,,,,0,0,3,0,0,0,0,0,0,0,0,0,0,0,0,0,0,0,0,0,0,0,0,0,0,0,0,0,0,0,0,0,0,0,0,0,4,,,,,
ATLTZAYANCA,29004,74,2021,June,272,92,30,0,299,,,,,,,848,816,1067,TLAXCALA,0.794751640112465,,,,,,,0,0,,,,,,,,,4,,,,,20,,,,,62,0,,,0,0,0,,,0,,,,0,0,30,0,0,0,0,0,0,0,0,0,0,0,0,0,0,0,0,0,0,0,0,0,0,0,0,0,0,0,0,0,0,0,0,0,32,,,,,
ATLTZAYANCA,29004,75,2021,June,91,67,19,0,159,,,,,,,388,375,466,TLAXCALA,0.832618025751073,,,,,,,0,0,,,,,,,,,1,,,,,2,,,,,29,1,,,0,0,0,,,0,,,,0,0,4,0,0,0,0,0,0,0,0,0,0,0,0,0,0,0,0,0,0,0,0,0,0,0,0,0,0,0,0,0,0,0,0,0,13,,,,,
ATLTZAYANCA,29004,76,2021,June,63,13,14,1,54,,,,,,,163,161,189,TLAXCALA,0.862433862433863,,,,,,,0,0,,,,,,,,,5,,,,,4,,,,,2,1,,,0,0,0,,,0,,,,0,0,4,0,0,0,0,0,0,0,0,0,0,0,0,0,0,0,0,0,0,0,0,0,0,0,0,0,0,0,0,0,0,0,0,0,2,,,,,
ATLTZAYANCA,29004,77,2021,June,302,357,162,7,80,,,,,,,1114,1084,1444,TLAXCALA,0.771468144044321,,,,,,,0,0,,,,,,,,,6,,,,,13,,,,,107,0,,,0,0,0,,,0,,,,0,0,40,0,0,0,0,0,0,0,0,0,0,0,0,0,0,0,0,0,0,0,0,0,0,0,0,0,0,0,0,0,0,0,0,0,30,,,,,
BENITO JUAREZ,29045,295,2021,June,579,3,1033,5,0,,,,,,,1929,1897,2837,TLAXCALA,0.679943602396898,,,,,,,0,2,,,,,,,,,4,,,,,0,,,,,143,1,,,0,0,0,,,0,,,,82,0,13,0,0,0,0,0,0,0,0,0,0,0,0,0,0,0,0,0,0,0,0,0,0,0,0,0,0,0,0,0,0,0,0,0,32,,,,,
BENITO JUAREZ,29045,296,2021,June,329,5,664,3,0,,,,,,,1162,1145,1738,TLAXCALA,0.668584579976985,,,,,,,0,1,,,,,,,,,2,,,,,0,,,,,49,1,,,0,0,0,,,0,,,,61,0,12,0,0,0,0,0,0,0,0,0,0,0,0,0,0,0,0,0,0,0,0,0,0,0,0,0,0,0,0,0,0,0,0,0,17,,,,,
CALPULALPAN,29006,78,2021,June,246,195,196,27,71,,,,,,,2250,2175,4441,TLAXCALA,0.506642648052241,,,,,,,0,215,,,,,,,,,426,,,,,19,,,,,419,38,,,0,0,0,,,0,,,,20,0,120,136,0,0,0,0,0,0,0,0,0,0,0,0,0,0,0,0,0,0,0,0,0,0,0,0,0,0,0,0,0,0,0,0,75,,,,,
CALPULALPAN,29006,79,2021,June,108,73,142,12,57,,,,,,,1171,1144,2205,TLAXCALA,0.531065759637188,,,,,,,0,55,,,,,,,,,270,,,,,7,,,,,218,21,,,0,0,0,,,0,,,,14,0,53,102,0,0,0,0,0,0,0,0,0,0,0,0,0,0,0,0,0,0,0,0,0,0,0,0,0,0,0,0,0,0,0,2,25,,,,,
CALPULALPAN,29006,80,2021,June,87,61,94,4,52,,,,,,,842,823,1469,TLAXCALA,0.573179033356024,,,,,,,0,66,,,,,,,,,184,,,,,5,,,,,141,20,,,0,0,0,,,0,,,,10,0,26,57,0,0,0,0,0,0,0,0,0,0,0,0,0,0,0,0,0,0,0,0,0,0,0,0,0,0,0,0,0,0,0,0,19,,,,,
CALPULALPAN,29006,81,2021,June,105,104,90,14,25,,,,,,,1006,974,1795,TLAXCALA,0.560445682451254,,,,,,,0,81,,,,,,,,,226,,,,,9,,,,,169,11,,,0,0,0,,,0,,,,8,0,33,87,0,0,0,0,0,0,0,0,0,0,0,0,0,0,0,0,0,0,0,0,0,0,0,0,0,0,0,0,0,0,0,0,32,,,,,
CALPULALPAN,29006,82,2021,June,144,121,108,21,44,,,,,,,1239,1209,2254,TLAXCALA,0.549689440993789,,,,,,,0,70,,,,,,,,,315,,,,,10,,,,,152,20,,,0,0,0,,,0,,,,8,0,60,121,0,0,0,0,0,0,0,0,0,0,0,0,0,0,0,0,0,0,0,0,0,0,0,0,0,0,0,0,0,0,0,1,29,,,,,
CALPULALPAN,29006,83,2021,June,95,125,165,24,47,,,,,,,1373,1337,2543,TLAXCALA,0.539913488006292,,,,,,,0,73,,,,,,,,,324,,,,,6,,,,,219,21,,,0,0,0,,,0,,,,19,0,52,144,0,0,0,0,0,0,0,0,0,0,0,0,0,0,0,0,0,0,0,0,0,0,0,0,0,0,0,0,0,0,0,0,36,,,,,
CALPULALPAN,29006,84,2021,June,45,43,26,4,40,,,,,,,459,449,760,TLAXCALA,0.603947368421053,,,,,,,0,34,,,,,,,,,121,,,,,5,,,,,60,4,,,0,0,0,,,0,,,,5,0,29,23,0,0,0,0,0,0,0,0,0,0,0,0,0,0,0,0,0,0,0,0,0,0,0,0,0,0,0,0,0,0,0,0,10,,,,,
CALPULALPAN,29006,85,2021,June,139,132,114,7,32,,,,,,,1311,1279,2191,TLAXCALA,0.598356914650844,,,,,,,0,197,,,,,,,,,327,,,,,3,,,,,136,9,,,0,0,0,,,0,,,,2,0,62,106,0,0,0,0,0,0,0,0,0,0,0,0,0,0,0,0,0,0,0,0,0,0,0,0,0,0,0,0,0,0,0,0,32,,,,,
CALPULALPAN,29006,86,2021,June,179,117,128,4,37,,,,,,,1240,1206,1884,TLAXCALA,0.658174097664544,,,,,,,0,94,,,,,,,,,296,,,,,2,,,,,99,18,,,0,0,0,,,0,,,,6,0,62,145,0,0,0,0,0,0,0,0,0,0,0,0,0,0,0,0,0,0,0,0,0,0,0,0,0,0,0,0,0,0,0,0,34,,,,,
CALPULALPAN,29006,87,2021,June,58,75,51,4,24,,,,,,,567,552,1001,TLAXCALA,0.566433566433567,,,,,,,0,32,,,,,,,,,117,,,,,2,,,,,97,2,,,0,0,0,,,0,,,,6,0,40,37,0,0,0,0,0,0,0,0,0,0,0,0,0,0,0,0,0,0,0,0,0,0,0,0,0,0,0,0,0,0,0,0,15,,,,,
CALPULALPAN,29006,88,2021,June,97,40,156,14,32,,,,,,,790,769,1390,TLAXCALA,0.568345323741007,,,,,,,0,45,,,,,,,,,133,,,,,4,,,,,118,9,,,0,0,0,,,0,,,,3,0,32,66,0,0,0,0,0,0,0,0,0,0,0,0,0,0,0,0,0,0,0,0,0,0,0,0,0,0,0,0,0,0,0,0,21,,,,,
CALPULALPAN,29006,89,2021,June,144,93,197,23,40,,,,,,,1268,1252,2210,TLAXCALA,0.573755656108597,,,,,,,0,54,,,,,,,,,283,,,,,19,,,,,170,8,,,0,0,0,,,0,,,,15,0,61,130,0,0,0,0,0,0,0,0,0,0,0,0,0,0,0,0,0,0,0,0,0,0,0,0,0,0,0,0,0,0,0,1,15,,,,,
CALPULALPAN,29006,90,2021,June,183,123,225,29,95,,,,,,,1566,1531,3010,TLAXCALA,0.520265780730897,,,,,,,0,68,,,,,,,,,390,,,,,8,,,,,182,28,,,0,0,0,,,0,,,,11,0,62,97,0,0,0,0,0,0,0,0,0,0,0,0,0,0,0,0,0,0,0,0,0,0,0,0,0,0,0,0,0,0,0,1,34,,,,,
CALPULALPAN,29006,91,2021,June,50,109,14,22,20,,,,,,,526,508,797,TLAXCALA,0.659974905897114,,,,,,,0,30,,,,,,,,,160,,,,,2,,,,,34,4,,,0,0,0,,,0,,,,1,0,18,41,0,0,0,0,0,0,0,0,0,0,0,0,0,0,0,0,0,0,0,0,0,0,0,0,0,0,0,0,0,0,0,0,18,,,,,
CALPULALPAN,29006,92,2021,June,96,191,38,14,34,,,,,,,1109,1067,2046,TLAXCALA,0.542033235581623,,,,,,,0,35,,,,,,,,,171,,,,,4,,,,,209,22,,,0,0,0,,,0,,,,15,0,39,189,0,0,0,0,0,0,0,0,0,0,0,0,0,0,0,0,0,0,0,0,0,0,0,0,0,0,0,0,0,0,0,0,42,,,,,
CALPULALPAN,29006,93,2021,June,55,48,86,56,7,,,,,,,782,762,1307,TLAXCALA,0.59831675592961,,,,,,,0,33,,,,,,,,,168,,,,,5,,,,,95,2,,,0,0,0,,,0,,,,6,0,49,144,0,0,0,0,0,0,0,0,0,0,0,0,0,0,0,0,0,0,0,0,0,0,0,0,0,0,0,0,0,0,0,0,20,,,,,
CALPULALPAN,29006,94,2021,June,69,74,40,7,30,,,,,,,582,573,876,TLAXCALA,0.664383561643836,,,,,,,0,18,,,,,,,,,78,,,,,3,,,,,126,4,,,0,0,0,,,0,,,,9,0,21,92,0,0,0,0,0,0,0,0,0,0,0,0,0,0,0,0,0,0,0,0,0,0,0,0,0,0,0,0,0,0,0,0,9,,,,,
CALPULALPAN,29006,95,2021,June,31,37,9,7,4,,,,,,,247,242,468,TLAXCALA,0.527777777777778,,,,,,,0,16,,,,,,,,,69,,,,,0,,,,,43,6,,,0,0,0,,,0,,,,2,0,2,15,0,0,0,0,0,0,0,0,0,0,0,0,0,0,0,0,0,0,0,0,0,0,0,0,0,0,0,0,0,0,0,0,5,,,,,
CALPULALPAN,29006,96,2021,June,57,32,18,3,12,,,,,,,438,425,652,TLAXCALA,0.671779141104295,,,,,,,0,76,,,,,,,,,145,,,,,6,,,,,25,28,,,0,0,0,,,0,,,,1,0,3,17,0,0,0,0,0,0,0,0,0,0,0,0,0,0,0,0,0,0,0,0,0,0,0,0,0,0,0,0,0,0,0,0,13,,,,,
CALPULALPAN,29006,97,2021,June,67,39,52,12,14,,,,,,,473,464,992,TLAXCALA,0.476814516129032,,,,,,,0,24,,,,,,,,,134,,,,,2,,,,,69,7,,,0,0,0,,,0,,,,4,0,14,26,0,0,0,0,0,0,0,0,0,0,0,0,0,0,0,0,0,0,0,0,0,0,0,0,0,0,0,0,0,0,0,0,9,,,,,
CALPULALPAN,29006,98,2021,June,172,55,116,8,47,,,,,,,818,791,1691,TLAXCALA,0.483737433471319,,,,,,,0,47,,,,,,,,,153,,,,,8,,,,,99,10,,,0,0,0,,,0,,,,2,0,30,43,0,0,0,0,0,0,0,0,0,0,0,0,0,0,0,0,0,0,0,0,0,0,0,0,0,0,0,0,0,0,0,0,27,,,,,
CHIAUTEMPAN,29010,122,2021,November,45,60,86,130,35,,,,,,,811,781,1707,TLAXCALA,0.47510251903925,,,,,,,0,2,,,,,,,,,37,,,,,18,,,,,255,0,,,0,0,0,,,0,,,,15,0,25,28,0,0,0,0,0,0,0,0,0,0,0,0,0,0,0,0,0,0,0,0,0,0,0,0,0,0,0,0,0,0,0,1,29,,,,,
CHIAUTEMPAN,29010,123,2021,November,96,72,36,62,66,,,,,,,814,800,1766,TLAXCALA,0.460928652321631,,,,,,,0,3,,,,,,,,,19,,,,,9,,,,,311,0,,,0,0,0,,,0,,,,24,0,23,21,0,0,0,0,0,0,0,0,0,0,0,0,0,0,0,0,0,0,0,0,0,0,0,0,0,0,0,0,0,0,0,0,14,,,,,
CHIAUTEMPAN,29010,124,2021,November,78,39,84,87,82,,,,,,,851,825,2049,TLAXCALA,0.415324548560273,,,,,,,0,12,,,,,,,,,59,,,,,45,,,,,255,0,,,0,0,0,,,0,,,,9,0,27,5,0,0,0,0,0,0,0,0,0,0,0,0,0,0,0,0,0,0,0,0,0,0,0,0,0,0,0,0,0,0,0,0,26,,,,,
CHIAUTEMPAN,29010,125,2021,November,96,94,115,134,119,,,,,,,1078,1051,1731,TLAXCALA,0.622761409589833,,,,,,,0,15,,,,,,,,,31,,,,,48,,,,,272,0,,,0,0,0,,,0,,,,26,0,36,19,0,0,0,0,0,0,0,0,0,0,0,0,0,0,0,0,0,0,0,0,0,0,0,0,0,0,0,0,0,0,0,0,27,,,,,
CHIAUTEMPAN,29010,126,2021,November,0,0,287,0,252,,,,,,,1125,1114,4562,TLAXCALA,0.246602367382727,,,,,,,134,0,,,,,,,,,0,,,,,19,,,,,422,0,,,0,0,0,,,0,,,,0,0,0,0,0,0,0,0,0,0,0,0,0,0,0,0,0,0,0,0,0,0,0,0,0,0,0,0,0,0,0,0,0,0,0,0,11,,,,,
CHIAUTEMPAN,29010,127,2021,November,47,69,164,129,78,,,,,,,918,885,2768,TLAXCALA,0.331647398843931,,,,,,,0,3,,,,,,,,,18,,,,,31,,,,,243,0,,,0,0,0,,,0,,,,25,0,30,13,0,0,0,0,0,0,0,0,0,0,0,0,0,0,0,0,0,0,0,0,0,0,0,0,0,0,0,0,0,0,0,0,33,,,,,
CHIAUTEMPAN,29010,128,2021,November,42,27,85,75,50,,,,,,,612,588,959,TLAXCALA,0.638164754953076,,,,,,,0,1,,,,,,,,,6,,,,,17,,,,,209,0,,,0,0,0,,,0,,,,16,0,23,5,0,0,0,0,0,0,0,0,0,0,0,0,0,0,0,0,0,0,0,0,0,0,0,0,0,0,0,0,0,0,0,1,23,,,,,
CHIAUTEMPAN,29010,129,2021,November,78,65,80,68,41,,,,,,,770,756,1146,TLAXCALA,0.671902268760908,,,,,,,0,2,,,,,,,,,17,,,,,11,,,,,275,0,,,0,0,0,,,0,,,,30,0,27,11,0,0,0,0,0,0,0,0,0,0,0,0,0,0,0,0,0,0,0,0,0,0,0,0,0,0,0,0,0,0,0,0,14,,,,,
CHIAUTEMPAN,29010,130,2021,November,0,0,0,0,0,,,,,,,0,0,742,TLAXCALA,0,,,,,,,0,0,,,,,,,,,0,,,,,0,,,,,0,0,,,0,0,0,,,0,,,,0,0,0,0,0,0,0,0,0,0,0,0,0,0,0,0,0,0,0,0,0,0,0,0,0,0,0,0,0,0,0,0,0,0,0,0,0,,,,,
CHIAUTEMPAN,29010,131,2021,November,79,103,53,109,44,,,,,,,871,844,1227,TLAXCALA,0.709861450692747,,,,,,,0,1,,,,,,,,,17,,,,,12,,,,,318,0,,,0,0,0,,,0,,,,20,0,17,8,0,0,0,0,0,0,0,0,0,0,0,0,0,0,0,0,0,0,0,0,0,0,0,0,0,0,0,0,0,0,0,0,27,,,,,
CHIAUTEMPAN,29010,132,2021,November,98,111,80,108,37,,,,,,,831,814,1285,TLAXCALA,0.646692607003891,,,,,,,0,6,,,,,,,,,11,,,,,16,,,,,251,0,,,0,0,0,,,0,,,,8,0,20,35,0,0,0,0,0,0,0,0,0,0,0,0,0,0,0,0,0,0,0,0,0,0,0,0,0,0,0,0,0,0,0,1,16,,,,,
CHIAUTEMPAN,29010,133,2021,November,77,90,73,58,52,,,,,,,772,746,1072,TLAXCALA,0.720149253731343,,,,,,,0,4,,,,,,,,,41,,,,,18,,,,,196,0,,,0,0,0,,,0,,,,21,0,9,20,0,0,0,0,0,0,0,0,0,0,0,0,0,0,0,0,0,0,0,0,0,0,0,0,0,0,0,0,0,0,0,0,26,,,,,
CHIAUTEMPAN,29010,134,2021,November,37,13,13,37,19,,,,,,,248,241,800,TLAXCALA,0.31,,,,,,,0,0,,,,,,,,,11,,,,,5,,,,,85,0,,,0,0,0,,,0,,,,5,0,8,2,0,0,0,0,0,0,0,0,0,0,0,0,0,0,0,0,0,0,0,0,0,0,0,0,0,0,0,0,0,0,0,0,7,,,,,
CHIAUTEMPAN,29010,135,2021,November,89,52,40,119,22,,,,,,,591,570,987,TLAXCALA,0.598784194528875,,,,,,,0,2,,,,,,,,,14,,,,,10,,,,,145,0,,,0,0,0,,,0,,,,14,0,12,12,0,0,0,0,0,0,0,0,0,0,0,0,0,0,0,0,0,0,0,0,0,0,0,0,0,0,0,0,0,0,0,0,21,,,,,
CHIAUTEMPAN,29010,136,2021,November,51,44,21,22,7,,,,,,,325,318,516,TLAXCALA,0.62984496124031,,,,,,,0,0,,,,,,,,,22,,,,,9,,,,,110,0,,,0,0,0,,,0,,,,3,0,4,11,0,0,0,0,0,0,0,0,0,0,0,0,0,0,0,0,0,0,0,0,0,0,0,0,0,0,0,0,0,0,0,0,7,,,,,
CHIAUTEMPAN,29010,137,2021,November,116,102,120,168,91,,,,,,,1523,1470,2386,TLAXCALA,0.638306789606035,,,,,,,0,7,,,,,,,,,66,,,,,36,,,,,507,0,,,0,0,0,,,0,,,,43,0,63,63,0,0,0,0,0,0,0,0,0,0,0,0,0,0,0,0,0,0,0,0,0,0,0,0,0,0,0,0,0,0,0,0,53,,,,,
CHIAUTEMPAN,29010,138,2021,November,64,163,50,60,66,,,,,,,858,842,1306,TLAXCALA,0.656967840735069,,,,,,,0,3,,,,,,,,,17,,,,,15,,,,,305,0,,,0,0,0,,,0,,,,9,0,9,42,0,0,0,0,0,0,0,0,0,0,0,0,0,0,0,0,0,0,0,0,0,0,0,0,0,0,0,0,0,0,0,0,16,,,,,
CHIAUTEMPAN,29010,139,2021,November,72,94,85,73,77,,,,,,,829,810,2551,TLAXCALA,0.324970599764798,,,,,,,0,0,,,,,,,,,27,,,,,22,,,,,289,0,,,0,0,0,,,0,,,,11,0,14,13,0,0,0,0,0,0,0,0,0,0,0,0,0,0,0,0,0,0,0,0,0,0,0,0,0,0,0,0,0,0,0,1,18,,,,,
CHIAUTEMPAN,29010,140,2021,November,48,68,107,49,71,,,,,,,731,705,1800,TLAXCALA,0.406111111111111,,,,,,,0,7,,,,,,,,,17,,,,,33,,,,,232,0,,,0,0,0,,,0,,,,11,0,4,30,0,0,0,0,0,0,0,0,0,0,0,0,0,0,0,0,0,0,0,0,0,0,0,0,0,0,0,0,0,0,0,0,26,,,,,
CHIAUTEMPAN,29010,141,2021,November,192,117,247,291,215,,,,,,,2073,1989,4700,TLAXCALA,0.441063829787234,,,,,,,0,12,,,,,,,,,60,,,,,50,,,,,547,0,,,0,0,0,,,0,,,,50,0,32,52,0,0,0,0,0,0,0,0,0,0,0,0,0,0,0,0,0,0,0,0,0,0,0,0,0,0,0,0,0,0,0,2,82,,,,,
CHIAUTEMPAN,29010,142,2021,November,50,80,79,100,84,,,,,,,841,810,2156,TLAXCALA,0.390074211502783,,,,,,,0,4,,,,,,,,,18,,,,,23,,,,,233,0,,,0,0,0,,,0,,,,21,0,33,40,0,0,0,0,0,0,0,0,0,0,0,0,0,0,0,0,0,0,0,0,0,0,0,0,0,0,0,0,0,0,0,0,31,,,,,
CHIAUTEMPAN,29010,143,2021,November,74,104,132,94,131,,,,,,,1166,1143,1797,TLAXCALA,0.648859209794101,,,,,,,0,1,,,,,,,,,19,,,,,30,,,,,363,0,,,0,0,0,,,0,,,,44,0,22,31,0,0,0,0,0,0,0,0,0,0,0,0,0,0,0,0,0,0,0,0,0,0,0,0,0,0,0,0,0,0,0,0,23,,,,,
CHIAUTEMPAN,29010,144,2021,November,153,125,163,193,183,,,,,,,1741,1666,3456,TLAXCALA,0.503761574074074,,,,,,,0,7,,,,,,,,,51,,,,,41,,,,,511,0,,,0,0,0,,,0,,,,56,0,55,54,0,0,0,0,0,0,0,0,0,0,0,0,0,0,0,0,0,0,0,0,0,0,0,0,0,0,0,0,0,0,0,0,75,,,,,
CHIAUTEMPAN,29010,145,2021,November,22,9,37,46,40,,,,,,,400,384,1974,TLAXCALA,0.202634245187437,,,,,,,0,1,,,,,,,,,7,,,,,12,,,,,158,0,,,0,0,0,,,0,,,,14,0,1,13,0,0,0,0,0,0,0,0,0,0,0,0,0,0,0,0,0,0,0,0,0,0,0,0,0,0,0,0,0,0,0,0,16,,,,,
CHIAUTEMPAN,29010,146,2021,November,85,50,171,110,128,,,,,,,1076,1054,1704,TLAXCALA,0.631455399061033,,,,,,,0,10,,,,,,,,,23,,,,,28,,,,,337,0,,,0,0,0,,,0,,,,13,0,18,13,0,0,0,0,0,0,0,0,0,0,0,0,0,0,0,0,0,0,0,0,0,0,0,0,0,0,0,0,0,0,0,0,22,,,,,
CHIAUTEMPAN,29010,147,2021,November,55,35,138,41,249,,,,,,,975,941,1568,TLAXCALA,0.621811224489796,,,,,,,0,8,,,,,,,,,27,,,,,22,,,,,265,0,,,0,0,0,,,0,,,,19,0,14,26,0,0,0,0,0,0,0,0,0,0,0,0,0,0,0,0,0,0,0,0,0,0,0,0,0,0,0,0,0,0,0,0,34,,,,,
CHIAUTEMPAN,29010,148,2021,November,45,26,111,53,124,,,,,,,671,641,1578,TLAXCALA,0.425221799746515,,,,,,,0,2,,,,,,,,,17,,,,,12,,,,,179,0,,,0,0,0,,,0,,,,10,0,9,18,0,0,0,0,0,0,0,0,0,0,0,0,0,0,0,0,0,0,0,0,0,0,0,0,0,0,0,0,0,0,0,0,30,,,,,
CHIAUTEMPAN,29010,149,2021,November,95,66,161,139,223,,,,,,,1696,1610,2932,TLAXCALA,0.578444747612551,,,,,,,0,58,,,,,,,,,28,,,,,28,,,,,598,0,,,0,0,0,,,0,,,,42,0,18,35,0,0,0,0,0,0,0,0,0,0,0,0,0,0,0,0,0,0,0,0,0,0,0,0,0,0,0,0,0,0,0,12,74,,,,,
CHIAUTEMPAN,29010,150,2021,November,0,0,0,0,0,,,,,,,0,0,1251,TLAXCALA,0,,,,,,,0,0,,,,,,,,,0,,,,,0,,,,,0,0,,,0,0,0,,,0,,,,0,0,0,0,0,0,0,0,0,0,0,0,0,0,0,0,0,0,0,0,0,0,0,0,0,0,0,0,0,0,0,0,0,0,0,0,0,,,,,
CHIAUTEMPAN,29010,156,2021,November,76,78,179,74,131,,,,,,,1054,998,1627,TLAXCALA,0.647818070067609,,,,,,,0,5,,,,,,,,,20,,,,,28,,,,,285,0,,,0,0,0,,,0,,,,9,0,40,18,0,0,0,0,0,0,0,0,0,0,0,0,0,0,0,0,0,0,0,0,0,0,0,0,0,0,0,0,0,0,0,0,56,,,,,
CHIAUTEMPAN,29010,157,2021,November,41,38,101,28,96,,,,,,,701,666,1155,TLAXCALA,0.606926406926407,,,,,,,0,3,,,,,,,,,11,,,,,22,,,,,221,0,,,0,0,0,,,0,,,,18,0,31,7,0,0,0,0,0,0,0,0,0,0,0,0,0,0,0,0,0,0,0,0,0,0,0,0,0,0,0,0,0,0,0,0,35,,,,,
CONTLA DE JUAN CUAMATZI,29018,267,2021,June,102,123,13,117,9,,,,,,,1376,1333,1937,TLAXCALA,0.710376871450697,,,,,,,0,51,,,,,,,,,30,,,,,28,,,,,588,40,,,0,0,0,,,0,,,,12,0,61,13,0,0,0,0,0,0,0,0,0,0,0,0,0,0,0,0,0,0,0,0,0,0,0,0,0,0,0,0,0,0,0,0,43,,,,,
CONTLA DE JUAN CUAMATZI,29018,268,2021,June,289,152,7,92,8,,,,,,,1795,1746,2638,TLAXCALA,0.680439727065959,,,,,,,0,32,,,,,,,,,39,,,,,30,,,,,711,71,,,0,0,0,,,0,,,,39,0,111,9,0,0,0,0,0,0,0,0,0,0,0,0,0,0,0,0,0,0,0,0,0,0,0,0,0,0,0,0,0,0,0,0,49,,,,,
CONTLA DE JUAN CUAMATZI,29018,269,2021,June,150,104,7,100,13,,,,,,,1200,1164,1778,TLAXCALA,0.674915635545557,,,,,,,0,29,,,,,,,,,37,,,,,14,,,,,450,75,,,0,0,0,,,0,,,,17,0,79,5,0,0,0,0,0,0,0,0,0,0,0,0,0,0,0,0,0,0,0,0,0,0,0,0,0,0,0,0,0,0,0,0,36,,,,,
CONTLA DE JUAN CUAMATZI,29018,270,2021,June,61,126,10,92,10,,,,,,,1034,1003,1515,TLAXCALA,0.682508250825083,,,,,,,0,20,,,,,,,,,39,,,,,23,,,,,278,69,,,0,0,0,,,0,,,,37,0,70,9,0,0,0,0,0,0,0,0,0,0,0,0,0,0,0,0,0,0,0,0,0,0,0,0,0,0,0,0,0,0,0,0,31,,,,,
CONTLA DE JUAN CUAMATZI,29018,271,2021,June,112,122,5,108,11,,,,,,,1241,1212,1856,TLAXCALA,0.66864224137931,,,,,,,0,31,,,,,,,,,94,,,,,26,,,,,383,56,,,0,0,0,,,0,,,,28,0,81,11,0,0,0,0,0,0,0,0,0,0,0,0,0,0,0,0,0,0,0,0,0,0,0,0,0,0,0,0,0,0,0,0,29,,,,,
CONTLA DE JUAN CUAMATZI,29018,272,2021,June,237,302,17,233,12,,,,,,,2281,2210,3302,TLAXCALA,0.690793458509994,,,,,,,0,79,,,,,,,,,48,,,,,43,,,,,735,75,,,0,0,0,,,0,,,,34,0,175,32,0,0,0,0,0,0,0,0,0,0,0,0,0,0,0,0,0,0,0,0,0,0,0,0,0,0,0,0,0,0,0,1,70,,,,,
CONTLA DE JUAN CUAMATZI,29018,273,2021,June,93,157,11,178,8,,,,,,,1496,1462,2140,TLAXCALA,0.699065420560748,,,,,,,0,23,,,,,,,,,30,,,,,31,,,,,495,72,,,0,0,0,,,0,,,,17,0,110,20,0,0,0,0,0,0,0,0,0,0,0,0,0,0,0,0,0,0,0,0,0,0,0,0,0,0,0,0,0,0,0,0,34,,,,,
CONTLA DE JUAN CUAMATZI,29018,274,2021,June,66,81,3,97,1,,,,,,,971,948,1304,TLAXCALA,0.744631901840491,,,,,,,0,35,,,,,,,,,26,,,,,18,,,,,257,47,,,0,0,0,,,0,,,,51,0,80,6,0,0,0,0,0,0,0,0,0,0,0,0,0,0,0,0,0,0,0,0,0,0,0,0,0,0,0,0,0,0,0,1,22,,,,,
CONTLA DE JUAN CUAMATZI,29018,275,2021,June,42,54,3,41,1,,,,,,,1274,1244,1838,TLAXCALA,0.693144722524483,,,,,,,0,12,,,,,,,,,25,,,,,11,,,,,255,82,,,0,0,0,,,0,,,,5,0,10,12,0,0,0,0,0,0,0,0,0,0,0,0,0,0,0,0,0,0,0,0,0,0,0,0,0,0,0,0,0,0,0,0,30,,,,,
CONTLA DE JUAN CUAMATZI,29018,276,2021,June,32,88,3,73,4,,,,,,,1428,1388,2018,TLAXCALA,0.707631318136769,,,,,,,0,11,,,,,,,,,20,,,,,17,,,,,274,82,,,0,0,0,,,0,,,,6,0,29,20,0,0,0,0,0,0,0,0,0,0,0,0,0,0,0,0,0,0,0,0,0,0,0,0,0,0,0,0,0,0,0,1,39,,,,,
CONTLA DE JUAN CUAMATZI,29018,277,2021,June,66,42,7,23,5,,,,,,,409,395,516,TLAXCALA,0.792635658914729,,,,,,,0,17,,,,,,,,,7,,,,,18,,,,,88,48,,,0,0,0,,,0,,,,24,0,23,0,0,0,0,0,0,0,0,0,0,0,0,0,0,0,0,0,0,0,0,0,0,0,0,0,0,0,0,0,0,0,0,0,14,,,,,
CONTLA DE JUAN CUAMATZI,29018,278,2021,June,10,47,2,21,4,,,,,,,323,305,639,TLAXCALA,0.50547730829421,,,,,,,0,2,,,,,,,,,13,,,,,12,,,,,86,74,,,0,0,0,,,0,,,,1,0,23,0,0,0,0,0,0,0,0,0,0,0,0,0,0,0,0,0,0,0,0,0,0,0,0,0,0,0,0,0,0,0,0,0,18,,,,,
CONTLA DE JUAN CUAMATZI,29018,279,2021,June,75,143,6,199,6,,,,,,,1165,1131,1761,TLAXCALA,0.661555934128336,,,,,,,0,12,,,,,,,,,68,,,,,60,,,,,285,105,,,0,0,0,,,0,,,,14,0,68,3,0,0,0,0,0,0,0,0,0,0,0,0,0,0,0,0,0,0,0,0,0,0,0,0,0,0,0,0,0,0,0,1,33,,,,,
CONTLA DE JUAN CUAMATZI,29018,280,2021,June,20,93,2,22,1,,,,,,,343,331,549,TLAXCALA,0.624772313296903,,,,,,,0,1,,,,,,,,,7,,,,,6,,,,,126,8,,,0,0,0,,,0,,,,1,0,12,5,0,0,0,0,0,0,0,0,0,0,0,0,0,0,0,0,0,0,0,0,0,0,0,0,0,0,0,0,0,0,0,0,12,,,,,
CONTLA DE JUAN CUAMATZI,29018,281,2021,June,54,457,8,74,6,,,,,,,1250,1219,2089,TLAXCALA,0.598372426998564,,,,,,,0,24,,,,,,,,,27,,,,,28,,,,,262,70,,,0,0,0,,,0,,,,28,0,35,12,0,0,0,0,0,0,0,0,0,0,0,0,0,0,0,0,0,0,0,0,0,0,0,0,0,0,0,0,0,0,0,1,30,,,,,
CONTLA DE JUAN CUAMATZI,29018,282,2021,June,15,26,0,26,2,,,,,,,275,273,467,TLAXCALA,0.588865096359743,,,,,,,0,3,,,,,,,,,5,,,,,36,,,,,64,50,,,0,0,0,,,0,,,,1,0,10,1,0,0,0,0,0,0,0,0,0,0,0,0,0,0,0,0,0,0,0,0,0,0,0,0,0,0,0,0,0,0,0,0,2,,,,,
CONTLA DE JUAN CUAMATZI,29018,283,2021,June,97,148,2,94,5,,,,,,,1071,1035,1581,TLAXCALA,0.67741935483871,,,,,,,0,23,,,,,,,,,49,,,,,17,,,,,296,83,,,0,0,0,,,0,,,,41,0,55,1,0,0,0,0,0,0,0,0,0,0,0,0,0,0,0,0,0,0,0,0,0,0,0,0,0,0,0,0,0,0,0,0,36,,,,,
CUAPIAXTLA,29008,107,2021,June,543,35,169,458,4,,,,,,,1903,1868,2828,TLAXCALA,0.672913719943423,,,,,,,0,3,,,,,,,,,61,,,,,4,,,,,254,24,,,0,0,0,,,0,,,,4,0,126,113,0,0,0,0,0,0,0,0,0,0,0,0,0,0,0,0,0,0,0,0,0,0,0,0,0,0,0,0,0,0,0,0,35,,,,,
CUAPIAXTLA,29008,108,2021,June,328,29,164,286,2,,,,,,,1261,1225,1783,TLAXCALA,0.707234997195738,,,,,,,0,0,,,,,,,,,10,,,,,2,,,,,138,15,,,0,0,0,,,0,,,,1,0,87,87,0,0,0,0,0,0,0,0,0,0,0,0,0,0,0,0,0,0,0,0,0,0,0,0,0,0,0,0,0,0,0,0,36,,,,,
CUAPIAXTLA,29008,109,2021,June,581,36,181,219,5,,,,,,,1710,1672,2361,TLAXCALA,0.724269377382465,,,,,,,0,2,,,,,,,,,43,,,,,4,,,,,162,16,,,0,0,0,,,0,,,,0,0,93,186,0,0,0,0,0,0,0,0,0,0,0,0,0,0,0,0,0,0,0,0,0,0,0,0,0,0,0,0,0,0,0,1,37,,,,,
CUAPIAXTLA,29008,110,2021,June,365,80,33,135,3,,,,,,,1158,1121,1508,TLAXCALA,0.76790450928382,,,,,,,0,32,,,,,,,,,16,,,,,1,,,,,197,1,,,0,0,0,,,0,,,,0,0,92,126,0,0,0,0,0,0,0,0,0,0,0,0,0,0,0,0,0,0,0,0,0,0,0,0,0,0,0,0,0,0,0,0,37,,,,,
CUAPIAXTLA,29008,111,2021,June,55,15,4,30,0,,,,,,,245,241,274,TLAXCALA,0.894160583941606,,,,,,,0,0,,,,,,,,,8,,,,,0,,,,,42,0,,,0,0,0,,,0,,,,0,0,28,55,0,0,0,0,0,0,0,0,0,0,0,0,0,0,0,0,0,0,0,0,0,0,0,0,0,0,0,0,0,0,0,0,4,,,,,
CUAPIAXTLA,29008,112,2021,June,30,1,12,47,0,,,,,,,148,145,156,TLAXCALA,0.948717948717949,,,,,,,0,0,,,,,,,,,3,,,,,0,,,,,18,0,,,0,0,0,,,0,,,,0,0,14,5,0,0,0,0,0,0,0,0,0,0,0,0,0,0,0,0,0,0,0,0,0,0,0,0,0,0,0,0,0,0,0,0,3,,,,,
CUAPIAXTLA,29008,113,2021,June,52,2,30,79,0,,,,,,,266,262,300,TLAXCALA,0.886666666666667,,,,,,,0,1,,,,,,,,,6,,,,,0,,,,,18,4,,,0,0,0,,,0,,,,0,0,18,39,0,0,0,0,0,0,0,0,0,0,0,0,0,0,0,0,0,0,0,0,0,0,0,0,0,0,0,0,0,0,0,0,4,,,,,
CUAPIAXTLA,29008,114,2021,June,294,58,7,138,1,,,,,,,721,696,868,TLAXCALA,0.830645161290323,,,,,,,0,15,,,,,,,,,27,,,,,1,,,,,49,1,,,0,0,0,,,0,,,,0,0,14,57,0,0,0,0,0,0,0,0,0,0,0,0,0,0,0,0,0,0,0,0,0,0,0,0,0,0,0,0,0,0,0,0,25,,,,,
CUAPIAXTLA,29008,115,2021,June,110,5,22,134,2,,,,,,,411,401,491,TLAXCALA,0.837067209775967,,,,,,,0,1,,,,,,,,,8,,,,,0,,,,,20,1,,,0,0,0,,,0,,,,0,0,19,42,0,0,0,0,0,0,0,0,0,0,0,0,0,0,0,0,0,0,0,0,0,0,0,0,0,0,0,0,0,0,0,0,10,,,,,
CUAPIAXTLA,29008,116,2021,June,152,0,9,30,2,,,,,,,382,364,452,TLAXCALA,0.845132743362832,,,,,,,0,1,,,,,,,,,9,,,,,0,,,,,29,0,,,0,0,0,,,0,,,,2,0,4,119,0,0,0,0,0,0,0,0,0,0,0,0,0,0,0,0,0,0,0,0,0,0,0,0,0,0,0,0,0,0,0,0,18,,,,,
CUAXOMULCO,29009,117,2021,June,19,266,1,32,3,,,,,,,941,914,1334,TLAXCALA,0.705397301349325,,,,,,,0,7,,,,,,,,,3,,,,,5,,,,,129,36,,,0,0,0,,,0,,,,8,0,18,153,0,0,0,0,0,0,0,0,0,0,0,0,0,0,0,0,0,0,0,0,0,0,0,0,0,0,0,0,0,0,0,0,27,,,,,
CUAXOMULCO,29009,118,2021,June,40,283,0,37,2,,,,,,,826,803,1080,TLAXCALA,0.764814814814815,,,,,,,0,3,,,,,,,,,0,,,,,1,,,,,67,35,,,0,0,0,,,0,,,,2,0,13,78,0,0,0,0,0,0,0,0,0,0,0,0,0,0,0,0,0,0,0,0,0,0,0,0,0,0,0,0,0,0,0,1,22,,,,,
CUAXOMULCO,29009,119,2021,June,28,64,1,12,1,,,,,,,504,493,627,TLAXCALA,0.803827751196172,,,,,,,0,0,,,,,,,,,3,,,,,2,,,,,20,74,,,0,0,0,,,0,,,,0,0,3,52,0,0,0,0,0,0,0,0,0,0,0,0,0,0,0,0,0,0,0,0,0,0,0,0,0,0,0,0,0,0,0,0,11,,,,,
CUAXOMULCO,29009,120,2021,June,18,53,0,14,0,,,,,,,227,222,270,TLAXCALA,0.840740740740741,,,,,,,0,0,,,,,,,,,0,,,,,0,,,,,26,16,,,0,0,0,,,0,,,,0,0,1,15,0,0,0,0,0,0,0,0,0,0,0,0,0,0,0,0,0,0,0,0,0,0,0,0,0,0,0,0,0,0,0,0,5,,,,,
CUAXOMULCO,29009,121,2021,June,24,194,5,33,2,,,,,,,1002,963,1288,TLAXCALA,0.777950310559006,,,,,,,0,3,,,,,,,,,7,,,,,3,,,,,96,105,,,0,0,0,,,0,,,,0,0,28,207,0,0,0,0,0,0,0,0,0,0,0,0,0,0,0,0,0,0,0,0,0,0,0,0,0,0,0,0,0,0,0,0,39,,,,,
EL CARMEN TEQUEXQUITLA,29007,100,2021,June,40,222,245,53,4,,,,,,,1931,1834,3032,TLAXCALA,0.636873350923483,,,,,,,0,0,,,,,,,,,598,,,,,0,,,,,296,0,,,0,0,0,,,0,,,,0,0,371,0,0,0,0,0,0,0,0,0,0,0,0,0,0,0,0,0,0,0,0,0,0,0,0,0,0,0,0,0,0,0,0,0,97,,,,,
EL CARMEN TEQUEXQUITLA,29007,101,2021,June,40,134,146,36,7,,,,,,,1460,1417,2169,TLAXCALA,0.673121254034117,,,,,,,0,0,,,,,,,,,460,,,,,0,,,,,240,0,,,0,0,0,,,0,,,,0,0,350,0,0,0,0,0,0,0,0,0,0,0,0,0,0,0,0,0,0,0,0,0,0,0,0,0,0,0,0,0,0,0,0,0,43,,,,,
EL CARMEN TEQUEXQUITLA,29007,102,2021,June,37,210,153,17,3,,,,,,,1601,1541,2271,TLAXCALA,0.704975781594011,,,,,,,0,0,,,,,,,,,553,,,,,0,,,,,275,0,,,0,0,0,,,0,,,,0,0,283,0,0,0,0,0,0,0,0,0,0,0,0,0,0,0,0,0,0,0,0,0,0,0,0,0,0,0,0,0,0,0,0,0,60,,,,,
EL CARMEN TEQUEXQUITLA,29007,103,2021,June,21,80,84,12,2,,,,,,,882,835,1399,TLAXCALA,0.630450321658327,,,,,,,0,0,,,,,,,,,249,,,,,0,,,,,190,0,,,0,0,0,,,0,,,,0,0,193,0,0,0,0,0,0,0,0,0,0,0,0,0,0,0,0,0,0,0,0,0,0,0,0,0,0,0,0,0,0,0,0,0,47,,,,,
EL CARMEN TEQUEXQUITLA,29007,104,2021,June,30,175,142,24,4,,,,,,,1688,1642,2655,TLAXCALA,0.635781544256121,,,,,,,0,0,,,,,,,,,748,,,,,0,,,,,248,0,,,0,0,0,,,0,,,,0,0,270,0,0,0,0,0,0,0,0,0,0,0,0,0,0,0,0,0,0,0,0,0,0,0,0,0,0,0,0,0,0,0,0,0,46,,,,,
EL CARMEN TEQUEXQUITLA,29007,105,2021,June,16,52,38,6,1,,,,,,,373,348,462,TLAXCALA,0.807359307359307,,,,,,,0,0,,,,,,,,,126,,,,,0,,,,,49,0,,,0,0,0,,,0,,,,0,0,59,0,0,0,0,0,0,0,0,0,0,0,0,0,0,0,0,0,0,0,0,0,0,0,0,0,0,0,0,0,0,0,0,0,25,,,,,
EL CARMEN TEQUEXQUITLA,29007,106,2021,June,6,13,11,20,0,,,,,,,203,201,235,TLAXCALA,0.863829787234043,,,,,,,0,0,,,,,,,,,88,,,,,0,,,,,35,0,,,0,0,0,,,0,,,,0,0,28,0,0,0,0,0,0,0,0,0,0,0,0,0,0,0,0,0,0,0,0,0,0,0,0,0,0,0,0,0,0,0,0,0,2,,,,,
EMILIANO ZAPATA,29046,400,2021,June,54,1,0,0,2,,,,,,,80,76,106,TLAXCALA,0.754716981132076,,,,,,,0,1,,,,,,,,,0,,,,,1,,,,,1,0,,,0,0,0,,,0,,,,0,0,0,9,0,0,0,0,0,0,0,0,0,0,7,0,0,0,0,0,0,0,0,0,0,0,0,0,0,0,0,0,0,0,0,0,4,,,,,
EMILIANO ZAPATA,29046,401,2021,June,73,1,0,0,0,,,,,,,147,143,165,TLAXCALA,0.890909090909091,,,,,,,0,0,,,,,,,,,0,,,,,1,,,,,15,2,,,0,0,0,,,0,,,,0,0,0,42,0,0,0,0,0,0,0,0,0,0,8,0,0,0,0,0,0,0,0,0,0,0,0,0,0,0,0,0,0,0,0,0,4,,,,,
EMILIANO ZAPATA,29046,607,2021,June,795,6,8,3,3,,,,,,,1886,1844,2265,TLAXCALA,0.832671081677704,,,,,,,0,20,,,,,,,,,0,,,,,5,,,,,212,11,,,0,0,0,,,0,,,,0,0,10,544,0,0,0,0,0,0,0,0,0,0,220,0,0,0,0,0,0,0,0,0,0,0,0,0,0,0,0,0,0,0,0,0,42,,,,,
EMILIANO ZAPATA,29046,608,2021,June,281,1,5,4,5,,,,,,,669,657,788,TLAXCALA,0.848984771573604,,,,,,,0,63,,,,,,,,,0,,,,,1,,,,,110,2,,,0,0,0,,,0,,,,0,0,3,99,0,0,0,0,0,0,0,0,0,0,82,0,0,0,0,0,0,0,0,0,0,0,0,0,0,0,0,0,0,0,0,0,12,,,,,
ESPANITA,29012,165,2021,June,467,584,0,365,0,,,,,,,1630,1501,2254,TLAXCALA,0.723158828748891,,,,,,,0,2,,,,,,,,,1,,,,,20,,,,,49,1,,,0,0,0,,,0,,,,0,0,0,0,0,0,0,0,0,0,0,0,0,0,0,0,0,0,0,0,0,0,0,0,0,0,0,0,0,0,0,0,0,0,0,1,128,,,,,
ESPANITA,29012,167,2021,June,104,75,0,26,0,,,,,,,280,230,382,TLAXCALA,0.732984293193717,,,,,,,0,0,,,,,,,,,1,,,,,4,,,,,19,0,,,0,0,0,,,0,,,,0,0,0,0,0,0,0,0,0,0,0,0,0,0,0,0,0,0,0,0,0,0,0,0,0,0,0,0,0,0,0,0,0,0,0,0,50,,,,,
ESPANITA,29012,168,2021,June,246,195,3,51,0,,,,,,,552,533,746,TLAXCALA,0.739946380697051,,,,,,,0,1,,,,,,,,,4,,,,,2,,,,,26,0,,,0,0,0,,,0,,,,0,0,0,0,0,0,0,0,0,0,0,0,0,0,0,0,0,0,0,0,0,0,0,0,0,0,0,0,0,0,0,0,0,0,0,0,19,,,,,
ESPANITA,29012,169,2021,June,131,41,1,30,0,,,,,,,210,204,260,TLAXCALA,0.807692307692308,,,,,,,0,0,,,,,,,,,0,,,,,0,,,,,0,0,,,0,0,0,,,0,,,,0,0,0,0,0,0,0,0,0,0,0,0,0,0,0,0,0,0,0,0,0,0,0,0,0,0,0,0,0,0,0,0,0,0,0,0,6,,,,,
ESPANITA,29012,170,2021,June,105,256,0,35,0,,,,,,,492,441,756,TLAXCALA,0.650793650793651,,,,,,,0,2,,,,,,,,,0,,,,,6,,,,,35,0,,,0,0,0,,,0,,,,0,0,0,0,0,0,0,0,0,0,0,0,0,0,0,0,0,0,0,0,0,0,0,0,0,0,0,0,0,0,0,0,0,0,0,0,51,,,,,
ESPANITA,29012,171,2021,June,119,134,0,8,0,,,,,,,290,283,336,TLAXCALA,0.863095238095238,,,,,,,0,0,,,,,,,,,0,,,,,14,,,,,7,0,,,0,0,0,,,0,,,,0,0,0,0,0,0,0,0,0,0,0,0,0,0,0,0,0,0,0,0,0,0,0,0,0,0,0,0,0,0,0,0,0,0,0,0,7,,,,,
ESPANITA,29012,172,2021,June,77,65,2,61,0,,,,,,,253,226,330,TLAXCALA,0.766666666666667,,,,,,,0,0,,,,,,,,,0,,,,,5,,,,,15,0,,,0,0,0,,,0,,,,0,0,0,0,0,0,0,0,0,0,0,0,0,0,0,0,0,0,0,0,0,0,0,0,0,0,0,0,0,0,0,0,0,0,0,0,27,,,,,
ESPANITA,29012,173,2021,June,0,0,0,0,0,,,,,,,0,0,313,TLAXCALA,0,,,,,,,0,0,,,,,,,,,0,,,,,0,,,,,0,0,,,0,0,0,,,0,,,,0,0,0,0,0,0,0,0,0,0,0,0,0,0,0,0,0,0,0,0,0,0,0,0,0,0,0,0,0,0,0,0,0,0,0,0,0,,,,,
ESPANITA,29012,174,2021,June,55,25,1,94,0,,,,,,,195,180,228,TLAXCALA,0.855263157894737,,,,,,,0,1,,,,,,,,,1,,,,,1,,,,,2,0,,,0,0,0,,,0,,,,0,0,0,0,0,0,0,0,0,0,0,0,0,0,0,0,0,0,0,0,0,0,0,0,0,0,0,0,0,0,0,0,0,0,0,0,15,,,,,
ESPANITA,29012,175,2021,June,207,174,2,9,0,,,,,,,462,454,633,TLAXCALA,0.729857819905213,,,,,,,0,0,,,,,,,,,0,,,,,4,,,,,56,0,,,0,0,0,,,0,,,,0,0,0,0,0,0,0,0,0,0,0,0,0,0,0,0,0,0,0,0,0,0,0,0,0,0,0,0,0,0,0,0,0,0,0,0,8,,,,,
ESPANITA,29012,176,2021,June,121,104,0,29,0,,,,,,,314,300,419,TLAXCALA,0.749403341288783,,,,,,,0,2,,,,,,,,,0,,,,,3,,,,,35,2,,,0,0,0,,,0,,,,0,0,0,0,0,0,0,0,0,0,0,0,0,0,0,0,0,0,0,0,0,0,0,0,0,0,0,0,0,0,0,0,0,0,0,0,14,,,,,
ESPANITA,29012,177,2021,June,171,74,0,22,0,,,,,,,288,283,370,TLAXCALA,0.778378378378378,,,,,,,0,1,,,,,,,,,1,,,,,2,,,,,6,0,,,0,0,0,,,0,,,,0,0,0,0,0,0,0,0,0,0,0,0,0,0,0,0,0,0,0,0,0,0,0,0,0,0,0,0,0,0,0,0,0,0,0,0,5,,,,,
ESPANITA,29012,610,2021,June,4,1,0,0,0,,,,,,,7,7,10,TLAXCALA,0.7,,,,,,,0,0,,,,,,,,,0,,,,,0,,,,,2,0,,,0,0,0,,,0,,,,0,0,0,0,0,0,0,0,0,0,0,0,0,0,0,0,0,0,0,0,0,0,0,0,0,0,0,0,0,0,0,0,0,0,0,0,0,,,,,
HUAMANTLA,29013,178,2021,June,0,462,77,13,545,,,,,,,2052,1998,3986,TLAXCALA,0.514801806322128,,,,,,,0,39,,,,,,,,,0,,,,,0,,,,,482,18,,,0,0,0,,,0,,,,145,0,109,19,0,0,0,0,0,0,0,0,0,0,0,0,0,53,0,0,0,0,0,0,0,0,0,0,0,0,0,0,0,0,0,1,53,,,,,
HUAMANTLA,29013,179,2021,June,0,219,25,13,248,,,,,,,962,927,4287,TLAXCALA,0.224399346862608,,,,,,,0,23,,,,,,,,,0,,,,,0,,,,,258,11,,,0,0,0,,,0,,,,41,0,32,12,0,0,0,0,0,0,0,0,0,0,0,0,0,30,0,0,0,0,0,0,0,0,0,0,0,0,0,0,0,0,0,1,34,,,,,
HUAMANTLA,29013,180,2021,June,0,571,79,20,600,,,,,,,2252,2160,3778,TLAXCALA,0.596082583377448,,,,,,,0,30,,,,,,,,,0,,,,,0,,,,,592,13,,,0,0,0,,,0,,,,107,0,75,23,0,0,0,0,0,0,0,0,0,0,0,0,0,21,0,0,0,0,0,0,0,0,0,0,0,0,0,0,0,0,0,18,74,,,,,
HUAMANTLA,29013,181,2021,June,0,330,42,16,295,,,,,,,1244,1197,2167,TLAXCALA,0.574065528380249,,,,,,,0,27,,,,,,,,,0,,,,,0,,,,,290,11,,,0,0,0,,,0,,,,62,0,72,9,0,0,0,0,0,0,0,0,0,0,0,0,0,28,0,0,0,0,0,0,0,0,0,0,0,0,0,0,0,0,0,2,45,,,,,
HUAMANTLA,29013,182,2021,June,0,162,19,8,211,,,,,,,783,746,1512,TLAXCALA,0.517857142857143,,,,,,,0,16,,,,,,,,,0,,,,,0,,,,,203,8,,,0,0,0,,,0,,,,37,0,34,8,0,0,0,0,0,0,0,0,0,0,0,0,0,27,0,0,0,0,0,0,0,0,0,0,0,0,0,0,0,0,0,0,37,,,,,
HUAMANTLA,29013,183,2021,June,0,269,52,10,329,,,,,,,1327,1294,2261,TLAXCALA,0.586908447589562,,,,,,,0,19,,,,,,,,,0,,,,,0,,,,,352,11,,,0,0,0,,,0,,,,86,0,79,10,0,0,0,0,0,0,0,0,0,0,0,0,0,36,0,0,0,0,0,0,0,0,0,0,0,0,0,0,0,0,0,1,32,,,,,
HUAMANTLA,29013,184,2021,June,0,182,49,13,334,,,,,,,897,869,1480,TLAXCALA,0.606081081081081,,,,,,,0,18,,,,,,,,,0,,,,,0,,,,,171,5,,,0,0,0,,,0,,,,22,0,38,14,0,0,0,0,0,0,0,0,0,0,0,0,0,17,0,0,0,0,0,0,0,0,0,0,0,0,0,0,0,0,0,0,28,,,,,
HUAMANTLA,29013,185,2021,June,0,218,32,19,188,,,,,,,801,786,1448,TLAXCALA,0.55317679558011,,,,,,,0,14,,,,,,,,,0,,,,,0,,,,,195,7,,,0,0,0,,,0,,,,44,0,17,8,0,0,0,0,0,0,0,0,0,0,0,0,0,29,0,0,0,0,0,0,0,0,0,0,0,0,0,0,0,0,0,0,15,,,,,
HUAMANTLA,29013,186,2021,June,0,171,39,4,228,,,,,,,797,771,1265,TLAXCALA,0.6300395256917,,,,,,,0,13,,,,,,,,,0,,,,,0,,,,,180,3,,,0,0,0,,,0,,,,52,0,29,5,0,0,0,0,0,0,0,0,0,0,0,0,0,38,0,0,0,0,0,0,0,0,0,0,0,0,0,0,0,0,0,1,25,,,,,
HUAMANTLA,29013,187,2021,June,0,310,51,9,281,,,,,,,1140,1111,1986,TLAXCALA,0.574018126888218,,,,,,,0,21,,,,,,,,,0,,,,,0,,,,,258,15,,,0,0,0,,,0,,,,80,0,36,13,0,0,0,0,0,0,0,0,0,0,0,0,0,23,0,0,0,0,0,0,0,0,0,0,0,0,0,0,0,0,0,2,27,,,,,
HUAMANTLA,29013,188,2021,June,0,352,85,28,665,,,,,,,2145,2062,4342,TLAXCALA,0.494011976047904,,,,,,,0,52,,,,,,,,,0,,,,,0,,,,,450,29,,,0,0,0,,,0,,,,236,0,87,19,0,0,0,0,0,0,0,0,0,0,0,0,0,30,0,0,0,0,0,0,0,0,0,0,0,0,0,0,0,0,0,18,65,,,,,
HUAMANTLA,29013,189,2021,June,0,229,63,10,209,,,,,,,926,893,1628,TLAXCALA,0.568796068796069,,,,,,,0,16,,,,,,,,,0,,,,,0,,,,,220,11,,,0,0,0,,,0,,,,69,0,29,6,0,0,0,0,0,0,0,0,0,0,0,0,0,24,0,0,0,0,0,0,0,0,0,0,0,0,0,0,0,0,0,0,33,,,,,
HUAMANTLA,29013,190,2021,June,0,131,29,6,123,,,,,,,587,567,1020,TLAXCALA,0.575490196078431,,,,,,,0,13,,,,,,,,,0,,,,,0,,,,,160,5,,,0,0,0,,,0,,,,37,0,28,5,0,0,0,0,0,0,0,0,0,0,0,0,0,16,0,0,0,0,0,0,0,0,0,0,0,0,0,0,0,0,0,0,20,,,,,
HUAMANTLA,29013,191,2021,June,0,169,44,8,188,,,,,,,776,746,1242,TLAXCALA,0.624798711755234,,,,,,,0,6,,,,,,,,,0,,,,,0,,,,,191,4,,,0,0,0,,,0,,,,51,0,40,3,0,0,0,0,0,0,0,0,0,0,0,0,0,12,0,0,0,0,0,0,0,0,0,0,0,0,0,0,0,0,0,8,22,,,,,
HUAMANTLA,29013,192,2021,June,0,292,56,31,279,,,,,,,1192,1147,2098,TLAXCALA,0.568160152526215,,,,,,,0,26,,,,,,,,,0,,,,,0,,,,,302,9,,,0,0,0,,,0,,,,42,0,21,19,0,0,0,0,0,0,0,0,0,0,0,0,0,60,0,0,0,0,0,0,0,0,0,0,0,0,0,0,0,0,0,0,45,,,,,
HUAMANTLA,29013,193,2021,June,0,175,89,10,173,,,,,,,662,628,923,TLAXCALA,0.717226435536295,,,,,,,0,5,,,,,,,,,0,,,,,0,,,,,95,3,,,0,0,0,,,0,,,,10,0,36,5,0,0,0,0,0,0,0,0,0,0,0,0,0,21,0,0,0,0,0,0,0,0,0,0,0,0,0,0,0,0,0,5,29,,,,,
HUAMANTLA,29013,194,2021,June,0,363,92,27,406,,,,,,,1618,1568,2824,TLAXCALA,0.572946175637394,,,,,,,0,22,,,,,,,,,0,,,,,0,,,,,399,12,,,0,0,0,,,0,,,,112,0,59,27,0,0,0,0,0,0,0,0,0,0,0,0,0,24,0,0,0,0,0,0,0,0,0,0,0,0,0,0,0,0,0,2,48,,,,,
HUAMANTLA,29013,195,2021,June,0,179,28,27,354,,,,,,,1168,1098,2119,TLAXCALA,0.551203397829165,,,,,,,0,18,,,,,,,,,0,,,,,0,,,,,274,10,,,0,0,0,,,0,,,,98,0,58,8,0,0,0,0,0,0,0,0,0,0,0,0,0,26,0,0,0,0,0,0,0,0,0,0,0,0,0,0,0,0,0,0,70,,,,,
HUAMANTLA,29013,196,2021,June,0,124,47,4,233,,,,,,,796,738,1144,TLAXCALA,0.695804195804196,,,,,,,0,21,,,,,,,,,0,,,,,0,,,,,193,5,,,0,0,0,,,0,,,,36,0,14,55,0,0,0,0,0,0,0,0,0,0,0,0,0,4,0,0,0,0,0,0,0,0,0,0,0,0,0,0,0,0,0,0,58,,,,,
HUAMANTLA,29013,197,2021,June,0,65,15,1,90,,,,,,,209,199,263,TLAXCALA,0.79467680608365,,,,,,,0,0,,,,,,,,,0,,,,,0,,,,,17,0,,,0,0,0,,,0,,,,0,0,1,0,0,0,0,0,0,0,0,0,0,0,0,0,0,3,0,0,0,0,0,0,0,0,0,0,0,0,0,0,0,0,0,0,10,,,,,
HUAMANTLA,29013,198,2021,June,0,51,17,3,169,,,,,,,359,346,595,TLAXCALA,0.603361344537815,,,,,,,0,3,,,,,,,,,0,,,,,0,,,,,71,2,,,0,0,0,,,0,,,,3,0,8,3,0,0,0,0,0,0,0,0,0,0,0,0,0,12,0,0,0,0,0,0,0,0,0,0,0,0,0,0,0,0,0,0,13,,,,,
HUAMANTLA,29013,199,2021,June,0,121,47,13,160,,,,,,,607,582,740,TLAXCALA,0.82027027027027,,,,,,,0,38,,,,,,,,,0,,,,,0,,,,,151,7,,,0,0,0,,,0,,,,22,0,8,5,0,0,0,0,0,0,0,0,0,0,0,0,0,7,0,0,0,0,0,0,0,0,0,0,0,0,0,0,0,0,0,0,25,,,,,
HUAMANTLA,29013,200,2021,June,0,292,52,13,252,,,,,,,1091,1049,1463,TLAXCALA,0.745727956254272,,,,,,,0,43,,,,,,,,,0,,,,,0,,,,,297,5,,,0,0,0,,,0,,,,14,0,31,29,0,0,0,0,0,0,0,0,0,0,0,0,0,12,0,0,0,0,0,0,0,0,0,0,0,0,0,0,0,0,0,8,34,,,,,
HUAMANTLA,29013,201,2021,June,0,656,150,63,555,,,,,,,2512,2351,3679,TLAXCALA,0.682794237564556,,,,,,,0,68,,,,,,,,,0,,,,,0,,,,,632,7,,,0,0,0,,,0,,,,53,0,90,12,0,0,0,0,0,0,0,0,0,0,0,0,0,51,0,0,0,0,0,0,0,0,0,0,0,0,0,0,0,0,0,14,147,,,,,
HUAMANTLA,29013,202,2021,June,0,141,10,16,153,,,,,,,447,432,566,TLAXCALA,0.789752650176678,,,,,,,0,19,,,,,,,,,0,,,,,0,,,,,64,5,,,0,0,0,,,0,,,,3,0,11,3,0,0,0,0,0,0,0,0,0,0,0,0,0,6,0,0,0,0,0,0,0,0,0,0,0,0,0,0,0,0,0,0,15,,,,,
HUAMANTLA,29013,203,2021,June,0,413,30,21,239,,,,,,,1294,1215,2034,TLAXCALA,0.636184857423796,,,,,,,0,6,,,,,,,,,0,,,,,0,,,,,292,6,,,0,0,0,,,0,,,,17,0,44,122,0,0,0,0,0,0,0,0,0,0,0,0,0,17,0,0,0,0,0,0,0,0,0,0,0,0,0,0,0,0,0,29,50,,,,,
HUAMANTLA,29013,204,2021,June,0,407,55,36,306,,,,,,,1422,1340,2517,TLAXCALA,0.564958283671037,,,,,,,0,4,,,,,,,,,0,,,,,0,,,,,363,9,,,0,0,0,,,0,,,,13,0,32,96,0,0,0,0,0,0,0,0,0,0,0,0,0,13,0,0,0,0,0,0,0,0,0,0,0,0,0,0,0,0,0,9,73,,,,,
HUAMANTLA,29013,205,2021,June,0,59,17,1,101,,,,,,,244,243,295,TLAXCALA,0.827118644067797,,,,,,,0,12,,,,,,,,,0,,,,,0,,,,,48,1,,,0,0,0,,,0,,,,0,0,3,0,0,0,0,0,0,0,0,0,0,0,0,0,0,0,0,0,0,0,0,0,0,0,0,0,0,0,0,0,0,0,0,0,1,,,,,
HUAMANTLA,29013,206,2021,June,0,298,41,4,349,,,,,,,920,900,1142,TLAXCALA,0.805604203152364,,,,,,,0,21,,,,,,,,,0,,,,,0,,,,,128,0,,,0,0,0,,,0,,,,3,0,6,38,0,0,0,0,0,0,0,0,0,0,0,0,0,8,0,0,0,0,0,0,0,0,0,0,0,0,0,0,0,0,0,0,20,,,,,
HUAMANTLA,29013,207,2021,June,0,191,11,5,130,,,,,,,574,551,786,TLAXCALA,0.73027989821883,,,,,,,0,31,,,,,,,,,0,,,,,0,,,,,134,7,,,0,0,0,,,0,,,,15,0,4,11,0,0,0,0,0,0,0,0,0,0,0,0,0,7,0,0,0,0,0,0,0,0,0,0,0,0,0,0,0,0,0,1,22,,,,,
HUAMANTLA,29013,208,2021,June,0,166,43,5,146,,,,,,,660,635,851,TLAXCALA,0.775558166862515,,,,,,,0,41,,,,,,,,,0,,,,,0,,,,,165,5,,,0,0,0,,,0,,,,23,0,14,2,0,0,0,0,0,0,0,0,0,0,0,0,0,22,0,0,0,0,0,0,0,0,0,0,0,0,0,0,0,0,0,0,25,,,,,
HUAMANTLA,29013,209,2021,June,0,86,21,16,270,,,,,,,634,609,833,TLAXCALA,0.761104441776711,,,,,,,0,7,,,,,,,,,0,,,,,0,,,,,160,3,,,0,0,0,,,0,,,,16,0,12,4,0,0,0,0,0,0,0,0,0,0,0,0,0,9,0,0,0,0,0,0,0,0,0,0,0,0,0,0,0,0,0,0,25,,,,,
HUAMANTLA,29013,210,2021,June,0,24,38,0,69,,,,,,,175,172,265,TLAXCALA,0.660377358490566,,,,,,,0,2,,,,,,,,,0,,,,,0,,,,,35,0,,,0,0,0,,,0,,,,1,0,0,1,0,0,0,0,0,0,0,0,0,0,0,0,0,2,0,0,0,0,0,0,0,0,0,0,0,0,0,0,0,0,0,0,3,,,,,
HUAMANTLA,29013,211,2021,June,0,152,35,10,291,,,,,,,742,703,1006,TLAXCALA,0.737574552683897,,,,,,,0,12,,,,,,,,,0,,,,,0,,,,,144,6,,,0,0,0,,,0,,,,9,0,23,4,0,0,0,0,0,0,0,0,0,0,0,0,0,11,0,0,0,0,0,0,0,0,0,0,0,0,0,0,0,0,0,5,34,,,,,
HUAMANTLA,29013,212,2021,June,0,58,21,12,131,,,,,,,378,354,559,TLAXCALA,0.676207513416816,,,,,,,0,13,,,,,,,,,0,,,,,0,,,,,77,4,,,0,0,0,,,0,,,,2,0,11,4,0,0,0,0,0,0,0,0,0,0,0,0,0,19,0,0,0,0,0,0,0,0,0,0,0,0,0,0,0,0,0,0,24,,,,,
HUAMANTLA,29013,213,2021,June,0,514,72,41,322,,,,,,,1830,1748,3007,TLAXCALA,0.608579980046558,,,,,,,0,27,,,,,,,,,0,,,,,0,,,,,536,12,,,0,0,0,,,0,,,,67,0,60,48,0,0,0,0,0,0,0,0,0,0,0,0,0,31,0,0,0,0,0,0,0,0,0,0,0,0,0,0,0,0,0,0,82,,,,,
HUAMANTLA,29013,214,2021,June,0,355,78,10,404,,,,,,,1465,1377,2241,TLAXCALA,0.653726015171798,,,,,,,0,10,,,,,,,,,0,,,,,0,,,,,347,10,,,0,0,0,,,0,,,,62,0,37,29,0,0,0,0,0,0,0,0,0,0,0,0,0,22,0,0,0,0,0,0,0,0,0,0,0,0,0,0,0,0,0,0,88,,,,,
HUAMANTLA,29013,215,2021,June,0,39,40,13,75,,,,,,,263,251,321,TLAXCALA,0.819314641744548,,,,,,,0,10,,,,,,,,,0,,,,,0,,,,,37,1,,,0,0,0,,,0,,,,8,0,9,0,0,0,0,0,0,0,0,0,0,0,0,0,0,18,0,0,0,0,0,0,0,0,0,0,0,0,0,0,0,0,0,0,12,,,,,
HUAMANTLA,29013,216,2021,June,0,167,54,2,170,,,,,,,652,606,995,TLAXCALA,0.655276381909548,,,,,,,0,3,,,,,,,,,0,,,,,0,,,,,174,6,,,0,0,0,,,0,,,,2,0,7,13,0,0,0,0,0,0,0,0,0,0,0,0,0,5,0,0,0,0,0,0,0,0,0,0,0,0,0,0,0,0,0,0,46,,,,,
HUAMANTLA,29013,217,2021,June,0,67,18,3,81,,,,,,,318,303,999,TLAXCALA,0.318318318318318,,,,,,,0,3,,,,,,,,,0,,,,,0,,,,,95,2,,,0,0,0,,,0,,,,6,0,8,7,0,0,0,0,0,0,0,0,0,0,0,0,0,8,0,0,0,0,0,0,0,0,0,0,0,0,0,0,0,0,0,0,15,,,,,
HUAMANTLA,29013,218,2021,June,0,120,24,1,162,,,,,,,462,446,687,TLAXCALA,0.672489082969432,,,,,,,0,8,,,,,,,,,0,,,,,0,,,,,67,6,,,0,0,0,,,0,,,,6,0,20,17,0,0,0,0,0,0,0,0,0,0,0,0,0,14,0,0,0,0,0,0,0,0,0,0,0,0,0,0,0,0,0,0,16,,,,,
HUAMANTLA,29013,219,2021,June,0,146,22,7,130,,,,,,,590,561,915,TLAXCALA,0.644808743169399,,,,,,,0,50,,,,,,,,,0,,,,,0,,,,,111,6,,,0,0,0,,,0,,,,13,0,34,10,0,0,0,0,0,0,0,0,0,0,0,0,0,28,0,0,0,0,0,0,0,0,0,0,0,0,0,0,0,0,0,0,29,,,,,
HUEYOTLIPAN,29014,220,2021,June,455,206,0,1,2,,,,,,,1564,1491,2160,TLAXCALA,0.724074074074074,,,,,,,0,4,,,,,,,,,29,,,,,120,,,,,214,0,,,0,0,0,,,0,,,,0,0,460,0,0,0,0,0,0,0,0,0,0,0,0,0,0,0,0,0,0,0,0,0,0,0,0,0,0,0,0,0,0,0,0,0,28,,,,,
HUEYOTLIPAN,29014,221,2021,June,356,308,1,4,3,,,,,,,1542,1468,2149,TLAXCALA,0.717543043275942,,,,,,,0,7,,,,,,,,,32,,,,,97,,,,,212,0,,,0,0,0,,,0,,,,0,0,448,0,0,0,0,0,0,0,0,0,0,0,0,0,0,0,0,0,0,0,0,0,0,0,0,0,0,0,0,0,0,0,0,0,29,,,,,
HUEYOTLIPAN,29014,222,2021,June,241,41,1,3,4,,,,,,,929,881,1207,TLAXCALA,0.769676884838443,,,,,,,0,3,,,,,,,,,18,,,,,67,,,,,235,0,,,0,0,0,,,0,,,,0,0,268,0,0,0,0,0,0,0,0,0,0,0,0,0,0,0,0,0,0,0,0,0,0,0,0,0,0,0,0,0,0,0,0,0,18,,,,,
HUEYOTLIPAN,29014,223,2021,June,76,20,1,2,3,,,,,,,274,245,390,TLAXCALA,0.702564102564103,,,,,,,0,1,,,,,,,,,6,,,,,21,,,,,59,0,,,0,0,0,,,0,,,,0,0,56,0,0,0,0,0,0,0,0,0,0,0,0,0,0,0,0,0,0,0,0,0,0,0,0,0,0,0,0,0,0,0,0,0,14,,,,,
HUEYOTLIPAN,29014,224,2021,June,163,29,1,1,0,,,,,,,630,589,756,TLAXCALA,0.833333333333333,,,,,,,0,1,,,,,,,,,30,,,,,65,,,,,71,0,,,0,0,0,,,0,,,,0,0,228,0,0,0,0,0,0,0,0,0,0,0,0,0,0,0,0,0,0,0,0,0,0,0,0,0,0,0,0,0,0,0,0,0,11,,,,,
HUEYOTLIPAN,29014,225,2021,June,59,18,0,1,0,,,,,,,261,243,301,TLAXCALA,0.867109634551495,,,,,,,0,0,,,,,,,,,7,,,,,17,,,,,72,0,,,0,0,0,,,0,,,,0,0,69,0,0,0,0,0,0,0,0,0,0,0,0,0,0,0,0,0,0,0,0,0,0,0,0,0,0,0,0,0,0,0,0,0,3,,,,,
HUEYOTLIPAN,29014,226,2021,June,130,16,1,0,2,,,,,,,416,382,556,TLAXCALA,0.748201438848921,,,,,,,0,1,,,,,,,,,14,,,,,13,,,,,77,0,,,0,0,0,,,0,,,,0,0,128,0,0,0,0,0,0,0,0,0,0,0,0,0,0,0,0,0,0,0,0,0,0,0,0,0,0,0,0,0,0,0,0,0,19,,,,,
HUEYOTLIPAN,29014,227,2021,June,121,74,1,1,1,,,,,,,512,485,643,TLAXCALA,0.796267496111975,,,,,,,0,4,,,,,,,,,23,,,,,13,,,,,90,0,,,0,0,0,,,0,,,,0,0,157,0,0,0,0,0,0,0,0,0,0,0,0,0,0,0,0,0,0,0,0,0,0,0,0,0,0,0,0,0,0,0,0,0,12,,,,,
HUEYOTLIPAN,29014,228,2021,June,276,68,3,4,4,,,,,,,1672,1554,2465,TLAXCALA,0.678296146044625,,,,,,,0,9,,,,,,,,,58,,,,,54,,,,,794,0,,,0,0,0,,,0,,,,0,0,284,0,0,0,0,0,0,0,0,0,0,0,0,0,0,0,0,0,0,0,0,0,0,0,0,0,0,0,0,0,0,0,0,0,58,,,,,
HUEYOTLIPAN,29014,229,2021,June,14,24,1,1,0,,,,,,,173,152,173,TLAXCALA,1,,,,,,,0,8,,,,,,,,,9,,,,,13,,,,,33,0,,,0,0,0,,,0,,,,0,0,49,0,0,0,0,0,0,0,0,0,0,0,0,0,0,0,0,0,0,0,0,0,0,0,0,0,0,0,0,0,0,0,0,0,6,,,,,
HUEYOTLIPAN,29014,230,2021,June,147,45,4,2,2,,,,,,,457,428,556,TLAXCALA,0.821942446043165,,,,,,,0,1,,,,,,,,,22,,,,,12,,,,,55,0,,,0,0,0,,,0,,,,0,0,138,0,0,0,0,0,0,0,0,0,0,0,0,0,0,0,0,0,0,0,0,0,0,0,0,0,0,0,0,0,0,0,0,0,14,,,,,
HUEYOTLIPAN,29014,231,2021,June,30,10,0,3,1,,,,,,,218,194,290,TLAXCALA,0.751724137931034,,,,,,,0,0,,,,,,,,,58,,,,,16,,,,,54,0,,,0,0,0,,,0,,,,0,0,22,0,0,0,0,0,0,0,0,0,0,0,0,0,0,0,0,0,0,0,0,0,0,0,0,0,0,0,0,0,0,0,0,0,9,,,,,
IXTACUIXTLA DE MARIANO MATAMOROS,29015,232,2021,June,184,30,59,53,42,,,,,,,1448,1404,2241,TLAXCALA,0.646140116019634,,,,,,,0,9,,,,,,,,,73,,,,,0,,,,,625,49,,,0,0,0,,,0,,,,14,0,158,77,0,0,0,0,0,0,0,0,0,0,0,0,0,0,0,0,0,0,0,0,0,0,0,0,0,0,0,0,0,0,0,0,44,,,,,
IXTACUIXTLA DE MARIANO MATAMOROS,29015,233,2021,June,148,39,85,58,49,,,,,,,1221,1205,1880,TLAXCALA,0.649468085106383,,,,,,,0,14,,,,,,,,,55,,,,,0,,,,,465,37,,,0,0,0,,,0,,,,44,0,141,29,0,0,0,0,0,0,0,0,0,0,0,0,0,0,0,0,0,0,0,0,0,0,0,0,0,0,0,0,0,0,0,0,16,,,,,
IXTACUIXTLA DE MARIANO MATAMOROS,29015,234,2021,June,136,34,37,7,46,,,,,,,937,914,1355,TLAXCALA,0.691512915129151,,,,,,,0,1,,,,,,,,,60,,,,,0,,,,,353,26,,,0,0,0,,,0,,,,11,0,167,17,0,0,0,0,0,0,0,0,0,0,0,0,0,0,0,0,0,0,0,0,0,0,0,0,0,0,0,0,0,0,0,0,23,,,,,
IXTACUIXTLA DE MARIANO MATAMOROS,29015,235,2021,June,34,2,2,1,5,,,,,,,125,120,211,TLAXCALA,0.592417061611374,,,,,,,0,1,,,,,,,,,3,,,,,0,,,,,30,2,,,0,0,0,,,0,,,,2,0,15,4,0,0,0,0,0,0,0,0,0,0,0,0,0,0,0,0,0,0,0,0,0,0,0,0,0,0,0,0,0,0,0,0,5,,,,,
IXTACUIXTLA DE MARIANO MATAMOROS,29015,236,2021,June,55,6,10,6,2,,,,,,,197,186,293,TLAXCALA,0.672354948805461,,,,,,,0,6,,,,,,,,,11,,,,,0,,,,,71,0,,,0,0,0,,,0,,,,8,0,8,2,0,0,0,0,0,0,0,0,0,0,0,0,0,0,0,0,0,0,0,0,0,0,0,0,0,0,0,0,0,0,0,0,11,,,,,
IXTACUIXTLA DE MARIANO MATAMOROS,29015,237,2021,June,90,4,3,5,3,,,,,,,225,218,353,TLAXCALA,0.637393767705382,,,,,,,0,3,,,,,,,,,6,,,,,0,,,,,67,5,,,0,0,0,,,0,,,,2,0,10,18,0,0,0,0,0,0,0,0,0,0,0,0,0,0,0,0,0,0,0,0,0,0,0,0,0,0,0,0,0,0,0,0,7,,,,,
IXTACUIXTLA DE MARIANO MATAMOROS,29015,238,2021,June,39,3,1,4,36,,,,,,,158,151,268,TLAXCALA,0.58955223880597,,,,,,,0,1,,,,,,,,,4,,,,,0,,,,,28,7,,,0,0,0,,,0,,,,1,0,10,5,0,0,0,0,0,0,0,0,0,0,0,0,0,0,0,0,0,0,0,0,0,0,0,0,0,0,0,0,0,0,0,0,7,,,,,
IXTACUIXTLA DE MARIANO MATAMOROS,29015,239,2021,June,63,5,8,2,8,,,,,,,288,278,443,TLAXCALA,0.650112866817156,,,,,,,0,6,,,,,,,,,43,,,,,0,,,,,121,2,,,0,0,0,,,0,,,,7,0,5,1,0,0,0,0,0,0,0,0,0,0,0,0,0,0,0,0,0,0,0,0,0,0,0,0,0,0,0,0,0,0,0,2,8,,,,,
IXTACUIXTLA DE MARIANO MATAMOROS,29015,240,2021,June,114,9,15,15,36,,,,,,,476,463,881,TLAXCALA,0.540295119182747,,,,,,,0,8,,,,,,,,,29,,,,,0,,,,,157,9,,,0,0,0,,,0,,,,7,0,26,28,0,0,0,0,0,0,0,0,0,0,0,0,0,0,0,0,0,0,0,0,0,0,0,0,0,0,0,0,0,0,0,1,12,,,,,
IXTACUIXTLA DE MARIANO MATAMOROS,29015,241,2021,June,120,49,53,21,28,,,,,,,940,897,1845,TLAXCALA,0.509485094850949,,,,,,,0,29,,,,,,,,,84,,,,,0,,,,,316,9,,,0,0,0,,,0,,,,16,0,79,47,0,0,0,0,0,0,0,0,0,0,0,0,0,0,0,0,0,0,0,0,0,0,0,0,0,0,0,0,0,0,0,0,43,,,,,
IXTACUIXTLA DE MARIANO MATAMOROS,29015,242,2021,June,112,33,40,18,21,,,,,,,768,728,1489,TLAXCALA,0.515782404298187,,,,,,,0,26,,,,,,,,,55,,,,,0,,,,,249,7,,,0,0,0,,,0,,,,24,0,68,33,0,0,0,0,0,0,0,0,0,0,0,0,0,0,0,0,0,0,0,0,0,0,0,0,0,0,0,0,0,0,0,0,40,,,,,
IXTACUIXTLA DE MARIANO MATAMOROS,29015,243,2021,June,76,2,21,2,32,,,,,,,312,311,362,TLAXCALA,0.861878453038674,,,,,,,0,1,,,,,,,,,13,,,,,0,,,,,114,0,,,0,0,0,,,0,,,,0,0,24,1,0,0,0,0,0,0,0,0,0,0,0,0,0,0,0,0,0,0,0,0,0,0,0,0,0,0,0,0,0,0,0,0,1,,,,,
IXTACUIXTLA DE MARIANO MATAMOROS,29015,244,2021,June,59,10,8,10,12,,,,,,,328,316,509,TLAXCALA,0.644400785854617,,,,,,,0,2,,,,,,,,,24,,,,,0,,,,,93,4,,,0,0,0,,,0,,,,14,0,66,13,0,0,0,0,0,0,0,0,0,0,0,0,0,0,0,0,0,0,0,0,0,0,0,0,0,0,0,0,0,0,0,0,12,,,,,
IXTACUIXTLA DE MARIANO MATAMOROS,29015,245,2021,June,283,111,232,34,79,,,,,,,1736,1681,2404,TLAXCALA,0.722129783693844,,,,,,,0,31,,,,,,,,,173,,,,,0,,,,,511,17,,,0,0,0,,,0,,,,24,0,84,59,0,0,0,0,0,0,0,0,0,0,0,0,0,0,0,0,0,0,0,0,0,0,0,0,0,0,0,0,0,0,0,0,55,,,,,
IXTACUIXTLA DE MARIANO MATAMOROS,29015,246,2021,June,101,48,13,26,70,,,,,,,612,589,773,TLAXCALA,0.791720569210867,,,,,,,0,3,,,,,,,,,17,,,,,0,,,,,140,15,,,0,0,0,,,0,,,,3,0,108,32,0,0,0,0,0,0,0,0,0,0,0,0,0,0,0,0,0,0,0,0,0,0,0,0,0,0,0,0,0,0,0,2,21,,,,,
IXTACUIXTLA DE MARIANO MATAMOROS,29015,247,2021,June,278,21,34,77,32,,,,,,,1198,1139,1649,TLAXCALA,0.726500909642207,,,,,,,0,15,,,,,,,,,102,,,,,0,,,,,373,30,,,0,0,0,,,0,,,,33,0,79,38,0,0,0,0,0,0,0,0,0,0,0,0,0,0,0,0,0,0,0,0,0,0,0,0,0,0,0,0,0,0,0,0,59,,,,,
IXTACUIXTLA DE MARIANO MATAMOROS,29015,248,2021,June,203,60,22,9,65,,,,,,,972,950,1235,TLAXCALA,0.787044534412956,,,,,,,0,8,,,,,,,,,94,,,,,0,,,,,222,32,,,0,0,0,,,0,,,,8,0,166,29,0,0,0,0,0,0,0,0,0,0,0,0,0,0,0,0,0,0,0,0,0,0,0,0,0,0,0,0,0,0,0,0,22,,,,,
IXTACUIXTLA DE MARIANO MATAMOROS,29015,249,2021,June,54,15,10,34,10,,,,,,,444,428,597,TLAXCALA,0.743718592964824,,,,,,,0,4,,,,,,,,,42,,,,,0,,,,,167,6,,,0,0,0,,,0,,,,1,0,33,39,0,0,0,0,0,0,0,0,0,0,0,0,0,0,0,0,0,0,0,0,0,0,0,0,0,0,0,0,0,0,0,0,16,,,,,
IXTACUIXTLA DE MARIANO MATAMOROS,29015,250,2021,June,104,57,9,11,17,,,,,,,824,800,1128,TLAXCALA,0.730496453900709,,,,,,,0,16,,,,,,,,,162,,,,,0,,,,,285,11,,,0,0,0,,,0,,,,5,0,37,65,0,0,0,0,0,0,0,0,0,0,0,0,0,0,0,0,0,0,0,0,0,0,0,0,0,0,0,0,0,0,0,0,24,,,,,
IXTACUIXTLA DE MARIANO MATAMOROS,29015,251,2021,June,330,43,102,77,79,,,,,,,2127,2070,3138,TLAXCALA,0.677820267686425,,,,,,,0,26,,,,,,,,,138,,,,,0,,,,,801,33,,,0,0,0,,,0,,,,75,0,153,166,0,0,0,0,0,0,0,0,0,0,0,0,0,0,0,0,0,0,0,0,0,0,0,0,0,0,0,0,0,0,0,0,57,,,,,
IXTACUIXTLA DE MARIANO MATAMOROS,29015,252,2021,June,152,142,31,16,61,,,,,,,1077,1052,1992,TLAXCALA,0.54066265060241,,,,,,,0,7,,,,,,,,,79,,,,,0,,,,,415,10,,,0,0,0,,,0,,,,42,0,58,22,0,0,0,0,0,0,0,0,0,0,0,0,0,0,0,0,0,0,0,0,0,0,0,0,0,0,0,0,0,0,0,1,24,,,,,
IXTACUIXTLA DE MARIANO MATAMOROS,29015,253,2021,June,129,134,21,16,47,,,,,,,950,931,1682,TLAXCALA,0.564803804994055,,,,,,,0,8,,,,,,,,,73,,,,,0,,,,,358,6,,,0,0,0,,,0,,,,24,0,71,13,0,0,0,0,0,0,0,0,0,0,0,0,0,0,0,0,0,0,0,0,0,0,0,0,0,0,0,0,0,0,0,0,19,,,,,
IXTACUIXTLA DE MARIANO MATAMOROS,29015,256,2021,June,109,16,25,4,34,,,,,,,939,900,1438,TLAXCALA,0.652990264255911,,,,,,,0,2,,,,,,,,,54,,,,,0,,,,,330,16,,,0,0,0,,,0,,,,203,0,72,7,0,0,0,0,0,0,0,0,0,0,0,0,0,0,0,0,0,0,0,0,0,0,0,0,0,0,0,0,0,0,0,0,39,,,,,
IXTACUIXTLA DE MARIANO MATAMOROS,29015,257,2021,June,87,18,17,3,15,,,,,,,609,592,986,TLAXCALA,0.617647058823529,,,,,,,0,0,,,,,,,,,19,,,,,0,,,,,207,6,,,0,0,0,,,0,,,,145,0,40,5,0,0,0,0,0,0,0,0,0,0,0,0,0,0,0,0,0,0,0,0,0,0,0,0,0,0,0,0,0,0,0,0,17,,,,,
IXTACUIXTLA DE MARIANO MATAMOROS,29015,258,2021,June,79,6,15,9,7,,,,,,,275,269,402,TLAXCALA,0.68407960199005,,,,,,,0,1,,,,,,,,,8,,,,,0,,,,,81,14,,,0,0,0,,,0,,,,10,0,27,4,0,0,0,0,0,0,0,0,0,0,0,0,0,0,0,0,0,0,0,0,0,0,0,0,0,0,0,0,0,0,0,0,6,,,,,
IXTENCO,29016,259,2021,June,79,36,21,139,0,,,,,,,1111,1078,1552,TLAXCALA,0.715850515463918,,,,,,,0,154,,,,,,,,,28,,,,,92,,,,,108,6,,,0,0,0,,,0,,,,146,0,23,14,0,0,0,0,0,0,0,0,0,0,0,0,0,0,0,0,0,0,0,0,0,0,0,0,0,0,0,0,0,0,0,0,33,,,,,
IXTENCO,29016,260,2021,June,79,18,6,96,0,,,,,,,872,859,1270,TLAXCALA,0.686614173228347,,,,,,,0,138,,,,,,,,,25,,,,,92,,,,,65,8,,,0,0,0,,,0,,,,90,0,19,6,0,0,0,0,0,0,0,0,0,0,0,0,0,0,0,0,0,0,0,0,0,0,0,0,0,0,0,0,0,0,0,0,13,,,,,
IXTENCO,29016,261,2021,June,77,24,26,123,0,,,,,,,1153,1126,1568,TLAXCALA,0.735331632653061,,,,,,,0,194,,,,,,,,,33,,,,,87,,,,,150,14,,,0,0,0,,,0,,,,143,0,26,23,0,0,0,0,0,0,0,0,0,0,0,0,0,0,0,0,0,0,0,0,0,0,0,0,0,0,0,0,0,0,0,0,27,,,,,
IXTENCO,29016,262,2021,June,62,21,15,85,0,,,,,,,788,779,1214,TLAXCALA,0.649093904448105,,,,,,,0,70,,,,,,,,,14,,,,,84,,,,,104,4,,,0,0,0,,,0,,,,120,0,35,12,0,0,0,0,0,0,0,0,0,0,0,0,0,0,0,0,0,0,0,0,0,0,0,0,0,0,0,0,0,0,0,0,9,,,,,
LA MAGDALENA TLALTELULCO,29048,151,2021,June,412,260,68,508,592,,,,,,,3692,3616,5094,TLAXCALA,0.724774244208873,,,,,,,0,330,,,,,,,,,5,,,,,12,,,,,341,12,,,0,0,0,,,0,,,,5,0,11,656,0,0,0,0,0,0,0,0,220,52,0,0,0,0,0,0,0,0,0,0,0,0,0,0,0,0,0,0,0,0,0,1,75,,,,,
LA MAGDALENA TLALTELULCO,29048,152,2021,June,342,79,174,439,519,,,,,,,2437,2385,3159,TLAXCALA,0.771446660335549,,,,,,,0,192,,,,,,,,,3,,,,,2,,,,,151,2,,,0,0,0,,,0,,,,0,0,21,268,0,0,0,0,0,0,0,0,47,42,0,0,0,0,0,0,0,0,0,0,0,0,0,0,0,0,0,0,0,0,0,0,52,,,,,
LA MAGDALENA TLALTELULCO,29048,153,2021,June,282,26,11,116,167,,,,,,,1221,1203,1593,TLAXCALA,0.766478342749529,,,,,,,0,97,,,,,,,,,0,,,,,3,,,,,47,5,,,0,0,0,,,0,,,,0,0,8,130,0,0,0,0,0,0,0,0,13,37,0,0,0,0,0,0,0,0,0,0,0,0,0,0,0,0,0,0,0,0,0,0,18,,,,,
LA MAGDALENA TLALTELULCO,29048,154,2021,June,160,66,23,174,244,,,,,,,1346,1313,1899,TLAXCALA,0.708794102159031,,,,,,,0,199,,,,,,,,,0,,,,,6,,,,,120,6,,,0,0,0,,,0,,,,1,0,3,215,0,0,0,0,0,0,0,0,15,37,0,0,0,0,0,0,0,0,0,0,0,0,0,0,0,0,0,0,0,0,0,0,33,,,,,
LA MAGDALENA TLALTELULCO,29048,155,2021,June,157,54,8,180,363,,,,,,,1377,1356,1922,TLAXCALA,0.716441207075963,,,,,,,0,200,,,,,,,,,1,,,,,4,,,,,90,6,,,0,0,0,,,0,,,,2,0,9,170,0,0,0,0,0,0,0,0,26,17,0,0,0,0,0,0,0,0,0,0,0,0,0,0,0,0,0,0,0,0,0,0,21,,,,,
LAZARO CARDENAS,29047,402,2021,June,12,9,0,32,5,,,,,,,246,238,277,TLAXCALA,0.888086642599278,,,,,,,0,10,,,,,,,,,0,,,,,0,,,,,2,58,,,0,0,0,,,0,,,,0,0,0,47,0,0,0,0,0,0,0,0,0,0,0,36,0,0,0,0,0,0,0,0,0,0,0,0,0,0,0,0,0,0,0,0,8,,,,,
LAZARO CARDENAS,29047,606,2021,June,58,61,2,252,48,,,,,,,1755,1718,2099,TLAXCALA,0.836112434492616,,,,,,,0,13,,,,,,,,,36,,,,,1,,,,,28,665,,,0,0,0,,,0,,,,0,0,2,112,0,0,0,0,0,0,0,0,0,0,0,156,0,0,0,0,0,0,0,0,0,0,0,0,0,0,0,0,0,0,0,0,37,,,,,
MAZATECOCHCO DE JOSE MARIA MORELOS,29017,263,2021,June,227,57,259,10,155,,,,,,,1602,1557,2158,TLAXCALA,0.742354031510658,,,,,,,0,1,,,,,,,,,18,,,,,31,,,,,140,0,,,0,0,0,,,0,,,,191,0,29,0,0,0,0,0,0,0,0,0,0,0,0,0,0,0,0,0,0,0,0,0,0,0,0,0,0,0,0,0,0,0,0,1,44,,,,,
MAZATECOCHCO DE JOSE MARIA MORELOS,29017,264,2021,June,449,65,326,4,133,,,,,,,1587,1556,2127,TLAXCALA,0.746121297602257,,,,,,,0,3,,,,,,,,,11,,,,,26,,,,,129,0,,,0,0,0,,,0,,,,205,0,16,0,0,0,0,0,0,0,0,0,0,0,0,0,0,0,0,0,0,0,0,0,0,0,0,0,0,0,0,0,0,0,0,0,31,,,,,
MAZATECOCHCO DE JOSE MARIA MORELOS,29017,265,2021,June,162,70,224,2,98,,,,,,,1011,993,2076,TLAXCALA,0.486994219653179,,,,,,,0,1,,,,,,,,,8,,,,,7,,,,,124,0,,,0,0,0,,,0,,,,132,0,18,0,0,0,0,0,0,0,0,0,0,0,0,0,0,0,0,0,0,0,0,0,0,0,0,0,0,0,0,0,0,0,0,0,18,,,,,
MAZATECOCHCO DE JOSE MARIA MORELOS,29017,266,2021,June,193,52,208,3,124,,,,,,,1192,1166,1607,TLAXCALA,0.741754822650902,,,,,,,0,0,,,,,,,,,15,,,,,11,,,,,140,0,,,0,0,0,,,0,,,,263,0,9,0,0,0,0,0,0,0,0,0,0,0,0,0,0,0,0,0,0,0,0,0,0,0,0,0,0,0,0,0,0,0,0,0,26,,,,,
MUNOZ DE DOMINGO ARENAS,29011,161,2021,June,56,55,0,9,5,,,,,,,1338,1314,1921,TLAXCALA,0.696512233211869,,,,,,,0,39,,,,,,,,,5,,,,,14,,,,,165,166,,,0,0,0,,,0,,,,594,0,8,0,0,0,0,0,0,0,0,0,0,0,0,0,0,0,0,0,0,0,0,0,0,0,0,0,0,0,0,0,0,0,0,1,23,,,,,
MUNOZ DE DOMINGO ARENAS,29011,162,2021,June,11,45,2,2,1,,,,,,,746,719,1035,TLAXCALA,0.720772946859903,,,,,,,0,61,,,,,,,,,0,,,,,1,,,,,26,290,,,0,0,0,,,0,,,,89,0,5,0,0,0,0,0,0,0,0,0,0,0,0,0,0,0,0,0,0,0,0,0,0,0,0,0,0,0,0,0,0,0,0,0,27,,,,,
MUNOZ DE DOMINGO ARENAS,29011,163,2021,June,2,60,0,1,2,,,,,,,381,369,502,TLAXCALA,0.758964143426295,,,,,,,0,6,,,,,,,,,4,,,,,1,,,,,13,57,,,0,0,0,,,0,,,,100,0,9,0,0,0,0,0,0,0,0,0,0,0,0,0,0,0,0,0,0,0,0,0,0,0,0,0,0,0,0,0,0,0,0,0,12,,,,,
MUNOZ DE DOMINGO ARENAS,29011,164,2021,June,31,45,0,0,1,,,,,,,230,224,279,TLAXCALA,0.824372759856631,,,,,,,0,2,,,,,,,,,2,,,,,5,,,,,24,8,,,0,0,0,,,0,,,,67,0,0,0,0,0,0,0,0,0,0,0,0,0,0,0,0,0,0,0,0,0,0,0,0,0,0,0,0,0,0,0,0,0,0,0,6,,,,,
NANACAMILPA DE MARIANO ARISTA,29021,299,2021,November,126,6,239,418,66,,,,,,,1772,1732,2852,TLAXCALA,0.621318373071529,,,,,,,0,259,,,,,,,,,157,,,,,90,,,,,321,4,,,0,0,0,,,0,,,,1,0,35,0,0,0,0,0,0,0,0,0,0,0,0,0,0,0,0,0,0,0,0,0,0,0,0,0,0,0,0,0,0,0,0,0,40,,,,,
NANACAMILPA DE MARIANO ARISTA,29021,300,2021,November,84,3,129,197,13,,,,,,,942,915,1446,TLAXCALA,0.651452282157676,,,,,,,0,137,,,,,,,,,124,,,,,33,,,,,184,4,,,0,0,0,,,0,,,,2,0,3,0,0,0,0,0,0,0,0,0,0,0,0,0,0,0,0,0,0,0,0,0,0,0,0,0,0,0,0,0,0,0,0,0,27,,,,,
NANACAMILPA DE MARIANO ARISTA,29021,301,2021,November,147,6,325,253,49,,,,,,,1674,1646,2524,TLAXCALA,0.663232963549921,,,,,,,0,236,,,,,,,,,222,,,,,62,,,,,316,10,,,0,0,0,,,0,,,,0,0,18,0,0,0,0,0,0,0,0,0,0,0,0,0,0,0,0,0,0,0,0,0,0,0,0,0,0,0,0,0,0,0,0,0,28,,,,,
NANACAMILPA DE MARIANO ARISTA,29021,302,2021,November,153,5,187,238,25,,,,,,,1565,1532,2537,TLAXCALA,0.616870319274734,,,,,,,0,267,,,,,,,,,159,,,,,67,,,,,406,11,,,0,0,0,,,0,,,,1,0,12,0,0,0,0,0,0,0,0,0,0,0,0,0,0,0,0,0,0,0,0,0,0,0,0,0,0,0,0,0,0,0,0,0,33,,,,,
NANACAMILPA DE MARIANO ARISTA,29021,303,2021,November,64,1,72,96,10,,,,,,,560,553,808,TLAXCALA,0.693069306930693,,,,,,,0,76,,,,,,,,,80,,,,,27,,,,,119,2,,,0,0,0,,,0,,,,1,0,4,0,0,0,0,0,0,0,0,0,0,0,0,0,0,0,0,0,0,0,0,0,0,0,0,0,0,0,0,0,0,0,0,0,7,,,,,
NANACAMILPA DE MARIANO ARISTA,29021,304,2021,November,125,4,166,99,8,,,,,,,715,693,1006,TLAXCALA,0.710735586481113,,,,,,,0,61,,,,,,,,,63,,,,,13,,,,,139,8,,,0,0,0,,,0,,,,0,0,2,0,0,0,0,0,0,0,0,0,0,0,0,0,0,0,0,0,0,0,0,0,0,0,0,0,0,0,0,0,0,0,0,0,22,,,,,
NANACAMILPA DE MARIANO ARISTA,29021,305,2021,November,28,0,26,60,0,,,,,,,276,263,392,TLAXCALA,0.704081632653061,,,,,,,0,49,,,,,,,,,19,,,,,9,,,,,67,2,,,0,0,0,,,0,,,,1,0,1,0,0,0,0,0,0,0,0,0,0,0,0,0,0,0,0,0,0,0,0,0,0,0,0,0,0,0,0,0,0,0,0,0,13,,,,,
NANACAMILPA DE MARIANO ARISTA,29021,306,2021,November,75,1,20,23,1,,,,,,,284,278,346,TLAXCALA,0.820809248554913,,,,,,,0,9,,,,,,,,,2,,,,,56,,,,,86,1,,,0,0,0,,,0,,,,0,0,3,0,0,0,0,0,0,0,0,0,0,0,0,0,0,0,0,0,0,0,0,0,0,0,0,0,0,0,0,0,0,0,0,1,5,,,,,
NANACAMILPA DE MARIANO ARISTA,29021,307,2021,November,39,2,122,49,8,,,,,,,413,406,595,TLAXCALA,0.694117647058824,,,,,,,0,40,,,,,,,,,29,,,,,2,,,,,106,2,,,0,0,0,,,0,,,,0,0,4,0,0,0,0,0,0,0,0,0,0,0,0,0,0,0,0,0,0,0,0,0,0,0,0,0,0,0,0,0,0,0,0,0,7,,,,,
NANACAMILPA DE MARIANO ARISTA,29021,308,2021,November,61,4,233,146,8,,,,,,,982,957,1332,TLAXCALA,0.737237237237237,,,,,,,0,85,,,,,,,,,116,,,,,22,,,,,266,4,,,0,0,0,,,0,,,,0,0,10,0,0,0,0,0,0,0,0,0,0,0,0,0,0,0,0,0,0,0,0,0,0,0,0,0,0,0,0,0,0,0,0,0,25,,,,,
NATIVITAS,29023,318,2021,June,8,31,23,148,64,,,,,,,688,672,904,TLAXCALA,0.761061946902655,,,,,,,0,89,,,,,,,,,148,,,,,30,,,,,109,4,,,0,0,0,,,0,,,,0,0,3,0,0,0,0,0,0,0,0,0,0,0,0,0,0,0,0,0,0,0,0,0,0,0,0,0,0,0,0,0,0,0,0,0,16,,,,,
NATIVITAS,29023,319,2021,June,37,76,109,311,406,,,,,,,1744,1710,2724,TLAXCALA,0.640234948604993,,,,,,,0,125,,,,,,,,,434,,,,,54,,,,,116,4,,,0,0,0,,,0,,,,0,0,9,0,0,0,0,0,0,0,0,0,0,0,0,0,0,0,0,0,0,0,0,0,0,0,0,0,0,0,0,0,0,0,0,0,34,,,,,
NATIVITAS,29023,320,2021,June,17,9,3,67,60,,,,,,,430,421,601,TLAXCALA,0.715474209650582,,,,,,,0,22,,,,,,,,,94,,,,,36,,,,,92,2,,,0,0,0,,,0,,,,0,0,10,0,0,0,0,0,0,0,0,0,0,0,0,0,0,0,0,0,0,0,0,0,0,0,0,0,0,0,0,0,0,0,0,0,9,,,,,
NATIVITAS,29023,321,2021,June,10,18,3,113,63,,,,,,,526,518,776,TLAXCALA,0.677835051546392,,,,,,,0,51,,,,,,,,,102,,,,,55,,,,,65,1,,,0,0,0,,,0,,,,0,0,6,1,0,0,0,0,0,0,0,0,0,0,0,0,0,0,0,0,0,0,0,0,0,0,0,0,0,0,0,0,0,0,0,0,8,,,,,
NATIVITAS,29023,322,2021,June,15,17,29,224,148,,,,,,,849,838,1143,TLAXCALA,0.742782152230971,,,,,,,0,60,,,,,,,,,173,,,,,50,,,,,89,2,,,0,0,0,,,0,,,,0,0,0,0,0,0,0,0,0,0,0,0,0,0,0,0,0,0,0,0,0,0,0,0,0,0,0,0,0,0,0,0,0,0,0,0,11,,,,,
NATIVITAS,29023,323,2021,June,34,61,7,301,40,,,,,,,993,966,1782,TLAXCALA,0.557239057239057,,,,,,,0,33,,,,,,,,,162,,,,,163,,,,,121,3,,,0,0,0,,,0,,,,0,0,1,3,0,0,0,0,0,0,0,0,0,0,0,0,0,0,0,0,0,0,0,0,0,0,0,0,0,0,0,0,0,0,0,0,27,,,,,
NATIVITAS,29023,324,2021,June,29,7,0,102,8,,,,,,,467,456,677,TLAXCALA,0.689807976366322,,,,,,,0,9,,,,,,,,,196,,,,,54,,,,,43,0,,,0,0,0,,,0,,,,0,0,0,1,0,0,0,0,0,0,0,0,0,0,0,0,0,0,0,0,0,0,0,0,0,0,0,0,0,0,0,0,0,0,0,0,11,,,,,
NATIVITAS,29023,325,2021,June,51,62,31,144,157,,,,,,,1004,963,1375,TLAXCALA,0.730181818181818,,,,,,,0,114,,,,,,,,,92,,,,,106,,,,,112,2,,,0,0,0,,,0,,,,1,0,2,0,0,0,0,0,0,0,0,0,0,0,0,0,0,0,0,0,0,0,0,0,0,0,0,0,0,0,0,0,0,0,0,1,40,,,,,
NATIVITAS,29023,326,2021,June,35,28,50,252,164,,,,,,,1676,1648,2319,TLAXCALA,0.722725312634756,,,,,,,0,138,,,,,,,,,149,,,,,207,,,,,583,2,,,0,0,0,,,0,,,,5,0,4,2,0,0,0,0,0,0,0,0,0,0,0,0,0,0,0,0,0,0,0,0,0,0,0,0,0,0,0,0,0,0,0,0,28,,,,,
NATIVITAS,29023,327,2021,June,60,58,16,313,176,,,,,,,1231,1193,1717,TLAXCALA,0.716948165404776,,,,,,,0,140,,,,,,,,,139,,,,,108,,,,,138,2,,,0,0,0,,,0,,,,1,0,4,2,0,0,0,0,0,0,0,0,0,0,0,0,0,0,0,0,0,0,0,0,0,0,0,0,0,0,0,0,0,0,0,0,38,,,,,
NATIVITAS,29023,328,2021,June,16,20,2,199,44,,,,,,,598,579,873,TLAXCALA,0.684994272623139,,,,,,,0,20,,,,,,,,,172,,,,,38,,,,,50,0,,,0,0,0,,,0,,,,0,0,2,0,0,0,0,0,0,0,0,0,0,0,0,0,0,0,0,0,0,0,0,0,0,0,0,0,0,0,0,0,0,0,0,0,19,,,,,
NATIVITAS,29023,329,2021,June,14,171,9,114,88,,,,,,,1162,1143,1622,TLAXCALA,0.716399506781751,,,,,,,0,24,,,,,,,,,80,,,,,575,,,,,37,0,,,0,0,0,,,0,,,,0,0,18,1,0,0,0,0,0,0,0,0,0,0,0,0,0,0,0,0,0,0,0,0,0,0,0,0,0,0,0,0,0,0,0,0,19,,,,,
NATIVITAS,29023,330,2021,June,15,84,10,87,43,,,,,,,902,886,1276,TLAXCALA,0.706896551724138,,,,,,,0,38,,,,,,,,,31,,,,,512,,,,,25,0,,,0,0,0,,,0,,,,0,0,27,0,0,0,0,0,0,0,0,0,0,0,0,0,0,0,0,0,0,0,0,0,0,0,0,0,0,0,0,0,0,0,0,0,16,,,,,
NATIVITAS,29023,331,2021,June,18,50,33,248,94,,,,,,,882,832,1351,TLAXCALA,0.652849740932643,,,,,,,0,26,,,,,,,,,71,,,,,133,,,,,75,22,,,0,0,0,,,0,,,,0,0,12,25,0,0,0,0,0,0,0,0,0,0,0,0,0,0,0,0,0,0,0,0,0,0,0,0,0,0,0,0,0,0,0,1,49,,,,,
PANOTLA,29024,332,2021,June,7,6,0,6,2,,,,,,,69,65,262,TLAXCALA,0.263358778625954,,,,,,,0,1,,,,,,,,,0,,,,,2,,,,,13,0,,,0,0,0,,,0,,,,9,0,3,3,0,0,0,0,0,0,0,0,0,0,0,0,0,0,0,0,0,0,0,0,0,0,0,0,0,0,0,0,0,0,0,2,2,,,,,
PANOTLA,29024,333,2021,June,154,26,6,49,12,,,,,,,744,719,1271,TLAXCALA,0.585365853658537,,,,,,,0,2,,,,,,,,,13,,,,,9,,,,,186,12,,,0,0,0,,,0,,,,128,0,13,27,0,0,0,0,0,0,0,0,0,0,0,0,0,0,0,0,0,0,0,0,0,0,0,0,0,0,0,0,0,0,0,1,24,,,,,
PANOTLA,29024,334,2021,June,97,7,2,77,16,,,,,,,769,745,1077,TLAXCALA,0.714020427112349,,,,,,,0,37,,,,,,,,,20,,,,,28,,,,,137,36,,,0,0,0,,,0,,,,48,0,17,84,0,0,0,0,0,0,0,0,0,0,0,0,0,0,0,0,0,0,0,0,0,0,0,0,0,0,0,0,0,0,0,1,23,,,,,
PANOTLA,29024,335,2021,June,56,6,3,72,2,,,,,,,494,484,686,TLAXCALA,0.720116618075802,,,,,,,0,19,,,,,,,,,21,,,,,4,,,,,102,5,,,0,0,0,,,0,,,,16,0,13,49,0,0,0,0,0,0,0,0,0,0,0,0,0,0,0,0,0,0,0,0,0,0,0,0,0,0,0,0,0,0,0,0,10,,,,,
PANOTLA,29024,336,2021,June,156,40,7,199,21,,,,,,,1977,1938,2914,TLAXCALA,0.678448867536033,,,,,,,0,83,,,,,,,,,62,,,,,81,,,,,309,38,,,0,0,0,,,0,,,,147,0,59,181,0,0,0,0,0,0,0,0,0,0,0,0,0,0,0,0,0,0,0,0,0,0,0,0,0,0,0,0,0,0,0,1,38,,,,,
PANOTLA,29024,337,2021,June,124,21,8,143,9,,,,,,,1376,1339,1899,TLAXCALA,0.724591890468668,,,,,,,0,88,,,,,,,,,38,,,,,35,,,,,267,35,,,0,0,0,,,0,,,,86,0,25,152,0,0,0,0,0,0,0,0,0,0,0,0,0,0,0,0,0,0,0,0,0,0,0,0,0,0,0,0,0,0,0,1,36,,,,,
PANOTLA,29024,338,2021,June,157,53,7,214,99,,,,,,,1573,1511,2488,TLAXCALA,0.632234726688103,,,,,,,0,26,,,,,,,,,60,,,,,68,,,,,283,48,,,0,0,0,,,0,,,,81,0,66,129,0,0,0,0,0,0,0,0,0,0,0,0,0,0,0,0,0,0,0,0,0,0,0,0,0,0,0,0,0,0,0,0,62,,,,,
PANOTLA,29024,339,2021,June,60,2,1,20,13,,,,,,,418,397,759,TLAXCALA,0.550724637681159,,,,,,,0,7,,,,,,,,,22,,,,,11,,,,,63,12,,,0,0,0,,,0,,,,82,0,48,19,0,0,0,0,0,0,0,0,0,0,0,0,0,0,0,0,0,0,0,0,0,0,0,0,0,0,0,0,0,0,0,0,21,,,,,
PANOTLA,29024,340,2021,June,64,7,3,42,15,,,,,,,374,357,694,TLAXCALA,0.538904899135447,,,,,,,0,3,,,,,,,,,11,,,,,6,,,,,37,12,,,0,0,0,,,0,,,,56,0,27,18,0,0,0,0,0,0,0,0,0,0,0,0,0,0,0,0,0,0,0,0,0,0,0,0,0,0,0,0,0,0,0,0,17,,,,,
PANOTLA,29024,341,2021,June,16,0,1,35,2,,,,,,,148,137,169,TLAXCALA,0.875739644970414,,,,,,,0,0,,,,,,,,,1,,,,,3,,,,,14,13,,,0,0,0,,,0,,,,10,0,25,8,0,0,0,0,0,0,0,0,0,0,0,0,0,0,0,0,0,0,0,0,0,0,0,0,0,0,0,0,0,0,0,7,4,,,,,
PANOTLA,29024,342,2021,June,106,16,6,168,32,,,,,,,1392,1351,1875,TLAXCALA,0.7424,,,,,,,0,42,,,,,,,,,73,,,,,40,,,,,228,43,,,0,0,0,,,0,,,,99,0,261,72,0,0,0,0,0,0,0,0,0,0,0,0,0,0,0,0,0,0,0,0,0,0,0,0,0,0,0,0,0,0,0,0,41,,,,,
PANOTLA,29024,343,2021,June,61,5,5,36,122,,,,,,,602,578,706,TLAXCALA,0.852691218130312,,,,,,,0,18,,,,,,,,,28,,,,,8,,,,,98,12,,,0,0,0,,,0,,,,52,0,14,44,0,0,0,0,0,0,0,0,0,0,0,0,0,0,0,0,0,0,0,0,0,0,0,0,0,0,0,0,0,0,0,0,24,,,,,
PANOTLA,29024,344,2021,June,43,3,2,68,6,,,,,,,650,620,774,TLAXCALA,0.839793281653747,,,,,,,0,44,,,,,,,,,19,,,,,17,,,,,89,73,,,0,0,0,,,0,,,,139,0,32,34,0,0,0,0,0,0,0,0,0,0,0,0,0,0,0,0,0,0,0,0,0,0,0,0,0,0,0,0,0,0,0,0,30,,,,,
PANOTLA,29024,345,2021,June,125,10,4,233,14,,,,,,,1258,1202,1666,TLAXCALA,0.755102040816326,,,,,,,0,44,,,,,,,,,49,,,,,25,,,,,218,61,,,0,0,0,,,0,,,,105,0,69,64,0,0,0,0,0,0,0,0,0,0,0,0,0,0,0,0,0,0,0,0,0,0,0,0,0,0,0,0,0,0,0,0,56,,,,,
PANOTLA,29024,346,2021,June,85,11,6,226,27,,,,,,,1204,1170,1664,TLAXCALA,0.723557692307692,,,,,,,0,9,,,,,,,,,148,,,,,26,,,,,306,116,,,0,0,0,,,0,,,,55,0,52,34,0,0,0,0,0,0,0,0,0,0,0,0,0,0,0,0,0,0,0,0,0,0,0,0,0,0,0,0,0,0,0,0,34,,,,,
PANOTLA,29024,347,2021,June,101,16,3,342,33,,,,,,,1282,1245,1908,TLAXCALA,0.671907756813417,,,,,,,0,21,,,,,,,,,119,,,,,20,,,,,315,80,,,0,0,0,,,0,,,,40,0,38,26,0,0,0,0,0,0,0,0,0,0,0,0,0,0,0,0,0,0,0,0,0,0,0,0,0,0,0,0,0,0,0,0,37,,,,,
PAPALOTLA DE XICOHTENCATL,29041,558,2021,June,293,33,67,350,105,,,,,,,1683,1628,2417,TLAXCALA,0.696317749275962,,,,,,,0,7,,,,,,,,,3,,,,,74,,,,,153,37,,,0,0,0,,,0,,,,0,0,122,93,0,0,0,0,0,0,0,0,0,0,0,0,0,0,0,0,0,0,0,0,0,0,0,0,0,0,0,0,0,0,0,35,20,,,,,
PAPALOTLA DE XICOHTENCATL,29041,559,2021,June,248,12,56,265,75,,,,,,,1305,1290,1844,TLAXCALA,0.707700650759219,,,,,,,0,5,,,,,,,,,8,,,,,99,,,,,192,17,,,0,0,0,,,0,,,,0,0,174,60,0,0,0,0,0,0,0,0,0,0,0,0,0,0,0,0,0,0,0,0,0,0,0,0,0,0,0,0,0,0,0,0,15,,,,,
PAPALOTLA DE XICOHTENCATL,29041,560,2021,June,294,38,193,226,119,,,,,,,1684,1653,2731,TLAXCALA,0.616623947272062,,,,,,,0,2,,,,,,,,,6,,,,,140,,,,,208,15,,,0,0,0,,,0,,,,0,0,203,86,0,0,0,0,0,0,0,0,0,0,0,0,0,0,0,0,0,0,0,0,0,0,0,0,0,0,0,0,0,0,0,0,31,,,,,
PAPALOTLA DE XICOHTENCATL,29041,561,2021,June,233,12,148,652,122,,,,,,,1746,1719,2532,TLAXCALA,0.68957345971564,,,,,,,0,3,,,,,,,,,2,,,,,83,,,,,170,9,,,0,0,0,,,0,,,,0,0,179,52,0,0,0,0,0,0,0,0,0,0,0,0,0,0,0,0,0,0,0,0,0,0,0,0,0,0,0,0,0,0,0,0,27,,,,,
PAPALOTLA DE XICOHTENCATL,29041,562,2021,June,208,33,66,403,126,,,,,,,1425,1396,2253,TLAXCALA,0.632490013315579,,,,,,,0,2,,,,,,,,,9,,,,,56,,,,,170,9,,,0,0,0,,,0,,,,0,0,147,103,0,0,0,0,0,0,0,0,0,0,0,0,0,0,0,0,0,0,0,0,0,0,0,0,0,0,0,0,0,0,0,0,29,,,,,
PAPALOTLA DE XICOHTENCATL,29041,563,2021,June,326,46,42,225,101,,,,,,,1468,1422,2119,TLAXCALA,0.692779613025012,,,,,,,0,1,,,,,,,,,19,,,,,170,,,,,256,29,,,0,0,0,,,0,,,,0,0,108,54,0,0,0,0,0,0,0,0,0,0,0,0,0,0,0,0,0,0,0,0,0,0,0,0,0,0,0,0,0,0,0,0,46,,,,,
PAPALOTLA DE XICOHTENCATL,29041,564,2021,June,236,32,29,251,80,,,,,,,1239,1203,2033,TLAXCALA,0.609444171175603,,,,,,,0,3,,,,,,,,,19,,,,,37,,,,,273,41,,,0,0,0,,,0,,,,0,0,105,64,0,0,0,0,0,0,0,0,0,0,0,0,0,0,0,0,0,0,0,0,0,0,0,0,0,0,0,0,0,0,0,1,35,,,,,
PAPALOTLA DE XICOHTENCATL,29041,565,2021,June,126,23,19,132,62,,,,,,,838,797,1502,TLAXCALA,0.557922769640479,,,,,,,0,2,,,,,,,,,16,,,,,25,,,,,242,33,,,0,0,0,,,0,,,,0,0,56,39,0,0,0,0,0,0,0,0,0,0,0,0,0,0,0,0,0,0,0,0,0,0,0,0,0,0,0,0,0,0,0,3,38,,,,,
PAPALOTLA DE XICOHTENCATL,29041,566,2021,June,164,3,17,32,64,,,,,,,1041,994,1420,TLAXCALA,0.733098591549296,,,,,,,0,3,,,,,,,,,1,,,,,2,,,,,140,394,,,0,0,0,,,0,,,,0,0,147,18,0,0,0,0,0,0,0,0,0,0,0,0,0,0,0,0,0,0,0,0,0,0,0,0,0,0,0,0,0,0,0,0,47,,,,,
PAPALOTLA DE XICOHTENCATL,29041,567,2021,June,112,2,19,24,27,,,,,,,1025,991,1424,TLAXCALA,0.719803370786517,,,,,,,0,3,,,,,,,,,5,,,,,12,,,,,109,528,,,0,0,0,,,0,,,,0,0,109,24,0,0,0,0,0,0,0,0,0,0,0,0,0,0,0,0,0,0,0,0,0,0,0,0,0,0,0,0,0,0,0,0,34,,,,,
PAPALOTLA DE XICOHTENCATL,29041,568,2021,June,119,23,45,157,39,,,,,,,823,806,1476,TLAXCALA,0.557588075880759,,,,,,,0,3,,,,,,,,,6,,,,,23,,,,,260,9,,,0,0,0,,,0,,,,0,0,54,32,0,0,0,0,0,0,0,0,0,0,0,0,0,0,0,0,0,0,0,0,0,0,0,0,0,0,0,0,0,0,0,0,17,,,,,
PAPALOTLA DE XICOHTENCATL,29041,569,2021,June,95,10,45,176,36,,,,,,,616,605,1066,TLAXCALA,0.577861163227017,,,,,,,0,1,,,,,,,,,4,,,,,8,,,,,85,1,,,0,0,0,,,0,,,,0,0,85,34,0,0,0,0,0,0,0,0,0,0,0,0,0,0,0,0,0,0,0,0,0,0,0,0,0,0,0,0,0,0,0,0,11,,,,,
SAN DAMIAN TEXOLOC,29049,429,2021,June,36,0,1,698,0,,,,,,,1575,1556,2166,TLAXCALA,0.727146814404432,,,,,,,0,2,,,,,,,,,258,,,,,98,,,,,451,4,,,0,0,0,,,0,,,,1,0,0,1,0,0,0,0,0,0,0,0,0,0,0,0,0,0,0,0,0,0,0,0,0,0,0,0,0,0,0,0,0,0,0,0,19,,,,,
SAN DAMIAN TEXOLOC,29049,430,2021,June,37,5,7,642,3,,,,,,,1759,1744,2430,TLAXCALA,0.723868312757202,,,,,,,0,6,,,,,,,,,497,,,,,108,,,,,426,6,,,0,0,0,,,0,,,,0,0,0,2,0,0,0,0,0,0,0,0,0,0,0,0,0,0,0,0,0,0,0,0,0,0,0,0,0,0,0,0,0,0,0,0,15,,,,,
SAN FRANCISCO TETLANOHCAN,29050,158,2021,June,95,108,3,313,250,,,,,,,2434,2371,3238,TLAXCALA,0.751698579369982,,,,,,,0,6,,,,,,,,,253,,,,,9,,,,,240,5,,,0,0,0,,,0,,,,0,0,198,161,0,0,0,0,0,0,0,0,0,0,0,0,0,0,0,0,0,0,0,0,0,0,0,0,0,0,0,0,0,0,0,0,63,,,,,
SAN FRANCISCO TETLANOHCAN,29050,159,2021,June,49,77,1,255,172,,,,,,,1784,1718,2451,TLAXCALA,0.727866177070584,,,,,,,0,3,,,,,,,,,203,,,,,10,,,,,103,3,,,0,0,0,,,0,,,,0,0,97,123,0,0,0,0,0,0,0,0,0,0,0,0,0,0,0,0,0,0,0,0,0,0,0,0,0,0,0,0,0,0,0,0,66,,,,,
SAN FRANCISCO TETLANOHCAN,29050,160,2021,June,79,59,1,279,162,,,,,,,2052,1975,2815,TLAXCALA,0.728952042628774,,,,,,,0,2,,,,,,,,,285,,,,,17,,,,,328,4,,,0,0,0,,,0,,,,0,0,76,150,0,0,0,0,0,0,0,0,0,0,0,0,0,0,0,0,0,0,0,0,0,0,0,0,0,0,0,0,0,0,0,0,77,,,,,
SAN JERONIMO ZACUALPAN,29051,432,2021,June,77,0,0,441,0,,,,,,,1145,1133,1388,TLAXCALA,0.82492795389049,,,,,,,0,0,,,,,,,,,0,,,,,482,,,,,11,2,,,0,0,0,,,0,,,,120,0,0,0,0,0,0,0,0,0,0,0,0,0,0,0,0,0,0,0,0,0,0,0,0,0,0,0,0,0,0,0,0,0,0,0,12,,,,,
SAN JERONIMO ZACUALPAN,29051,433,2021,June,68,0,1,495,0,,,,,,,1449,1423,1748,TLAXCALA,0.828947368421053,,,,,,,0,4,,,,,,,,,0,,,,,608,,,,,15,5,,,0,0,0,,,0,,,,227,0,0,0,0,0,0,0,0,0,0,0,0,0,0,0,0,0,0,0,0,0,0,0,0,0,0,0,0,0,0,0,0,0,0,1,25,,,,,
SAN JOSE TEACALCO,29052,531,2021,June,100,33,22,0,2,,,,,,,944,926,1250,TLAXCALA,0.7552,,,,,,,0,2,,,,,,,,,152,,,,,47,,,,,43,3,,,0,0,0,,,0,,,,60,0,0,29,0,0,0,0,0,0,0,106,0,0,0,0,0,0,0,0,0,0,0,0,0,0,0,0,0,0,0,0,0,0,0,0,18,,,,,
SAN JOSE TEACALCO,29052,532,2021,June,67,52,12,0,0,,,,,,,603,591,760,TLAXCALA,0.793421052631579,,,,,,,0,1,,,,,,,,,87,,,,,38,,,,,23,1,,,0,0,0,,,0,,,,46,0,0,11,0,0,0,0,0,0,0,32,0,0,0,0,0,0,0,0,0,0,0,0,0,0,0,0,0,0,0,0,0,0,0,0,12,,,,,
SAN JOSE TEACALCO,29052,533,2021,June,70,33,9,0,1,,,,,,,538,521,642,TLAXCALA,0.838006230529595,,,,,,,0,0,,,,,,,,,83,,,,,32,,,,,7,0,,,0,0,0,,,0,,,,41,0,0,13,0,0,0,0,0,0,0,40,0,0,0,0,0,0,0,0,0,0,0,0,0,0,0,0,0,0,0,0,0,0,0,0,17,,,,,
SAN JOSE TEACALCO,29052,534,2021,June,60,38,50,2,4,,,,,,,929,916,1174,TLAXCALA,0.791311754684838,,,,,,,0,4,,,,,,,,,206,,,,,76,,,,,32,3,,,0,0,0,,,0,,,,51,0,0,28,0,0,0,0,0,0,0,125,0,0,0,0,0,0,0,0,0,0,0,0,0,0,0,0,0,0,0,0,0,0,0,0,13,,,,,
SAN JOSE TEACALCO,29052,535,2021,June,59,35,4,1,0,,,,,,,474,466,608,TLAXCALA,0.779605263157895,,,,,,,0,0,,,,,,,,,135,,,,,37,,,,,10,2,,,0,0,0,,,0,,,,25,0,0,10,0,0,0,0,0,0,0,42,0,0,0,0,0,0,0,0,0,0,0,0,0,0,0,0,0,0,0,0,0,0,0,0,8,,,,,
SAN JUAN HUACTZINCO,29053,395,2021,June,286,49,7,72,167,,,,,,,2388,2312,3028,TLAXCALA,0.788639365918098,,,,,,,0,129,,,,,,,,,37,,,,,55,,,,,115,465,,,0,0,0,,,0,,,,147,0,461,234,0,0,0,0,0,0,0,0,0,0,0,0,0,0,0,0,0,0,0,0,0,0,0,0,0,0,0,0,0,0,0,0,76,,,,,
SAN JUAN HUACTZINCO,29053,396,2021,June,299,66,1,86,68,,,,,,,2029,1982,2559,TLAXCALA,0.792887846815162,,,,,,,0,84,,,,,,,,,39,,,,,54,,,,,234,358,,,0,0,0,,,0,,,,109,0,391,163,0,0,0,0,0,0,0,0,0,0,0,0,0,0,0,0,0,0,0,0,0,0,0,0,0,0,0,0,0,0,0,0,47,,,,,
SAN LORENZO AXOCOMANITLA,29054,586,2021,June,43,8,579,389,0,,,,,,,1672,1637,2042,TLAXCALA,0.818805093046033,,,,,,,0,32,,,,,,,,,3,,,,,4,,,,,375,0,,,0,0,0,,,0,,,,0,0,0,23,0,0,0,0,0,0,234,0,0,0,0,0,0,0,0,0,0,0,0,0,0,0,0,0,0,0,0,0,0,0,0,0,35,,,,,
SAN LORENZO AXOCOMANITLA,29054,587,2021,June,26,10,634,425,0,,,,,,,1533,1497,1902,TLAXCALA,0.805993690851735,,,,,,,0,31,,,,,,,,,3,,,,,0,,,,,257,0,,,0,0,0,,,0,,,,2,0,0,13,0,0,0,0,0,0,136,0,0,0,0,0,0,0,0,0,0,0,0,0,0,0,0,0,0,0,0,0,0,0,0,0,36,,,,,
SAN LUCAS TECOPILCO,29055,551,2021,June,122,0,0,237,0,,,,,,,1184,1152,1553,TLAXCALA,0.762395363811977,,,,,,,0,260,,,,,,,,,0,,,,,0,,,,,42,6,,,0,0,0,,,0,,,,476,0,5,0,0,0,0,0,0,0,0,0,0,0,0,0,0,0,0,0,0,0,0,0,0,0,0,0,0,0,0,0,0,0,0,0,32,,,,,
SAN LUCAS TECOPILCO,29055,552,2021,June,61,1,0,164,0,,,,,,,761,740,983,TLAXCALA,0.774160732451679,,,,,,,0,166,,,,,,,,,0,,,,,0,,,,,18,4,,,0,0,0,,,0,,,,323,0,0,0,0,0,0,0,0,0,0,0,0,0,0,0,0,0,0,0,0,0,0,0,0,0,0,0,0,0,0,0,0,0,0,0,21,,,,,
SAN PABLO DEL MONTE,29025,348,2021,June,355,23,77,309,102,,,,,,,2495,2436,3605,TLAXCALA,0.692094313453537,,,,,,,0,5,,,,,,,,,205,,,,,312,,,,,250,42,,,0,0,0,,,0,,,,39,0,51,60,0,0,0,0,0,0,0,0,0,0,0,0,0,0,0,0,0,0,0,0,0,0,0,0,0,0,0,0,0,0,0,1,58,,,,,
SAN PABLO DEL MONTE,29025,349,2021,June,329,8,108,177,243,,,,,,,2572,2508,3745,TLAXCALA,0.686782376502003,,,,,,,0,17,,,,,,,,,88,,,,,455,,,,,275,35,,,0,0,0,,,0,,,,20,0,41,55,0,0,0,0,0,0,0,0,0,0,0,0,0,0,0,0,0,0,0,0,0,0,0,0,0,0,0,0,0,0,0,1,63,,,,,
SAN PABLO DEL MONTE,29025,350,2021,June,524,11,97,336,81,,,,,,,3189,3120,4858,TLAXCALA,0.656442980650474,,,,,,,0,7,,,,,,,,,165,,,,,569,,,,,464,8,,,0,0,0,,,0,,,,11,0,32,51,0,0,0,0,0,0,0,0,0,0,0,0,0,0,0,0,0,0,0,0,0,0,0,0,0,0,0,0,0,0,0,0,69,,,,,
SAN PABLO DEL MONTE,29025,351,2021,June,521,11,205,176,70,,,,,,,2786,2707,4048,TLAXCALA,0.688241106719368,,,,,,,0,12,,,,,,,,,68,,,,,302,,,,,643,5,,,0,0,0,,,0,,,,4,0,24,32,0,0,0,0,0,0,0,0,0,0,0,0,0,0,0,0,0,0,0,0,0,0,0,0,0,0,0,0,0,0,0,1,78,,,,,
SAN PABLO DEL MONTE,29025,352,2021,June,314,7,167,157,72,,,,,,,1875,1852,2735,TLAXCALA,0.685557586837294,,,,,,,0,10,,,,,,,,,49,,,,,243,,,,,350,4,,,0,0,0,,,0,,,,3,0,22,30,0,0,0,0,0,0,0,0,0,0,0,0,0,0,0,0,0,0,0,0,0,0,0,0,0,0,0,0,0,0,0,0,23,,,,,
SAN PABLO DEL MONTE,29025,353,2021,June,544,21,287,124,150,,,,,,,2254,2196,3463,TLAXCALA,0.650880739243431,,,,,,,0,12,,,,,,,,,51,,,,,270,,,,,273,36,,,0,0,0,,,0,,,,6,0,22,44,0,0,0,0,0,0,0,0,0,0,0,0,0,0,0,0,0,0,0,0,0,0,0,0,0,0,0,0,0,0,0,0,58,,,,,
SAN PABLO DEL MONTE,29025,354,2021,June,354,39,121,181,199,,,,,,,2309,2249,3410,TLAXCALA,0.677126099706745,,,,,,,0,3,,,,,,,,,61,,,,,339,,,,,265,8,,,0,0,0,,,0,,,,22,0,21,84,0,0,0,0,0,0,0,0,0,0,0,0,0,0,0,0,0,0,0,0,0,0,0,0,0,0,0,0,0,0,0,0,60,,,,,
SAN PABLO DEL MONTE,29025,355,2021,June,283,9,130,134,65,,,,,,,1894,1844,2767,TLAXCALA,0.684495843874232,,,,,,,0,4,,,,,,,,,93,,,,,264,,,,,237,17,,,0,0,0,,,0,,,,14,0,30,142,0,0,0,0,0,0,0,0,0,0,0,0,0,0,0,0,0,0,0,0,0,0,0,0,0,0,0,0,0,0,0,0,50,,,,,
SAN PABLO DEL MONTE,29025,356,2021,June,368,29,107,322,168,,,,,,,2557,2478,3871,TLAXCALA,0.660552828726427,,,,,,,0,20,,,,,,,,,98,,,,,239,,,,,373,25,,,0,0,0,,,0,,,,16,0,54,86,0,0,0,0,0,0,0,0,0,0,0,0,0,0,0,0,0,0,0,0,0,0,0,0,0,0,0,0,0,0,0,1,78,,,,,
SAN PABLO DEL MONTE,29025,357,2021,June,316,16,47,206,123,,,,,,,1759,1712,2851,TLAXCALA,0.616976499473869,,,,,,,0,12,,,,,,,,,46,,,,,117,,,,,295,12,,,0,0,0,,,0,,,,2,0,41,76,0,0,0,0,0,0,0,0,0,0,0,0,0,0,0,0,0,0,0,0,0,0,0,0,0,0,0,0,0,0,0,0,47,,,,,
SAN PABLO DEL MONTE,29025,358,2021,June,333,17,104,272,161,,,,,,,2201,2132,3449,TLAXCALA,0.638155987242679,,,,,,,0,23,,,,,,,,,58,,,,,211,,,,,328,15,,,0,0,0,,,0,,,,5,0,40,72,0,0,0,0,0,0,0,0,0,0,0,0,0,0,0,0,0,0,0,0,0,0,0,0,0,0,0,0,0,0,0,0,69,,,,,
SAN PABLO DEL MONTE,29025,359,2021,June,217,28,76,233,172,,,,,,,1546,1503,2532,TLAXCALA,0.610584518167457,,,,,,,0,4,,,,,,,,,32,,,,,156,,,,,207,32,,,0,0,0,,,0,,,,3,0,25,35,0,0,0,0,0,0,0,0,0,0,0,0,0,0,0,0,0,0,0,0,0,0,0,0,0,0,0,0,0,0,0,1,42,,,,,
SAN PABLO DEL MONTE,29025,360,2021,June,222,26,68,189,125,,,,,,,1422,1361,2365,TLAXCALA,0.601268498942918,,,,,,,0,9,,,,,,,,,85,,,,,157,,,,,141,20,,,0,0,0,,,0,,,,8,0,23,40,0,0,0,0,0,0,0,0,0,0,0,0,0,0,0,0,0,0,0,0,0,0,0,0,0,0,0,0,0,0,0,0,61,,,,,
SAN PABLO DEL MONTE,29025,361,2021,June,407,42,94,183,206,,,,,,,2078,2024,3119,TLAXCALA,0.66623917922411,,,,,,,0,9,,,,,,,,,66,,,,,244,,,,,285,28,,,0,0,0,,,0,,,,29,0,51,19,0,0,0,0,0,0,0,0,0,0,0,0,0,0,0,0,0,0,0,0,0,0,0,0,0,0,0,0,0,0,0,1,53,,,,,
SAN PABLO DEL MONTE,29025,362,2021,June,348,49,108,328,174,,,,,,,2446,2374,4257,TLAXCALA,0.574583039699319,,,,,,,0,21,,,,,,,,,70,,,,,370,,,,,281,79,,,0,0,0,,,0,,,,41,0,75,31,0,0,0,0,0,0,0,0,0,0,0,0,0,0,0,0,0,0,0,0,0,0,0,0,0,0,0,0,0,0,0,0,72,,,,,
SAN PABLO DEL MONTE,29025,363,2021,June,468,80,273,237,40,,,,,,,2465,2299,4455,TLAXCALA,0.55331088664422,,,,,,,0,9,,,,,,,,,41,,,,,233,,,,,451,9,,,0,0,0,,,0,,,,147,0,45,11,0,0,0,0,0,0,0,0,0,0,0,0,0,0,0,0,0,0,0,0,0,0,0,0,0,0,0,0,0,0,0,0,166,,,,,
SAN PABLO DEL MONTE,29025,364,2021,June,210,45,133,144,30,,,,,,,1440,1366,2759,TLAXCALA,0.521928234867706,,,,,,,0,15,,,,,,,,,33,,,,,119,,,,,294,4,,,0,0,0,,,0,,,,34,0,13,10,0,0,0,0,0,0,0,0,0,0,0,0,0,0,0,0,0,0,0,0,0,0,0,0,0,0,0,0,0,0,0,0,74,,,,,
SANCTORUM DE LAZARO CARDENAS,29020,292,2021,June,218,211,40,102,0,,,,,,,942,919,1498,TLAXCALA,0.628838451268358,,,,,,,0,39,,,,,,,,,14,,,,,0,,,,,152,49,,,0,0,0,,,0,,,,10,0,82,0,0,0,0,0,0,0,0,0,0,0,0,0,0,0,0,0,0,0,0,0,0,0,0,0,0,0,0,0,0,0,0,0,23,,,,,
SANCTORUM DE LAZARO CARDENAS,29020,293,2021,June,24,10,8,25,0,,,,,,,137,134,151,TLAXCALA,0.907284768211921,,,,,,,0,15,,,,,,,,,1,,,,,0,,,,,33,1,,,0,0,0,,,0,,,,2,0,14,0,0,0,0,0,0,0,0,0,0,0,0,0,0,0,0,0,0,0,0,0,0,0,0,0,0,0,0,0,0,0,0,0,3,,,,,
SANCTORUM DE LAZARO CARDENAS,29020,294,2021,June,259,241,69,193,0,,,,,,,1470,1422,2321,TLAXCALA,0.633347694959069,,,,,,,0,57,,,,,,,,,35,,,,,0,,,,,301,75,,,0,0,0,,,0,,,,48,0,137,0,0,0,0,0,0,0,0,0,0,0,0,0,0,0,0,0,0,0,0,0,0,0,0,0,0,0,0,0,0,0,0,0,48,,,,,
SANCTORUM DE LAZARO CARDENAS,29020,297,2021,June,122,42,129,56,0,,,,,,,1035,1002,1487,TLAXCALA,0.696032279757902,,,,,,,0,282,,,,,,,,,44,,,,,0,,,,,146,47,,,0,0,0,,,0,,,,15,0,118,0,0,0,0,0,0,0,0,0,0,0,0,0,0,0,0,0,0,0,0,0,0,0,0,0,0,0,0,0,0,0,0,0,33,,,,,
SANCTORUM DE LAZARO CARDENAS,29020,298,2021,June,73,66,151,45,0,,,,,,,905,872,1407,TLAXCALA,0.643212508884151,,,,,,,0,159,,,,,,,,,48,,,,,0,,,,,131,37,,,0,0,0,,,0,,,,53,0,104,0,0,0,0,0,0,0,0,0,0,0,0,0,0,0,0,0,0,0,0,0,0,0,0,0,0,0,0,0,0,0,0,0,33,,,,,
SANTA ANA NOPALUCAN,29056,254,2021,June,71,53,788,899,0,,,,,,,2259,2219,2864,TLAXCALA,0.788756983240224,,,,,,,0,3,,,,,,,,,0,,,,,0,,,,,207,3,,,0,0,0,,,0,,,,168,0,2,25,0,0,0,0,0,0,0,0,0,0,0,0,0,0,0,0,0,0,0,0,0,0,0,0,0,0,0,0,0,0,0,0,40,,,,,
SANTA ANA NOPALUCAN,29056,255,2021,June,47,68,754,877,0,,,,,,,2243,2201,2846,TLAXCALA,0.788123682361209,,,,,,,0,6,,,,,,,,,0,,,,,0,,,,,262,3,,,0,0,0,,,0,,,,173,0,2,9,0,0,0,0,0,0,0,0,0,0,0,0,0,0,0,0,0,0,0,0,0,0,0,0,0,0,0,0,0,0,0,0,42,,,,,
SANTA APOLONIA TEACALCO,29057,316,2021,June,9,28,2,222,0,,,,,,,1476,1449,1806,TLAXCALA,0.817275747508306,,,,,,,0,194,,,,,,,,,2,,,,,1,,,,,342,255,,,0,0,0,,,0,,,,86,0,0,39,0,0,0,0,0,0,0,0,0,0,0,0,0,0,0,0,0,0,0,0,0,0,0,0,0,0,0,0,0,0,0,0,27,,,,,
SANTA APOLONIA TEACALCO,29057,317,2021,June,19,28,0,365,0,,,,,,,1627,1599,1968,TLAXCALA,0.826727642276423,,,,,,,0,123,,,,,,,,,1,,,,,1,,,,,444,335,,,0,0,0,,,0,,,,85,0,0,47,0,0,0,0,0,0,0,0,0,0,0,0,0,0,0,0,0,0,0,0,0,0,0,0,0,0,0,0,0,0,0,0,28,,,,,
SANTA CATARINA AYOMETLA,29058,602,2021,June,6,4,9,221,0,,,,,,,1470,1440,1944,TLAXCALA,0.756172839506173,,,,,,,0,0,,,,,,,,,156,,,,,322,,,,,72,0,,,0,0,0,,,0,,,,304,0,151,0,0,0,0,0,0,0,0,0,0,0,0,0,0,0,0,0,0,0,0,0,0,0,0,0,0,0,0,0,0,0,0,0,30,,,,,
SANTA CATARINA AYOMETLA,29058,603,2021,June,3,1,10,214,1,,,,,,,1047,1019,1344,TLAXCALA,0.779017857142857,,,,,,,0,0,,,,,,,,,96,,,,,188,,,,,50,0,,,0,0,0,,,0,,,,136,0,105,0,0,0,0,0,0,0,0,0,0,0,0,0,0,0,0,0,0,0,0,0,0,0,0,0,0,0,0,0,0,0,0,0,28,,,,,
SANTA CATARINA AYOMETLA,29058,604,2021,June,9,9,6,454,1,,,,,,,1997,1946,2704,TLAXCALA,0.73853550295858,,,,,,,0,0,,,,,,,,,196,,,,,446,,,,,96,0,,,0,0,0,,,0,,,,297,0,216,0,0,0,0,0,0,0,0,0,0,0,0,0,0,0,0,0,0,0,0,0,0,0,0,0,0,0,0,0,0,0,0,0,51,,,,,
SANTA CATARINA AYOMETLA,29058,605,2021,June,16,1,10,173,2,,,,,,,890,859,1153,TLAXCALA,0.771899392888118,,,,,,,0,0,,,,,,,,,87,,,,,137,,,,,103,0,,,0,0,0,,,0,,,,199,0,40,0,0,0,0,0,0,0,0,0,0,0,0,0,0,0,0,0,0,0,0,0,0,0,0,0,0,0,0,0,0,0,0,0,31,,,,,
SANTA CRUZ QUILEHTLA,29059,313,2021,June,0,4,57,76,241,,,,,,,1391,1361,1888,TLAXCALA,0.736758474576271,,,,,,,0,0,,,,,,,,,389,,,,,253,,,,,296,0,,,0,0,0,,,0,,,,0,0,40,2,0,0,0,0,0,0,0,0,0,0,0,0,0,0,0,0,0,0,0,0,0,0,0,0,0,0,0,0,0,0,0,0,30,,,,,
SANTA CRUZ QUILEHTLA,29059,314,2021,June,0,2,90,46,275,,,,,,,1275,1246,1799,TLAXCALA,0.708727070594775,,,,,,,0,0,,,,,,,,,292,,,,,238,,,,,262,0,,,0,0,0,,,0,,,,0,0,33,5,0,0,0,0,0,0,0,0,0,0,0,0,0,0,0,0,0,0,0,0,0,0,0,0,0,0,0,0,0,0,0,0,29,,,,,
SANTA CRUZ QUILEHTLA,29059,315,2021,June,0,1,147,332,4,,,,,,,569,559,1482,TLAXCALA,0.383940620782726,,,,,,,0,0,,,,,,,,,3,,,,,4,,,,,14,0,,,0,0,0,,,0,,,,0,0,2,49,0,0,0,0,0,0,0,0,0,0,0,0,0,0,0,0,0,0,0,0,0,0,0,0,0,0,0,0,0,0,0,0,10,,,,,
SANTA CRUZ TLAXCALA,29026,365,2021,June,71,60,8,15,49,,,,,,,584,565,2443,TLAXCALA,0.239050347932869,,,,,,,0,70,,,,,,,,,61,,,,,57,,,,,144,1,,,0,0,0,,,0,,,,1,0,16,5,0,0,0,0,0,0,0,0,0,0,0,0,0,0,0,0,0,0,0,0,0,0,0,0,0,0,0,0,0,0,0,0,19,,,,,
SANTA CRUZ TLAXCALA,29026,366,2021,June,134,145,3,8,236,,,,,,,1659,1626,2312,TLAXCALA,0.717560553633218,,,,,,,0,250,,,,,,,,,193,,,,,326,,,,,282,5,,,0,0,0,,,0,,,,1,0,32,4,0,0,0,0,0,0,0,0,0,0,0,0,0,0,0,0,0,0,0,0,0,0,0,0,0,0,0,0,0,0,0,0,33,,,,,
SANTA CRUZ TLAXCALA,29026,367,2021,June,90,153,11,11,178,,,,,,,1540,1512,2137,TLAXCALA,0.720636406176884,,,,,,,0,127,,,,,,,,,282,,,,,61,,,,,526,6,,,0,0,0,,,0,,,,3,0,34,23,0,0,0,0,0,0,0,0,0,0,0,0,0,0,0,0,0,0,0,0,0,0,0,0,0,0,0,0,0,0,0,0,28,,,,,
SANTA CRUZ TLAXCALA,29026,368,2021,June,104,159,6,7,151,,,,,,,1391,1372,2004,TLAXCALA,0.694111776447106,,,,,,,0,82,,,,,,,,,320,,,,,108,,,,,361,2,,,0,0,0,,,0,,,,9,0,47,11,0,0,0,0,0,0,0,0,0,0,0,0,0,0,0,0,0,0,0,0,0,0,0,0,0,0,0,0,0,0,0,0,19,,,,,
SANTA CRUZ TLAXCALA,29026,369,2021,June,328,248,3,22,138,,,,,,,1592,1531,2318,TLAXCALA,0.686798964624677,,,,,,,0,117,,,,,,,,,245,,,,,39,,,,,205,3,,,0,0,0,,,0,,,,5,0,154,14,0,0,0,0,0,0,0,0,0,0,0,0,0,0,0,0,0,0,0,0,0,0,0,0,0,0,0,0,0,0,0,0,61,,,,,
SANTA CRUZ TLAXCALA,29026,370,2021,June,91,60,3,7,81,,,,,,,852,832,1090,TLAXCALA,0.781651376146789,,,,,,,0,137,,,,,,,,,160,,,,,68,,,,,160,2,,,0,0,0,,,0,,,,2,0,54,2,0,0,0,0,0,0,0,0,0,0,0,0,0,0,0,0,0,0,0,0,0,0,0,0,0,0,0,0,0,0,0,0,20,,,,,
SANTA CRUZ TLAXCALA,29026,371,2021,June,42,88,1,40,54,,,,,,,1430,1397,2697,TLAXCALA,0.530218761586949,,,,,,,0,213,,,,,,,,,90,,,,,177,,,,,183,6,,,0,0,0,,,0,,,,1,0,497,2,0,0,0,0,0,0,0,0,0,0,0,0,0,0,0,0,0,0,0,0,0,0,0,0,0,0,0,0,0,0,0,0,33,,,,,
SANTA CRUZ TLAXCALA,29026,609,2021,June,19,37,3,6,18,,,,,,,220,208,619,TLAXCALA,0.355411954765751,,,,,,,0,8,,,,,,,,,21,,,,,27,,,,,45,5,,,0,0,0,,,0,,,,4,0,11,3,0,0,0,0,0,0,0,0,0,0,0,0,0,0,0,0,0,0,0,0,0,0,0,0,0,0,0,0,0,0,0,0,12,,,,,
SANTA ISABEL XILOXOXTLA,29060,391,2021,June,209,128,25,332,16,,,,,,,1367,1326,1841,TLAXCALA,0.74253123302553,,,,,,,0,168,,,,,,,,,69,,,,,190,,,,,166,0,,,0,0,0,,,0,,,,0,0,0,0,0,0,0,0,0,0,0,0,0,0,0,0,0,0,0,0,0,0,0,0,0,0,0,0,0,0,0,0,0,0,0,0,40,,,,,
SANTA ISABEL XILOXOXTLA,29060,392,2021,June,266,125,13,242,5,,,,,,,1105,1069,1520,TLAXCALA,0.726973684210526,,,,,,,0,138,,,,,,,,,20,,,,,110,,,,,136,0,,,0,0,0,,,0,,,,0,0,0,0,0,0,0,0,0,0,0,0,0,0,0,0,0,0,0,0,0,0,0,0,0,0,0,0,0,0,0,0,0,0,0,1,35,,,,,
TENANCINGO,29027,372,2021,June,206,93,2,31,0,,,,,,,870,847,1378,TLAXCALA,0.631349782293179,,,,,,,0,50,,,,,,,,,11,,,,,1,,,,,201,17,,,0,0,0,,,0,,,,45,0,147,43,0,0,0,0,0,0,0,0,0,0,0,0,0,0,0,0,0,0,0,0,0,0,0,0,0,0,0,0,0,0,0,0,23,,,,,
TENANCINGO,29027,373,2021,June,199,107,0,9,0,,,,,,,749,729,1194,TLAXCALA,0.627303182579565,,,,,,,0,55,,,,,,,,,17,,,,,0,,,,,177,16,,,0,0,0,,,0,,,,32,0,73,41,0,0,0,0,0,0,0,0,0,0,0,0,0,0,0,0,0,0,0,0,0,0,0,0,0,0,0,0,0,0,0,0,20,,,,,
TENANCINGO,29027,374,2021,June,123,105,2,6,0,,,,,,,550,522,969,TLAXCALA,0.567595459236326,,,,,,,0,28,,,,,,,,,20,,,,,1,,,,,125,11,,,0,0,0,,,0,,,,9,0,69,23,0,0,0,0,0,0,0,0,0,0,0,0,0,0,0,0,0,0,0,0,0,0,0,0,0,0,0,0,0,0,0,0,28,,,,,
TENANCINGO,29027,375,2021,June,251,239,5,20,0,,,,,,,1230,1178,2091,TLAXCALA,0.588235294117647,,,,,,,0,43,,,,,,,,,47,,,,,2,,,,,313,11,,,0,0,0,,,0,,,,53,0,128,66,0,0,0,0,0,0,0,0,0,0,0,0,0,0,0,0,0,0,0,0,0,0,0,0,0,0,0,0,0,0,0,0,52,,,,,
TENANCINGO,29027,376,2021,June,232,123,8,25,0,,,,,,,925,894,1522,TLAXCALA,0.607752956636005,,,,,,,0,49,,,,,,,,,22,,,,,1,,,,,235,14,,,0,0,0,,,0,,,,19,0,75,90,0,0,0,0,0,0,0,0,0,0,0,0,0,0,0,0,0,0,0,0,0,0,0,0,0,0,0,0,0,0,0,0,31,,,,,
TENANCINGO,29027,377,2021,June,266,208,2,11,0,,,,,,,1181,1146,1961,TLAXCALA,0.602243753187149,,,,,,,0,49,,,,,,,,,31,,,,,5,,,,,334,12,,,0,0,0,,,0,,,,29,0,110,87,0,0,0,0,0,0,0,0,0,0,0,0,0,0,0,0,0,0,0,0,0,0,0,0,0,0,0,0,0,0,0,1,34,,,,,
SAN LUIS TEOLOCHOLCO,29028,378,2021,June,55,63,148,158,178,,,,,,,1317,1287,1758,TLAXCALA,0.749146757679181,,,,,,,0,0,,,,,,,,,113,,,,,37,,,,,423,5,,,0,0,0,,,0,,,,0,0,40,41,0,0,0,0,0,0,0,0,0,0,0,0,0,0,0,0,0,0,0,0,0,0,0,0,0,0,0,0,0,0,0,0,30,,,,,
SAN LUIS TEOLOCHOLCO,29028,379,2021,June,78,80,94,248,279,,,,,,,1805,1752,2451,TLAXCALA,0.736434108527132,,,,,,,0,0,,,,,,,,,113,,,,,85,,,,,602,1,,,0,0,0,,,0,,,,0,0,56,81,0,0,0,0,0,0,0,0,0,0,0,0,0,0,0,0,0,0,0,0,0,0,0,0,0,0,0,0,0,0,0,0,53,,,,,
SAN LUIS TEOLOCHOLCO,29028,380,2021,June,168,52,140,545,480,,,,,,,2984,2908,4138,TLAXCALA,0.721121314644756,,,,,,,0,0,,,,,,,,,415,,,,,85,,,,,810,10,,,0,0,0,,,0,,,,0,0,64,96,0,0,0,0,0,0,0,0,0,0,0,0,0,0,0,0,0,0,0,0,0,0,0,0,0,0,0,0,0,0,0,0,76,,,,,
SAN LUIS TEOLOCHOLCO,29028,381,2021,June,67,25,90,332,250,,,,,,,1412,1335,1963,TLAXCALA,0.719307182883342,,,,,,,0,0,,,,,,,,,56,,,,,20,,,,,385,5,,,0,0,0,,,0,,,,0,0,18,55,0,0,0,0,0,0,0,0,0,0,0,0,0,0,0,0,0,0,0,0,0,0,0,0,0,0,0,0,0,0,0,0,77,,,,,
SAN LUIS TEOLOCHOLCO,29028,382,2021,June,20,94,98,324,73,,,,,,,1214,1176,1573,TLAXCALA,0.77177368086459,,,,,,,0,0,,,,,,,,,91,,,,,26,,,,,376,4,,,0,0,0,,,0,,,,0,0,16,25,0,0,0,0,0,0,0,0,0,0,0,0,0,0,0,0,0,0,0,0,0,0,0,0,0,0,0,0,0,0,0,0,38,,,,,
SAN LUIS TEOLOCHOLCO,29028,383,2021,June,34,47,74,205,173,,,,,,,1350,1326,1663,TLAXCALA,0.811785929043897,,,,,,,0,0,,,,,,,,,97,,,,,26,,,,,583,1,,,0,0,0,,,0,,,,0,0,32,40,0,0,0,0,0,0,0,0,0,0,0,0,0,0,0,0,0,0,0,0,0,0,0,0,0,0,0,0,0,0,0,0,24,,,,,
SAN LUIS TEOLOCHOLCO,29028,384,2021,June,65,61,164,260,157,,,,,,,1319,1291,1800,TLAXCALA,0.732777777777778,,,,,,,0,0,,,,,,,,,52,,,,,23,,,,,416,0,,,0,0,0,,,0,,,,0,0,43,19,0,0,0,0,0,0,0,0,0,0,0,0,0,0,0,0,0,0,0,0,0,0,0,0,0,0,0,0,0,0,0,0,28,,,,,
SAN LUIS TEOLOCHOLCO,29028,385,2021,June,29,6,29,43,31,,,,,,,349,342,399,TLAXCALA,0.87468671679198,,,,,,,0,0,,,,,,,,,49,,,,,14,,,,,119,0,,,0,0,0,,,0,,,,0,0,10,10,0,0,0,0,0,0,0,0,0,0,0,0,0,0,0,0,0,0,0,0,0,0,0,0,0,0,0,0,0,0,0,0,7,,,,,
SAN LUIS TEOLOCHOLCO,29028,386,2021,June,51,17,99,324,163,,,,,,,1639,1591,2130,TLAXCALA,0.769483568075117,,,,,,,0,0,,,,,,,,,59,,,,,40,,,,,426,3,,,0,0,0,,,0,,,,0,0,18,23,0,0,0,0,0,0,0,0,0,0,0,0,0,0,0,0,0,0,0,0,0,0,0,0,0,0,0,0,0,0,0,1,47,,,,,
TEPETITLA DE LARDIZABAL,29019,284,2021,November,9,162,146,194,74,,,,,,,1106,1088,1514,TLAXCALA,0.730515191545575,,,,,,,0,46,,,,,,,,,5,,,,,24,,,,,324,50,,,0,0,0,,,0,,,,0,0,8,32,0,0,0,0,0,0,0,0,0,0,0,0,0,0,0,0,0,0,0,0,0,0,0,0,0,0,0,0,0,0,0,0,18,,,,,
TEPETITLA DE LARDIZABAL,29019,285,2021,November,5,153,137,215,31,,,,,,,967,937,1396,TLAXCALA,0.69269340974212,,,,,,,0,43,,,,,,,,,0,,,,,23,,,,,244,17,,,0,0,0,,,0,,,,0,0,12,42,0,0,0,0,0,0,0,0,0,0,0,0,0,0,0,0,0,0,0,0,0,0,0,0,0,0,0,0,0,0,0,1,29,,,,,
TEPETITLA DE LARDIZABAL,29019,286,2021,November,8,215,132,325,52,,,,,,,1453,1411,2192,TLAXCALA,0.66286496350365,,,,,,,0,80,,,,,,,,,10,,,,,37,,,,,401,57,,,0,0,0,,,0,,,,0,0,5,34,0,0,0,0,0,0,0,0,0,0,0,0,0,0,0,0,0,0,0,0,0,0,0,0,0,0,0,0,0,0,0,0,42,,,,,
TEPETITLA DE LARDIZABAL,29019,287,2021,November,5,192,155,312,67,,,,,,,1441,1389,2044,TLAXCALA,0.704990215264188,,,,,,,0,61,,,,,,,,,4,,,,,15,,,,,394,51,,,0,0,0,,,0,,,,0,0,9,69,0,0,0,0,0,0,0,0,0,0,0,0,0,0,0,0,0,0,0,0,0,0,0,0,0,0,0,0,0,0,0,0,52,,,,,
TEPETITLA DE LARDIZABAL,29019,288,2021,November,21,119,38,393,20,,,,,,,2040,1973,3205,TLAXCALA,0.636505460218409,,,,,,,0,18,,,,,,,,,118,,,,,682,,,,,364,116,,,0,0,0,,,0,,,,0,0,8,24,0,0,0,0,0,0,0,0,0,0,0,0,0,0,0,0,0,0,0,0,0,0,0,0,0,0,0,0,0,0,0,0,67,,,,,
TEPETITLA DE LARDIZABAL,29019,289,2021,November,8,45,16,223,11,,,,,,,1162,1125,1666,TLAXCALA,0.697478991596639,,,,,,,0,17,,,,,,,,,103,,,,,386,,,,,176,93,,,0,0,0,,,0,,,,0,0,3,32,0,0,0,0,0,0,0,0,0,0,0,0,0,0,0,0,0,0,0,0,0,0,0,0,0,0,0,0,0,0,0,0,37,,,,,
TEPETITLA DE LARDIZABAL,29019,290,2021,November,4,351,53,423,26,,,,,,,2116,2066,2821,TLAXCALA,0.750088621056363,,,,,,,0,24,,,,,,,,,87,,,,,384,,,,,385,147,,,0,0,0,,,0,,,,0,0,6,81,0,0,0,0,0,0,0,0,0,0,0,0,0,0,0,0,0,0,0,0,0,0,0,0,0,0,0,0,0,0,0,0,50,,,,,
TEPETITLA DE LARDIZABAL,29019,291,2021,November,0,29,1,26,0,,,,,,,189,189,937,TLAXCALA,0.2017075773746,,,,,,,0,0,,,,,,,,,5,,,,,40,,,,,88,0,,,0,0,0,,,0,,,,0,0,0,0,0,0,0,0,0,0,0,0,0,0,0,0,0,0,0,0,0,0,0,0,0,0,0,0,0,0,0,0,0,0,0,0,0,,,,,
TEPEYANCO,29029,387,2021,June,31,23,143,104,0,,,,,,,1255,1233,1670,TLAXCALA,0.751497005988024,,,,,,,0,297,,,,,,,,,161,,,,,41,,,,,44,1,,,0,0,0,,,0,,,,0,0,66,5,0,0,0,0,0,0,0,0,0,0,0,0,0,0,0,0,0,0,0,0,0,0,0,0,0,0,0,0,0,0,0,0,22,,,,,
TEPEYANCO,29029,388,2021,June,53,21,82,105,2,,,,,,,975,960,1370,TLAXCALA,0.711678832116788,,,,,,,0,105,,,,,,,,,71,,,,,38,,,,,86,1,,,0,0,0,,,0,,,,0,0,24,8,0,0,0,0,0,0,0,0,0,0,0,0,0,0,0,0,0,0,0,0,0,0,0,0,0,0,0,0,0,0,0,0,15,,,,,
TEPEYANCO,29029,389,2021,June,25,3,23,62,4,,,,,,,390,385,636,TLAXCALA,0.613207547169811,,,,,,,0,27,,,,,,,,,60,,,,,7,,,,,41,3,,,0,0,0,,,0,,,,0,0,29,15,0,0,0,0,0,0,0,0,0,0,0,0,0,0,0,0,0,0,0,0,0,0,0,0,0,0,0,0,0,0,0,0,5,,,,,
TEPEYANCO,29029,390,2021,June,114,3,49,74,3,,,,,,,697,680,915,TLAXCALA,0.761748633879781,,,,,,,0,67,,,,,,,,,7,,,,,25,,,,,45,1,,,0,0,0,,,0,,,,0,0,66,57,0,0,0,0,0,0,0,0,0,0,0,0,0,0,0,0,0,0,0,0,0,0,0,0,0,0,0,0,0,0,0,0,17,,,,,
TEPEYANCO,29029,393,2021,June,54,23,48,162,1,,,,,,,673,665,900,TLAXCALA,0.747777777777778,,,,,,,0,100,,,,,,,,,32,,,,,21,,,,,78,2,,,0,0,0,,,0,,,,0,0,38,7,0,0,0,0,0,0,0,0,0,0,0,0,0,0,0,0,0,0,0,0,0,0,0,0,0,0,0,0,0,0,0,0,8,,,,,
TEPEYANCO,29029,394,2021,June,149,254,57,433,0,,,,,,,1712,1684,2034,TLAXCALA,0.841691248770895,,,,,,,0,165,,,,,,,,,122,,,,,20,,,,,95,6,,,0,0,0,,,0,,,,0,0,19,67,0,0,0,0,0,0,0,0,0,0,0,0,0,0,0,0,0,0,0,0,0,0,0,0,0,0,0,0,0,0,0,0,28,,,,,
TEPEYANCO,29029,397,2021,June,85,68,63,589,0,,,,,,,1314,1289,1776,TLAXCALA,0.739864864864865,,,,,,,0,116,,,,,,,,,33,,,,,10,,,,,85,2,,,0,0,0,,,0,,,,0,0,15,25,0,0,0,0,0,0,0,0,0,0,0,0,0,0,0,0,0,0,0,0,0,0,0,0,0,0,0,0,0,0,0,1,24,,,,,
TERRENATE,29030,398,2021,June,243,94,28,147,9,,,,,,,1943,1906,2595,TLAXCALA,0.748747591522158,,,,,,,0,412,,,,,,,,,708,,,,,17,,,,,224,0,,,0,0,0,,,0,,,,0,0,7,0,0,0,0,0,0,0,0,0,0,0,0,0,0,0,0,0,0,0,0,0,0,0,0,0,0,0,0,0,0,0,0,0,37,,,,,
TERRENATE,29030,399,2021,June,263,22,32,54,18,,,,,,,1327,1263,1668,TLAXCALA,0.795563549160672,,,,,,,0,339,,,,,,,,,391,,,,,6,,,,,134,0,,,0,0,0,,,0,,,,0,0,3,0,0,0,0,0,0,0,0,0,0,0,0,0,0,0,0,0,0,0,0,0,0,0,0,0,0,0,0,0,0,0,0,0,64,,,,,
TERRENATE,29030,403,2021,June,190,13,22,52,12,,,,,,,885,856,1211,TLAXCALA,0.730800990916598,,,,,,,0,305,,,,,,,,,166,,,,,4,,,,,90,0,,,0,0,0,,,0,,,,0,0,2,0,0,0,0,0,0,0,0,0,0,0,0,0,0,0,0,0,0,0,0,0,0,0,0,0,0,0,0,0,0,0,0,0,29,,,,,
TERRENATE,29030,404,2021,June,113,11,31,74,4,,,,,,,1978,1910,2550,TLAXCALA,0.775686274509804,,,,,,,0,1422,,,,,,,,,157,,,,,5,,,,,78,0,,,0,0,0,,,0,,,,0,0,7,0,0,0,0,0,0,0,0,0,0,0,0,0,0,0,0,0,0,0,0,0,0,0,0,0,0,0,0,0,0,0,0,0,68,,,,,
TERRENATE,29030,405,2021,June,44,4,5,13,2,,,,,,,212,202,256,TLAXCALA,0.828125,,,,,,,0,73,,,,,,,,,29,,,,,0,,,,,29,0,,,0,0,0,,,0,,,,0,0,2,0,0,0,0,0,0,0,0,0,0,0,0,0,0,0,0,0,0,0,0,0,0,0,0,0,0,0,0,0,0,0,0,0,10,,,,,
TERRENATE,29030,406,2021,June,68,11,17,25,55,,,,,,,391,383,467,TLAXCALA,0.837259100642398,,,,,,,0,121,,,,,,,,,57,,,,,1,,,,,27,0,,,0,0,0,,,0,,,,0,0,1,0,0,0,0,0,0,0,0,0,0,0,0,0,0,0,0,0,0,0,0,0,0,0,0,0,0,0,0,0,0,0,0,0,8,,,,,
TERRENATE,29030,407,2021,June,45,6,6,14,18,,,,,,,590,580,719,TLAXCALA,0.820584144645341,,,,,,,0,125,,,,,,,,,94,,,,,0,,,,,269,0,,,0,0,0,,,0,,,,0,0,1,0,0,0,0,0,0,0,0,0,0,0,0,0,0,0,0,0,0,0,0,0,0,0,0,0,0,0,0,0,0,0,0,0,10,,,,,
TERRENATE,29030,408,2021,June,147,1,13,35,15,,,,,,,1064,1040,1340,TLAXCALA,0.794029850746269,,,,,,,0,375,,,,,,,,,285,,,,,3,,,,,148,0,,,0,0,0,,,0,,,,0,0,5,0,0,0,0,0,0,0,0,0,0,0,0,0,0,0,0,0,0,0,0,0,0,0,0,0,0,0,0,0,0,0,0,0,24,,,,,
TETLA DE LA SOLIDARIDAD,29031,409,2021,June,111,37,43,65,5,,,,,,,1021,990,1471,TLAXCALA,0.694085656016315,,,,,,,0,200,,,,,,,,,0,,,,,0,,,,,281,10,,,0,0,0,,,0,,,,79,0,33,33,0,0,0,0,0,0,0,0,0,0,0,0,0,0,0,0,0,0,0,0,0,0,0,0,0,0,0,0,0,0,0,0,31,,,,,
TETLA DE LA SOLIDARIDAD,29031,410,2021,June,149,17,26,148,1,,,,,,,1005,983,1290,TLAXCALA,0.779069767441861,,,,,,,0,221,,,,,,,,,0,,,,,0,,,,,197,10,,,0,0,0,,,0,,,,23,0,27,18,0,0,0,0,0,0,0,0,0,0,0,0,0,0,0,0,0,0,0,0,0,0,0,0,0,0,0,0,0,0,0,0,22,,,,,
TETLA DE LA SOLIDARIDAD,29031,411,2021,June,148,97,123,82,5,,,,,,,1757,1730,2835,TLAXCALA,0.619753086419753,,,,,,,0,412,,,,,,,,,0,,,,,0,,,,,530,17,,,0,0,0,,,0,,,,38,0,39,78,0,0,0,0,0,0,0,0,0,0,0,0,0,0,0,0,0,0,0,0,0,0,0,0,0,0,0,0,0,0,0,0,27,,,,,
TETLA DE LA SOLIDARIDAD,29031,412,2021,June,150,103,92,119,4,,,,,,,1931,1888,3169,TLAXCALA,0.609340485957715,,,,,,,0,434,,,,,,,,,0,,,,,0,,,,,561,34,,,0,0,0,,,0,,,,60,0,74,123,0,0,0,0,0,0,0,0,0,0,0,0,0,0,0,0,0,0,0,0,0,0,0,0,0,0,0,0,0,0,0,0,43,,,,,
TETLA DE LA SOLIDARIDAD,29031,413,2021,June,78,53,23,45,7,,,,,,,889,871,1353,TLAXCALA,0.657058388765706,,,,,,,0,209,,,,,,,,,0,,,,,0,,,,,229,3,,,0,0,0,,,0,,,,43,0,72,45,0,0,0,0,0,0,0,0,0,0,0,0,0,0,0,0,0,0,0,0,0,0,0,0,0,0,0,0,0,0,0,0,18,,,,,
TETLA DE LA SOLIDARIDAD,29031,414,2021,June,42,34,23,43,6,,,,,,,484,471,781,TLAXCALA,0.619718309859155,,,,,,,0,94,,,,,,,,,0,,,,,0,,,,,131,8,,,0,0,0,,,0,,,,7,0,13,32,0,0,0,0,0,0,0,0,0,0,0,0,0,0,0,0,0,0,0,0,0,0,0,0,0,0,0,0,0,0,0,1,12,,,,,
TETLA DE LA SOLIDARIDAD,29031,415,2021,June,55,40,67,52,4,,,,,,,663,644,1112,TLAXCALA,0.596223021582734,,,,,,,0,150,,,,,,,,,0,,,,,0,,,,,136,14,,,0,0,0,,,0,,,,8,0,12,60,0,0,0,0,0,0,0,0,0,0,0,0,0,0,0,0,0,0,0,0,0,0,0,0,0,0,0,0,0,0,0,0,19,,,,,
TETLA DE LA SOLIDARIDAD,29031,416,2021,June,78,12,15,129,0,,,,,,,885,855,1179,TLAXCALA,0.750636132315522,,,,,,,0,359,,,,,,,,,0,,,,,0,,,,,91,7,,,0,0,0,,,0,,,,10,0,36,12,0,0,0,0,0,0,0,0,0,0,0,0,0,0,0,0,0,0,0,0,0,0,0,0,0,0,0,0,0,0,0,0,30,,,,,
TETLA DE LA SOLIDARIDAD,29031,417,2021,June,12,1,1,62,0,,,,,,,285,283,331,TLAXCALA,0.861027190332326,,,,,,,0,95,,,,,,,,,0,,,,,0,,,,,34,3,,,0,0,0,,,0,,,,3,0,22,18,0,0,0,0,0,0,0,0,0,0,0,0,0,0,0,0,0,0,0,0,0,0,0,0,0,0,0,0,0,0,0,0,2,,,,,
TETLA DE LA SOLIDARIDAD,29031,418,2021,June,18,17,23,24,0,,,,,,,358,348,456,TLAXCALA,0.785087719298246,,,,,,,0,81,,,,,,,,,0,,,,,0,,,,,80,5,,,0,0,0,,,0,,,,20,0,47,6,0,0,0,0,0,0,0,0,0,0,0,0,0,0,0,0,0,0,0,0,0,0,0,0,0,0,0,0,0,0,0,0,10,,,,,
TETLA DE LA SOLIDARIDAD,29031,419,2021,June,8,17,2,23,3,,,,,,,499,490,664,TLAXCALA,0.751506024096386,,,,,,,0,342,,,,,,,,,0,,,,,0,,,,,77,2,,,0,0,0,,,0,,,,3,0,1,9,0,0,0,0,0,0,0,0,0,0,0,0,0,0,0,0,0,0,0,0,0,0,0,0,0,0,0,0,0,0,0,0,9,,,,,
TETLA DE LA SOLIDARIDAD,29031,420,2021,June,50,51,10,467,2,,,,,,,1211,1183,2024,TLAXCALA,0.598320158102767,,,,,,,0,192,,,,,,,,,0,,,,,0,,,,,147,3,,,0,0,0,,,0,,,,58,0,77,18,0,0,0,0,0,0,0,0,0,0,0,0,0,0,0,0,0,0,0,0,0,0,0,0,0,0,0,0,0,0,0,0,28,,,,,
TETLA DE LA SOLIDARIDAD,29031,421,2021,June,54,61,11,445,11,,,,,,,1425,1367,2412,TLAXCALA,0.590796019900497,,,,,,,0,191,,,,,,,,,0,,,,,0,,,,,304,6,,,0,0,0,,,0,,,,53,0,72,55,0,0,0,0,0,0,0,0,0,0,0,0,0,0,0,0,0,0,0,0,0,0,0,0,0,0,0,0,0,0,0,0,58,,,,,
TETLA DE LA SOLIDARIDAD,29031,422,2021,June,106,95,21,169,8,,,,,,,2187,2126,3868,TLAXCALA,0.56540847983454,,,,,,,0,419,,,,,,,,,0,,,,,0,,,,,385,18,,,0,0,0,,,0,,,,294,0,146,86,0,0,0,0,0,0,0,0,0,0,0,0,0,0,0,0,0,0,0,0,0,0,0,0,0,0,0,0,0,0,0,1,60,,,,,
TETLA DE LA SOLIDARIDAD,29031,423,2021,June,7,4,4,34,0,,,,,,,208,202,235,TLAXCALA,0.885106382978723,,,,,,,0,63,,,,,,,,,0,,,,,0,,,,,51,1,,,0,0,0,,,0,,,,1,0,5,1,0,0,0,0,0,0,0,0,0,0,0,0,0,0,0,0,0,0,0,0,0,0,0,0,0,0,0,0,0,0,0,0,6,,,,,
TETLATLAHUCA,29032,424,2021,June,3,3,0,205,507,,,,,,,1143,1125,1521,TLAXCALA,0.751479289940828,,,,,,,0,22,,,,,,,,,195,,,,,2,,,,,14,83,,,0,0,0,,,0,,,,0,0,0,0,0,0,0,0,0,0,0,0,0,0,0,0,0,0,0,0,0,0,0,0,0,0,0,0,0,0,0,0,0,0,0,0,18,,,,,
TETLATLAHUCA,29032,425,2021,June,11,3,0,348,60,,,,,,,1171,1147,1540,TLAXCALA,0.76038961038961,,,,,,,0,7,,,,,,,,,151,,,,,2,,,,,11,514,,,0,0,0,,,0,,,,0,0,0,0,0,0,0,0,0,0,0,0,0,0,0,0,0,0,0,0,0,0,0,0,0,0,0,0,0,0,0,0,0,0,0,0,24,,,,,
TETLATLAHUCA,29032,426,2021,June,5,1,0,303,66,,,,,,,1020,1010,1440,TLAXCALA,0.708333333333333,,,,,,,0,7,,,,,,,,,181,,,,,1,,,,,12,378,,,0,0,0,,,0,,,,0,0,0,0,0,0,0,0,0,0,0,0,0,0,0,0,0,0,0,0,0,0,0,0,0,0,0,0,0,0,0,0,0,0,0,0,10,,,,,
TETLATLAHUCA,29032,427,2021,June,4,5,3,130,309,,,,,,,1313,1286,1941,TLAXCALA,0.676455435342607,,,,,,,0,8,,,,,,,,,606,,,,,2,,,,,30,116,,,0,0,0,,,0,,,,0,0,0,0,0,0,0,0,0,0,0,0,0,0,0,0,0,0,0,0,0,0,0,0,0,0,0,0,0,0,0,0,0,0,0,0,27,,,,,
TETLATLAHUCA,29032,428,2021,June,6,3,8,86,371,,,,,,,1083,1064,1528,TLAXCALA,0.708769633507853,,,,,,,0,9,,,,,,,,,389,,,,,2,,,,,33,85,,,0,0,0,,,0,,,,0,0,0,0,0,0,0,0,0,0,0,0,0,0,0,0,0,0,0,0,0,0,0,0,0,0,0,0,0,0,0,0,0,0,0,0,19,,,,,
TETLATLAHUCA,29032,431,2021,June,5,2,2,158,14,,,,,,,416,406,1117,TLAXCALA,0.372426141450313,,,,,,,0,13,,,,,,,,,92,,,,,1,,,,,17,57,,,0,0,0,,,0,,,,0,0,0,0,0,0,0,0,0,0,0,0,0,0,0,0,0,0,0,0,0,0,0,0,0,0,0,0,0,0,0,0,0,0,0,0,10,,,,,
TETLATLAHUCA,29032,434,2021,June,5,4,0,105,54,,,,,,,498,487,652,TLAXCALA,0.763803680981595,,,,,,,0,69,,,,,,,,,97,,,,,0,,,,,16,18,,,0,0,0,,,0,,,,0,0,0,0,0,0,0,0,0,0,0,0,0,0,0,0,0,0,0,0,0,0,0,0,0,0,0,0,0,0,0,0,0,0,0,0,11,,,,,
TLAXCALA,29033,435,2021,June,245,196,23,22,15,,,,,,,1218,1194,1807,TLAXCALA,0.67404537908135,,,,,,,0,2,,,,,,,,,187,,,,,19,,,,,371,8,,,0,0,0,,,0,,,,5,0,7,10,0,0,0,0,0,0,0,0,0,0,0,0,0,0,68,0,0,0,0,0,0,0,0,0,0,0,0,0,0,0,0,0,24,,,,,
TLAXCALA,29033,436,2021,June,240,230,19,16,5,,,,,,,1292,1250,1973,TLAXCALA,0.654840344652813,,,,,,,0,3,,,,,,,,,194,,,,,22,,,,,395,10,,,0,0,0,,,0,,,,2,0,4,9,0,0,0,0,0,0,0,0,0,0,0,0,0,0,76,0,0,0,0,0,0,0,0,0,0,0,0,0,0,0,0,0,42,,,,,
TLAXCALA,29033,437,2021,June,165,153,7,24,1,,,,,,,949,937,1442,TLAXCALA,0.658113730929265,,,,,,,0,6,,,,,,,,,129,,,,,8,,,,,334,11,,,0,0,0,,,0,,,,5,0,3,6,0,0,0,0,0,0,0,0,0,0,0,0,0,0,73,0,0,0,0,0,0,0,0,0,0,0,0,0,0,0,0,0,12,,,,,
TLAXCALA,29033,438,2021,June,124,184,12,22,23,,,,,,,1193,1166,1702,TLAXCALA,0.700940070505288,,,,,,,0,3,,,,,,,,,181,,,,,12,,,,,388,13,,,0,0,0,,,0,,,,4,0,20,31,0,0,0,0,0,0,0,0,0,0,0,0,0,0,121,0,0,0,0,0,0,0,0,0,0,0,0,0,0,0,0,1,26,,,,,
TLAXCALA,29033,439,2021,June,228,294,18,40,22,,,,,,,1706,1661,2357,TLAXCALA,0.723801442511667,,,,,,,0,6,,,,,,,,,193,,,,,18,,,,,562,33,,,0,0,0,,,0,,,,4,0,15,23,0,0,0,0,0,0,0,0,0,0,0,0,0,0,146,0,0,0,0,0,0,0,0,0,0,0,0,0,0,0,0,0,45,,,,,
TLAXCALA,29033,440,2021,June,256,203,6,28,17,,,,,,,1388,1361,1862,TLAXCALA,0.745435016111708,,,,,,,0,25,,,,,,,,,181,,,,,37,,,,,358,9,,,0,0,0,,,0,,,,8,0,12,9,0,0,0,0,0,0,0,0,0,0,0,0,0,0,143,0,0,0,0,0,0,0,0,0,0,0,0,0,0,0,0,1,26,,,,,
TLAXCALA,29033,441,2021,June,152,137,0,7,9,,,,,,,834,814,1156,TLAXCALA,0.721453287197232,,,,,,,0,0,,,,,,,,,104,,,,,9,,,,,267,12,,,0,0,0,,,0,,,,4,0,7,16,0,0,0,0,0,0,0,0,0,0,0,0,0,0,72,0,0,0,0,0,0,0,0,0,0,0,0,0,0,0,0,0,20,,,,,
TLAXCALA,29033,442,2021,June,104,106,0,22,3,,,,,,,763,737,1141,TLAXCALA,0.668711656441718,,,,,,,0,0,,,,,,,,,100,,,,,12,,,,,223,14,,,0,0,0,,,0,,,,4,0,5,26,0,0,0,0,0,0,0,0,0,0,0,0,0,0,107,0,0,0,0,0,0,0,0,0,0,0,0,0,0,0,0,0,26,,,,,
TLAXCALA,29033,443,2021,June,83,65,2,17,4,,,,,,,471,458,695,TLAXCALA,0.677697841726619,,,,,,,0,1,,,,,,,,,58,,,,,8,,,,,162,0,,,0,0,0,,,0,,,,5,0,3,4,0,0,0,0,0,0,0,0,0,0,0,0,0,0,44,0,0,0,0,0,0,0,0,0,0,0,0,0,0,0,0,0,13,,,,,
TLAXCALA,29033,444,2021,June,395,356,21,53,31,,,,,,,2602,2543,4023,TLAXCALA,0.646781009197117,,,,,,,0,13,,,,,,,,,363,,,,,35,,,,,731,15,,,0,0,0,,,0,,,,34,0,28,36,0,0,0,0,0,0,0,0,0,0,0,0,0,0,391,0,0,0,0,0,0,0,0,0,0,0,0,0,0,0,0,0,59,,,,,
TLAXCALA,29033,445,2021,June,107,183,5,23,14,,,,,,,1049,1029,1500,TLAXCALA,0.699333333333333,,,,,,,0,5,,,,,,,,,137,,,,,13,,,,,270,9,,,0,0,0,,,0,,,,2,0,17,17,0,0,0,0,0,0,0,0,0,0,0,0,0,0,151,0,0,0,0,0,0,0,0,0,0,0,0,0,0,0,0,0,20,,,,,
TLAXCALA,29033,446,2021,June,87,84,1,2,0,,,,,,,497,486,685,TLAXCALA,0.725547445255474,,,,,,,0,0,,,,,,,,,85,,,,,10,,,,,135,1,,,0,0,0,,,0,,,,1,0,4,11,0,0,0,0,0,0,0,0,0,0,0,0,0,0,61,0,0,0,0,0,0,0,0,0,0,0,0,0,0,0,0,1,10,,,,,
TLAXCALA,29033,447,2021,June,121,112,7,12,5,,,,,,,593,581,866,TLAXCALA,0.684757505773672,,,,,,,0,1,,,,,,,,,83,,,,,14,,,,,160,1,,,0,0,0,,,0,,,,1,0,2,5,0,0,0,0,0,0,0,0,0,0,0,0,0,0,57,0,0,0,0,0,0,0,0,0,0,0,0,0,0,0,0,1,11,,,,,
TLAXCALA,29033,448,2021,June,180,205,14,33,18,,,,,,,1541,1491,2333,TLAXCALA,0.660522931847407,,,,,,,0,44,,,,,,,,,220,,,,,16,,,,,556,30,,,0,0,0,,,0,,,,6,0,15,13,0,0,0,0,0,0,0,0,0,0,0,0,0,0,121,0,0,0,0,0,0,0,0,0,0,0,0,0,0,0,0,2,48,,,,,
TLAXCALA,29033,449,2021,June,129,145,3,14,4,,,,,,,839,824,1369,TLAXCALA,0.612856099342586,,,,,,,0,4,,,,,,,,,136,,,,,11,,,,,240,9,,,0,0,0,,,0,,,,1,0,12,6,0,0,0,0,0,0,0,0,0,0,0,0,0,0,92,0,0,0,0,0,0,0,0,0,0,0,0,0,0,0,0,0,15,,,,,
TLAXCALA,29033,450,2021,June,94,80,4,7,2,,,,,,,543,533,813,TLAXCALA,0.66789667896679,,,,,,,0,0,,,,,,,,,80,,,,,9,,,,,180,5,,,0,0,0,,,0,,,,4,0,0,6,0,0,0,0,0,0,0,0,0,0,0,0,0,0,56,0,0,0,0,0,0,0,0,0,0,0,0,0,0,0,0,1,9,,,,,
TLAXCALA,29033,451,2021,June,168,144,3,35,12,,,,,,,1198,1157,1944,TLAXCALA,0.616255144032922,,,,,,,0,4,,,,,,,,,231,,,,,15,,,,,371,4,,,0,0,0,,,0,,,,8,0,12,18,0,0,0,0,0,0,0,0,0,0,0,0,0,0,100,0,0,0,0,0,0,0,0,0,0,0,0,0,0,0,0,1,40,,,,,
TLAXCALA,29033,452,2021,June,158,132,7,20,10,,,,,,,1028,1010,1541,TLAXCALA,0.667099286177807,,,,,,,0,6,,,,,,,,,127,,,,,12,,,,,351,13,,,0,0,0,,,0,,,,4,0,6,13,0,0,0,0,0,0,0,0,0,0,0,0,0,0,140,0,0,0,0,0,0,0,0,0,0,0,0,0,0,0,0,1,17,,,,,
TLAXCALA,29033,453,2021,June,502,601,21,91,47,,,,,,,4191,4108,7226,TLAXCALA,0.579988928867977,,,,,,,0,38,,,,,,,,,626,,,,,58,,,,,1322,42,,,0,0,0,,,0,,,,26,0,38,49,0,0,0,0,0,0,0,0,0,0,0,0,0,0,586,0,0,0,0,0,0,0,0,0,0,0,0,0,0,0,0,2,81,,,,,
TLAXCALA,29033,454,2021,June,87,62,6,6,2,,,,,,,510,501,848,TLAXCALA,0.601415094339623,,,,,,,0,2,,,,,,,,,65,,,,,9,,,,,186,4,,,0,0,0,,,0,,,,5,0,10,3,0,0,0,0,0,0,0,0,0,0,0,0,0,0,50,0,0,0,0,0,0,0,0,0,0,0,0,0,0,0,0,0,9,,,,,
TLAXCALA,29033,455,2021,June,83,63,3,7,5,,,,,,,474,468,738,TLAXCALA,0.642276422764228,,,,,,,0,1,,,,,,,,,57,,,,,6,,,,,161,0,,,0,0,0,,,0,,,,4,0,8,6,0,0,0,0,0,0,0,0,0,0,0,0,0,0,60,0,0,0,0,0,0,0,0,0,0,0,0,0,0,0,0,0,6,,,,,
TLAXCALA,29033,456,2021,June,199,217,4,33,13,,,,,,,1340,1306,1961,TLAXCALA,0.683324834268231,,,,,,,0,9,,,,,,,,,191,,,,,23,,,,,431,16,,,0,0,0,,,0,,,,9,0,9,9,0,0,0,0,0,0,0,0,0,0,0,0,0,0,137,0,0,0,0,0,0,0,0,0,0,0,0,0,0,0,0,1,33,,,,,
TLAXCALA,29033,457,2021,June,125,96,5,15,6,,,,,,,832,814,1199,TLAXCALA,0.693911592994162,,,,,,,0,4,,,,,,,,,127,,,,,10,,,,,273,16,,,0,0,0,,,0,,,,8,0,10,10,0,0,0,0,0,0,0,0,0,0,0,0,0,0,97,0,0,0,0,0,0,0,0,0,0,0,0,0,0,0,0,0,18,,,,,
TLAXCALA,29033,458,2021,June,296,475,9,72,17,,,,,,,3340,3233,5741,TLAXCALA,0.581780177669396,,,,,,,0,23,,,,,,,,,446,,,,,42,,,,,1271,27,,,0,0,0,,,0,,,,59,0,27,29,0,0,0,0,0,0,0,0,0,0,0,0,0,0,369,0,0,0,0,0,0,0,0,0,0,0,0,0,0,0,0,0,107,,,,,
TLAXCALA,29033,459,2021,June,238,143,3,48,5,,,,,,,1260,1231,2023,TLAXCALA,0.622837370242215,,,,,,,0,1,,,,,,,,,157,,,,,19,,,,,406,11,,,0,0,0,,,0,,,,7,0,12,12,0,0,0,0,0,0,0,0,0,0,0,0,0,0,150,0,0,0,0,0,0,0,0,0,0,0,0,0,0,0,0,1,28,,,,,
TLAXCALA,29033,460,2021,June,148,102,5,17,9,,,,,,,879,862,1407,TLAXCALA,0.624733475479744,,,,,,,0,2,,,,,,,,,149,,,,,8,,,,,276,15,,,0,0,0,,,0,,,,6,0,3,9,0,0,0,0,0,0,0,0,0,0,0,0,0,0,105,0,0,0,0,0,0,0,0,0,0,0,0,0,0,0,0,1,16,,,,,
TLAXCALA,29033,461,2021,June,198,175,9,19,8,,,,,,,1361,1335,2179,TLAXCALA,0.624598439651216,,,,,,,0,8,,,,,,,,,190,,,,,23,,,,,476,19,,,0,0,0,,,0,,,,4,0,11,14,0,0,0,0,0,0,0,0,0,0,0,0,0,0,159,0,0,0,0,0,0,0,0,0,0,0,0,0,0,0,0,0,26,,,,,
TLAXCALA,29033,462,2021,June,231,216,12,28,7,,,,,,,1469,1439,2141,TLAXCALA,0.68612797758057,,,,,,,0,5,,,,,,,,,239,,,,,15,,,,,460,3,,,0,0,0,,,0,,,,20,0,5,12,0,0,0,0,0,0,0,0,0,0,0,0,0,0,159,0,0,0,0,0,0,0,0,0,0,0,0,0,0,0,0,0,30,,,,,
TLAXCALA,29033,463,2021,June,186,181,5,25,7,,,,,,,1229,1195,1852,TLAXCALA,0.663606911447084,,,,,,,0,4,,,,,,,,,130,,,,,10,,,,,476,6,,,0,0,0,,,0,,,,0,0,14,12,0,0,0,0,0,0,0,0,0,0,0,0,0,0,126,0,0,0,0,0,0,0,0,0,0,0,0,0,0,0,0,1,33,,,,,
TLAXCALA,29033,464,2021,June,424,356,5,54,27,,,,,,,2743,2701,4738,TLAXCALA,0.578936260025327,,,,,,,0,8,,,,,,,,,402,,,,,37,,,,,923,17,,,0,0,0,,,0,,,,5,0,38,23,0,0,0,0,0,0,0,0,0,0,0,0,0,0,339,0,0,0,0,0,0,0,0,0,0,0,0,0,0,0,0,1,41,,,,,
TLAXCALA,29033,465,2021,June,311,415,8,88,59,,,,,,,3044,2977,4840,TLAXCALA,0.628925619834711,,,,,,,0,5,,,,,,,,,406,,,,,32,,,,,1057,29,,,0,0,0,,,0,,,,12,0,38,39,0,0,0,0,0,0,0,0,0,0,0,0,0,0,328,0,0,0,0,0,0,0,0,0,0,0,0,0,0,0,0,0,67,,,,,
TLAXCALA,29033,466,2021,June,253,332,5,54,45,,,,,,,2755,2685,4469,TLAXCALA,0.616469008726785,,,,,,,0,14,,,,,,,,,247,,,,,19,,,,,1134,29,,,0,0,0,,,0,,,,17,0,24,25,0,0,0,0,0,0,0,0,0,0,0,0,0,0,299,0,0,0,0,0,0,0,0,0,0,0,0,0,0,0,0,1,69,,,,,
TLAXCALA,29033,467,2021,June,106,158,4,51,4,,,,,,,946,928,1415,TLAXCALA,0.668551236749117,,,,,,,0,2,,,,,,,,,129,,,,,10,,,,,307,8,,,0,0,0,,,0,,,,3,0,3,36,0,0,0,0,0,0,0,0,0,0,0,0,0,0,79,0,0,0,0,0,0,0,0,0,0,0,0,0,0,0,0,0,18,,,,,
TLAXCALA,29033,468,2021,June,219,311,14,151,29,,,,,,,1708,1671,2596,TLAXCALA,0.657935285053929,,,,,,,0,11,,,,,,,,,186,,,,,13,,,,,525,17,,,0,0,0,,,0,,,,11,0,10,45,0,0,0,0,0,0,0,0,0,0,0,0,0,0,94,0,0,0,0,0,0,0,0,0,0,0,0,0,0,0,0,0,37,,,,,
TLAXCALA,29033,469,2021,June,108,229,3,122,16,,,,,,,1218,1186,1629,TLAXCALA,0.747697974217311,,,,,,,0,5,,,,,,,,,239,,,,,3,,,,,261,4,,,0,0,0,,,0,,,,1,0,3,39,0,0,0,0,0,0,0,0,0,0,0,0,0,0,113,0,0,0,0,0,0,0,0,0,0,0,0,0,0,0,0,0,32,,,,,
TLAXCALA,29033,612,2021,June,13,8,0,1,1,,,,,,,116,109,196,TLAXCALA,0.591836734693878,,,,,,,0,0,,,,,,,,,12,,,,,1,,,,,44,2,,,0,0,0,,,0,,,,0,0,0,12,0,0,0,0,0,0,0,0,0,0,0,0,0,0,15,0,0,0,0,0,0,0,0,0,0,0,0,0,0,0,0,0,7,,,,,
TLAXCO,29034,58,2021,June,16,15,61,0,0,,,,,,,128,120,228,TLAXCALA,0.56140350877193,,,,,,,0,0,,,,,,,,,0,,,,,0,,,,,16,0,,,0,0,0,,,0,,,,0,0,7,0,0,0,0,0,0,0,0,0,0,0,0,0,0,0,0,0,0,0,0,0,0,0,0,0,0,0,0,0,0,0,0,0,8,,,,,
TLAXCO,29034,470,2021,June,69,61,46,14,13,,,,,,,335,325,1081,TLAXCALA,0.309898242368178,,,,,,,0,1,,,,,,,,,7,,,,,0,,,,,78,0,,,0,0,0,,,0,,,,0,0,35,0,0,0,0,0,0,0,0,0,0,0,0,0,0,0,0,0,0,0,0,0,0,0,0,0,0,0,0,0,0,0,0,1,9,,,,,
TLAXCO,29034,471,2021,June,48,99,165,0,1,,,,,,,431,410,1451,TLAXCALA,0.297036526533425,,,,,,,0,3,,,,,,,,,40,,,,,0,,,,,17,0,,,0,0,0,,,0,,,,0,0,29,0,0,0,0,0,0,0,0,0,0,0,0,0,0,0,0,0,0,0,0,0,0,0,0,0,0,0,0,0,0,0,0,0,21,,,,,
TLAXCO,29034,472,2021,June,85,158,266,4,5,,,,,,,851,814,1353,TLAXCALA,0.628972653362897,,,,,,,0,12,,,,,,,,,79,,,,,0,,,,,117,0,,,0,0,0,,,0,,,,0,0,64,0,0,0,0,0,0,0,0,0,0,0,0,0,0,0,0,0,0,0,0,0,0,0,0,0,0,0,0,0,0,0,0,0,37,,,,,
TLAXCO,29034,473,2021,June,89,169,183,4,5,,,,,,,756,732,1144,TLAXCALA,0.660839160839161,,,,,,,0,10,,,,,,,,,50,,,,,0,,,,,116,0,,,0,0,0,,,0,,,,0,0,83,0,0,0,0,0,0,0,0,0,0,0,0,0,0,0,0,0,0,0,0,0,0,0,0,0,0,0,0,0,0,0,0,0,24,,,,,
TLAXCO,29034,474,2021,June,121,276,300,10,8,,,,,,,1135,1108,1892,TLAXCALA,0.599894291754757,,,,,,,0,3,,,,,,,,,105,,,,,0,,,,,149,0,,,0,0,0,,,0,,,,0,0,112,0,0,0,0,0,0,0,0,0,0,0,0,0,0,0,0,0,0,0,0,0,0,0,0,0,0,0,0,0,0,0,0,1,26,,,,,
TLAXCO,29034,475,2021,June,165,179,204,8,8,,,,,,,873,862,1294,TLAXCALA,0.674652241112828,,,,,,,0,3,,,,,,,,,38,,,,,0,,,,,180,0,,,0,0,0,,,0,,,,0,0,68,0,0,0,0,0,0,0,0,0,0,0,0,0,0,0,0,0,0,0,0,0,0,0,0,0,0,0,0,0,0,0,0,1,10,,,,,
TLAXCO,29034,476,2021,June,106,420,983,9,18,,,,,,,1939,1869,3084,TLAXCALA,0.628728923476005,,,,,,,0,7,,,,,,,,,88,,,,,0,,,,,117,0,,,0,0,0,,,0,,,,0,0,85,0,0,0,0,0,0,0,0,0,0,0,0,0,0,0,0,0,0,0,0,0,0,0,0,0,0,0,0,0,0,0,0,0,70,,,,,
TLAXCO,29034,477,2021,June,122,149,229,7,3,,,,,,,788,768,1103,TLAXCALA,0.71441523118767,,,,,,,0,3,,,,,,,,,86,,,,,0,,,,,88,0,,,0,0,0,,,0,,,,0,0,68,0,0,0,0,0,0,0,0,0,0,0,0,0,0,0,0,0,0,0,0,0,0,0,0,0,0,0,0,0,0,0,0,0,20,,,,,
TLAXCO,29034,478,2021,June,45,79,102,2,2,,,,,,,349,340,493,TLAXCALA,0.707910750507099,,,,,,,0,1,,,,,,,,,14,,,,,0,,,,,42,0,,,0,0,0,,,0,,,,0,0,47,0,0,0,0,0,0,0,0,0,0,0,0,0,0,0,0,0,0,0,0,0,0,0,0,0,0,0,0,0,0,0,0,0,9,,,,,
TLAXCO,29034,479,2021,June,27,27,122,2,0,,,,,,,238,234,338,TLAXCALA,0.70414201183432,,,,,,,0,0,,,,,,,,,12,,,,,0,,,,,37,0,,,0,0,0,,,0,,,,0,0,5,0,0,0,0,0,0,0,0,0,0,0,0,0,0,0,0,0,0,0,0,0,0,0,0,0,0,0,0,0,0,0,0,0,4,,,,,
TLAXCO,29034,480,2021,June,15,29,38,3,1,,,,,,,152,145,250,TLAXCALA,0.608,,,,,,,0,0,,,,,,,,,14,,,,,0,,,,,40,0,,,0,0,0,,,0,,,,0,0,2,0,0,0,0,0,0,0,0,0,0,0,0,0,0,0,0,0,0,0,0,0,0,0,0,0,0,0,0,0,0,0,0,0,7,,,,,
TLAXCO,29034,481,2021,June,204,259,391,5,2,,,,,,,1399,1366,2032,TLAXCALA,0.688484251968504,,,,,,,0,8,,,,,,,,,28,,,,,0,,,,,272,0,,,0,0,0,,,0,,,,0,0,147,0,0,0,0,0,0,0,0,0,0,0,0,0,0,0,0,0,0,0,0,0,0,0,0,0,0,0,0,0,0,0,0,0,33,,,,,
TLAXCO,29034,482,2021,June,86,331,214,2,5,,,,,,,1040,1014,1939,TLAXCALA,0.536358947911294,,,,,,,0,6,,,,,,,,,154,,,,,0,,,,,131,0,,,0,0,0,,,0,,,,0,0,71,0,0,0,0,0,0,0,0,0,0,0,0,0,0,0,0,0,0,0,0,0,0,0,0,0,0,0,0,0,0,0,0,0,26,,,,,
TLAXCO,29034,483,2021,June,49,14,19,0,0,,,,,,,94,90,130,TLAXCALA,0.723076923076923,,,,,,,0,0,,,,,,,,,6,,,,,0,,,,,0,0,,,0,0,0,,,0,,,,0,0,2,0,0,0,0,0,0,0,0,0,0,0,0,0,0,0,0,0,0,0,0,0,0,0,0,0,0,0,0,0,0,0,0,0,4,,,,,
TLAXCO,29034,484,2021,June,103,249,290,10,8,,,,,,,1123,1091,1772,TLAXCALA,0.633747178329571,,,,,,,0,32,,,,,,,,,30,,,,,0,,,,,320,0,,,0,0,0,,,0,,,,0,0,27,0,0,0,0,0,0,0,0,0,0,0,0,0,0,0,0,0,0,0,0,0,0,0,0,0,0,0,0,0,0,0,0,0,32,,,,,
TLAXCO,29034,485,2021,June,42,112,144,3,4,,,,,,,472,451,716,TLAXCALA,0.659217877094972,,,,,,,0,2,,,,,,,,,3,,,,,0,,,,,116,0,,,0,0,0,,,0,,,,0,0,13,0,0,0,0,0,0,0,0,0,0,0,0,0,0,0,0,0,0,0,0,0,0,0,0,0,0,0,0,0,0,0,0,0,21,,,,,
TLAXCO,29034,486,2021,June,48,123,77,5,4,,,,,,,437,425,632,TLAXCALA,0.691455696202532,,,,,,,0,6,,,,,,,,,34,,,,,0,,,,,71,0,,,0,0,0,,,0,,,,0,0,54,0,0,0,0,0,0,0,0,0,0,0,0,0,0,0,0,0,0,0,0,0,0,0,0,0,0,0,0,0,0,0,0,0,12,,,,,
TLAXCO,29034,487,2021,June,3,8,2,0,0,,,,,,,27,26,122,TLAXCALA,0.221311475409836,,,,,,,0,0,,,,,,,,,0,,,,,0,,,,,8,0,,,0,0,0,,,0,,,,0,0,3,0,0,0,0,0,0,0,0,0,0,0,0,0,0,0,0,0,0,0,0,0,0,0,0,0,0,0,0,0,0,0,0,0,1,,,,,
TLAXCO,29034,488,2021,June,131,149,203,4,6,,,,,,,794,759,1365,TLAXCALA,0.581684981684982,,,,,,,0,20,,,,,,,,,39,,,,,0,,,,,122,0,,,0,0,0,,,0,,,,0,0,58,0,0,0,0,0,0,0,0,0,0,0,0,0,0,0,0,0,0,0,0,0,0,0,0,0,0,0,0,0,0,0,0,0,35,,,,,
TLAXCO,29034,489,2021,June,10,14,39,1,0,,,,,,,82,80,107,TLAXCALA,0.766355140186916,,,,,,,0,0,,,,,,,,,4,,,,,0,,,,,10,0,,,0,0,0,,,0,,,,0,0,2,0,0,0,0,0,0,0,0,0,0,0,0,0,0,0,0,0,0,0,0,0,0,0,0,0,0,0,0,0,0,0,0,0,2,,,,,
TLAXCO,29034,490,2021,June,28,48,45,0,0,,,,,,,139,137,190,TLAXCALA,0.731578947368421,,,,,,,0,0,,,,,,,,,9,,,,,0,,,,,7,0,,,0,0,0,,,0,,,,0,0,0,0,0,0,0,0,0,0,0,0,0,0,0,0,0,0,0,0,0,0,0,0,0,0,0,0,0,0,0,0,0,0,0,0,2,,,,,
TLAXCO,29034,491,2021,June,137,626,475,13,7,,,,,,,1747,1648,2649,TLAXCALA,0.659494148735372,,,,,,,0,9,,,,,,,,,136,,,,,0,,,,,167,0,,,0,0,0,,,0,,,,0,0,52,0,0,0,0,0,0,0,0,0,0,0,0,0,0,0,0,0,0,0,0,0,0,0,0,0,0,0,0,0,0,0,0,0,99,,,,,
TLAXCO,29034,492,2021,June,47,77,91,0,0,,,,,,,277,267,344,TLAXCALA,0.805232558139535,,,,,,,0,0,,,,,,,,,6,,,,,0,,,,,21,0,,,0,0,0,,,0,,,,0,0,16,0,0,0,0,0,0,0,0,0,0,0,0,0,0,0,0,0,0,0,0,0,0,0,0,0,0,0,0,0,0,0,0,0,10,,,,,
TLAXCO,29034,493,2021,June,62,155,70,3,0,,,,,,,401,384,535,TLAXCALA,0.749532710280374,,,,,,,0,5,,,,,,,,,10,,,,,0,,,,,68,0,,,0,0,0,,,0,,,,0,0,10,0,0,0,0,0,0,0,0,0,0,0,0,0,0,0,0,0,0,0,0,0,0,0,0,0,0,0,0,0,0,0,0,0,17,,,,,
TLAXCO,29034,494,2021,June,84,76,136,6,4,,,,,,,573,543,889,TLAXCALA,0.644544431946007,,,,,,,0,26,,,,,,,,,78,,,,,0,,,,,107,0,,,0,0,0,,,0,,,,0,0,20,0,0,0,0,0,0,0,0,0,0,0,0,0,0,0,0,0,0,0,0,0,0,0,0,0,0,0,0,0,0,0,0,0,30,,,,,
TLAXCO,29034,495,2021,June,101,157,112,5,1,,,,,,,661,644,859,TLAXCALA,0.769499417927823,,,,,,,0,16,,,,,,,,,20,,,,,0,,,,,210,0,,,0,0,0,,,0,,,,0,0,17,0,0,0,0,0,0,0,0,0,0,0,0,0,0,0,0,0,0,0,0,0,0,0,0,0,0,0,0,0,0,0,0,0,17,,,,,
TLAXCO,29034,496,2021,June,70,100,98,8,8,,,,,,,439,416,664,TLAXCALA,0.661144578313253,,,,,,,0,5,,,,,,,,,12,,,,,0,,,,,85,0,,,0,0,0,,,0,,,,0,0,19,0,0,0,0,0,0,0,0,0,0,0,0,0,0,0,0,0,0,0,0,0,0,0,0,0,0,0,0,0,0,0,0,0,23,,,,,
TLAXCO,29034,497,2021,June,35,136,124,1,1,,,,,,,392,380,465,TLAXCALA,0.843010752688172,,,,,,,0,1,,,,,,,,,38,,,,,0,,,,,27,0,,,0,0,0,,,0,,,,0,0,11,0,0,0,0,0,0,0,0,0,0,0,0,0,0,0,0,0,0,0,0,0,0,0,0,0,0,0,0,0,0,0,0,0,12,,,,,
TLAXCO,29034,498,2021,June,33,94,74,4,2,,,,,,,286,277,360,TLAXCALA,0.794444444444444,,,,,,,0,2,,,,,,,,,11,,,,,0,,,,,45,0,,,0,0,0,,,0,,,,0,0,9,0,0,0,0,0,0,0,0,0,0,0,0,0,0,0,0,0,0,0,0,0,0,0,0,0,0,0,0,0,0,0,0,0,9,,,,,
TLAXCO,29034,499,2021,June,71,222,211,7,3,,,,,,,755,734,951,TLAXCALA,0.793901156677182,,,,,,,0,2,,,,,,,,,101,,,,,0,,,,,69,0,,,0,0,0,,,0,,,,0,0,18,0,0,0,0,0,0,0,0,0,0,0,0,0,0,0,0,0,0,0,0,0,0,0,0,0,0,0,0,0,0,0,0,0,21,,,,,
TLAXCO,29034,500,2021,June,149,111,108,0,0,,,,,,,385,370,487,TLAXCALA,0.790554414784394,,,,,,,0,0,,,,,,,,,2,,,,,0,,,,,0,0,,,0,0,0,,,0,,,,0,0,0,0,0,0,0,0,0,0,0,0,0,0,0,0,0,0,0,0,0,0,0,0,0,0,0,0,0,0,0,0,0,0,0,1,14,,,,,
TLAXCO,29034,501,2021,June,141,154,196,12,8,,,,,,,993,971,1405,TLAXCALA,0.706761565836299,,,,,,,0,145,,,,,,,,,89,,,,,0,,,,,189,0,,,0,0,0,,,0,,,,0,0,28,0,0,0,0,0,0,0,0,0,0,0,0,0,0,0,0,0,0,0,0,0,0,0,0,0,0,0,0,0,0,0,0,0,22,,,,,
TLAXCO,29034,502,2021,June,25,86,67,19,2,,,,,,,282,266,347,TLAXCALA,0.812680115273775,,,,,,,0,0,,,,,,,,,21,,,,,0,,,,,13,0,,,0,0,0,,,0,,,,0,0,2,0,0,0,0,0,0,0,0,0,0,0,0,0,0,0,0,0,0,0,0,0,0,0,0,0,0,0,0,0,0,0,0,0,16,,,,,
TLAXCO,29034,503,2021,June,14,21,40,1,0,,,,,,,120,119,154,TLAXCALA,0.779220779220779,,,,,,,0,2,,,,,,,,,22,,,,,0,,,,,17,0,,,0,0,0,,,0,,,,0,0,1,0,0,0,0,0,0,0,0,0,0,0,0,0,0,0,0,0,0,0,0,0,0,0,0,0,0,0,0,0,0,0,0,0,1,,,,,
TLAXCO,29034,504,2021,June,24,48,46,1,2,,,,,,,176,170,218,TLAXCALA,0.807339449541285,,,,,,,0,4,,,,,,,,,5,,,,,0,,,,,30,0,,,0,0,0,,,0,,,,0,0,8,0,0,0,0,0,0,0,0,0,0,0,0,0,0,0,0,0,0,0,0,0,0,0,0,0,0,0,0,0,0,0,0,0,6,,,,,
TOCATLAN,29035,505,2021,June,467,17,2,237,261,,,,,,,1855,1819,2505,TLAXCALA,0.740518962075848,,,,,,,0,26,,,,,,,,,24,,,,,2,,,,,66,0,,,0,0,0,,,0,,,,1,0,35,250,0,0,0,0,0,0,0,0,0,0,0,0,0,0,0,0,0,0,0,0,0,0,0,0,0,0,0,0,0,0,0,0,36,,,,,
TOCATLAN,29035,506,2021,June,272,4,1,225,50,,,,,,,1144,1119,1508,TLAXCALA,0.758620689655172,,,,,,,0,5,,,,,,,,,38,,,,,0,,,,,20,1,,,0,0,0,,,0,,,,0,0,19,177,0,0,0,0,0,0,0,0,0,0,0,0,0,0,0,0,0,0,0,0,0,0,0,0,0,0,0,0,0,0,0,0,25,,,,,
TOCATLAN,29035,507,2021,June,173,0,0,44,58,,,,,,,519,506,653,TLAXCALA,0.7947932618683,,,,,,,0,2,,,,,,,,,11,,,,,0,,,,,11,0,,,0,0,0,,,0,,,,0,0,57,67,0,0,0,0,0,0,0,0,0,0,0,0,0,0,0,0,0,0,0,0,0,0,0,0,0,0,0,0,0,0,0,0,13,,,,,
TOTOLAC,29036,508,2021,November,103,6,59,39,40,,,,,,,660,633,879,TLAXCALA,0.750853242320819,,,,,,,0,7,,,,,,,,,51,,,,,6,,,,,74,29,,,0,0,0,,,0,,,,51,0,36,21,0,0,0,0,0,0,0,0,0,0,0,0,0,0,0,0,0,0,0,0,0,0,0,0,0,0,0,0,0,0,0,0,27,,,,,
TOTOLAC,29036,509,2021,November,109,5,20,84,76,,,,,,,887,852,1193,TLAXCALA,0.743503772003353,,,,,,,0,33,,,,,,,,,87,,,,,7,,,,,82,30,,,0,0,0,,,0,,,,63,0,74,51,0,0,0,0,0,0,0,0,0,0,0,0,0,0,0,0,0,0,0,0,0,0,0,0,0,0,0,0,0,0,0,0,35,,,,,
TOTOLAC,29036,510,2021,November,73,24,92,65,17,,,,,,,761,737,1157,TLAXCALA,0.657735522904062,,,,,,,0,8,,,,,,,,,31,,,,,14,,,,,118,63,,,0,0,0,,,0,,,,77,0,19,101,0,0,0,0,0,0,0,0,0,0,0,0,0,0,0,0,0,0,0,0,0,0,0,0,0,0,0,0,0,0,0,0,24,,,,,
TOTOLAC,29036,511,2021,November,60,29,41,242,19,,,,,,,1172,1141,1890,TLAXCALA,0.62010582010582,,,,,,,146,38,,,,,,,,,56,,,,,45,,,,,242,63,,,0,0,0,,,0,,,,25,0,6,62,0,0,0,0,0,0,0,0,0,0,0,0,0,0,0,0,0,0,0,0,0,0,0,0,0,0,0,0,0,0,0,1,30,,,,,
TOTOLAC,29036,512,2021,November,97,18,51,250,22,,,,,,,1168,1131,1822,TLAXCALA,0.641053787047201,,,,,,,0,19,,,,,,,,,62,,,,,11,,,,,133,130,,,0,0,0,,,0,,,,82,0,62,113,0,0,0,0,0,0,0,0,0,0,0,0,0,0,0,0,0,0,0,0,0,0,0,0,0,0,0,0,0,0,0,0,37,,,,,
TOTOLAC,29036,513,2021,November,152,49,94,153,59,,,,,,,1595,1531,2303,TLAXCALA,0.692574902301346,,,,,,,0,29,,,,,,,,,70,,,,,122,,,,,291,203,,,0,0,0,,,0,,,,129,0,50,72,0,0,0,0,0,0,0,0,0,0,0,0,0,0,0,0,0,0,0,0,0,0,0,0,0,0,0,0,0,0,0,1,63,,,,,
TOTOLAC,29036,514,2021,November,104,16,67,49,13,,,,,,,790,761,1121,TLAXCALA,0.704727921498662,,,,,,,0,46,,,,,,,,,39,,,,,9,,,,,186,76,,,0,0,0,,,0,,,,55,0,13,60,0,0,0,0,0,0,0,0,0,0,0,0,0,0,0,0,0,0,0,0,0,0,0,0,0,0,0,0,0,0,0,0,29,,,,,
TOTOLAC,29036,515,2021,November,415,17,74,58,15,,,,,,,1409,1381,2083,TLAXCALA,0.676428228516563,,,,,,,0,10,,,,,,,,,48,,,,,9,,,,,128,217,,,0,0,0,,,0,,,,73,0,153,61,0,0,0,0,0,0,0,0,0,0,0,0,0,0,0,0,0,0,0,0,0,0,0,0,0,0,0,0,0,0,0,0,28,,,,,
TOTOLAC,29036,516,2021,November,400,11,53,34,7,,,,,,,1356,1329,1908,TLAXCALA,0.710691823899371,,,,,,,0,31,,,,,,,,,57,,,,,5,,,,,220,96,,,0,0,0,,,0,,,,107,0,151,96,0,0,0,0,0,0,0,0,0,0,0,0,0,0,0,0,0,0,0,0,0,0,0,0,0,0,0,0,0,0,0,1,26,,,,,
TOTOLAC,29036,517,2021,November,256,9,26,27,7,,,,,,,1096,1061,1548,TLAXCALA,0.708010335917313,,,,,,,0,94,,,,,,,,,41,,,,,4,,,,,154,85,,,0,0,0,,,0,,,,90,0,129,82,0,0,0,0,0,0,0,0,0,0,0,0,0,0,0,0,0,0,0,0,0,0,0,0,0,0,0,0,0,0,0,0,35,,,,,
TOTOLAC,29036,518,2021,November,217,21,68,64,19,,,,,,,1143,1105,1660,TLAXCALA,0.68855421686747,,,,,,,0,114,,,,,,,,,32,,,,,9,,,,,196,93,,,0,0,0,,,0,,,,59,0,83,61,0,0,0,0,0,0,0,0,0,0,0,0,0,0,0,0,0,0,0,0,0,0,0,0,0,0,0,0,0,0,0,0,38,,,,,
TOTOLAC,29036,519,2021,November,124,15,26,44,8,,,,,,,551,536,777,TLAXCALA,0.709137709137709,,,,,,,0,5,,,,,,,,,21,,,,,7,,,,,142,23,,,0,0,0,,,0,,,,19,0,28,37,0,0,0,0,0,0,0,0,0,0,0,0,0,0,0,0,0,0,0,0,0,0,0,0,0,0,0,0,0,0,0,0,15,,,,,
TOTOLAC,29036,611,2021,November,6,1,0,0,1,,,,,,,36,33,58,TLAXCALA,0.620689655172414,,,,,,,0,0,,,,,,,,,1,,,,,1,,,,,17,2,,,0,0,0,,,0,,,,1,0,2,1,0,0,0,0,0,0,0,0,0,0,0,0,0,0,0,0,0,0,0,0,0,0,0,0,0,0,0,0,0,0,0,0,3,,,,,
TZOMPANTEPEC,29038,529,2021,June,575,154,42,16,3,,,,,,,1209,1173,1549,TLAXCALA,0.780503550677857,,,,,,,0,20,,,,,,,,,39,,,,,47,,,,,241,4,,,0,0,0,,,0,,,,14,0,4,4,0,0,0,0,0,0,0,0,0,0,0,0,0,0,0,0,0,0,0,0,0,0,0,0,0,0,0,0,0,0,0,0,36,,,,,
TZOMPANTEPEC,29038,530,2021,June,327,108,71,28,4,,,,,,,889,866,1277,TLAXCALA,0.696162881754111,,,,,,,0,1,,,,,,,,,16,,,,,43,,,,,191,2,,,0,0,0,,,0,,,,7,0,19,20,0,0,0,0,0,0,0,0,0,0,0,0,0,0,0,0,0,0,0,0,0,0,0,0,0,0,0,0,0,0,0,0,23,,,,,
TZOMPANTEPEC,29038,536,2021,June,188,120,37,6,0,,,,,,,577,560,745,TLAXCALA,0.774496644295302,,,,,,,0,3,,,,,,,,,34,,,,,22,,,,,115,2,,,0,0,0,,,0,,,,15,0,1,2,0,0,0,0,0,0,0,0,0,0,0,0,0,0,0,0,0,0,0,0,0,0,0,0,0,0,0,0,0,0,0,0,17,,,,,
TZOMPANTEPEC,29038,537,2021,June,79,31,31,4,0,,,,,,,228,224,254,TLAXCALA,0.897637795275591,,,,,,,0,4,,,,,,,,,8,,,,,23,,,,,20,0,,,0,0,0,,,0,,,,1,0,8,3,0,0,0,0,0,0,0,0,0,0,0,0,0,0,0,0,0,0,0,0,0,0,0,0,0,0,0,0,0,0,0,0,4,,,,,
TZOMPANTEPEC,29038,613,2021,June,152,297,49,22,8,,,,,,,1224,1188,2240,TLAXCALA,0.546428571428571,,,,,,,0,10,,,,,,,,,111,,,,,64,,,,,287,35,,,0,0,0,,,0,,,,36,0,59,35,0,0,0,0,0,0,0,0,0,0,0,0,0,0,0,0,0,0,0,0,0,0,0,0,0,0,0,0,0,0,0,0,36,,,,,
TZOMPANTEPEC,29038,614,2021,June,209,261,222,19,4,,,,,,,1396,1360,2067,TLAXCALA,0.675374939525883,,,,,,,0,31,,,,,,,,,34,,,,,130,,,,,224,5,,,0,0,0,,,0,,,,15,0,62,33,0,0,0,0,0,0,0,0,0,0,0,0,0,0,0,0,0,0,0,0,0,0,0,0,0,0,0,0,0,0,0,0,36,,,,,
TZOMPANTEPEC,29038,615,2021,June,126,199,69,13,5,,,,,,,1135,1108,2009,TLAXCALA,0.564957690393231,,,,,,,0,44,,,,,,,,,80,,,,,62,,,,,302,31,,,0,0,0,,,0,,,,22,0,118,11,0,0,0,0,0,0,0,0,0,0,0,0,0,0,0,0,0,0,0,0,0,0,0,0,0,0,0,0,0,0,0,0,27,,,,,
TZOMPANTEPEC,29038,616,2021,June,210,338,208,11,4,,,,,,,1300,1273,1866,TLAXCALA,0.696677384780279,,,,,,,0,10,,,,,,,,,36,,,,,61,,,,,164,9,,,0,0,0,,,0,,,,31,0,33,51,0,0,0,0,0,0,0,0,0,0,0,0,0,0,0,0,0,0,0,0,0,0,0,0,0,0,0,0,0,0,0,0,27,,,,,
XALOZTOC,29039,538,2021,June,94,230,63,258,213,,,,,,,1559,1508,2349,TLAXCALA,0.663686675180928,,,,,,,0,31,,,,,,,,,54,,,,,176,,,,,82,51,,,0,0,0,,,0,,,,4,0,50,6,0,0,0,0,0,0,0,0,0,0,0,0,0,0,0,0,0,0,0,0,0,0,0,0,0,0,0,0,0,0,0,0,51,,,,,
XALOZTOC,29039,539,2021,June,86,300,70,258,269,,,,,,,1668,1636,2153,TLAXCALA,0.774732930794241,,,,,,,0,36,,,,,,,,,43,,,,,214,,,,,107,52,,,0,0,0,,,0,,,,1,0,47,7,0,0,0,0,0,0,0,0,0,0,0,0,0,0,0,0,0,0,0,0,0,0,0,0,0,0,0,0,0,0,0,0,32,,,,,
XALOZTOC,29039,540,2021,June,116,460,110,454,142,,,,,,,2346,2300,3424,TLAXCALA,0.685163551401869,,,,,,,0,46,,,,,,,,,40,,,,,272,,,,,125,114,,,0,0,0,,,0,,,,1,0,81,16,0,0,0,0,0,0,0,0,0,0,0,0,0,0,0,0,0,0,0,0,0,0,0,0,0,0,0,0,0,0,0,0,46,,,,,
XALOZTOC,29039,541,2021,June,73,254,51,206,221,,,,,,,1440,1404,2812,TLAXCALA,0.512091038406828,,,,,,,0,53,,,,,,,,,31,,,,,129,,,,,117,46,,,0,0,0,,,0,,,,0,0,79,11,0,0,0,0,0,0,0,0,0,0,0,0,0,0,0,0,0,0,0,0,0,0,0,0,0,0,0,0,0,0,0,0,36,,,,,
XALOZTOC,29039,542,2021,June,65,192,39,287,85,,,,,,,1695,1652,2586,TLAXCALA,0.655452436194896,,,,,,,0,56,,,,,,,,,26,,,,,492,,,,,72,22,,,0,0,0,,,0,,,,4,0,85,11,0,0,0,0,0,0,0,0,0,0,0,0,0,0,0,0,0,0,0,0,0,0,0,0,0,0,0,0,0,0,0,1,42,,,,,
XALOZTOC,29039,543,2021,June,100,243,34,224,99,,,,,,,1543,1503,2192,TLAXCALA,0.703923357664234,,,,,,,0,11,,,,,,,,,41,,,,,196,,,,,74,39,,,0,0,0,,,0,,,,2,0,69,11,0,0,0,0,0,0,0,0,0,0,0,0,0,0,0,0,0,0,0,0,0,0,0,0,0,0,0,0,0,0,0,0,40,,,,,
XALOZTOC,29039,544,2021,June,51,132,7,70,99,,,,,,,538,527,643,TLAXCALA,0.836702954898911,,,,,,,0,5,,,,,,,,,6,,,,,63,,,,,16,27,,,0,0,0,,,0,,,,1,0,26,2,0,0,0,0,0,0,0,0,0,0,0,0,0,0,0,0,0,0,0,0,0,0,0,0,0,0,0,0,0,0,0,0,11,,,,,
XALOZTOC,29039,545,2021,June,20,54,14,60,60,,,,,,,427,416,618,TLAXCALA,0.690938511326861,,,,,,,0,9,,,,,,,,,5,,,,,92,,,,,12,6,,,0,0,0,,,0,,,,0,0,27,9,0,0,0,0,0,0,0,0,0,0,0,0,0,0,0,0,0,0,0,0,0,0,0,0,0,0,0,0,0,0,0,0,11,,,,,
XALOZTOC,29039,546,2021,June,37,76,21,169,96,,,,,,,612,601,794,TLAXCALA,0.770780856423174,,,,,,,0,7,,,,,,,,,5,,,,,96,,,,,38,5,,,0,0,0,,,0,,,,0,0,29,0,0,0,0,0,0,0,0,0,0,0,0,0,0,0,0,0,0,0,0,0,0,0,0,0,0,0,0,0,0,0,0,0,11,,,,,
XALTOCAN,29040,547,2021,June,37,79,47,5,76,,,,,,,439,430,1202,TLAXCALA,0.36522462562396,,,,,,,0,1,,,,,,,,,6,,,,,7,,,,,58,2,,,0,0,0,,,0,,,,1,0,88,10,0,0,0,0,0,0,0,0,0,0,0,0,13,0,0,0,0,0,0,0,0,0,0,0,0,0,0,0,0,0,0,0,9,,,,,
XALTOCAN,29040,548,2021,June,34,106,103,9,114,,,,,,,925,892,2024,TLAXCALA,0.45701581027668,,,,,,,0,8,,,,,,,,,20,,,,,16,,,,,75,11,,,0,0,0,,,0,,,,1,0,334,19,0,0,0,0,0,0,0,0,0,0,0,0,42,0,0,0,0,0,0,0,0,0,0,0,0,0,0,0,0,0,0,0,33,,,,,
XALTOCAN,29040,549,2021,June,59,134,76,3,58,,,,,,,991,956,1469,TLAXCALA,0.674608577263444,,,,,,,0,8,,,,,,,,,30,,,,,11,,,,,150,11,,,0,0,0,,,0,,,,1,0,398,6,0,0,0,0,0,0,0,0,0,0,0,0,11,0,0,0,0,0,0,0,0,0,0,0,0,0,0,0,0,0,0,0,35,,,,,
XALTOCAN,29040,550,2021,June,36,95,73,4,58,,,,,,,649,625,956,TLAXCALA,0.678870292887029,,,,,,,0,22,,,,,,,,,10,,,,,6,,,,,87,12,,,0,0,0,,,0,,,,3,0,209,7,0,0,0,0,0,0,0,0,0,0,0,0,3,0,0,0,0,0,0,0,0,0,0,0,0,0,0,0,0,0,0,6,18,,,,,
XALTOCAN,29040,553,2021,June,27,22,6,0,29,,,,,,,257,248,332,TLAXCALA,0.774096385542169,,,,,,,0,6,,,,,,,,,0,,,,,2,,,,,29,6,,,0,0,0,,,0,,,,0,0,120,1,0,0,0,0,0,0,0,0,0,0,0,0,0,0,0,0,0,0,0,0,0,0,0,0,0,0,0,0,0,0,0,0,9,,,,,
XALTOCAN,29040,554,2021,June,6,22,16,1,20,,,,,,,136,132,175,TLAXCALA,0.777142857142857,,,,,,,0,1,,,,,,,,,9,,,,,1,,,,,14,1,,,0,0,0,,,0,,,,0,0,41,0,0,0,0,0,0,0,0,0,0,0,0,0,0,0,0,0,0,0,0,0,0,0,0,0,0,0,0,0,0,0,0,0,4,,,,,
XALTOCAN,29040,555,2021,June,65,27,52,3,51,,,,,,,529,504,703,TLAXCALA,0.7524893314367,,,,,,,0,13,,,,,,,,,7,,,,,2,,,,,78,21,,,0,0,0,,,0,,,,1,0,150,5,0,0,0,0,0,0,0,0,0,0,0,0,29,0,0,0,0,0,0,0,0,0,0,0,0,0,0,0,0,0,0,6,19,,,,,
XALTOCAN,29040,556,2021,June,34,84,51,3,48,,,,,,,591,575,817,TLAXCALA,0.723378212974296,,,,,,,0,2,,,,,,,,,12,,,,,9,,,,,66,27,,,0,0,0,,,0,,,,2,0,204,19,0,0,0,0,0,0,0,0,0,0,0,0,14,0,0,0,0,0,0,0,0,0,0,0,0,0,0,0,0,0,0,0,16,,,,,
XALTOCAN,29040,557,2021,June,19,65,51,1,58,,,,,,,535,503,775,TLAXCALA,0.690322580645161,,,,,,,0,0,,,,,,,,,11,,,,,5,,,,,32,5,,,0,0,0,,,0,,,,3,0,244,5,0,0,0,0,0,0,0,0,0,0,0,0,4,0,0,0,0,0,0,0,0,0,0,0,0,0,0,0,0,0,0,10,22,,,,,
XICOHTZINCO,29042,570,2021,June,53,28,364,220,0,,,,,,,1946,1906,2760,TLAXCALA,0.705072463768116,,,,,,,0,62,,,,,,,,,5,,,,,254,,,,,411,0,,,0,0,0,,,0,,,,21,0,121,82,0,0,0,0,0,0,0,0,0,0,0,0,0,0,0,0,0,0,0,0,0,0,0,0,0,0,0,0,0,0,0,0,40,,,,,
XICOHTZINCO,29042,571,2021,June,57,21,176,139,0,,,,,,,1266,1248,1750,TLAXCALA,0.723428571428571,,,,,,,0,48,,,,,,,,,3,,,,,172,,,,,222,0,,,0,0,0,,,0,,,,44,0,118,37,0,0,0,0,0,0,0,0,0,0,0,0,0,0,0,0,0,0,0,0,0,0,0,0,0,0,0,0,0,0,0,0,18,,,,,
XICOHTZINCO,29042,572,2021,June,44,33,175,94,0,,,,,,,1277,1270,1784,TLAXCALA,0.715807174887892,,,,,,,0,25,,,,,,,,,18,,,,,150,,,,,217,0,,,0,0,0,,,0,,,,28,0,94,42,0,0,0,0,0,0,0,0,0,0,0,0,0,0,0,0,0,0,0,0,0,0,0,0,0,0,0,0,0,0,0,0,7,,,,,
XICOHTZINCO,29042,573,2021,June,23,9,68,35,0,,,,,,,443,442,1898,TLAXCALA,0.233403582718651,,,,,,,0,12,,,,,,,,,0,,,,,65,,,,,60,0,,,0,0,0,,,0,,,,1,0,63,20,0,0,0,0,0,0,0,0,0,0,0,0,0,0,0,0,0,0,0,0,0,0,0,0,0,0,0,0,0,0,0,0,1,,,,,
XICOHTZINCO,29042,574,2021,June,82,47,432,176,0,,,,,,,2026,1978,3045,TLAXCALA,0.665353037766831,,,,,,,0,54,,,,,,,,,5,,,,,267,,,,,281,0,,,0,0,0,,,0,,,,16,0,160,109,0,0,0,0,0,0,0,0,0,0,0,0,0,0,0,0,0,0,0,0,0,0,0,0,0,0,0,0,0,0,0,0,48,,,,,
YAUHQUEMEHCAN,29043,575,2021,June,270,173,51,28,25,,,,,,,1401,1367,2253,TLAXCALA,0.621837549933422,,,,,,,0,2,,,,,,,,,297,,,,,4,,,,,247,53,,,0,0,0,,,0,,,,37,0,147,24,0,0,0,0,0,0,0,0,0,0,0,0,0,0,0,0,0,0,0,0,0,0,0,0,0,0,0,0,0,0,0,0,34,,,,,
YAUHQUEMEHCAN,29043,576,2021,June,164,133,27,15,15,,,,,,,1123,1097,1794,TLAXCALA,0.625975473801561,,,,,,,0,3,,,,,,,,,308,,,,,1,,,,,273,21,,,0,0,0,,,0,,,,39,0,72,21,0,0,0,0,0,0,0,0,0,0,0,0,0,0,0,0,0,0,0,0,0,0,0,0,0,0,0,0,0,0,0,1,25,,,,,
YAUHQUEMEHCAN,29043,577,2021,June,138,58,16,21,13,,,,,,,559,547,748,TLAXCALA,0.747326203208556,,,,,,,0,2,,,,,,,,,95,,,,,1,,,,,123,26,,,0,0,0,,,0,,,,4,0,40,6,0,0,0,0,0,0,0,0,0,0,0,0,0,0,0,0,0,0,0,0,0,0,0,0,0,0,0,0,0,0,0,0,12,,,,,
YAUHQUEMEHCAN,29043,578,2021,June,78,134,6,29,13,,,,,,,843,814,1133,TLAXCALA,0.744042365401589,,,,,,,0,0,,,,,,,,,162,,,,,5,,,,,159,77,,,0,0,0,,,0,,,,12,0,114,24,0,0,0,0,0,0,0,0,0,0,0,0,0,0,0,0,0,0,0,0,0,0,0,0,0,0,0,0,0,0,0,0,29,,,,,
YAUHQUEMEHCAN,29043,579,2021,June,128,60,21,12,53,,,,,,,892,867,1299,TLAXCALA,0.686682063125481,,,,,,,0,1,,,,,,,,,247,,,,,5,,,,,160,42,,,0,0,0,,,0,,,,17,0,92,26,0,0,0,0,0,0,0,0,0,0,0,0,0,0,0,0,0,0,0,0,0,0,0,0,0,0,0,0,0,0,0,0,25,,,,,
YAUHQUEMEHCAN,29043,580,2021,June,212,279,36,13,81,,,,,,,1364,1326,2541,TLAXCALA,0.536796536796537,,,,,,,0,4,,,,,,,,,232,,,,,7,,,,,229,60,,,0,0,0,,,0,,,,3,0,118,42,0,0,0,0,0,0,0,0,0,0,0,0,0,0,0,0,0,0,0,0,0,0,0,0,0,0,0,0,0,0,0,0,38,,,,,
YAUHQUEMEHCAN,29043,581,2021,June,199,393,25,33,130,,,,,,,1740,1688,3808,TLAXCALA,0.456932773109244,,,,,,,0,6,,,,,,,,,270,,,,,6,,,,,313,133,,,0,0,0,,,0,,,,8,0,133,32,0,0,0,0,0,0,0,0,0,0,0,0,0,0,0,0,0,0,0,0,0,0,0,0,0,0,0,0,0,0,0,1,51,,,,,
YAUHQUEMEHCAN,29043,582,2021,June,299,407,37,70,124,,,,,,,2753,2682,4934,TLAXCALA,0.557965139845967,,,,,,,0,33,,,,,,,,,450,,,,,30,,,,,580,239,,,0,0,0,,,0,,,,19,0,264,114,0,0,0,0,0,0,0,0,0,0,0,0,0,0,0,0,0,0,0,0,0,0,0,0,0,0,0,0,0,0,0,1,70,,,,,
YAUHQUEMEHCAN,29043,583,2021,June,232,241,44,21,56,,,,,,,1602,1543,3204,TLAXCALA,0.5,,,,,,,0,2,,,,,,,,,235,,,,,21,,,,,364,98,,,0,0,0,,,0,,,,8,0,124,77,0,0,0,0,0,0,0,0,0,0,0,0,0,0,0,0,0,0,0,0,0,0,0,0,0,0,0,0,0,0,0,0,59,,,,,
YAUHQUEMEHCAN,29043,584,2021,June,66,112,8,9,54,,,,,,,840,813,1448,TLAXCALA,0.580110497237569,,,,,,,0,2,,,,,,,,,201,,,,,11,,,,,169,36,,,0,0,0,,,0,,,,2,0,62,68,0,0,0,0,0,0,0,0,0,0,0,0,0,0,0,0,0,0,0,0,0,0,0,0,0,0,0,0,0,0,0,0,27,,,,,
YAUHQUEMEHCAN,29043,585,2021,June,236,235,8,16,69,,,,,,,1904,1859,2854,TLAXCALA,0.667133847231955,,,,,,,0,3,,,,,,,,,330,,,,,15,,,,,331,66,,,0,0,0,,,0,,,,3,0,164,379,0,0,0,0,0,0,0,0,0,0,0,0,0,0,0,0,0,0,0,0,0,0,0,0,0,0,0,0,0,0,0,1,44,,,,,
ZACATELCO,29044,588,2021,June,100,63,74,44,55,,,,,,,914,881,1327,TLAXCALA,0.688771665410701,,,,,,,0,33,,,,,,,,,24,,,,,56,,,,,140,0,,,0,0,0,,,0,,,,15,0,54,32,0,0,0,0,0,41,163,0,0,0,0,0,0,0,0,0,0,0,0,0,0,0,0,0,0,0,0,0,0,0,0,0,33,,,,,
ZACATELCO,29044,589,2021,June,180,54,91,102,99,,,,,,,1445,1397,2197,TLAXCALA,0.65771506599909,,,,,,,0,60,,,,,,,,,9,,,,,35,,,,,227,0,,,0,0,0,,,0,,,,22,0,65,110,0,0,0,0,0,57,159,0,0,0,0,0,0,0,0,0,0,0,0,0,0,0,0,0,0,0,0,0,0,0,0,0,48,,,,,
ZACATELCO,29044,590,2021,June,264,112,122,202,126,,,,,,,2260,2184,3551,TLAXCALA,0.63644043931287,,,,,,,0,125,,,,,,,,,34,,,,,65,,,,,402,0,,,0,0,0,,,0,,,,51,0,90,83,0,0,0,0,0,119,79,0,0,0,0,0,0,0,0,0,0,0,0,0,0,0,0,0,0,0,0,0,0,0,0,0,76,,,,,
ZACATELCO,29044,591,2021,June,160,68,68,209,116,,,,,,,1743,1692,2647,TLAXCALA,0.658481299584435,,,,,,,0,111,,,,,,,,,35,,,,,44,,,,,306,0,,,0,0,0,,,0,,,,19,0,105,61,0,0,0,0,0,153,0,0,0,0,0,0,0,0,0,0,0,0,0,0,0,0,0,0,0,0,0,0,0,0,0,0,51,,,,,
ZACATELCO,29044,592,2021,June,231,125,293,191,164,,,,,,,2376,2291,3748,TLAXCALA,0.633938100320171,,,,,,,0,124,,,,,,,,,37,,,,,164,,,,,308,0,,,0,0,0,,,0,,,,35,0,109,98,0,0,0,0,0,94,0,0,0,0,0,0,0,0,0,0,0,0,0,0,0,0,0,0,0,0,0,0,0,0,0,1,84,,,,,
ZACATELCO,29044,593,2021,June,208,77,94,175,102,,,,,,,1617,1573,2459,TLAXCALA,0.657584383895893,,,,,,,0,98,,,,,,,,,29,,,,,119,,,,,247,0,,,0,0,0,,,0,,,,18,0,66,52,0,0,0,0,0,42,0,0,0,0,0,0,0,0,0,0,0,0,0,0,0,0,0,0,0,0,0,0,0,0,0,0,44,,,,,
ZACATELCO,29044,594,2021,June,139,78,92,91,92,,,,,,,1414,1374,2262,TLAXCALA,0.625110521662246,,,,,,,0,130,,,,,,,,,26,,,,,35,,,,,164,0,,,0,0,0,,,0,,,,18,0,145,52,0,0,0,0,0,59,0,0,0,0,0,0,0,0,0,0,0,0,0,0,0,0,0,0,0,0,0,0,0,0,0,0,40,,,,,
ZACATELCO,29044,595,2021,June,157,100,118,101,126,,,,,,,1543,1506,2299,TLAXCALA,0.671161374510657,,,,,,,0,104,,,,,,,,,13,,,,,71,,,,,196,0,,,0,0,0,,,0,,,,33,0,144,60,0,0,0,0,0,42,0,0,0,0,0,0,0,0,0,0,0,0,0,0,0,0,0,0,0,0,0,0,0,0,0,0,37,,,,,
ZACATELCO,29044,596,2021,June,85,141,54,50,59,,,,,,,948,916,1302,TLAXCALA,0.728110599078341,,,,,,,0,46,,,,,,,,,16,,,,,31,,,,,122,0,,,0,0,0,,,0,,,,10,0,72,38,0,0,0,0,0,18,0,0,0,0,0,0,0,0,0,0,0,0,0,0,0,0,0,0,0,0,0,0,0,0,0,0,32,,,,,
ZACATELCO,29044,597,2021,June,125,173,86,108,59,,,,,,,1261,1225,1818,TLAXCALA,0.693619361936194,,,,,,,0,48,,,,,,,,,19,,,,,65,,,,,161,0,,,0,0,0,,,0,,,,5,0,92,24,0,0,0,0,0,22,0,0,0,0,0,0,0,0,0,0,0,0,0,0,0,0,0,0,0,0,0,0,0,0,0,1,35,,,,,
ZACATELCO,29044,598,2021,June,116,116,138,83,55,,,,,,,1447,1403,2182,TLAXCALA,0.663153070577452,,,,,,,0,72,,,,,,,,,20,,,,,113,,,,,173,0,,,0,0,0,,,0,,,,50,0,112,42,0,0,0,0,0,30,0,0,0,0,0,0,0,0,0,0,0,0,0,0,0,0,0,0,0,0,0,0,0,0,0,0,44,,,,,
ZACATELCO,29044,599,2021,June,127,113,148,86,59,,,,,,,1689,1639,2789,TLAXCALA,0.605593402653281,,,,,,,0,107,,,,,,,,,22,,,,,72,,,,,226,0,,,0,0,0,,,0,,,,35,0,126,104,0,0,0,0,0,94,0,0,0,0,0,0,0,0,0,0,0,0,0,0,0,0,0,0,0,0,0,0,0,0,0,0,50,,,,,
ZACATELCO,29044,600,2021,June,174,149,165,133,109,,,,,,,2382,2340,3359,TLAXCALA,0.70913962488836,,,,,,,0,225,,,,,,,,,57,,,,,112,,,,,332,0,,,0,0,0,,,0,,,,46,0,163,98,0,0,0,0,0,55,0,0,0,0,0,0,0,0,0,0,0,0,0,0,0,0,0,0,0,0,0,0,0,0,0,0,42,,,,,
ZACATELCO,29044,601,2021,June,150,120,82,100,90,,,,,,,1919,1869,2769,TLAXCALA,0.693029974720116,,,,,,,0,127,,,,,,,,,171,,,,,76,,,,,228,0,,,0,0,0,,,0,,,,21,0,110,69,0,0,0,0,0,51,0,0,0,0,0,0,0,0,0,0,0,0,0,0,0,0,0,0,0,0,0,0,0,0,0,0,50,,,,,
ZITLALTEPEC DE TRINIDAD SANCHEZ SANTOS,29037,520,2021,June,319,1,69,2,0,,,,,,,1096,1062,1524,TLAXCALA,0.719160104986877,,,,,,,0,79,,,,,,,,,40,,,,,223,,,,,51,43,,,0,0,0,,,0,,,,60,0,2,0,0,0,0,0,0,0,0,0,0,0,0,0,0,0,0,0,0,0,0,0,0,0,0,0,0,0,0,0,0,0,0,0,34,,,,,
ZITLALTEPEC DE TRINIDAD SANCHEZ SANTOS,29037,521,2021,June,147,16,12,4,0,,,,,,,804,773,1054,TLAXCALA,0.76280834914611,,,,,,,0,46,,,,,,,,,17,,,,,226,,,,,150,10,,,0,0,0,,,0,,,,25,0,24,0,0,0,0,0,0,0,0,0,0,0,0,0,0,0,0,0,0,0,0,0,0,0,0,0,0,0,0,0,0,0,0,0,31,,,,,
ZITLALTEPEC DE TRINIDAD SANCHEZ SANTOS,29037,522,2021,June,258,2,56,7,0,,,,,,,915,885,1343,TLAXCALA,0.681310498883098,,,,,,,0,41,,,,,,,,,13,,,,,214,,,,,89,48,,,0,0,0,,,0,,,,32,0,7,0,0,0,0,0,0,0,0,0,0,0,0,0,0,0,0,0,0,0,0,0,0,0,0,0,0,0,0,0,0,0,0,0,30,,,,,
ZITLALTEPEC DE TRINIDAD SANCHEZ SANTOS,29037,523,2021,June,183,5,77,2,0,,,,,,,822,795,1215,TLAXCALA,0.676543209876543,,,,,,,0,51,,,,,,,,,4,,,,,129,,,,,44,22,,,0,0,0,,,0,,,,47,0,1,0,0,0,0,0,0,0,0,0,0,0,0,0,0,0,0,0,0,0,0,0,0,0,0,0,0,0,0,0,0,0,0,0,27,,,,,
ZITLALTEPEC DE TRINIDAD SANCHEZ SANTOS,29037,524,2021,June,90,42,55,0,0,,,,,,,453,424,592,TLAXCALA,0.765202702702703,,,,,,,0,44,,,,,,,,,18,,,,,48,,,,,38,15,,,0,0,0,,,0,,,,28,0,2,0,0,0,0,0,0,0,0,0,0,0,0,0,0,0,0,0,0,0,0,0,0,0,0,0,0,0,0,0,0,0,0,0,29,,,,,
ZITLALTEPEC DE TRINIDAD SANCHEZ SANTOS,29037,525,2021,June,303,4,18,34,0,,,,,,,756,713,925,TLAXCALA,0.817297297297297,,,,,,,0,21,,,,,,,,,8,,,,,102,,,,,72,14,,,0,0,0,,,0,,,,68,0,0,0,0,0,0,0,0,0,0,0,0,0,0,0,0,0,0,0,0,0,0,0,0,0,0,0,0,0,0,0,0,0,0,0,43,,,,,
ZITLALTEPEC DE TRINIDAD SANCHEZ SANTOS,29037,526,2021,June,2,3,1,0,0,,,,,,,82,74,156,TLAXCALA,0.525641025641026,,,,,,,0,11,,,,,,,,,0,,,,,12,,,,,17,23,,,0,0,0,,,0,,,,3,0,0,0,0,0,0,0,0,0,0,0,0,0,0,0,0,0,0,0,0,0,0,0,0,0,0,0,0,0,0,0,0,0,0,0,8,,,,,
ACUAMANALA DE MIGUEL HIDALGO,29022,309,2024,June,0,0,72,182,0,,,,,,,1218,1189,1477,TLAXCALA,0.824644549763033,,,,,,,265,,,,,,,,,,133,,,,,203,,,,,154,,,,0,0,0,,,0,,,,,,65,0,0,,,,,,,,,,,,,,,,,,,,,,,,,,,,,,,0,29,115,0,0,0,0
ACUAMANALA DE MIGUEL HIDALGO,29022,310,2024,June,0,0,169,153,0,,,,,,,1453,1416,1716,TLAXCALA,0.846736596736597,,,,,,,244,,,,,,,,,,185,,,,,339,,,,,173,,,,0,0,0,,,0,,,,,,67,2,0,,,,,,,,,,,,,,,,,,,,,,,,,,,,,,,0,37,84,0,0,0,0
ACUAMANALA DE MIGUEL HIDALGO,29022,311,2024,June,0,0,94,152,0,,,,,,,1079,1044,1333,TLAXCALA,0.809452363090773,,,,,,,151,,,,,,,,,,135,,,,,190,,,,,178,,,,0,0,0,,,0,,,,,,20,2,0,,,,,,,,,,,,,,,,,,,,,,,,,,,,,,,0,35,122,0,0,0,0
ACUAMANALA DE MIGUEL HIDALGO,29022,312,2024,June,0,0,63,68,0,,,,,,,704,681,821,TLAXCALA,0.857490864799026,,,,,,,82,,,,,,,,,,118,,,,,164,,,,,96,,,,0,0,0,,,0,,,,,,3,2,0,,,,,,,,,,,,,,,,,,,,,,,,,,,,,,,1,22,85,0,0,0,0
AMAXAC DE GUERRERO,29001,0,2024,June,0,0,0,1,0,,,,,,,4,4,4,TLAXCALA,1,,,,,,,0,,,,,,,,,,0,,,,,0,,,,,3,,,,0,0,0,,,0,,,,,,0,0,0,,,,,,,,,,,,,,,,,,,,,,,,,,,,,,,0,0,0,0,0,0,0
AMAXAC DE GUERRERO,29001,1,2024,June,0,0,119,42,76,,,,,,,952,922,1283,TLAXCALA,0.742010911925175,,,,,,,3,,,,,,,,,,61,,,,,11,,,,,327,,,,0,0,0,,,0,,,,,,0,52,0,,,,,,,,,,,,,,,,,,,,,,,,,,,,,,,0,30,231,0,0,0,0
AMAXAC DE GUERRERO,29001,2,2024,June,0,0,87,156,219,,,,,,,2839,2729,3816,TLAXCALA,0.743972746331237,,,,,,,18,,,,,,,,,,280,,,,,33,,,,,941,,,,0,0,0,,,0,,,,,,0,200,0,,,,,,,,,,,,,,,,,,,,,,,,,,,,,,,2,108,795,0,0,0,0
AMAXAC DE GUERRERO,29001,3,2024,June,0,0,142,72,274,,,,,,,2400,2338,3228,TLAXCALA,0.743494423791822,,,,,,,14,,,,,,,,,,274,,,,,30,,,,,877,,,,0,0,0,,,0,,,,,,0,139,0,,,,,,,,,,,,,,,,,,,,,,,,,,,,,,,1,61,516,0,0,0,0
AMAXAC DE GUERRERO,29001,4,2024,June,0,0,23,5,64,,,,,,,639,605,758,TLAXCALA,0.843007915567282,,,,,,,2,,,,,,,,,,27,,,,,18,,,,,238,,,,0,0,0,,,0,,,,,,0,26,0,,,,,,,,,,,,,,,,,,,,,,,,,,,,,,,0,34,202,0,0,0,0
APETATITLAN DE ANTONIO CARVAJAL,29002,0,2024,June,0,0,0,0,0,,,,,,,1,1,2,TLAXCALA,0.5,,,,,,,0,,,,,,,,,,0,,,,,0,,,,,1,,,,0,0,0,,,0,,,,,,0,0,0,,,,,,,,,,,,,,,,,,,,,,,,,,,,,,,0,0,0,0,0,0,0
APETATITLAN DE ANTONIO CARVAJAL,29002,5,2024,June,0,0,15,39,138,,,,,,,2161,2093,2780,TLAXCALA,0.777338129496403,,,,,,,0,,,,,,,,,,659,,,,,183,,,,,250,,,,0,0,0,,,0,,,,,,10,55,0,,,,,,,,,,,,,,,,,,,,,,,,,,,,,,,0,68,744,0,0,0,0
APETATITLAN DE ANTONIO CARVAJAL,29002,6,2024,June,0,0,0,5,47,,,,,,,681,654,902,TLAXCALA,0.754988913525499,,,,,,,0,,,,,,,,,,226,,,,,58,,,,,40,,,,0,0,0,,,0,,,,,,3,6,0,,,,,,,,,,,,,,,,,,,,,,,,,,,,,,,3,24,269,0,0,0,0
APETATITLAN DE ANTONIO CARVAJAL,29002,7,2024,June,0,0,5,1,9,,,,,,,256,247,319,TLAXCALA,0.802507836990596,,,,,,,0,,,,,,,,,,87,,,,,11,,,,,24,,,,0,0,0,,,0,,,,,,0,5,0,,,,,,,,,,,,,,,,,,,,,,,,,,,,,,,0,9,105,0,0,0,0
APETATITLAN DE ANTONIO CARVAJAL,29002,8,2024,June,0,0,21,26,98,,,,,,,1798,1743,2377,TLAXCALA,0.756415649978965,,,,,,,0,,,,,,,,,,525,,,,,166,,,,,149,,,,0,0,0,,,0,,,,,,3,27,0,,,,,,,,,,,,,,,,,,,,,,,,,,,,,,,1,54,728,0,0,0,0
APETATITLAN DE ANTONIO CARVAJAL,29002,9,2024,June,0,0,8,29,145,,,,,,,1999,1901,2781,TLAXCALA,0.718806184825602,,,,,,,0,,,,,,,,,,703,,,,,121,,,,,311,,,,0,0,0,,,0,,,,,,5,19,0,,,,,,,,,,,,,,,,,,,,,,,,,,,,,,,0,98,560,0,0,0,0
APETATITLAN DE ANTONIO CARVAJAL,29002,10,2024,June,0,0,3,35,160,,,,,,,2394,2322,3021,TLAXCALA,0.792452830188679,,,,,,,0,,,,,,,,,,1131,,,,,142,,,,,232,,,,0,0,0,,,0,,,,,,12,29,0,,,,,,,,,,,,,,,,,,,,,,,,,,,,,,,0,72,578,0,0,0,0
APETATITLAN DE ANTONIO CARVAJAL,29002,11,2024,June,0,0,3,16,47,,,,,,,757,732,950,TLAXCALA,0.796842105263158,,,,,,,0,,,,,,,,,,255,,,,,82,,,,,85,,,,0,0,0,,,0,,,,,,2,8,0,,,,,,,,,,,,,,,,,,,,,,,,,,,,,,,0,25,234,0,0,0,0
APIZACO,29005,0,2024,June,0,0,0,0,0,,,,,,,6,3,6,TLAXCALA,1,,,,,,,0,,,,,,,,,,0,,,,,0,,,,,3,,,,0,0,0,,,0,,,,,,0,0,0,,,,,,,,,,,,,,,,,,,,,,,,,,,,,,,0,3,0,0,0,0,0
APIZACO,29005,12,2024,June,0,0,1,13,27,,,,,,,802,779,1177,TLAXCALA,0.681393372982158,,,,,,,2,,,,,,,,,,117,,,,,31,,,,,277,,,,104,0,0,,,0,,,,,,3,2,0,,,,,,,,,,,,,,,,,,,,,,,,,,,,,,,0,23,202,0,0,0,0
APIZACO,29005,13,2024,June,0,0,12,51,59,,,,,,,1706,1636,2451,TLAXCALA,0.696042431660547,,,,,,,6,,,,,,,,,,238,,,,,29,,,,,567,,,,192,0,0,,,0,,,,,,8,12,0,,,,,,,,,,,,,,,,,,,,,,,,,,,,,,,1,69,462,0,0,0,0
APIZACO,29005,14,2024,June,0,0,34,84,105,,,,,,,3505,3405,5194,TLAXCALA,0.674817096649981,,,,,,,12,,,,,,,,,,477,,,,,83,,,,,1211,,,,350,0,0,,,0,,,,,,14,21,0,,,,,,,,,,,,,,,,,,,,,,,,,,,,,,,0,100,1014,0,0,0,0
APIZACO,29005,15,2024,June,0,0,4,30,28,,,,,,,1123,1092,1675,TLAXCALA,0.67044776119403,,,,,,,2,,,,,,,,,,171,,,,,30,,,,,382,,,,130,0,0,,,0,,,,,,7,5,0,,,,,,,,,,,,,,,,,,,,,,,,,,,,,,,0,31,303,0,0,0,0
APIZACO,29005,16,2024,June,0,0,8,20,69,,,,,,,1223,1186,1695,TLAXCALA,0.721533923303835,,,,,,,4,,,,,,,,,,147,,,,,26,,,,,399,,,,143,0,0,,,0,,,,,,9,11,0,,,,,,,,,,,,,,,,,,,,,,,,,,,,,,,0,37,350,0,0,0,0
APIZACO,29005,17,2024,June,0,0,3,18,20,,,,,,,983,953,1327,TLAXCALA,0.74076865109269,,,,,,,3,,,,,,,,,,122,,,,,16,,,,,303,,,,157,0,0,,,0,,,,,,6,4,0,,,,,,,,,,,,,,,,,,,,,,,,,,,,,,,2,28,301,0,0,0,0
APIZACO,29005,18,2024,June,0,0,2,6,24,,,,,,,769,738,1063,TLAXCALA,0.723424270931326,,,,,,,3,,,,,,,,,,75,,,,,8,,,,,191,,,,153,0,0,,,0,,,,,,3,1,0,,,,,,,,,,,,,,,,,,,,,,,,,,,,,,,0,31,272,0,0,0,0
APIZACO,29005,19,2024,June,0,0,6,16,31,,,,,,,797,774,1125,TLAXCALA,0.708444444444444,,,,,,,2,,,,,,,,,,105,,,,,16,,,,,228,,,,149,0,0,,,0,,,,,,4,3,0,,,,,,,,,,,,,,,,,,,,,,,,,,,,,,,1,22,214,0,0,0,0
APIZACO,29005,20,2024,June,0,0,1,6,11,,,,,,,628,600,972,TLAXCALA,0.646090534979424,,,,,,,2,,,,,,,,,,99,,,,,12,,,,,180,,,,127,0,0,,,0,,,,,,4,3,0,,,,,,,,,,,,,,,,,,,,,,,,,,,,,,,0,28,155,0,0,0,0
APIZACO,29005,21,2024,June,0,0,1,3,11,,,,,,,337,324,449,TLAXCALA,0.750556792873051,,,,,,,2,,,,,,,,,,37,,,,,5,,,,,103,,,,82,0,0,,,0,,,,,,0,0,0,,,,,,,,,,,,,,,,,,,,,,,,,,,,,,,0,13,80,0,0,0,0
APIZACO,29005,22,2024,June,0,0,5,21,29,,,,,,,935,904,1368,TLAXCALA,0.683479532163743,,,,,,,2,,,,,,,,,,107,,,,,13,,,,,315,,,,134,0,0,,,0,,,,,,4,5,0,,,,,,,,,,,,,,,,,,,,,,,,,,,,,,,0,31,269,0,0,0,0
APIZACO,29005,23,2024,June,0,0,2,8,11,,,,,,,448,436,674,TLAXCALA,0.664688427299703,,,,,,,3,,,,,,,,,,61,,,,,9,,,,,131,,,,70,0,0,,,0,,,,,,6,3,0,,,,,,,,,,,,,,,,,,,,,,,,,,,,,,,0,12,132,0,0,0,0
APIZACO,29005,24,2024,June,0,0,3,19,21,,,,,,,590,571,872,TLAXCALA,0.676605504587156,,,,,,,2,,,,,,,,,,80,,,,,10,,,,,187,,,,64,0,0,,,0,,,,,,3,1,0,,,,,,,,,,,,,,,,,,,,,,,,,,,,,,,1,18,181,0,0,0,0
APIZACO,29005,25,2024,June,0,0,1,10,21,,,,,,,921,895,1313,TLAXCALA,0.701447067783701,,,,,,,3,,,,,,,,,,142,,,,,22,,,,,276,,,,129,0,0,,,0,,,,,,3,3,0,,,,,,,,,,,,,,,,,,,,,,,,,,,,,,,0,26,285,0,0,0,0
APIZACO,29005,26,2024,June,0,0,1,21,27,,,,,,,956,923,1395,TLAXCALA,0.685304659498208,,,,,,,3,,,,,,,,,,141,,,,,18,,,,,300,,,,77,0,0,,,0,,,,,,6,3,0,,,,,,,,,,,,,,,,,,,,,,,,,,,,,,,0,33,326,0,0,0,0
APIZACO,29005,27,2024,June,0,0,10,29,41,,,,,,,1404,1363,2153,TLAXCALA,0.652113330236879,,,,,,,2,,,,,,,,,,204,,,,,31,,,,,432,,,,163,0,0,,,0,,,,,,11,3,0,,,,,,,,,,,,,,,,,,,,,,,,,,,,,,,1,40,437,0,0,0,0
APIZACO,29005,28,2024,June,0,0,4,27,32,,,,,,,930,900,1428,TLAXCALA,0.651260504201681,,,,,,,5,,,,,,,,,,139,,,,,11,,,,,294,,,,139,0,0,,,0,,,,,,5,2,0,,,,,,,,,,,,,,,,,,,,,,,,,,,,,,,0,30,242,0,0,0,0
APIZACO,29005,29,2024,June,0,0,3,24,43,,,,,,,1162,1114,1743,TLAXCALA,0.666666666666667,,,,,,,4,,,,,,,,,,141,,,,,31,,,,,385,,,,135,0,0,,,0,,,,,,1,13,0,,,,,,,,,,,,,,,,,,,,,,,,,,,,,,,0,48,334,0,0,0,0
APIZACO,29005,31,2024,June,0,0,8,38,59,,,,,,,1832,1742,3083,TLAXCALA,0.594226402854363,,,,,,,8,,,,,,,,,,266,,,,,35,,,,,691,,,,129,0,0,,,0,,,,,,8,9,0,,,,,,,,,,,,,,,,,,,,,,,,,,,,,,,1,89,491,0,0,0,0
APIZACO,29005,32,2024,June,0,0,4,16,29,,,,,,,1272,1230,1919,TLAXCALA,0.66284523189161,,,,,,,7,,,,,,,,,,157,,,,,34,,,,,432,,,,135,0,0,,,0,,,,,,9,8,0,,,,,,,,,,,,,,,,,,,,,,,,,,,,,,,0,42,399,0,0,0,0
APIZACO,29005,33,2024,June,0,0,7,15,51,,,,,,,1450,1402,2212,TLAXCALA,0.655515370705244,,,,,,,5,,,,,,,,,,226,,,,,34,,,,,492,,,,186,0,0,,,0,,,,,,4,6,0,,,,,,,,,,,,,,,,,,,,,,,,,,,,,,,0,48,376,0,0,0,0
APIZACO,29005,34,2024,June,0,0,7,8,44,,,,,,,1018,980,1407,TLAXCALA,0.723525230987918,,,,,,,4,,,,,,,,,,159,,,,,19,,,,,324,,,,135,0,0,,,0,,,,,,7,7,0,,,,,,,,,,,,,,,,,,,,,,,,,,,,,,,0,38,266,0,0,0,0
APIZACO,29005,35,2024,June,0,0,6,13,34,,,,,,,851,827,1197,TLAXCALA,0.7109440267335,,,,,,,5,,,,,,,,,,117,,,,,12,,,,,306,,,,95,0,0,,,0,,,,,,6,9,0,,,,,,,,,,,,,,,,,,,,,,,,,,,,,,,1,23,224,0,0,0,0
APIZACO,29005,36,2024,June,0,0,13,12,52,,,,,,,1358,1314,2074,TLAXCALA,0.654773384763742,,,,,,,9,,,,,,,,,,226,,,,,27,,,,,408,,,,181,0,0,,,0,,,,,,3,5,0,,,,,,,,,,,,,,,,,,,,,,,,,,,,,,,0,44,378,0,0,0,0
APIZACO,29005,37,2024,June,0,0,7,15,23,,,,,,,914,887,1317,TLAXCALA,0.694001518602885,,,,,,,1,,,,,,,,,,144,,,,,15,,,,,319,,,,130,0,0,,,0,,,,,,13,2,0,,,,,,,,,,,,,,,,,,,,,,,,,,,,,,,2,25,218,0,0,0,0
APIZACO,29005,38,2024,June,0,0,19,22,10,,,,,,,784,745,1114,TLAXCALA,0.703770197486535,,,,,,,14,,,,,,,,,,88,,,,,11,,,,,291,,,,19,0,0,,,0,,,,,,3,2,0,,,,,,,,,,,,,,,,,,,,,,,,,,,,,,,0,39,266,0,0,0,0
APIZACO,29005,39,2024,June,0,0,2,43,36,,,,,,,928,888,1275,TLAXCALA,0.727843137254902,,,,,,,3,,,,,,,,,,188,,,,,17,,,,,314,,,,39,0,0,,,0,,,,,,3,4,0,,,,,,,,,,,,,,,,,,,,,,,,,,,,,,,0,40,239,0,0,0,0
APIZACO,29005,40,2024,June,0,0,20,33,70,,,,,,,1906,1819,2806,TLAXCALA,0.679258731290093,,,,,,,11,,,,,,,,,,358,,,,,47,,,,,690,,,,91,0,0,,,0,,,,,,5,14,0,,,,,,,,,,,,,,,,,,,,,,,,,,,,,,,0,87,480,0,0,0,0
APIZACO,29005,42,2024,June,0,0,1,9,13,,,,,,,405,389,646,TLAXCALA,0.626934984520124,,,,,,,2,,,,,,,,,,74,,,,,10,,,,,152,,,,58,0,0,,,0,,,,,,4,1,0,,,,,,,,,,,,,,,,,,,,,,,,,,,,,,,0,16,65,0,0,0,0
APIZACO,29005,43,2024,June,0,0,17,50,65,,,,,,,2702,2586,4152,TLAXCALA,0.650770712909441,,,,,,,9,,,,,,,,,,426,,,,,65,,,,,868,,,,369,0,0,,,0,,,,,,9,11,0,,,,,,,,,,,,,,,,,,,,,,,,,,,,,,,0,116,697,0,0,0,0
APIZACO,29005,44,2024,June,0,0,9,66,44,,,,,,,1747,1670,2476,TLAXCALA,0.705573505654281,,,,,,,6,,,,,,,,,,209,,,,,60,,,,,624,,,,302,0,0,,,0,,,,,,11,11,0,,,,,,,,,,,,,,,,,,,,,,,,,,,,,,,0,77,328,0,0,0,0
APIZACO,29005,45,2024,June,0,0,3,12,12,,,,,,,294,282,464,TLAXCALA,0.633620689655172,,,,,,,0,,,,,,,,,,56,,,,,10,,,,,92,,,,26,0,0,,,0,,,,,,2,1,0,,,,,,,,,,,,,,,,,,,,,,,,,,,,,,,0,12,68,0,0,0,0
APIZACO,29005,46,2024,June,0,0,6,72,58,,,,,,,1429,1397,2069,TLAXCALA,0.690671822136298,,,,,,,6,,,,,,,,,,200,,,,,19,,,,,514,,,,129,0,0,,,0,,,,,,5,6,0,,,,,,,,,,,,,,,,,,,,,,,,,,,,,,,0,32,382,0,0,0,0
APIZACO,29005,47,2024,June,0,0,8,46,59,,,,,,,1761,1690,2758,TLAXCALA,0.638506163886875,,,,,,,8,,,,,,,,,,264,,,,,45,,,,,733,,,,167,0,0,,,0,,,,,,4,6,0,,,,,,,,,,,,,,,,,,,,,,,,,,,,,,,0,71,350,0,0,0,0
APIZACO,29005,48,2024,June,0,0,1,3,11,,,,,,,278,271,362,TLAXCALA,0.767955801104972,,,,,,,3,,,,,,,,,,58,,,,,3,,,,,73,,,,26,0,0,,,0,,,,,,1,1,0,,,,,,,,,,,,,,,,,,,,,,,,,,,,,,,0,7,91,0,0,0,0
APIZACO,29005,618,2024,June,0,0,8,31,32,,,,,,,1207,1161,1628,TLAXCALA,0.741400491400491,,,,,,,6,,,,,,,,,,211,,,,,24,,,,,423,,,,111,0,0,,,0,,,,,,3,4,0,,,,,,,,,,,,,,,,,,,,,,,,,,,,,,,0,46,308,0,0,0,0
APIZACO,29005,619,2024,June,0,0,9,19,38,,,,,,,1260,1209,1883,TLAXCALA,0.669144981412639,,,,,,,3,,,,,,,,,,244,,,,,28,,,,,453,,,,126,0,0,,,0,,,,,,2,6,0,,,,,,,,,,,,,,,,,,,,,,,,,,,,,,,0,51,281,0,0,0,0
APIZACO,29005,634,2024,June,0,0,9,25,98,,,,,,,1802,1748,2643,TLAXCALA,0.681800983730609,,,,,,,11,,,,,,,,,,258,,,,,50,,,,,646,,,,197,0,0,,,0,,,,,,3,9,0,,,,,,,,,,,,,,,,,,,,,,,,,,,,,,,0,54,442,0,0,0,0
APIZACO,29005,635,2024,June,0,0,6,22,63,,,,,,,1520,1473,2398,TLAXCALA,0.633861551292744,,,,,,,7,,,,,,,,,,236,,,,,36,,,,,556,,,,143,0,0,,,0,,,,,,14,4,0,,,,,,,,,,,,,,,,,,,,,,,,,,,,,,,0,47,386,0,0,0,0
APIZACO,29005,636,2024,June,0,0,5,18,47,,,,,,,857,830,1416,TLAXCALA,0.605225988700565,,,,,,,4,,,,,,,,,,109,,,,,22,,,,,289,,,,106,0,0,,,0,,,,,,4,4,0,,,,,,,,,,,,,,,,,,,,,,,,,,,,,,,0,27,222,0,0,0,0
ATLANGATEPEC,29003,0,2024,June,0,0,0,0,0,,,,,,,1,0,1,TLAXCALA,1,,,,,,,0,,,,,,,,,,0,,,,,0,,,,,0,,,,0,0,0,,,0,,,,,,0,0,0,,,,,,,,,,,,,,,,,,,,,,,,,,,,,,,0,1,0,0,0,0,0
ATLANGATEPEC,29003,49,2024,June,0,0,0,27,4,,,,,,,590,565,776,TLAXCALA,0.760309278350515,,,,,,,26,,,,,,,,,,1,,,,,136,,,,,208,,,,0,0,0,,,0,,,,,,0,51,0,,,,,,,,,,,,,,,,,,,,,,,,,,,,,,,0,25,112,0,0,0,0
ATLANGATEPEC,29003,50,2024,June,0,0,0,3,5,,,,,,,313,306,388,TLAXCALA,0.806701030927835,,,,,,,4,,,,,,,,,,0,,,,,110,,,,,36,,,,0,0,0,,,0,,,,,,0,4,0,,,,,,,,,,,,,,,,,,,,,,,,,,,,,,,0,7,144,0,0,0,0
ATLANGATEPEC,29003,51,2024,June,0,0,0,3,4,,,,,,,308,296,373,TLAXCALA,0.82573726541555,,,,,,,8,,,,,,,,,,1,,,,,66,,,,,64,,,,0,0,0,,,0,,,,,,0,65,0,,,,,,,,,,,,,,,,,,,,,,,,,,,,,,,0,12,85,0,0,0,0
ATLANGATEPEC,29003,52,2024,June,0,0,0,0,0,,,,,,,107,104,120,TLAXCALA,0.891666666666667,,,,,,,5,,,,,,,,,,0,,,,,43,,,,,33,,,,0,0,0,,,0,,,,,,0,12,0,,,,,,,,,,,,,,,,,,,,,,,,,,,,,,,0,3,11,0,0,0,0
ATLANGATEPEC,29003,53,2024,June,0,0,0,8,7,,,,,,,877,844,1203,TLAXCALA,0.72901080631754,,,,,,,30,,,,,,,,,,5,,,,,192,,,,,213,,,,0,0,0,,,0,,,,,,0,191,0,,,,,,,,,,,,,,,,,,,,,,,,,,,,,,,0,33,198,0,0,0,0
ATLANGATEPEC,29003,54,2024,June,0,0,0,2,0,,,,,,,352,343,462,TLAXCALA,0.761904761904762,,,,,,,11,,,,,,,,,,0,,,,,116,,,,,72,,,,0,0,0,,,0,,,,,,0,42,0,,,,,,,,,,,,,,,,,,,,,,,,,,,,,,,0,9,100,0,0,0,0
ATLANGATEPEC,29003,55,2024,June,0,0,0,12,1,,,,,,,279,267,385,TLAXCALA,0.724675324675325,,,,,,,23,,,,,,,,,,3,,,,,57,,,,,72,,,,0,0,0,,,0,,,,,,0,23,0,,,,,,,,,,,,,,,,,,,,,,,,,,,,,,,0,12,76,0,0,0,0
ATLANGATEPEC,29003,56,2024,June,0,0,0,13,5,,,,,,,1007,966,1317,TLAXCALA,0.76461655277145,,,,,,,94,,,,,,,,,,7,,,,,417,,,,,139,,,,0,0,0,,,0,,,,,,0,98,0,,,,,,,,,,,,,,,,,,,,,,,,,,,,,,,0,41,193,0,0,0,0
ATLANGATEPEC,29003,57,2024,June,0,0,0,4,0,,,,,,,288,273,393,TLAXCALA,0.732824427480916,,,,,,,10,,,,,,,,,,1,,,,,74,,,,,37,,,,0,0,0,,,0,,,,,,0,23,0,,,,,,,,,,,,,,,,,,,,,,,,,,,,,,,0,15,124,0,0,0,0
ATLTZAYANCA,29004,0,2024,June,0,0,0,0,0,,,,,,,0,0,3,TLAXCALA,0,,,,,,,0,,,,,,,,,,0,,,,,0,,,,,0,,,,0,0,0,,,0,,,,,,0,0,0,,,,,,,,,,,,,,,,,,,,,,,,,,,,,,,0,0,0,0,0,0,0
ATLTZAYANCA,29004,59,2024,June,115,272,0,54,92,,,,,,,835,814,1061,TLAXCALA,0.786993402450518,,,,,,,17,,,,,,,,,,16,,,,,21,,,,,191,,,,0,0,0,,,0,,,,,,4,32,0,,,,,,,,,,,,,,,,,,,,,,,,,,,,,,,0,21,0,0,0,0,0
ATLTZAYANCA,29004,60,2024,June,35,250,0,26,77,,,,,,,632,614,830,TLAXCALA,0.76144578313253,,,,,,,11,,,,,,,,,,10,,,,,46,,,,,149,,,,0,0,0,,,0,,,,,,2,8,0,,,,,,,,,,,,,,,,,,,,,,,,,,,,,,,0,18,0,0,0,0,0
ATLTZAYANCA,29004,61,2024,June,90,45,0,29,20,,,,,,,428,395,554,TLAXCALA,0.772563176895307,,,,,,,15,,,,,,,,,,22,,,,,57,,,,,96,,,,0,0,0,,,0,,,,,,5,16,0,,,,,,,,,,,,,,,,,,,,,,,,,,,,,,,0,33,0,0,0,0,0
ATLTZAYANCA,29004,62,2024,June,64,51,0,40,12,,,,,,,311,297,366,TLAXCALA,0.849726775956284,,,,,,,6,,,,,,,,,,18,,,,,19,,,,,67,,,,0,0,0,,,0,,,,,,0,20,0,,,,,,,,,,,,,,,,,,,,,,,,,,,,,,,0,14,0,0,0,0,0
ATLTZAYANCA,29004,63,2024,June,64,35,0,31,21,,,,,,,325,309,385,TLAXCALA,0.844155844155844,,,,,,,1,,,,,,,,,,14,,,,,35,,,,,88,,,,0,0,0,,,0,,,,,,3,17,0,,,,,,,,,,,,,,,,,,,,,,,,,,,,,,,0,16,0,0,0,0,0
ATLTZAYANCA,29004,64,2024,June,32,37,0,5,14,,,,,,,198,190,233,TLAXCALA,0.849785407725322,,,,,,,2,,,,,,,,,,2,,,,,40,,,,,48,,,,0,0,0,,,0,,,,,,1,9,0,,,,,,,,,,,,,,,,,,,,,,,,,,,,,,,0,8,0,0,0,0,0
ATLTZAYANCA,29004,65,2024,June,20,67,0,50,11,,,,,,,221,218,247,TLAXCALA,0.894736842105263,,,,,,,0,,,,,,,,,,11,,,,,10,,,,,40,,,,0,0,0,,,0,,,,,,0,9,0,,,,,,,,,,,,,,,,,,,,,,,,,,,,,,,0,3,0,0,0,0,0
ATLTZAYANCA,29004,66,2024,June,56,120,0,36,45,,,,,,,406,377,543,TLAXCALA,0.747697974217311,,,,,,,5,,,,,,,,,,11,,,,,38,,,,,61,,,,0,0,0,,,0,,,,,,0,5,0,,,,,,,,,,,,,,,,,,,,,,,,,,,,,,,0,29,0,0,0,0,0
ATLTZAYANCA,29004,67,2024,June,32,38,0,1,10,,,,,,,226,221,261,TLAXCALA,0.865900383141763,,,,,,,1,,,,,,,,,,15,,,,,14,,,,,107,,,,0,0,0,,,0,,,,,,0,3,0,,,,,,,,,,,,,,,,,,,,,,,,,,,,,,,0,5,0,0,0,0,0
ATLTZAYANCA,29004,68,2024,June,262,663,0,180,75,,,,,,,1716,1653,2254,TLAXCALA,0.76131322094055,,,,,,,5,,,,,,,,,,31,,,,,114,,,,,294,,,,0,0,0,,,0,,,,,,1,28,0,,,,,,,,,,,,,,,,,,,,,,,,,,,,,,,0,63,0,0,0,0,0
ATLTZAYANCA,29004,69,2024,June,72,90,0,101,115,,,,,,,730,714,937,TLAXCALA,0.779082177161153,,,,,,,11,,,,,,,,,,5,,,,,129,,,,,180,,,,0,0,0,,,0,,,,,,1,10,0,,,,,,,,,,,,,,,,,,,,,,,,,,,,,,,0,16,0,0,0,0,0
ATLTZAYANCA,29004,70,2024,June,72,87,0,81,20,,,,,,,456,445,567,TLAXCALA,0.804232804232804,,,,,,,13,,,,,,,,,,12,,,,,69,,,,,78,,,,0,0,0,,,0,,,,,,2,11,0,,,,,,,,,,,,,,,,,,,,,,,,,,,,,,,0,11,0,0,0,0,0
ATLTZAYANCA,29004,71,2024,June,89,156,0,60,50,,,,,,,817,777,1070,TLAXCALA,0.763551401869159,,,,,,,10,,,,,,,,,,33,,,,,189,,,,,153,,,,0,0,0,,,0,,,,,,4,33,0,,,,,,,,,,,,,,,,,,,,,,,,,,,,,,,0,40,0,0,0,0,0
ATLTZAYANCA,29004,72,2024,June,75,98,0,71,28,,,,,,,644,608,791,TLAXCALA,0.814159292035398,,,,,,,8,,,,,,,,,,9,,,,,236,,,,,63,,,,0,0,0,,,0,,,,,,2,18,0,,,,,,,,,,,,,,,,,,,,,,,,,,,,,,,0,36,0,0,0,0,0
ATLTZAYANCA,29004,73,2024,June,37,74,0,28,10,,,,,,,240,232,314,TLAXCALA,0.764331210191083,,,,,,,0,,,,,,,,,,8,,,,,12,,,,,40,,,,0,0,0,,,0,,,,,,0,23,0,,,,,,,,,,,,,,,,,,,,,,,,,,,,,,,0,8,0,0,0,0,0
ATLTZAYANCA,29004,74,2024,June,152,128,0,112,26,,,,,,,916,879,1180,TLAXCALA,0.776271186440678,,,,,,,7,,,,,,,,,,15,,,,,246,,,,,178,,,,0,0,0,,,0,,,,,,3,12,0,,,,,,,,,,,,,,,,,,,,,,,,,,,,,,,0,37,0,0,0,0,0
ATLTZAYANCA,29004,75,2024,June,39,72,0,137,8,,,,,,,433,415,520,TLAXCALA,0.832692307692308,,,,,,,2,,,,,,,,,,17,,,,,66,,,,,68,,,,0,0,0,,,0,,,,,,1,5,0,,,,,,,,,,,,,,,,,,,,,,,,,,,,,,,0,18,0,0,0,0,0
ATLTZAYANCA,29004,76,2024,June,43,16,0,55,10,,,,,,,180,172,211,TLAXCALA,0.853080568720379,,,,,,,1,,,,,,,,,,5,,,,,25,,,,,14,,,,0,0,0,,,0,,,,,,0,3,0,,,,,,,,,,,,,,,,,,,,,,,,,,,,,,,0,8,0,0,0,0,0
ATLTZAYANCA,29004,77,2024,June,126,384,0,52,154,,,,,,,1246,1211,1557,TLAXCALA,0.800256904303147,,,,,,,16,,,,,,,,,,71,,,,,40,,,,,285,,,,0,0,0,,,0,,,,,,0,83,0,,,,,,,,,,,,,,,,,,,,,,,,,,,,,,,0,35,0,0,0,0,0
BENITO JUAREZ,29045,295,2024,June,0,0,9,1065,0,,,,,,,2022,1947,3029,TLAXCALA,0.667547045229449,,,,,,,9,,,,,,,,,,15,,,,,5,,,,,693,,,,0,0,0,,,0,,,,,,134,0,0,,,,,,,,,,,,,,,,,,,,,,,,,,,,,,,0,75,17,0,0,0,0
BENITO JUAREZ,29045,296,2024,June,0,0,5,694,0,,,,,,,1240,1202,1872,TLAXCALA,0.662393162393162,,,,,,,1,,,,,,,,,,1,,,,,4,,,,,432,,,,0,0,0,,,0,,,,,,58,1,0,,,,,,,,,,,,,,,,,,,,,,,,,,,,,,,0,38,6,0,0,0,0
BENITO JUAREZ,29045,645,2024,June,0,0,4,181,0,,,,,,,347,340,528,TLAXCALA,0.65719696969697,,,,,,,0,,,,,,,,,,3,,,,,0,,,,,131,,,,0,0,0,,,0,,,,,,19,0,0,,,,,,,,,,,,,,,,,,,,,,,,,,,,,,,0,7,2,0,0,0,0
CALPULALPAN,29006,78,2024,June,0,0,50,453,74,,,,,,,2731,2600,4854,TLAXCALA,0.562628759785744,,,,,,,17,,,,,,,,,,300,,,,,44,,,,,789,,,,0,659,0,,,0,,,,,,27,32,0,,,,,,,,,,,,,,,,,,,,,,,,,,,,,,,0,131,155,0,0,0,0
CALPULALPAN,29006,79,2024,June,0,0,29,267,47,,,,,,,1435,1382,2362,TLAXCALA,0.607535986452159,,,,,,,3,,,,,,,,,,189,,,,,15,,,,,411,,,,0,322,0,,,0,,,,,,12,3,0,,,,,,,,,,,,,,,,,,,,,,,,,,,,,,,0,53,84,0,0,0,0
CALPULALPAN,29006,80,2024,June,0,0,18,164,40,,,,,,,1044,1006,1502,TLAXCALA,0.695073235685752,,,,,,,6,,,,,,,,,,153,,,,,14,,,,,272,,,,0,265,0,,,0,,,,,,20,3,0,,,,,,,,,,,,,,,,,,,,,,,,,,,,,,,1,37,51,0,0,0,0
CALPULALPAN,29006,81,2024,June,0,0,5,196,34,,,,,,,1131,1081,1877,TLAXCALA,0.602557272242941,,,,,,,3,,,,,,,,,,251,,,,,12,,,,,333,,,,0,192,0,,,0,,,,,,14,2,0,,,,,,,,,,,,,,,,,,,,,,,,,,,,,,,0,50,39,0,0,0,0
CALPULALPAN,29006,82,2024,June,0,0,29,297,27,,,,,,,1474,1408,2444,TLAXCALA,0.603109656301146,,,,,,,5,,,,,,,,,,220,,,,,20,,,,,355,,,,0,367,0,,,0,,,,,,16,3,0,,,,,,,,,,,,,,,,,,,,,,,,,,,,,,,0,66,69,0,0,0,0
CALPULALPAN,29006,83,2024,June,0,0,13,295,26,,,,,,,1559,1486,2634,TLAXCALA,0.591875474563402,,,,,,,4,,,,,,,,,,327,,,,,10,,,,,335,,,,0,358,0,,,0,,,,,,18,4,0,,,,,,,,,,,,,,,,,,,,,,,,,,,,,,,0,73,96,0,0,0,0
CALPULALPAN,29006,84,2024,June,0,0,6,77,4,,,,,,,532,503,783,TLAXCALA,0.679438058748404,,,,,,,3,,,,,,,,,,70,,,,,3,,,,,150,,,,0,132,0,,,0,,,,,,11,3,0,,,,,,,,,,,,,,,,,,,,,,,,,,,,,,,1,28,44,0,0,0,0
CALPULALPAN,29006,85,2024,June,0,0,38,338,23,,,,,,,1486,1431,2291,TLAXCALA,0.648625054561327,,,,,,,5,,,,,,,,,,188,,,,,13,,,,,400,,,,0,323,0,,,0,,,,,,15,3,0,,,,,,,,,,,,,,,,,,,,,,,,,,,,,,,1,54,85,0,0,0,0
CALPULALPAN,29006,86,2024,June,0,0,24,340,22,,,,,,,1463,1420,2154,TLAXCALA,0.679201485608171,,,,,,,5,,,,,,,,,,123,,,,,9,,,,,453,,,,0,356,0,,,0,,,,,,14,3,0,,,,,,,,,,,,,,,,,,,,,,,,,,,,,,,0,43,71,0,0,0,0
CALPULALPAN,29006,87,2024,June,0,0,19,137,10,,,,,,,594,567,998,TLAXCALA,0.595190380761523,,,,,,,2,,,,,,,,,,70,,,,,4,,,,,138,,,,0,159,0,,,0,,,,,,7,4,0,,,,,,,,,,,,,,,,,,,,,,,,,,,,,,,0,27,17,0,0,0,0
CALPULALPAN,29006,88,2024,June,0,0,19,202,9,,,,,,,924,883,1408,TLAXCALA,0.65625,,,,,,,2,,,,,,,,,,162,,,,,10,,,,,211,,,,0,192,0,,,0,,,,,,12,3,0,,,,,,,,,,,,,,,,,,,,,,,,,,,,,,,1,40,61,0,0,0,0
CALPULALPAN,29006,89,2024,June,0,0,13,377,24,,,,,,,1479,1417,2297,TLAXCALA,0.643883326077492,,,,,,,2,,,,,,,,,,267,,,,,13,,,,,368,,,,0,282,0,,,0,,,,,,20,5,0,,,,,,,,,,,,,,,,,,,,,,,,,,,,,,,0,62,46,0,0,0,0
CALPULALPAN,29006,90,2024,June,0,0,52,524,22,,,,,,,2120,2044,3445,TLAXCALA,0.615384615384615,,,,,,,5,,,,,,,,,,304,,,,,23,,,,,559,,,,0,434,0,,,0,,,,,,30,16,0,,,,,,,,,,,,,,,,,,,,,,,,,,,,,,,0,76,75,0,0,0,0
CALPULALPAN,29006,91,2024,June,0,0,10,141,9,,,,,,,571,544,824,TLAXCALA,0.692961165048544,,,,,,,1,,,,,,,,,,41,,,,,4,,,,,167,,,,0,142,0,,,0,,,,,,16,1,0,,,,,,,,,,,,,,,,,,,,,,,,,,,,,,,0,27,12,0,0,0,0
CALPULALPAN,29006,92,2024,June,0,0,14,333,19,,,,,,,1452,1376,2182,TLAXCALA,0.665444546287809,,,,,,,3,,,,,,,,,,162,,,,,25,,,,,422,,,,0,330,0,,,0,,,,,,12,4,0,,,,,,,,,,,,,,,,,,,,,,,,,,,,,,,0,76,52,0,0,0,0
CALPULALPAN,29006,93,2024,June,0,0,16,130,19,,,,,,,932,871,1446,TLAXCALA,0.644536652835408,,,,,,,0,,,,,,,,,,138,,,,,27,,,,,279,,,,0,192,0,,,0,,,,,,13,6,0,,,,,,,,,,,,,,,,,,,,,,,,,,,,,,,0,61,51,0,0,0,0
CALPULALPAN,29006,94,2024,June,0,0,14,124,7,,,,,,,633,616,933,TLAXCALA,0.678456591639871,,,,,,,1,,,,,,,,,,32,,,,,11,,,,,215,,,,0,182,0,,,0,,,,,,5,2,0,,,,,,,,,,,,,,,,,,,,,,,,,,,,,,,0,17,23,0,0,0,0
CALPULALPAN,29006,95,2024,June,0,0,4,47,11,,,,,,,256,238,474,TLAXCALA,0.540084388185654,,,,,,,0,,,,,,,,,,20,,,,,6,,,,,84,,,,0,41,0,,,0,,,,,,2,1,0,,,,,,,,,,,,,,,,,,,,,,,,,,,,,,,0,18,22,0,0,0,0
CALPULALPAN,29006,96,2024,June,0,0,14,88,8,,,,,,,490,471,678,TLAXCALA,0.722713864306785,,,,,,,3,,,,,,,,,,56,,,,,5,,,,,149,,,,0,95,0,,,0,,,,,,1,4,0,,,,,,,,,,,,,,,,,,,,,,,,,,,,,,,0,19,48,0,0,0,0
CALPULALPAN,29006,97,2024,June,0,0,20,173,8,,,,,,,625,581,1057,TLAXCALA,0.591296121097446,,,,,,,2,,,,,,,,,,100,,,,,1,,,,,123,,,,0,139,0,,,0,,,,,,1,1,0,,,,,,,,,,,,,,,,,,,,,,,,,,,,,,,0,44,13,0,0,0,0
CALPULALPAN,29006,98,2024,June,0,0,20,177,19,,,,,,,1053,991,1796,TLAXCALA,0.58630289532294,,,,,,,1,,,,,,,,,,190,,,,,17,,,,,229,,,,0,273,0,,,0,,,,,,7,4,0,,,,,,,,,,,,,,,,,,,,,,,,,,,,,,,0,62,54,0,0,0,0
CHIAUTEMPAN,29010,0,2024,June,0,0,1,0,1,,,,,,,6,6,6,TLAXCALA,1,,,,,,,0,,,,,,,,,,0,,,,,0,,,,,3,,,,0,0,0,,,0,,,,,,0,1,0,,,,,,,,,,,,,,,,,,,,,,,,,,,,,,,0,0,0,0,0,0,0
CHIAUTEMPAN,29010,122,2024,June,0,0,228,59,139,,,,,,,1331,1273,1810,TLAXCALA,0.735359116022099,,,,,,,114,,,,,,,,,,26,,,,,63,,,,,297,,,,0,0,0,,,0,,,,,,0,71,0,,,,,,,,,,,,,,,,,,,,,,,,,,,,,,,0,58,276,0,0,0,0
CHIAUTEMPAN,29010,123,2024,June,0,0,176,34,351,,,,,,,1406,1355,1858,TLAXCALA,0.756727664155005,,,,,,,64,,,,,,,,,,19,,,,,59,,,,,328,,,,0,0,0,,,0,,,,,,0,26,0,,,,,,,,,,,,,,,,,,,,,,,,,,,,,,,1,50,298,0,0,0,0
CHIAUTEMPAN,29010,124,2024,June,0,0,218,217,143,,,,,,,1468,1397,2195,TLAXCALA,0.66879271070615,,,,,,,134,,,,,,,,,,32,,,,,97,,,,,270,,,,0,0,0,,,0,,,,,,0,23,0,,,,,,,,,,,,,,,,,,,,,,,,,,,,,,,1,70,263,0,0,0,0
CHIAUTEMPAN,29010,125,2024,June,0,0,178,162,108,,,,,,,1284,1234,1833,TLAXCALA,0.700490998363339,,,,,,,72,,,,,,,,,,26,,,,,54,,,,,311,,,,0,0,0,,,0,,,,,,0,28,0,,,,,,,,,,,,,,,,,,,,,,,,,,,,,,,1,49,295,0,0,0,0
CHIAUTEMPAN,29010,126,2024,June,0,0,357,78,154,,,,,,,1782,1722,2507,TLAXCALA,0.710809732748305,,,,,,,77,,,,,,,,,,80,,,,,82,,,,,486,,,,0,0,0,,,0,,,,,,0,36,0,,,,,,,,,,,,,,,,,,,,,,,,,,,,,,,0,60,372,0,0,0,0
CHIAUTEMPAN,29010,127,2024,June,0,0,447,74,149,,,,,,,2006,1937,2916,TLAXCALA,0.687928669410151,,,,,,,202,,,,,,,,,,35,,,,,96,,,,,419,,,,0,0,0,,,0,,,,,,0,75,0,,,,,,,,,,,,,,,,,,,,,,,,,,,,,,,0,69,440,0,0,0,0
CHIAUTEMPAN,29010,128,2024,June,0,0,106,20,51,,,,,,,647,595,933,TLAXCALA,0.693461950696677,,,,,,,49,,,,,,,,,,15,,,,,42,,,,,153,,,,0,0,0,,,0,,,,,,0,18,0,,,,,,,,,,,,,,,,,,,,,,,,,,,,,,,1,51,141,0,0,0,0
CHIAUTEMPAN,29010,129,2024,June,0,0,150,25,85,,,,,,,808,775,1130,TLAXCALA,0.715044247787611,,,,,,,73,,,,,,,,,,13,,,,,52,,,,,182,,,,0,0,0,,,0,,,,,,0,33,0,,,,,,,,,,,,,,,,,,,,,,,,,,,,,,,0,33,162,0,0,0,0
CHIAUTEMPAN,29010,130,2024,June,0,0,119,9,48,,,,,,,591,570,759,TLAXCALA,0.778656126482213,,,,,,,63,,,,,,,,,,5,,,,,57,,,,,110,,,,0,0,0,,,0,,,,,,0,11,0,,,,,,,,,,,,,,,,,,,,,,,,,,,,,,,1,20,148,0,0,0,0
CHIAUTEMPAN,29010,131,2024,June,0,0,138,38,150,,,,,,,972,944,1224,TLAXCALA,0.794117647058824,,,,,,,67,,,,,,,,,,8,,,,,66,,,,,223,,,,0,0,0,,,0,,,,,,0,21,0,,,,,,,,,,,,,,,,,,,,,,,,,,,,,,,2,26,233,0,0,0,0
CHIAUTEMPAN,29010,132,2024,June,0,0,166,30,144,,,,,,,957,927,1310,TLAXCALA,0.730534351145038,,,,,,,57,,,,,,,,,,18,,,,,45,,,,,220,,,,0,0,0,,,0,,,,,,0,26,0,,,,,,,,,,,,,,,,,,,,,,,,,,,,,,,0,30,221,0,0,0,0
CHIAUTEMPAN,29010,133,2024,June,0,0,170,24,57,,,,,,,833,804,1088,TLAXCALA,0.765625,,,,,,,25,,,,,,,,,,7,,,,,64,,,,,215,,,,0,0,0,,,0,,,,,,0,21,0,,,,,,,,,,,,,,,,,,,,,,,,,,,,,,,1,28,221,0,0,0,0
CHIAUTEMPAN,29010,134,2024,June,0,0,83,17,60,,,,,,,558,536,784,TLAXCALA,0.711734693877551,,,,,,,30,,,,,,,,,,13,,,,,48,,,,,194,,,,0,0,0,,,0,,,,,,0,11,0,,,,,,,,,,,,,,,,,,,,,,,,,,,,,,,0,22,80,0,0,0,0
CHIAUTEMPAN,29010,135,2024,June,0,0,89,24,75,,,,,,,673,644,970,TLAXCALA,0.693814432989691,,,,,,,21,,,,,,,,,,16,,,,,48,,,,,199,,,,0,0,0,,,0,,,,,,0,5,0,,,,,,,,,,,,,,,,,,,,,,,,,,,,,,,0,29,167,0,0,0,0
CHIAUTEMPAN,29010,136,2024,June,0,0,35,13,16,,,,,,,379,360,511,TLAXCALA,0.741682974559687,,,,,,,12,,,,,,,,,,7,,,,,30,,,,,116,,,,0,0,0,,,0,,,,,,0,15,0,,,,,,,,,,,,,,,,,,,,,,,,,,,,,,,0,19,116,0,0,0,0
CHIAUTEMPAN,29010,137,2024,June,0,0,276,58,240,,,,,,,1820,1756,2484,TLAXCALA,0.732689210950081,,,,,,,136,,,,,,,,,,52,,,,,93,,,,,479,,,,0,0,0,,,0,,,,,,0,67,0,,,,,,,,,,,,,,,,,,,,,,,,,,,,,,,2,62,355,0,0,0,0
CHIAUTEMPAN,29010,138,2024,June,0,0,172,19,115,,,,,,,960,930,1280,TLAXCALA,0.75,,,,,,,85,,,,,,,,,,20,,,,,45,,,,,253,,,,0,0,0,,,0,,,,,,0,28,0,,,,,,,,,,,,,,,,,,,,,,,,,,,,,,,0,30,193,0,0,0,0
CHIAUTEMPAN,29010,139,2024,June,0,0,361,48,132,,,,,,,1908,1843,2538,TLAXCALA,0.75177304964539,,,,,,,253,,,,,,,,,,27,,,,,106,,,,,497,,,,0,0,0,,,0,,,,,,0,48,0,,,,,,,,,,,,,,,,,,,,,,,,,,,,,,,1,64,371,0,0,0,0
CHIAUTEMPAN,29010,140,2024,June,0,0,279,54,102,,,,,,,1332,1269,1978,TLAXCALA,0.673407482305359,,,,,,,182,,,,,,,,,,18,,,,,81,,,,,260,,,,0,0,0,,,0,,,,,,0,44,0,,,,,,,,,,,,,,,,,,,,,,,,,,,,,,,1,62,249,0,0,0,0
CHIAUTEMPAN,29010,141,2024,June,0,0,696,97,358,,,,,,,3373,3231,4997,TLAXCALA,0.675005003001801,,,,,,,345,,,,,,,,,,133,,,,,145,,,,,659,,,,0,0,0,,,0,,,,,,0,70,0,,,,,,,,,,,,,,,,,,,,,,,,,,,,,,,1,141,728,0,0,0,0
CHIAUTEMPAN,29010,142,2024,June,0,0,281,44,243,,,,,,,1590,1501,2384,TLAXCALA,0.666946308724832,,,,,,,156,,,,,,,,,,23,,,,,77,,,,,302,,,,0,0,0,,,0,,,,,,0,62,0,,,,,,,,,,,,,,,,,,,,,,,,,,,,,,,0,89,313,0,0,0,0
CHIAUTEMPAN,29010,143,2024,June,0,0,220,36,114,,,,,,,1381,1323,1894,TLAXCALA,0.729144667370644,,,,,,,169,,,,,,,,,,31,,,,,75,,,,,378,,,,0,0,0,,,0,,,,,,0,27,0,,,,,,,,,,,,,,,,,,,,,,,,,,,,,,,2,56,273,0,0,0,0
CHIAUTEMPAN,29010,144,2024,June,0,0,373,89,317,,,,,,,2636,2577,3720,TLAXCALA,0.708602150537634,,,,,,,253,,,,,,,,,,67,,,,,218,,,,,662,,,,0,0,0,,,0,,,,,,0,85,0,,,,,,,,,,,,,,,,,,,,,,,,,,,,,,,1,58,513,0,0,0,0
CHIAUTEMPAN,29010,145,2024,June,0,0,145,51,119,,,,,,,1482,1408,2143,TLAXCALA,0.691553896406906,,,,,,,253,,,,,,,,,,28,,,,,104,,,,,422,,,,0,0,0,,,0,,,,,,0,21,0,,,,,,,,,,,,,,,,,,,,,,,,,,,,,,,1,73,265,0,0,0,0
CHIAUTEMPAN,29010,146,2024,June,0,0,240,68,86,,,,,,,1208,1164,1804,TLAXCALA,0.669623059866962,,,,,,,95,,,,,,,,,,17,,,,,66,,,,,364,,,,0,0,0,,,0,,,,,,0,23,0,,,,,,,,,,,,,,,,,,,,,,,,,,,,,,,0,44,205,0,0,0,0
CHIAUTEMPAN,29010,147,2024,June,0,0,197,78,122,,,,,,,1262,1215,1713,TLAXCALA,0.73671920607122,,,,,,,53,,,,,,,,,,27,,,,,36,,,,,222,,,,0,0,0,,,0,,,,,,0,15,0,,,,,,,,,,,,,,,,,,,,,,,,,,,,,,,0,47,465,0,0,0,0
CHIAUTEMPAN,29010,148,2024,June,0,0,197,60,77,,,,,,,1248,1190,1734,TLAXCALA,0.719723183391004,,,,,,,48,,,,,,,,,,39,,,,,27,,,,,220,,,,0,0,0,,,0,,,,,,0,12,0,,,,,,,,,,,,,,,,,,,,,,,,,,,,,,,0,58,510,0,0,0,0
CHIAUTEMPAN,29010,149,2024,June,0,0,290,167,312,,,,,,,2084,1969,3194,TLAXCALA,0.652473387601753,,,,,,,254,,,,,,,,,,47,,,,,133,,,,,398,,,,0,0,0,,,0,,,,,,0,18,0,,,,,,,,,,,,,,,,,,,,,,,,,,,,,,,0,115,350,0,0,0,0
CHIAUTEMPAN,29010,156,2024,June,0,0,167,41,117,,,,,,,1223,1154,1802,TLAXCALA,0.678690344062153,,,,,,,131,,,,,,,,,,14,,,,,161,,,,,307,,,,0,0,0,,,0,,,,,,0,24,0,,,,,,,,,,,,,,,,,,,,,,,,,,,,,,,0,69,192,0,0,0,0
CHIAUTEMPAN,29010,157,2024,June,0,0,90,27,67,,,,,,,825,789,1222,TLAXCALA,0.675122749590835,,,,,,,114,,,,,,,,,,10,,,,,75,,,,,266,,,,0,0,0,,,0,,,,,,0,17,0,,,,,,,,,,,,,,,,,,,,,,,,,,,,,,,1,35,123,0,0,0,0
CONTLA DE JUAN CUAMATZI,29018,0,2024,June,0,0,2,0,2,,,,,,,5,5,6,TLAXCALA,0.833333333333333,,,,,,,0,,,,,,,,,,0,,,,,0,,,,,1,,,,0,0,0,,,0,,,,,,0,0,0,,,,,,,,,,,,,,,,,,,,,,,,,,,,,,,0,0,0,0,0,0,0
CONTLA DE JUAN CUAMATZI,29018,267,2024,June,0,0,169,742,44,,,,,,,1559,1514,2011,TLAXCALA,0.775236200895077,,,,,,,136,,,,,,,,,,30,,,,,37,,,,,253,,,,0,0,0,,,0,,,,,,18,5,0,,,,,,,,,,,,,,,,,,,,,,,,,,,,,,,2,43,80,0,0,0,0
CONTLA DE JUAN CUAMATZI,29018,268,2024,June,0,0,187,844,75,,,,,,,2013,1963,2847,TLAXCALA,0.707060063224447,,,,,,,176,,,,,,,,,,33,,,,,112,,,,,473,,,,0,0,0,,,0,,,,,,9,7,0,,,,,,,,,,,,,,,,,,,,,,,,,,,,,,,0,50,47,0,0,0,0
CONTLA DE JUAN CUAMATZI,29018,269,2024,June,0,0,150,450,65,,,,,,,1360,1319,1832,TLAXCALA,0.74235807860262,,,,,,,131,,,,,,,,,,57,,,,,66,,,,,320,,,,0,0,0,,,0,,,,,,11,7,0,,,,,,,,,,,,,,,,,,,,,,,,,,,,,,,0,41,62,0,0,0,0
CONTLA DE JUAN CUAMATZI,29018,270,2024,June,0,0,157,369,120,,,,,,,1206,1149,1637,TLAXCALA,0.736713500305437,,,,,,,178,,,,,,,,,,25,,,,,39,,,,,180,,,,0,0,0,,,0,,,,,,7,6,0,,,,,,,,,,,,,,,,,,,,,,,,,,,,,,,0,57,68,0,0,0,0
CONTLA DE JUAN CUAMATZI,29018,271,2024,June,0,0,213,459,94,,,,,,,1360,1294,1910,TLAXCALA,0.712041884816754,,,,,,,152,,,,,,,,,,41,,,,,49,,,,,190,,,,0,0,0,,,0,,,,,,7,4,0,,,,,,,,,,,,,,,,,,,,,,,,,,,,,,,1,65,85,0,0,0,0
CONTLA DE JUAN CUAMATZI,29018,272,2024,June,0,0,325,989,145,,,,,,,2515,2432,3462,TLAXCALA,0.726458694396303,,,,,,,317,,,,,,,,,,58,,,,,70,,,,,396,,,,0,0,0,,,0,,,,,,8,10,0,,,,,,,,,,,,,,,,,,,,,,,,,,,,,,,1,82,114,0,0,0,0
CONTLA DE JUAN CUAMATZI,29018,273,2024,June,0,0,205,763,55,,,,,,,1729,1670,2242,TLAXCALA,0.771186440677966,,,,,,,197,,,,,,,,,,35,,,,,34,,,,,268,,,,0,0,0,,,0,,,,,,12,6,0,,,,,,,,,,,,,,,,,,,,,,,,,,,,,,,2,57,95,0,0,0,0
CONTLA DE JUAN CUAMATZI,29018,274,2024,June,0,0,158,403,53,,,,,,,1040,1013,1355,TLAXCALA,0.767527675276753,,,,,,,88,,,,,,,,,,9,,,,,28,,,,,209,,,,0,0,0,,,0,,,,,,10,4,0,,,,,,,,,,,,,,,,,,,,,,,,,,,,,,,0,27,51,0,0,0,0
CONTLA DE JUAN CUAMATZI,29018,275,2024,June,0,0,296,252,34,,,,,,,1440,1383,1977,TLAXCALA,0.728376327769348,,,,,,,547,,,,,,,,,,29,,,,,23,,,,,163,,,,0,0,0,,,0,,,,,,7,5,0,,,,,,,,,,,,,,,,,,,,,,,,,,,,,,,0,57,27,0,0,0,0
CONTLA DE JUAN CUAMATZI,29018,276,2024,June,0,0,315,255,57,,,,,,,1577,1531,2174,TLAXCALA,0.725390984360626,,,,,,,638,,,,,,,,,,36,,,,,21,,,,,164,,,,0,0,0,,,0,,,,,,3,11,0,,,,,,,,,,,,,,,,,,,,,,,,,,,,,,,1,45,31,0,0,0,0
CONTLA DE JUAN CUAMATZI,29018,277,2024,June,0,0,37,96,32,,,,,,,436,418,538,TLAXCALA,0.810408921933085,,,,,,,45,,,,,,,,,,21,,,,,21,,,,,77,,,,0,0,0,,,0,,,,,,1,2,0,,,,,,,,,,,,,,,,,,,,,,,,,,,,,,,0,18,86,0,0,0,0
CONTLA DE JUAN CUAMATZI,29018,278,2024,June,0,0,36,122,31,,,,,,,442,416,684,TLAXCALA,0.646198830409357,,,,,,,58,,,,,,,,,,8,,,,,17,,,,,86,,,,0,0,0,,,0,,,,,,5,4,0,,,,,,,,,,,,,,,,,,,,,,,,,,,,,,,0,26,49,0,0,0,0
CONTLA DE JUAN CUAMATZI,29018,279,2024,June,0,0,165,263,84,,,,,,,1427,1391,1879,TLAXCALA,0.759446514103246,,,,,,,74,,,,,,,,,,67,,,,,30,,,,,286,,,,0,0,0,,,0,,,,,,7,10,0,,,,,,,,,,,,,,,,,,,,,,,,,,,,,,,0,36,405,0,0,0,0
CONTLA DE JUAN CUAMATZI,29018,280,2024,June,0,0,27,176,20,,,,,,,417,409,592,TLAXCALA,0.704391891891892,,,,,,,26,,,,,,,,,,9,,,,,28,,,,,105,,,,0,0,0,,,0,,,,,,4,0,0,,,,,,,,,,,,,,,,,,,,,,,,,,,,,,,0,8,14,0,0,0,0
CONTLA DE JUAN CUAMATZI,29018,281,2024,June,0,0,253,379,81,,,,,,,1476,1410,2190,TLAXCALA,0.673972602739726,,,,,,,140,,,,,,,,,,62,,,,,35,,,,,336,,,,0,0,0,,,0,,,,,,9,9,0,,,,,,,,,,,,,,,,,,,,,,,,,,,,,,,0,66,106,0,0,0,0
CONTLA DE JUAN CUAMATZI,29018,282,2024,June,0,0,37,76,19,,,,,,,326,312,527,TLAXCALA,0.618595825426945,,,,,,,47,,,,,,,,,,8,,,,,21,,,,,62,,,,0,0,0,,,0,,,,,,2,2,0,,,,,,,,,,,,,,,,,,,,,,,,,,,,,,,0,14,38,0,0,0,0
CONTLA DE JUAN CUAMATZI,29018,283,2024,June,0,0,132,484,107,,,,,,,1224,1183,1687,TLAXCALA,0.725548310610551,,,,,,,163,,,,,,,,,,25,,,,,37,,,,,182,,,,0,0,0,,,0,,,,,,5,7,0,,,,,,,,,,,,,,,,,,,,,,,,,,,,,,,0,41,41,0,0,0,0
CUAPIAXTLA,29008,0,2024,June,0,0,0,1,2,,,,,,,15,14,5,TLAXCALA,3,,,,,,,0,,,,,,,,,,1,,,,,5,,,,,2,,,,0,0,0,,,0,,,,,,0,1,0,,,,,,,,,,,,,,,,,,,,,,,,,,,,,,,0,1,2,0,0,0,0
CUAPIAXTLA,29008,107,2024,June,0,0,257,251,13,,,,,,,2358,2258,3098,TLAXCALA,0.761136216914138,,,,,,,4,,,,,,,,,,47,,,,,873,,,,,136,,,,0,0,0,,,0,,,,,,0,190,0,,,,,,,,,,,,,,,,,,,,,,,,,,,,,,,9,91,487,0,0,0,0
CUAPIAXTLA,29008,108,2024,June,0,0,153,140,15,,,,,,,1373,1304,1931,TLAXCALA,0.711030554117038,,,,,,,3,,,,,,,,,,46,,,,,449,,,,,90,,,,0,0,0,,,0,,,,,,0,107,0,,,,,,,,,,,,,,,,,,,,,,,,,,,,,,,4,65,301,0,0,0,0
CUAPIAXTLA,29008,109,2024,June,0,0,222,222,6,,,,,,,1889,1788,2579,TLAXCALA,0.732454439705312,,,,,,,3,,,,,,,,,,40,,,,,557,,,,,123,,,,0,0,0,,,0,,,,,,0,141,0,,,,,,,,,,,,,,,,,,,,,,,,,,,,,,,8,93,474,0,0,0,0
CUAPIAXTLA,29008,110,2024,June,0,0,65,201,15,,,,,,,1237,1186,1605,TLAXCALA,0.770716510903427,,,,,,,6,,,,,,,,,,19,,,,,404,,,,,114,,,,0,0,0,,,0,,,,,,0,56,0,,,,,,,,,,,,,,,,,,,,,,,,,,,,,,,0,51,306,0,0,0,0
CUAPIAXTLA,29008,111,2024,June,0,0,13,29,1,,,,,,,257,254,291,TLAXCALA,0.883161512027492,,,,,,,0,,,,,,,,,,6,,,,,89,,,,,19,,,,0,0,0,,,0,,,,,,0,5,0,,,,,,,,,,,,,,,,,,,,,,,,,,,,,,,0,3,92,0,0,0,0
CUAPIAXTLA,29008,112,2024,June,0,0,20,12,0,,,,,,,144,137,167,TLAXCALA,0.862275449101797,,,,,,,0,,,,,,,,,,1,,,,,71,,,,,6,,,,0,0,0,,,0,,,,,,0,5,0,,,,,,,,,,,,,,,,,,,,,,,,,,,,,,,0,7,22,0,0,0,0
CUAPIAXTLA,29008,113,2024,June,0,0,43,26,2,,,,,,,286,265,320,TLAXCALA,0.89375,,,,,,,2,,,,,,,,,,22,,,,,114,,,,,14,,,,0,0,0,,,0,,,,,,0,5,0,,,,,,,,,,,,,,,,,,,,,,,,,,,,,,,11,10,37,0,0,0,0
CUAPIAXTLA,29008,114,2024,June,0,0,51,124,21,,,,,,,780,743,931,TLAXCALA,0.83780880773362,,,,,,,2,,,,,,,,,,23,,,,,245,,,,,52,,,,0,0,0,,,0,,,,,,0,58,0,,,,,,,,,,,,,,,,,,,,,,,,,,,,,,,0,37,167,0,0,0,0
CUAPIAXTLA,29008,115,2024,June,0,0,37,46,14,,,,,,,470,456,541,TLAXCALA,0.868761552680222,,,,,,,1,,,,,,,,,,5,,,,,202,,,,,33,,,,0,0,0,,,0,,,,,,0,39,0,,,,,,,,,,,,,,,,,,,,,,,,,,,,,,,0,14,79,0,0,0,0
CUAPIAXTLA,29008,116,2024,June,0,0,21,119,1,,,,,,,440,416,504,TLAXCALA,0.873015873015873,,,,,,,3,,,,,,,,,,2,,,,,77,,,,,21,,,,0,0,0,,,0,,,,,,0,12,0,,,,,,,,,,,,,,,,,,,,,,,,,,,,,,,0,24,160,0,0,0,0
CUAXOMULCO,29009,0,2024,June,1,0,0,0,0,,,,,,,1,1,1,TLAXCALA,1,,,,,,,0,,,,,,,,,,0,,,,,0,,,,,0,,,,0,0,0,,,0,,,,,,0,0,0,,,,,,,,,,,,,,,,,,,,,,,,,,,,,,,0,0,0,0,0,0,0
CUAXOMULCO,29009,117,2024,June,159,131,1,6,37,,,,,,,1081,1041,1456,TLAXCALA,0.742445054945055,,,,,,,157,,,,,,,,,,27,,,,,165,,,,,159,,,,0,0,0,,,0,,,,,,9,190,0,,,,,,,,,,,,,,,,,,,,,,,,,,,,,,,0,40,0,0,0,0,0
CUAXOMULCO,29009,118,2024,June,151,94,0,0,22,,,,,,,871,844,1136,TLAXCALA,0.766725352112676,,,,,,,132,,,,,,,,,,13,,,,,78,,,,,103,,,,0,0,0,,,0,,,,,,9,242,0,,,,,,,,,,,,,,,,,,,,,,,,,,,,,,,0,27,0,0,0,0,0
CUAXOMULCO,29009,119,2024,June,218,11,1,3,6,,,,,,,525,513,628,TLAXCALA,0.835987261146497,,,,,,,50,,,,,,,,,,11,,,,,45,,,,,49,,,,0,0,0,,,0,,,,,,11,108,0,,,,,,,,,,,,,,,,,,,,,,,,,,,,,,,0,12,0,0,0,0,0
CUAXOMULCO,29009,120,2024,June,49,12,0,3,4,,,,,,,252,245,294,TLAXCALA,0.857142857142857,,,,,,,3,,,,,,,,,,13,,,,,50,,,,,16,,,,0,0,0,,,0,,,,,,34,61,0,,,,,,,,,,,,,,,,,,,,,,,,,,,,,,,0,7,0,0,0,0,0
CUAXOMULCO,29009,121,2024,June,256,42,0,8,157,,,,,,,1086,1044,1451,TLAXCALA,0.748449345279118,,,,,,,58,,,,,,,,,,13,,,,,46,,,,,47,,,,0,0,0,,,0,,,,,,40,377,0,,,,,,,,,,,,,,,,,,,,,,,,,,,,,,,0,42,0,0,0,0,0
EL CARMEN TEQUEXQUITLA,29007,0,2024,June,1,0,0,0,0,,,,,,,1,1,2,TLAXCALA,0.5,,,,,,,0,,,,,,,,,,0,,,,,0,,,,,0,,,,0,0,0,,,0,,,,,,0,0,0,,,,,,,,,,,,,,,,,,,,,,,,,,,,,,,0,0,0,0,0,0,0
EL CARMEN TEQUEXQUITLA,29007,100,2024,June,73,18,0,93,29,,,,,,,1879,1744,3179,TLAXCALA,0.591066373073294,,,,,,,32,,,,,,,,,,844,,,,,0,,,,,603,,,,0,0,0,,,0,,,,,,52,0,0,,,,,,,,,,,,,,,,,,,,,,,,,,,,,,,0,135,0,0,0,0,0
EL CARMEN TEQUEXQUITLA,29007,101,2024,June,78,8,0,81,26,,,,,,,1420,1327,2174,TLAXCALA,0.653173873045078,,,,,,,21,,,,,,,,,,570,,,,,0,,,,,508,,,,0,0,0,,,0,,,,,,35,0,0,,,,,,,,,,,,,,,,,,,,,,,,,,,,,,,0,93,0,0,0,0,0
EL CARMEN TEQUEXQUITLA,29007,102,2024,June,49,8,0,67,75,,,,,,,1516,1426,2345,TLAXCALA,0.646481876332623,,,,,,,11,,,,,,,,,,673,,,,,0,,,,,479,,,,0,0,0,,,0,,,,,,64,0,0,,,,,,,,,,,,,,,,,,,,,,,,,,,,,,,0,90,0,0,0,0,0
EL CARMEN TEQUEXQUITLA,29007,103,2024,June,24,10,0,28,56,,,,,,,922,870,1479,TLAXCALA,0.623394185260311,,,,,,,14,,,,,,,,,,330,,,,,0,,,,,349,,,,0,0,0,,,0,,,,,,59,0,0,,,,,,,,,,,,,,,,,,,,,,,,,,,,,,,0,52,0,0,0,0,0
EL CARMEN TEQUEXQUITLA,29007,104,2024,June,64,10,0,84,43,,,,,,,1833,1726,2845,TLAXCALA,0.644288224956063,,,,,,,24,,,,,,,,,,915,,,,,0,,,,,541,,,,0,0,0,,,0,,,,,,45,0,0,,,,,,,,,,,,,,,,,,,,,,,,,,,,,,,0,107,0,0,0,0,0
EL CARMEN TEQUEXQUITLA,29007,105,2024,June,10,9,0,24,18,,,,,,,373,343,491,TLAXCALA,0.759674134419552,,,,,,,4,,,,,,,,,,120,,,,,0,,,,,149,,,,0,0,0,,,0,,,,,,9,0,0,,,,,,,,,,,,,,,,,,,,,,,,,,,,,,,6,24,0,0,0,0,0
EL CARMEN TEQUEXQUITLA,29007,106,2024,June,5,2,0,2,10,,,,,,,191,180,240,TLAXCALA,0.795833333333333,,,,,,,2,,,,,,,,,,42,,,,,0,,,,,108,,,,0,0,0,,,0,,,,,,9,0,0,,,,,,,,,,,,,,,,,,,,,,,,,,,,,,,0,11,0,0,0,0,0
EMILIANO ZAPATA,29046,400,2024,June,0,0,0,0,15,,,,,,,97,92,112,TLAXCALA,0.866071428571429,,,,,,,0,,,,,,,,,,1,,,,,39,,,,,22,,,,0,0,0,,,0,,,,,,0,1,0,,,,,,,,,,,,,,,,,,,,,,,,,,,,,,,0,5,14,0,0,0,0
EMILIANO ZAPATA,29046,401,2024,June,0,0,0,0,59,,,,,,,164,160,188,TLAXCALA,0.872340425531915,,,,,,,0,,,,,,,,,,1,,,,,6,,,,,28,,,,0,0,0,,,0,,,,,,0,2,0,,,,,,,,,,,,,,,,,,,,,,,,,,,,,,,0,4,64,0,0,0,0
EMILIANO ZAPATA,29046,607,2024,June,0,0,0,10,494,,,,,,,2071,1983,2482,TLAXCALA,0.834407735697019,,,,,,,2,,,,,,,,,,2,,,,,230,,,,,294,,,,0,0,0,,,0,,,,,,0,17,0,,,,,,,,,,,,,,,,,,,,,,,,,,,,,,,5,83,934,0,0,0,0
EMILIANO ZAPATA,29046,608,2024,June,0,0,0,4,88,,,,,,,696,684,842,TLAXCALA,0.826603325415677,,,,,,,1,,,,,,,,,,1,,,,,430,,,,,77,,,,0,0,0,,,0,,,,,,0,3,0,,,,,,,,,,,,,,,,,,,,,,,,,,,,,,,0,12,80,0,0,0,0
ESPAÃ‘ITA,,0,2024,June,0,3,0,0,0,,,,,,,3,3,3,TLAXCALA,1,,,,,,,0,,,,,,,,,,0,,,,,0,,,,,0,,,,0,0,0,,,0,,,,,,0,0,0,,,,,,,,,,,,,,,,,,,,,,,,,,,,,,,0,0,0,0,0,0,0
ESPAÃ‘ITA,,165,2024,June,343,287,3,1,909,,,,,,,1742,1662,2458,TLAXCALA,0.708706265256306,,,,,,,2,,,,,,,,,,9,,,,,9,,,,,75,,,,0,0,0,,,0,,,,,,0,24,0,,,,,,,,,,,,,,,,,,,,,,,,,,,,,,,1,79,0,0,0,0,0
ESPAÃ‘ITA,,167,2024,June,94,38,1,3,79,,,,,,,276,256,388,TLAXCALA,0.711340206185567,,,,,,,1,,,,,,,,,,0,,,,,2,,,,,33,,,,0,0,0,,,0,,,,,,0,5,0,,,,,,,,,,,,,,,,,,,,,,,,,,,,,,,0,20,0,0,0,0,0
ESPAÃ‘ITA,,168,2024,June,164,102,0,1,209,,,,,,,560,538,811,TLAXCALA,0.690505548705302,,,,,,,3,,,,,,,,,,6,,,,,3,,,,,30,,,,0,0,0,,,0,,,,,,0,20,0,,,,,,,,,,,,,,,,,,,,,,,,,,,,,,,0,22,0,0,0,0,0
ESPAÃ‘ITA,,169,2024,June,116,14,0,3,44,,,,,,,200,190,285,TLAXCALA,0.701754385964912,,,,,,,1,,,,,,,,,,0,,,,,1,,,,,9,,,,0,0,0,,,0,,,,,,0,2,0,,,,,,,,,,,,,,,,,,,,,,,,,,,,,,,0,10,0,0,0,0,0
ESPAÃ‘ITA,,170,2024,June,94,53,1,5,153,,,,,,,532,492,814,TLAXCALA,0.653562653562654,,,,,,,0,,,,,,,,,,3,,,,,5,,,,,40,,,,0,0,0,,,0,,,,,,0,138,0,,,,,,,,,,,,,,,,,,,,,,,,,,,,,,,0,40,0,0,0,0,0
ESPAÃ‘ITA,,171,2024,June,92,7,0,1,121,,,,,,,266,256,367,TLAXCALA,0.724795640326976,,,,,,,0,,,,,,,,,,2,,,,,1,,,,,13,,,,0,0,0,,,0,,,,,,0,19,0,,,,,,,,,,,,,,,,,,,,,,,,,,,,,,,0,10,0,0,0,0,0
ESPAÃ‘ITA,,172,2024,June,89,27,0,1,89,,,,,,,231,221,370,TLAXCALA,0.624324324324324,,,,,,,0,,,,,,,,,,1,,,,,2,,,,,8,,,,0,0,0,,,0,,,,,,0,4,0,,,,,,,,,,,,,,,,,,,,,,,,,,,,,,,0,10,0,0,0,0,0
ESPAÃ‘ITA,,173,2024,June,87,39,2,2,103,,,,,,,268,248,367,TLAXCALA,0.73024523160763,,,,,,,1,,,,,,,,,,1,,,,,1,,,,,12,,,,0,0,0,,,0,,,,,,0,0,0,,,,,,,,,,,,,,,,,,,,,,,,,,,,,,,0,20,0,0,0,0,0
ESPAÃ‘ITA,,174,2024,June,73,31,1,2,47,,,,,,,173,163,238,TLAXCALA,0.726890756302521,,,,,,,0,,,,,,,,,,0,,,,,0,,,,,6,,,,0,0,0,,,0,,,,,,0,3,0,,,,,,,,,,,,,,,,,,,,,,,,,,,,,,,0,10,0,0,0,0,0
ESPAÃ‘ITA,,175,2024,June,243,85,0,0,79,,,,,,,479,458,679,TLAXCALA,0.705449189985273,,,,,,,1,,,,,,,,,,0,,,,,3,,,,,45,,,,0,0,0,,,0,,,,,,0,2,0,,,,,,,,,,,,,,,,,,,,,,,,,,,,,,,0,21,0,0,0,0,0
ESPAÃ‘ITA,,176,2024,June,124,41,1,2,95,,,,,,,318,298,429,TLAXCALA,0.741258741258741,,,,,,,1,,,,,,,,,,2,,,,,4,,,,,24,,,,0,0,0,,,0,,,,,,0,4,0,,,,,,,,,,,,,,,,,,,,,,,,,,,,,,,0,20,0,0,0,0,0
ESPAÃ‘ITA,,177,2024,June,139,53,0,1,73,,,,,,,294,283,393,TLAXCALA,0.748091603053435,,,,,,,0,,,,,,,,,,7,,,,,0,,,,,9,,,,0,0,0,,,0,,,,,,0,1,0,,,,,,,,,,,,,,,,,,,,,,,,,,,,,,,0,11,0,0,0,0,0
HUAMANTLA,29013,0,2024,June,0,0,0,0,0,,,,,,,0,0,7,TLAXCALA,0,,,,,,,0,,,,,,,,,,0,,,,,0,,,,,0,,,,0,0,0,,,0,,,,,,0,0,0,,,,,,,,,,,,,,,,,,,,,,,,,,,,,,,0,0,0,0,0,0,0
HUAMANTLA,29013,178,2024,June,0,0,20,78,620,,,,,,,2792,2702,4371,TLAXCALA,0.638755433539236,,,,,,,390,,,,,,,,,,21,,,,,504,,,,,542,,,,0,0,0,,,0,,,,,,0,147,0,,,,,,,,,,,,,,,,,,,,,,,,,,,,,,,1,89,380,0,0,0,0
HUAMANTLA,29013,179,2024,June,0,0,10,121,575,,,,,,,2822,2718,4549,TLAXCALA,0.620356122224665,,,,,,,387,,,,,,,,,,30,,,,,569,,,,,517,,,,0,0,0,,,0,,,,,,0,156,0,,,,,,,,,,,,,,,,,,,,,,,,,,,,,,,0,104,353,0,0,0,0
HUAMANTLA,29013,180,2024,June,0,0,16,131,692,,,,,,,2891,2824,4232,TLAXCALA,0.683128544423441,,,,,,,334,,,,,,,,,,39,,,,,450,,,,,524,,,,0,0,0,,,0,,,,,,0,120,0,,,,,,,,,,,,,,,,,,,,,,,,,,,,,,,2,65,518,0,0,0,0
HUAMANTLA,29013,181,2024,June,0,0,11,61,314,,,,,,,1505,1443,2217,TLAXCALA,0.678845286423094,,,,,,,255,,,,,,,,,,10,,,,,121,,,,,312,,,,0,0,0,,,0,,,,,,0,78,0,,,,,,,,,,,,,,,,,,,,,,,,,,,,,,,3,59,281,0,0,0,0
HUAMANTLA,29013,182,2024,June,0,0,4,52,250,,,,,,,1045,1010,1563,TLAXCALA,0.668586052463212,,,,,,,153,,,,,,,,,,8,,,,,77,,,,,211,,,,0,0,0,,,0,,,,,,0,100,0,,,,,,,,,,,,,,,,,,,,,,,,,,,,,,,1,34,155,0,0,0,0
HUAMANTLA,29013,183,2024,June,0,0,9,52,366,,,,,,,1619,1571,2347,TLAXCALA,0.689816787388155,,,,,,,303,,,,,,,,,,13,,,,,153,,,,,312,,,,0,0,0,,,0,,,,,,0,70,0,,,,,,,,,,,,,,,,,,,,,,,,,,,,,,,0,48,293,0,0,0,0
HUAMANTLA,29013,184,2024,June,0,0,4,38,360,,,,,,,1123,1082,1652,TLAXCALA,0.679782082324455,,,,,,,194,,,,,,,,,,10,,,,,62,,,,,194,,,,0,0,0,,,0,,,,,,0,62,0,,,,,,,,,,,,,,,,,,,,,,,,,,,,,,,0,41,158,0,0,0,0
HUAMANTLA,29013,185,2024,June,0,0,5,64,253,,,,,,,1007,988,1462,TLAXCALA,0.688782489740082,,,,,,,162,,,,,,,,,,13,,,,,66,,,,,213,,,,0,0,0,,,0,,,,,,0,72,0,,,,,,,,,,,,,,,,,,,,,,,,,,,,,,,1,18,140,0,0,0,0
HUAMANTLA,29013,186,2024,June,0,0,10,62,187,,,,,,,972,947,1273,TLAXCALA,0.763550667714061,,,,,,,179,,,,,,,,,,12,,,,,30,,,,,184,,,,0,0,0,,,0,,,,,,0,67,0,,,,,,,,,,,,,,,,,,,,,,,,,,,,,,,1,24,216,0,0,0,0
HUAMANTLA,29013,187,2024,June,0,0,9,80,294,,,,,,,1365,1327,1995,TLAXCALA,0.68421052631579,,,,,,,239,,,,,,,,,,10,,,,,94,,,,,266,,,,0,0,0,,,0,,,,,,0,69,0,,,,,,,,,,,,,,,,,,,,,,,,,,,,,,,1,37,266,0,0,0,0
HUAMANTLA,29013,188,2024,June,0,0,29,96,701,,,,,,,3024,2902,4781,TLAXCALA,0.632503660322108,,,,,,,437,,,,,,,,,,21,,,,,260,,,,,542,,,,0,0,0,,,0,,,,,,0,228,0,,,,,,,,,,,,,,,,,,,,,,,,,,,,,,,2,120,588,0,0,0,0
HUAMANTLA,29013,189,2024,June,0,0,6,58,253,,,,,,,1106,1063,1587,TLAXCALA,0.696912413358538,,,,,,,160,,,,,,,,,,11,,,,,45,,,,,224,,,,0,0,0,,,0,,,,,,0,72,0,,,,,,,,,,,,,,,,,,,,,,,,,,,,,,,1,42,234,0,0,0,0
HUAMANTLA,29013,190,2024,June,0,0,5,27,144,,,,,,,690,667,1054,TLAXCALA,0.654648956356736,,,,,,,91,,,,,,,,,,12,,,,,40,,,,,176,,,,0,0,0,,,0,,,,,,0,53,0,,,,,,,,,,,,,,,,,,,,,,,,,,,,,,,0,23,119,0,0,0,0
HUAMANTLA,29013,191,2024,June,0,0,6,43,260,,,,,,,885,846,1280,TLAXCALA,0.69140625,,,,,,,166,,,,,,,,,,8,,,,,43,,,,,143,,,,0,0,0,,,0,,,,,,0,42,0,,,,,,,,,,,,,,,,,,,,,,,,,,,,,,,0,39,135,0,0,0,0
HUAMANTLA,29013,192,2024,June,0,0,10,38,425,,,,,,,1548,1491,2214,TLAXCALA,0.699186991869919,,,,,,,328,,,,,,,,,,6,,,,,121,,,,,305,,,,0,0,0,,,0,,,,,,0,71,0,,,,,,,,,,,,,,,,,,,,,,,,,,,,,,,1,56,187,0,0,0,0
HUAMANTLA,29013,193,2024,June,0,0,3,33,221,,,,,,,707,680,964,TLAXCALA,0.733402489626556,,,,,,,81,,,,,,,,,,2,,,,,54,,,,,128,,,,0,0,0,,,0,,,,,,0,47,0,,,,,,,,,,,,,,,,,,,,,,,,,,,,,,,0,27,111,0,0,0,0
HUAMANTLA,29013,194,2024,June,0,0,15,72,590,,,,,,,2049,1973,3038,TLAXCALA,0.674456879526004,,,,,,,289,,,,,,,,,,19,,,,,125,,,,,412,,,,0,0,0,,,0,,,,,,0,134,0,,,,,,,,,,,,,,,,,,,,,,,,,,,,,,,0,76,317,0,0,0,0
HUAMANTLA,29013,195,2024,June,0,0,13,67,270,,,,,,,1549,1471,2370,TLAXCALA,0.653586497890295,,,,,,,202,,,,,,,,,,9,,,,,170,,,,,401,,,,0,0,0,,,0,,,,,,0,125,0,,,,,,,,,,,,,,,,,,,,,,,,,,,,,,,1,77,214,0,0,0,0
HUAMANTLA,29013,196,2024,June,0,0,4,33,83,,,,,,,890,828,1272,TLAXCALA,0.699685534591195,,,,,,,136,,,,,,,,,,4,,,,,263,,,,,190,,,,0,0,0,,,0,,,,,,0,47,0,,,,,,,,,,,,,,,,,,,,,,,,,,,,,,,0,62,68,0,0,0,0
HUAMANTLA,29013,197,2024,June,0,0,2,11,46,,,,,,,222,211,278,TLAXCALA,0.798561151079137,,,,,,,40,,,,,,,,,,1,,,,,48,,,,,31,,,,0,0,0,,,0,,,,,,0,4,0,,,,,,,,,,,,,,,,,,,,,,,,,,,,,,,0,11,28,0,0,0,0
HUAMANTLA,29013,198,2024,June,0,0,1,9,104,,,,,,,449,428,655,TLAXCALA,0.685496183206107,,,,,,,39,,,,,,,,,,6,,,,,100,,,,,61,,,,0,0,0,,,0,,,,,,0,39,0,,,,,,,,,,,,,,,,,,,,,,,,,,,,,,,0,21,69,0,0,0,0
HUAMANTLA,29013,199,2024,June,0,0,2,20,159,,,,,,,658,631,810,TLAXCALA,0.812345679012346,,,,,,,24,,,,,,,,,,1,,,,,169,,,,,154,,,,0,0,0,,,0,,,,,,0,20,0,,,,,,,,,,,,,,,,,,,,,,,,,,,,,,,0,27,82,0,0,0,0
HUAMANTLA,29013,200,2024,June,0,0,9,54,173,,,,,,,1227,1191,1574,TLAXCALA,0.779542566709022,,,,,,,99,,,,,,,,,,6,,,,,179,,,,,389,,,,0,0,0,,,0,,,,,,0,32,0,,,,,,,,,,,,,,,,,,,,,,,,,,,,,,,0,36,250,0,0,0,0
HUAMANTLA,29013,201,2024,June,0,0,9,98,706,,,,,,,2756,2591,4077,TLAXCALA,0.675987245523669,,,,,,,200,,,,,,,,,,16,,,,,438,,,,,604,,,,0,0,0,,,0,,,,,,0,176,0,,,,,,,,,,,,,,,,,,,,,,,,,,,,,,,0,165,344,0,0,0,0
HUAMANTLA,29013,202,2024,June,0,0,3,26,126,,,,,,,472,462,624,TLAXCALA,0.756410256410256,,,,,,,55,,,,,,,,,,1,,,,,95,,,,,78,,,,0,0,0,,,0,,,,,,0,13,0,,,,,,,,,,,,,,,,,,,,,,,,,,,,,,,0,10,65,0,0,0,0
HUAMANTLA,29013,203,2024,June,0,0,5,91,256,,,,,,,1488,1408,2213,TLAXCALA,0.672390420244013,,,,,,,158,,,,,,,,,,5,,,,,95,,,,,453,,,,0,0,0,,,0,,,,,,0,76,0,,,,,,,,,,,,,,,,,,,,,,,,,,,,,,,1,79,269,0,0,0,0
HUAMANTLA,29013,204,2024,June,0,0,4,135,281,,,,,,,1775,1687,2824,TLAXCALA,0.628541076487252,,,,,,,155,,,,,,,,,,2,,,,,186,,,,,559,,,,0,0,0,,,0,,,,,,0,101,0,,,,,,,,,,,,,,,,,,,,,,,,,,,,,,,0,88,264,0,0,0,0
HUAMANTLA,29013,205,2024,June,0,0,1,2,75,,,,,,,253,248,308,TLAXCALA,0.821428571428571,,,,,,,21,,,,,,,,,,0,,,,,48,,,,,70,,,,0,0,0,,,0,,,,,,0,4,0,,,,,,,,,,,,,,,,,,,,,,,,,,,,,,,0,5,27,0,0,0,0
HUAMANTLA,29013,206,2024,June,0,0,1,8,306,,,,,,,1004,977,1286,TLAXCALA,0.780715396578538,,,,,,,53,,,,,,,,,,0,,,,,116,,,,,218,,,,0,0,0,,,0,,,,,,0,56,0,,,,,,,,,,,,,,,,,,,,,,,,,,,,,,,0,27,219,0,0,0,0
HUAMANTLA,29013,207,2024,June,0,0,1,12,218,,,,,,,617,597,829,TLAXCALA,0.744270205066345,,,,,,,44,,,,,,,,,,2,,,,,52,,,,,103,,,,0,0,0,,,0,,,,,,0,22,0,,,,,,,,,,,,,,,,,,,,,,,,,,,,,,,0,20,143,0,0,0,0
HUAMANTLA,29013,208,2024,June,0,0,6,29,225,,,,,,,720,692,934,TLAXCALA,0.770877944325482,,,,,,,68,,,,,,,,,,3,,,,,71,,,,,118,,,,0,0,0,,,0,,,,,,0,37,0,,,,,,,,,,,,,,,,,,,,,,,,,,,,,,,0,28,135,0,0,0,0
HUAMANTLA,29013,209,2024,June,0,0,5,34,296,,,,,,,717,694,880,TLAXCALA,0.814772727272727,,,,,,,47,,,,,,,,,,6,,,,,48,,,,,176,,,,0,0,0,,,0,,,,,,0,17,0,,,,,,,,,,,,,,,,,,,,,,,,,,,,,,,0,23,65,0,0,0,0
HUAMANTLA,29013,210,2024,June,0,0,0,0,71,,,,,,,188,180,285,TLAXCALA,0.659649122807018,,,,,,,14,,,,,,,,,,3,,,,,19,,,,,27,,,,0,0,0,,,0,,,,,,0,11,0,,,,,,,,,,,,,,,,,,,,,,,,,,,,,,,0,8,35,0,0,0,0
HUAMANTLA,29013,211,2024,June,0,0,3,13,282,,,,,,,797,760,1072,TLAXCALA,0.743470149253731,,,,,,,41,,,,,,,,,,5,,,,,118,,,,,147,,,,0,0,0,,,0,,,,,,0,46,0,,,,,,,,,,,,,,,,,,,,,,,,,,,,,,,0,37,105,0,0,0,0
HUAMANTLA,29013,212,2024,June,0,0,2,9,92,,,,,,,375,367,587,TLAXCALA,0.638841567291312,,,,,,,24,,,,,,,,,,0,,,,,70,,,,,105,,,,0,0,0,,,0,,,,,,0,21,0,,,,,,,,,,,,,,,,,,,,,,,,,,,,,,,0,8,44,0,0,0,0
HUAMANTLA,29013,213,2024,June,0,0,9,54,550,,,,,,,2070,1961,3291,TLAXCALA,0.628988149498633,,,,,,,193,,,,,,,,,,17,,,,,156,,,,,485,,,,0,0,0,,,0,,,,,,0,141,0,,,,,,,,,,,,,,,,,,,,,,,,,,,,,,,2,107,356,0,0,0,0
HUAMANTLA,29013,214,2024,June,0,0,5,47,485,,,,,,,1708,1620,2495,TLAXCALA,0.684569138276553,,,,,,,216,,,,,,,,,,8,,,,,106,,,,,311,,,,0,0,0,,,0,,,,,,0,159,0,,,,,,,,,,,,,,,,,,,,,,,,,,,,,,,1,87,283,0,0,0,0
HUAMANTLA,29013,215,2024,June,0,0,1,8,80,,,,,,,281,274,361,TLAXCALA,0.778393351800554,,,,,,,55,,,,,,,,,,1,,,,,35,,,,,49,,,,0,0,0,,,0,,,,,,0,18,0,,,,,,,,,,,,,,,,,,,,,,,,,,,,,,,0,7,27,0,0,0,0
HUAMANTLA,29013,216,2024,June,0,0,6,18,135,,,,,,,696,646,1087,TLAXCALA,0.640294388224471,,,,,,,39,,,,,,,,,,0,,,,,26,,,,,223,,,,0,0,0,,,0,,,,,,0,29,0,,,,,,,,,,,,,,,,,,,,,,,,,,,,,,,0,50,170,0,0,0,0
HUAMANTLA,29013,217,2024,June,0,0,3,22,221,,,,,,,786,760,1126,TLAXCALA,0.698046181172291,,,,,,,140,,,,,,,,,,5,,,,,66,,,,,166,,,,0,0,0,,,0,,,,,,0,47,0,,,,,,,,,,,,,,,,,,,,,,,,,,,,,,,0,26,90,0,0,0,0
HUAMANTLA,29013,218,2024,June,0,0,2,10,176,,,,,,,561,534,751,TLAXCALA,0.747003994673768,,,,,,,89,,,,,,,,,,8,,,,,34,,,,,118,,,,0,0,0,,,0,,,,,,0,19,0,,,,,,,,,,,,,,,,,,,,,,,,,,,,,,,0,27,78,0,0,0,0
HUAMANTLA,29013,219,2024,June,0,0,6,27,133,,,,,,,641,617,994,TLAXCALA,0.644869215291751,,,,,,,107,,,,,,,,,,0,,,,,59,,,,,135,,,,0,0,0,,,0,,,,,,0,39,0,,,,,,,,,,,,,,,,,,,,,,,,,,,,,,,0,24,111,0,0,0,0
HUEYOTLIPAN,29014,220,2024,June,0,0,0,7,57,,,,,,,1640,1574,2360,TLAXCALA,0.694915254237288,,,,,,,0,,,,,,,,,,8,,,,,232,,,,,441,,,,0,0,0,,,0,,,,,,0,380,0,,,,,,,,,,,,,,,,,,,,,,,,,,,,,,,1,65,449,0,0,0,0
HUEYOTLIPAN,29014,221,2024,June,0,0,0,4,85,,,,,,,1591,1540,2263,TLAXCALA,0.703049049933716,,,,,,,0,,,,,,,,,,5,,,,,253,,,,,368,,,,0,0,0,,,0,,,,,,0,397,0,,,,,,,,,,,,,,,,,,,,,,,,,,,,,,,0,51,428,0,0,0,0
HUEYOTLIPAN,29014,222,2024,June,0,0,0,6,54,,,,,,,919,877,1296,TLAXCALA,0.709104938271605,,,,,,,0,,,,,,,,,,0,,,,,305,,,,,231,,,,0,0,0,,,0,,,,,,0,86,0,,,,,,,,,,,,,,,,,,,,,,,,,,,,,,,0,42,195,0,0,0,0
HUEYOTLIPAN,29014,223,2024,June,0,0,0,4,21,,,,,,,277,257,407,TLAXCALA,0.680589680589681,,,,,,,0,,,,,,,,,,3,,,,,47,,,,,64,,,,0,0,0,,,0,,,,,,0,40,0,,,,,,,,,,,,,,,,,,,,,,,,,,,,,,,0,20,78,0,0,0,0
HUEYOTLIPAN,29014,224,2024,June,0,0,0,23,20,,,,,,,592,558,793,TLAXCALA,0.746532156368222,,,,,,,0,,,,,,,,,,3,,,,,115,,,,,134,,,,0,0,0,,,0,,,,,,0,58,0,,,,,,,,,,,,,,,,,,,,,,,,,,,,,,,0,34,205,0,0,0,0
HUEYOTLIPAN,29014,225,2024,June,0,0,0,0,15,,,,,,,254,244,317,TLAXCALA,0.801261829652997,,,,,,,0,,,,,,,,,,0,,,,,78,,,,,81,,,,0,0,0,,,0,,,,,,0,15,0,,,,,,,,,,,,,,,,,,,,,,,,,,,,,,,0,10,55,0,0,0,0
HUEYOTLIPAN,29014,226,2024,June,0,0,0,2,32,,,,,,,413,392,586,TLAXCALA,0.704778156996587,,,,,,,0,,,,,,,,,,2,,,,,83,,,,,123,,,,0,0,0,,,0,,,,,,0,26,0,,,,,,,,,,,,,,,,,,,,,,,,,,,,,,,0,21,124,0,0,0,0
HUEYOTLIPAN,29014,227,2024,June,0,0,0,5,21,,,,,,,478,465,671,TLAXCALA,0.712369597615499,,,,,,,0,,,,,,,,,,5,,,,,104,,,,,129,,,,0,0,0,,,0,,,,,,0,61,0,,,,,,,,,,,,,,,,,,,,,,,,,,,,,,,0,13,140,0,0,0,0
HUEYOTLIPAN,29014,228,2024,June,0,0,0,7,26,,,,,,,1761,1677,2534,TLAXCALA,0.694948697711129,,,,,,,0,,,,,,,,,,3,,,,,1043,,,,,301,,,,0,0,0,,,0,,,,,,0,62,0,,,,,,,,,,,,,,,,,,,,,,,,,,,,,,,0,84,235,0,0,0,0
HUEYOTLIPAN,29014,229,2024,June,0,0,0,0,16,,,,,,,133,127,172,TLAXCALA,0.773255813953488,,,,,,,0,,,,,,,,,,0,,,,,32,,,,,27,,,,0,0,0,,,0,,,,,,0,27,0,,,,,,,,,,,,,,,,,,,,,,,,,,,,,,,0,6,25,0,0,0,0
HUEYOTLIPAN,29014,230,2024,June,0,0,0,3,59,,,,,,,453,437,585,TLAXCALA,0.774358974358974,,,,,,,0,,,,,,,,,,2,,,,,15,,,,,220,,,,0,0,0,,,0,,,,,,0,31,0,,,,,,,,,,,,,,,,,,,,,,,,,,,,,,,0,16,107,0,0,0,0
HUEYOTLIPAN,29014,231,2024,June,0,0,0,3,16,,,,,,,194,182,279,TLAXCALA,0.695340501792115,,,,,,,0,,,,,,,,,,5,,,,,75,,,,,38,,,,0,0,0,,,0,,,,,,0,24,0,,,,,,,,,,,,,,,,,,,,,,,,,,,,,,,0,12,21,0,0,0,0
IXTACUIXTLA DE MARIANO MATAMOROS,29015,0,2024,June,0,0,0,0,0,,,,,,,2,2,3,TLAXCALA,0.666666666666667,,,,,,,0,,,,,,,,,,0,,,,,0,,,,,2,,,,0,0,0,,,0,,,,,,0,0,0,,,,,,,,,,,,,,,,,,,,,,,,,,,,,,,0,0,0,0,0,0,0
IXTACUIXTLA DE MARIANO MATAMOROS,29015,232,2024,June,92,16,8,161,255,,,,,,,1490,1431,2395,TLAXCALA,0.622129436325679,,,,,,,32,,,,,,,,,,26,,,,,79,,,,,350,,,,0,0,32,,,0,,,,,,290,90,0,,,,,,,,,,,,,,,,,,,,,,,,,,,,,,,0,59,0,0,0,0,0
IXTACUIXTLA DE MARIANO MATAMOROS,29015,233,2024,June,75,17,11,147,207,,,,,,,1335,1281,1967,TLAXCALA,0.678698525673615,,,,,,,41,,,,,,,,,,26,,,,,67,,,,,274,,,,0,0,30,,,0,,,,,,309,77,0,,,,,,,,,,,,,,,,,,,,,,,,,,,,,,,0,54,0,0,0,0,0
IXTACUIXTLA DE MARIANO MATAMOROS,29015,234,2024,June,54,14,19,85,109,,,,,,,976,917,1438,TLAXCALA,0.678720445062587,,,,,,,33,,,,,,,,,,11,,,,,38,,,,,210,,,,0,0,8,,,0,,,,,,294,42,0,,,,,,,,,,,,,,,,,,,,,,,,,,,,,,,19,40,0,0,0,0,0
IXTACUIXTLA DE MARIANO MATAMOROS,29015,235,2024,June,11,7,0,23,28,,,,,,,170,160,224,TLAXCALA,0.758928571428571,,,,,,,4,,,,,,,,,,1,,,,,9,,,,,33,,,,0,0,6,,,0,,,,,,17,21,0,,,,,,,,,,,,,,,,,,,,,,,,,,,,,,,0,10,0,0,0,0,0
IXTACUIXTLA DE MARIANO MATAMOROS,29015,236,2024,June,11,9,4,6,50,,,,,,,182,167,300,TLAXCALA,0.606666666666667,,,,,,,3,,,,,,,,,,2,,,,,4,,,,,39,,,,0,0,13,,,0,,,,,,8,18,0,,,,,,,,,,,,,,,,,,,,,,,,,,,,,,,0,15,0,0,0,0,0
IXTACUIXTLA DE MARIANO MATAMOROS,29015,237,2024,June,0,0,0,0,0,,,,,,,0,0,342,TLAXCALA,0,,,,,,,0,,,,,,,,,,0,,,,,0,,,,,0,,,,0,0,0,,,0,,,,,,0,0,0,,,,,,,,,,,,,,,,,,,,,,,,,,,,,,,0,0,0,0,0,0,0
IXTACUIXTLA DE MARIANO MATAMOROS,29015,238,2024,June,26,0,1,7,64,,,,,,,154,148,262,TLAXCALA,0.587786259541985,,,,,,,1,,,,,,,,,,2,,,,,1,,,,,29,,,,0,0,2,,,0,,,,,,11,4,0,,,,,,,,,,,,,,,,,,,,,,,,,,,,,,,0,6,0,0,0,0,0
IXTACUIXTLA DE MARIANO MATAMOROS,29015,239,2024,June,55,3,6,19,34,,,,,,,255,243,447,TLAXCALA,0.570469798657718,,,,,,,4,,,,,,,,,,3,,,,,19,,,,,79,,,,0,0,6,,,0,,,,,,11,4,0,,,,,,,,,,,,,,,,,,,,,,,,,,,,,,,0,12,0,0,0,0,0
IXTACUIXTLA DE MARIANO MATAMOROS,29015,240,2024,June,22,2,9,56,87,,,,,,,525,495,912,TLAXCALA,0.575657894736842,,,,,,,9,,,,,,,,,,5,,,,,17,,,,,86,,,,0,0,10,,,0,,,,,,39,153,0,,,,,,,,,,,,,,,,,,,,,,,,,,,,,,,0,30,0,0,0,0,0
IXTACUIXTLA DE MARIANO MATAMOROS,29015,241,2024,June,39,5,16,538,74,,,,,,,1122,1049,2036,TLAXCALA,0.551080550098232,,,,,,,3,,,,,,,,,,2,,,,,39,,,,,208,,,,0,0,9,,,0,,,,,,31,85,0,,,,,,,,,,,,,,,,,,,,,,,,,,,,,,,2,71,0,0,0,0,0
IXTACUIXTLA DE MARIANO MATAMOROS,29015,242,2024,June,36,7,12,449,66,,,,,,,954,878,1569,TLAXCALA,0.608030592734226,,,,,,,0,,,,,,,,,,5,,,,,25,,,,,170,,,,0,0,4,,,0,,,,,,26,78,0,,,,,,,,,,,,,,,,,,,,,,,,,,,,,,,0,76,0,0,0,0,0
IXTACUIXTLA DE MARIANO MATAMOROS,29015,243,2024,June,38,3,0,38,16,,,,,,,265,254,333,TLAXCALA,0.795795795795796,,,,,,,9,,,,,,,,,,1,,,,,27,,,,,71,,,,0,0,1,,,0,,,,,,40,10,0,,,,,,,,,,,,,,,,,,,,,,,,,,,,,,,0,11,0,0,0,0,0
IXTACUIXTLA DE MARIANO MATAMOROS,29015,244,2024,June,32,0,6,30,64,,,,,,,334,316,525,TLAXCALA,0.636190476190476,,,,,,,1,,,,,,,,,,10,,,,,19,,,,,53,,,,0,0,11,,,0,,,,,,66,24,0,,,,,,,,,,,,,,,,,,,,,,,,,,,,,,,0,18,0,0,0,0,0
IXTACUIXTLA DE MARIANO MATAMOROS,29015,245,2024,June,101,13,110,181,429,,,,,,,1927,1818,2608,TLAXCALA,0.73888036809816,,,,,,,23,,,,,,,,,,47,,,,,73,,,,,365,,,,0,0,268,,,0,,,,,,119,89,0,,,,,,,,,,,,,,,,,,,,,,,,,,,,,,,0,109,0,0,0,0,0
IXTACUIXTLA DE MARIANO MATAMOROS,29015,246,2024,June,67,3,6,51,190,,,,,,,638,619,827,TLAXCALA,0.771463119709794,,,,,,,8,,,,,,,,,,14,,,,,21,,,,,139,,,,0,0,35,,,0,,,,,,70,15,0,,,,,,,,,,,,,,,,,,,,,,,,,,,,,,,0,19,0,0,0,0,0
IXTACUIXTLA DE MARIANO MATAMOROS,29015,247,2024,June,355,7,12,108,177,,,,,,,1196,1149,1741,TLAXCALA,0.686961516369902,,,,,,,20,,,,,,,,,,61,,,,,15,,,,,240,,,,0,0,33,,,0,,,,,,56,65,0,,,,,,,,,,,,,,,,,,,,,,,,,,,,,,,0,47,0,0,0,0,0
IXTACUIXTLA DE MARIANO MATAMOROS,29015,248,2024,June,129,5,5,200,122,,,,,,,1023,993,1336,TLAXCALA,0.765718562874252,,,,,,,25,,,,,,,,,,7,,,,,20,,,,,359,,,,0,0,11,,,0,,,,,,94,16,0,,,,,,,,,,,,,,,,,,,,,,,,,,,,,,,0,30,0,0,0,0,0
IXTACUIXTLA DE MARIANO MATAMOROS,29015,249,2024,June,3,8,17,146,65,,,,,,,446,415,638,TLAXCALA,0.699059561128527,,,,,,,0,,,,,,,,,,4,,,,,9,,,,,87,,,,0,0,34,,,0,,,,,,5,37,0,,,,,,,,,,,,,,,,,,,,,,,,,,,,,,,0,31,0,0,0,0,0
IXTACUIXTLA DE MARIANO MATAMOROS,29015,250,2024,June,78,4,6,69,101,,,,,,,967,926,1456,TLAXCALA,0.664148351648352,,,,,,,135,,,,,,,,,,14,,,,,65,,,,,288,,,,0,0,17,,,0,,,,,,72,77,0,,,,,,,,,,,,,,,,,,,,,,,,,,,,,,,1,40,0,0,0,0,0
IXTACUIXTLA DE MARIANO MATAMOROS,29015,251,2024,June,157,13,9,171,595,,,,,,,2308,2208,3363,TLAXCALA,0.686292001189414,,,,,,,44,,,,,,,,,,63,,,,,86,,,,,586,,,,0,0,166,,,0,,,,,,269,49,0,,,,,,,,,,,,,,,,,,,,,,,,,,,,,,,0,100,0,0,0,0,0
IXTACUIXTLA DE MARIANO MATAMOROS,29015,252,2024,June,227,12,2,82,204,,,,,,,1264,1216,2133,TLAXCALA,0.592592592592593,,,,,,,44,,,,,,,,,,60,,,,,49,,,,,379,,,,0,0,42,,,0,,,,,,58,57,0,,,,,,,,,,,,,,,,,,,,,,,,,,,,,,,0,48,0,0,0,0,0
IXTACUIXTLA DE MARIANO MATAMOROS,29015,253,2024,June,120,8,6,75,165,,,,,,,1044,970,1769,TLAXCALA,0.59016393442623,,,,,,,31,,,,,,,,,,22,,,,,29,,,,,334,,,,0,0,44,,,0,,,,,,91,45,0,,,,,,,,,,,,,,,,,,,,,,,,,,,,,,,0,74,0,0,0,0,0
IXTACUIXTLA DE MARIANO MATAMOROS,29015,256,2024,June,28,3,6,70,69,,,,,,,1018,954,1549,TLAXCALA,0.657198192382182,,,,,,,17,,,,,,,,,,28,,,,,362,,,,,250,,,,0,0,59,,,0,,,,,,41,21,0,,,,,,,,,,,,,,,,,,,,,,,,,,,,,,,0,64,0,0,0,0,0
IXTACUIXTLA DE MARIANO MATAMOROS,29015,257,2024,June,19,4,5,33,48,,,,,,,663,625,1046,TLAXCALA,0.633843212237094,,,,,,,7,,,,,,,,,,8,,,,,282,,,,,169,,,,0,0,10,,,0,,,,,,26,14,0,,,,,,,,,,,,,,,,,,,,,,,,,,,,,,,13,25,0,0,0,0,0
IXTACUIXTLA DE MARIANO MATAMOROS,29015,258,2024,June,10,4,0,14,75,,,,,,,278,265,398,TLAXCALA,0.698492462311558,,,,,,,19,,,,,,,,,,4,,,,,6,,,,,70,,,,0,0,13,,,0,,,,,,40,10,0,,,,,,,,,,,,,,,,,,,,,,,,,,,,,,,0,13,0,0,0,0,0
IXTENCO,29016,259,2024,June,0,0,0,135,79,,,,,,,1283,1259,1661,TLAXCALA,0.772426249247441,,,,,,,83,,,,,,,,,,50,,,,,31,,,,,260,,,,0,0,0,,,0,,,,,,254,157,0,,,,,,,,,,,,,,,,,,,,,,,,,,,,,,,0,24,210,0,0,0,0
IXTENCO,29016,260,2024,June,0,0,0,103,88,,,,,,,1065,1026,1340,TLAXCALA,0.794776119402985,,,,,,,120,,,,,,,,,,23,,,,,24,,,,,202,,,,0,0,0,,,0,,,,,,184,131,0,,,,,,,,,,,,,,,,,,,,,,,,,,,,,,,0,39,151,0,0,0,0
IXTENCO,29016,261,2024,June,0,0,0,143,70,,,,,,,1275,1252,1696,TLAXCALA,0.751768867924528,,,,,,,140,,,,,,,,,,35,,,,,24,,,,,258,,,,0,0,0,,,0,,,,,,224,199,0,,,,,,,,,,,,,,,,,,,,,,,,,,,,,,,0,23,159,0,0,0,0
IXTENCO,29016,262,2024,June,0,0,0,86,40,,,,,,,979,953,1313,TLAXCALA,0.745620715917746,,,,,,,84,,,,,,,,,,44,,,,,34,,,,,205,,,,0,0,0,,,0,,,,,,217,84,0,,,,,,,,,,,,,,,,,,,,,,,,,,,,,,,0,26,159,0,0,0,0
LA MAGDALENA TLALTELULCO,29048,151,2024,June,110,913,33,73,787,,,,,,,4455,4299,5693,TLAXCALA,0.782539961356051,,,,,,,149,,,,,,,,,,14,,,,,601,,,,,328,,,,0,0,0,,,0,,,,,,29,1262,0,,,,,,,,,,,,,,,,,,,,,,,,,,,,,,,0,156,0,0,0,0,0
LA MAGDALENA TLALTELULCO,29048,152,2024,June,61,594,62,34,463,,,,,,,2800,2722,3546,TLAXCALA,0.789622109419064,,,,,,,104,,,,,,,,,,5,,,,,695,,,,,143,,,,0,0,0,,,0,,,,,,10,551,0,,,,,,,,,,,,,,,,,,,,,,,,,,,,,,,0,78,0,0,0,0,0
LA MAGDALENA TLALTELULCO,29048,153,2024,June,19,150,10,19,277,,,,,,,1351,1312,1701,TLAXCALA,0.794238683127572,,,,,,,392,,,,,,,,,,3,,,,,111,,,,,72,,,,0,0,0,,,0,,,,,,6,253,0,,,,,,,,,,,,,,,,,,,,,,,,,,,,,,,0,39,0,0,0,0,0
LA MAGDALENA TLALTELULCO,29048,154,2024,June,19,255,5,24,304,,,,,,,1542,1474,2048,TLAXCALA,0.7529296875,,,,,,,94,,,,,,,,,,3,,,,,193,,,,,190,,,,0,0,0,,,0,,,,,,8,379,0,,,,,,,,,,,,,,,,,,,,,,,,,,,,,,,0,68,0,0,0,0,0
LA MAGDALENA TLALTELULCO,29048,155,2024,June,21,320,10,40,391,,,,,,,1713,1636,2183,TLAXCALA,0.78469995419148,,,,,,,209,,,,,,,,,,3,,,,,124,,,,,160,,,,0,0,0,,,0,,,,,,4,354,0,,,,,,,,,,,,,,,,,,,,,,,,,,,,,,,0,77,0,0,0,0,0
LAZARO CARDENAS,29047,402,2024,June,0,0,38,65,72,,,,,,,252,246,316,TLAXCALA,0.79746835443038,,,,,,,4,,,,,,,,,,34,,,,,28,,,,,0,,,,0,0,0,,,0,,,,,,0,0,0,,,,,,,,,,,,,,,,,,,,,,,,,,,,,,,0,6,5,0,0,0,0
LAZARO CARDENAS,29047,606,2024,June,0,0,375,564,487,,,,,,,1786,1729,2273,TLAXCALA,0.785745710514738,,,,,,,10,,,,,,,,,,106,,,,,147,,,,,13,,,,0,0,0,,,0,,,,,,0,0,0,,,,,,,,,,,,,,,,,,,,,,,,,,,,,,,0,57,27,0,0,0,0
MAZATECOCHCO DE JOSE MARIA MORELOS,29017,263,2024,June,0,0,373,9,264,,,,,,,1799,1762,2286,TLAXCALA,0.786964129483815,,,,,,,75,,,,,,,,,,196,,,,,88,,,,,526,,,,0,0,0,,,0,,,,,,144,47,0,,,,,,,,,,,,,,,,,,,,,,,,,,,,,,,0,37,40,0,0,0,0
MAZATECOCHCO DE JOSE MARIA MORELOS,29017,264,2024,June,0,0,456,3,390,,,,,,,1847,1816,2327,TLAXCALA,0.79372582724538,,,,,,,37,,,,,,,,,,270,,,,,78,,,,,382,,,,0,0,0,,,0,,,,,,79,59,0,,,,,,,,,,,,,,,,,,,,,,,,,,,,,,,1,30,62,0,0,0,0
MAZATECOCHCO DE JOSE MARIA MORELOS,29017,265,2024,June,0,0,413,2,586,,,,,,,1706,1655,2222,TLAXCALA,0.767776777677768,,,,,,,22,,,,,,,,,,140,,,,,51,,,,,283,,,,0,0,0,,,0,,,,,,65,40,0,,,,,,,,,,,,,,,,,,,,,,,,,,,,,,,1,50,53,0,0,0,0
MAZATECOCHCO DE JOSE MARIA MORELOS,29017,266,2024,June,0,0,278,4,283,,,,,,,1366,1329,1664,TLAXCALA,0.820913461538462,,,,,,,42,,,,,,,,,,248,,,,,62,,,,,239,,,,0,0,0,,,0,,,,,,54,45,0,,,,,,,,,,,,,,,,,,,,,,,,,,,,,,,0,37,74,0,0,0,0
MUÃ‘OZ DE DOMINGO ARENAS,,161,2024,June,10,7,0,8,6,,,,,,,1496,1428,2088,TLAXCALA,0.716475095785441,,,,,,,0,,,,,,,,,,75,,,,,7,,,,,725,,,,0,0,0,,,0,,,,,,269,321,0,,,,,,,,,,,,,,,,,,,,,,,,,,,,,,,0,68,0,0,0,0,0
MUÃ‘OZ DE DOMINGO ARENAS,,162,2024,June,6,9,0,3,18,,,,,,,732,703,1086,TLAXCALA,0.674033149171271,,,,,,,0,,,,,,,,,,6,,,,,3,,,,,196,,,,0,0,0,,,0,,,,,,431,31,0,,,,,,,,,,,,,,,,,,,,,,,,,,,,,,,0,29,0,0,0,0,0
MUÃ‘OZ DE DOMINGO ARENAS,,163,2024,June,8,1,0,1,4,,,,,,,360,351,524,TLAXCALA,0.687022900763359,,,,,,,0,,,,,,,,,,2,,,,,3,,,,,225,,,,0,0,0,,,0,,,,,,79,28,0,,,,,,,,,,,,,,,,,,,,,,,,,,,,,,,0,9,0,0,0,0,0
MUÃ‘OZ DE DOMINGO ARENAS,,164,2024,June,4,2,0,1,0,,,,,,,248,237,312,TLAXCALA,0.794871794871795,,,,,,,0,,,,,,,,,,8,,,,,2,,,,,159,,,,0,0,0,,,0,,,,,,47,14,0,,,,,,,,,,,,,,,,,,,,,,,,,,,,,,,0,11,0,0,0,0,0
NANACAMILPA DE MARIANO ARISTA,29021,0,2024,June,0,0,0,0,1,,,,,,,3,3,3,TLAXCALA,1,,,,,,,0,,,,,,,,,,0,,,,,0,,,,,0,,,,0,0,0,,,0,,,,,,0,0,0,,,,,,,,,,,,,,,,,,,,,,,,,,,,,,,0,0,2,0,0,0,0
NANACAMILPA DE MARIANO ARISTA,29021,299,2024,June,0,0,9,366,79,,,,,,,1817,1767,3121,TLAXCALA,0.582185197052227,,,,,,,420,,,,,,,,,,14,,,,,12,,,,,227,,,,0,0,0,,,0,,,,,,6,6,0,,,,,,,,,,,,,,,,,,,,,,,,,,,,,,,0,50,628,0,0,0,0
NANACAMILPA DE MARIANO ARISTA,29021,300,2024,June,0,0,0,181,20,,,,,,,1008,956,1565,TLAXCALA,0.64408945686901,,,,,,,190,,,,,,,,,,3,,,,,8,,,,,124,,,,0,0,0,,,0,,,,,,4,1,0,,,,,,,,,,,,,,,,,,,,,,,,,,,,,,,0,52,425,0,0,0,0
NANACAMILPA DE MARIANO ARISTA,29021,301,2024,June,0,0,4,172,56,,,,,,,1660,1601,2642,TLAXCALA,0.628311884935655,,,,,,,377,,,,,,,,,,11,,,,,9,,,,,136,,,,0,0,0,,,0,,,,,,2,5,0,,,,,,,,,,,,,,,,,,,,,,,,,,,,,,,0,59,829,0,0,0,0
NANACAMILPA DE MARIANO ARISTA,29021,302,2024,June,0,0,5,251,91,,,,,,,1713,1650,2703,TLAXCALA,0.633740288568258,,,,,,,535,,,,,,,,,,7,,,,,20,,,,,108,,,,0,0,0,,,0,,,,,,1,3,0,,,,,,,,,,,,,,,,,,,,,,,,,,,,,,,0,63,629,0,0,0,0
NANACAMILPA DE MARIANO ARISTA,29021,303,2024,June,0,0,0,72,23,,,,,,,564,541,826,TLAXCALA,0.682808716707022,,,,,,,138,,,,,,,,,,4,,,,,4,,,,,42,,,,0,0,0,,,0,,,,,,1,1,0,,,,,,,,,,,,,,,,,,,,,,,,,,,,,,,0,23,256,0,0,0,0
NANACAMILPA DE MARIANO ARISTA,29021,304,2024,June,0,0,4,85,30,,,,,,,790,768,1112,TLAXCALA,0.710431654676259,,,,,,,133,,,,,,,,,,6,,,,,5,,,,,81,,,,0,0,0,,,0,,,,,,2,0,0,,,,,,,,,,,,,,,,,,,,,,,,,,,,,,,0,22,422,0,0,0,0
NANACAMILPA DE MARIANO ARISTA,29021,305,2024,June,0,0,1,30,6,,,,,,,267,248,415,TLAXCALA,0.643373493975904,,,,,,,50,,,,,,,,,,2,,,,,5,,,,,27,,,,0,0,0,,,0,,,,,,1,2,0,,,,,,,,,,,,,,,,,,,,,,,,,,,,,,,0,19,124,0,0,0,0
NANACAMILPA DE MARIANO ARISTA,29021,306,2024,June,0,0,1,50,10,,,,,,,173,164,208,TLAXCALA,0.831730769230769,,,,,,,30,,,,,,,,,,2,,,,,0,,,,,39,,,,0,0,0,,,0,,,,,,1,1,0,,,,,,,,,,,,,,,,,,,,,,,,,,,,,,,0,9,30,0,0,0,0
NANACAMILPA DE MARIANO ARISTA,29021,307,2024,June,0,0,0,25,26,,,,,,,431,413,648,TLAXCALA,0.665123456790123,,,,,,,82,,,,,,,,,,6,,,,,3,,,,,29,,,,0,0,0,,,0,,,,,,0,0,0,,,,,,,,,,,,,,,,,,,,,,,,,,,,,,,0,18,242,0,0,0,0
NANACAMILPA DE MARIANO ARISTA,29021,308,2024,June,0,0,2,145,17,,,,,,,1035,995,1400,TLAXCALA,0.739285714285714,,,,,,,206,,,,,,,,,,3,,,,,5,,,,,72,,,,0,0,0,,,0,,,,,,2,4,0,,,,,,,,,,,,,,,,,,,,,,,,,,,,,,,1,39,539,0,0,0,0
NATIVITAS,29023,318,2024,June,30,34,0,219,0,,,,,,,734,717,939,TLAXCALA,0.781682641107561,,,,,,,6,,,,,,,,,,323,,,,,73,,,,,31,,,,0,0,0,,,0,,,,,,0,1,0,,,,,,,,,,,,,,,,,,,,,,,,,,,,,,,0,17,0,0,0,0,0
NATIVITAS,29023,319,2024,June,60,308,0,402,0,,,,,,,2213,2161,2910,TLAXCALA,0.760481099656357,,,,,,,9,,,,,,,,,,1020,,,,,244,,,,,116,,,,0,0,0,,,0,,,,,,0,2,0,,,,,,,,,,,,,,,,,,,,,,,,,,,,,,,0,52,0,0,0,0,0
NATIVITAS,29023,320,2024,June,17,15,0,164,0,,,,,,,517,508,652,TLAXCALA,0.792944785276074,,,,,,,2,,,,,,,,,,215,,,,,69,,,,,24,,,,0,0,0,,,0,,,,,,0,2,0,,,,,,,,,,,,,,,,,,,,,,,,,,,,,,,0,9,0,0,0,0,0
NATIVITAS,29023,321,2024,June,40,40,0,173,0,,,,,,,587,572,861,TLAXCALA,0.681765389082462,,,,,,,19,,,,,,,,,,174,,,,,90,,,,,34,,,,0,0,0,,,0,,,,,,0,2,0,,,,,,,,,,,,,,,,,,,,,,,,,,,,,,,0,15,0,0,0,0,0
NATIVITAS,29023,322,2024,June,33,74,0,206,0,,,,,,,944,917,1201,TLAXCALA,0.78601165695254,,,,,,,1,,,,,,,,,,342,,,,,224,,,,,34,,,,0,0,0,,,0,,,,,,0,3,0,,,,,,,,,,,,,,,,,,,,,,,,,,,,,,,0,27,0,0,0,0,0
NATIVITAS,29023,323,2024,June,121,53,0,279,0,,,,,,,1162,1128,1948,TLAXCALA,0.596509240246407,,,,,,,12,,,,,,,,,,173,,,,,210,,,,,276,,,,0,0,0,,,0,,,,,,0,4,0,,,,,,,,,,,,,,,,,,,,,,,,,,,,,,,0,34,0,0,0,0,0
NATIVITAS,29023,324,2024,June,13,27,0,83,0,,,,,,,503,492,721,TLAXCALA,0.697642163661581,,,,,,,6,,,,,,,,,,117,,,,,32,,,,,212,,,,0,0,0,,,0,,,,,,0,2,0,,,,,,,,,,,,,,,,,,,,,,,,,,,,,,,0,11,0,0,0,0,0
NATIVITAS,29023,325,2024,June,207,21,0,346,0,,,,,,,1082,1040,1520,TLAXCALA,0.711842105263158,,,,,,,43,,,,,,,,,,194,,,,,150,,,,,77,,,,0,0,0,,,0,,,,,,0,2,0,,,,,,,,,,,,,,,,,,,,,,,,,,,,,,,0,42,0,0,0,0,0
NATIVITAS,29023,326,2024,June,866,22,0,270,0,,,,,,,1862,1795,2490,TLAXCALA,0.747791164658635,,,,,,,7,,,,,,,,,,363,,,,,164,,,,,100,,,,0,0,0,,,0,,,,,,0,3,0,,,,,,,,,,,,,,,,,,,,,,,,,,,,,,,0,67,0,0,0,0,0
NATIVITAS,29023,327,2024,June,182,37,0,303,0,,,,,,,1276,1252,1857,TLAXCALA,0.687129779213786,,,,,,,82,,,,,,,,,,380,,,,,191,,,,,74,,,,0,0,0,,,0,,,,,,0,3,0,,,,,,,,,,,,,,,,,,,,,,,,,,,,,,,0,24,0,0,0,0,0
NATIVITAS,29023,328,2024,June,18,13,0,239,0,,,,,,,649,628,909,TLAXCALA,0.713971397139714,,,,,,,26,,,,,,,,,,207,,,,,68,,,,,48,,,,0,0,0,,,0,,,,,,0,9,0,,,,,,,,,,,,,,,,,,,,,,,,,,,,,,,0,21,0,0,0,0,0
NATIVITAS,29023,329,2024,June,43,14,0,214,0,,,,,,,1267,1241,1738,TLAXCALA,0.728998849252014,,,,,,,18,,,,,,,,,,109,,,,,773,,,,,56,,,,0,0,0,,,0,,,,,,0,14,0,,,,,,,,,,,,,,,,,,,,,,,,,,,,,,,0,26,0,0,0,0,0
NATIVITAS,29023,330,2024,June,22,20,0,174,0,,,,,,,994,975,1359,TLAXCALA,0.731420161883738,,,,,,,13,,,,,,,,,,62,,,,,634,,,,,44,,,,0,0,0,,,0,,,,,,0,6,0,,,,,,,,,,,,,,,,,,,,,,,,,,,,,,,0,19,0,0,0,0,0
NATIVITAS,29023,331,2024,June,53,71,0,320,0,,,,,,,980,925,1462,TLAXCALA,0.6703146374829,,,,,,,99,,,,,,,,,,59,,,,,187,,,,,106,,,,0,0,0,,,0,,,,,,0,30,0,,,,,,,,,,,,,,,,,,,,,,,,,,,,,,,0,55,0,0,0,0,0
PANOTLA,29024,0,2024,June,0,0,0,0,0,,,,,,,4,3,5,TLAXCALA,0.8,,,,,,,0,,,,,,,,,,0,,,,,0,,,,,2,,,,0,0,0,,,0,,,,,,0,1,0,,,,,,,,,,,,,,,,,,,,,,,,,,,,,,,0,1,0,0,0,0,0
PANOTLA,29024,332,2024,June,0,0,9,1,6,,,,,,,88,80,231,TLAXCALA,0.380952380952381,,,,,,,2,,,,,,,,,,4,,,,,9,,,,,23,,,,0,0,0,,,0,,,,,,6,5,0,,,,,,,,,,,,,,,,,,,,,,,,,,,,,,,0,8,15,0,0,0,0
PANOTLA,29024,333,2024,June,0,0,87,23,89,,,,,,,859,803,1375,TLAXCALA,0.624727272727273,,,,,,,15,,,,,,,,,,48,,,,,43,,,,,219,,,,0,0,0,,,0,,,,,,49,97,0,,,,,,,,,,,,,,,,,,,,,,,,,,,,,,,1,55,133,0,0,0,0
PANOTLA,29024,334,2024,June,0,0,130,28,92,,,,,,,830,796,1111,TLAXCALA,0.747074707470747,,,,,,,44,,,,,,,,,,32,,,,,80,,,,,236,,,,0,0,0,,,0,,,,,,30,92,0,,,,,,,,,,,,,,,,,,,,,,,,,,,,,,,0,34,32,0,0,0,0
PANOTLA,29024,335,2024,June,0,0,107,36,61,,,,,,,537,510,712,TLAXCALA,0.754213483146067,,,,,,,17,,,,,,,,,,33,,,,,54,,,,,120,,,,0,0,0,,,0,,,,,,34,33,0,,,,,,,,,,,,,,,,,,,,,,,,,,,,,,,0,27,15,0,0,0,0
PANOTLA,29024,336,2024,June,0,0,224,112,247,,,,,,,2203,2093,3096,TLAXCALA,0.71156330749354,,,,,,,67,,,,,,,,,,153,,,,,120,,,,,607,,,,0,0,0,,,0,,,,,,200,285,0,,,,,,,,,,,,,,,,,,,,,,,,,,,,,,,0,110,78,0,0,0,0
PANOTLA,29024,337,2024,June,0,0,134,139,170,,,,,,,1497,1450,1968,TLAXCALA,0.760670731707317,,,,,,,35,,,,,,,,,,98,,,,,134,,,,,372,,,,0,0,0,,,0,,,,,,116,183,0,,,,,,,,,,,,,,,,,,,,,,,,,,,,,,,17,30,69,0,0,0,0
PANOTLA,29024,338,2024,June,0,0,293,95,289,,,,,,,1723,1602,2669,TLAXCALA,0.645560134881978,,,,,,,68,,,,,,,,,,83,,,,,52,,,,,364,,,,0,0,0,,,0,,,,,,9,284,0,,,,,,,,,,,,,,,,,,,,,,,,,,,,,,,0,121,65,0,0,0,0
PANOTLA,29024,339,2024,June,0,0,119,16,92,,,,,,,423,384,759,TLAXCALA,0.557312252964427,,,,,,,12,,,,,,,,,,3,,,,,19,,,,,54,,,,0,0,0,,,0,,,,,,4,36,0,,,,,,,,,,,,,,,,,,,,,,,,,,,,,,,0,39,29,0,0,0,0
PANOTLA,29024,340,2024,June,0,0,77,27,61,,,,,,,380,351,709,TLAXCALA,0.535966149506347,,,,,,,9,,,,,,,,,,9,,,,,10,,,,,81,,,,0,0,0,,,0,,,,,,2,48,0,,,,,,,,,,,,,,,,,,,,,,,,,,,,,,,0,29,27,0,0,0,0
PANOTLA,29024,341,2024,June,0,0,12,6,51,,,,,,,143,139,172,TLAXCALA,0.831395348837209,,,,,,,4,,,,,,,,,,7,,,,,2,,,,,29,,,,0,0,0,,,0,,,,,,0,18,0,,,,,,,,,,,,,,,,,,,,,,,,,,,,,,,0,4,10,0,0,0,0
PANOTLA,29024,342,2024,June,0,0,100,30,115,,,,,,,1474,1413,2023,TLAXCALA,0.728620860108749,,,,,,,5,,,,,,,,,,44,,,,,28,,,,,307,,,,0,0,0,,,0,,,,,,26,713,0,,,,,,,,,,,,,,,,,,,,,,,,,,,,,,,0,61,45,0,0,0,0
PANOTLA,29024,343,2024,June,0,0,83,80,84,,,,,,,629,605,774,TLAXCALA,0.81266149870801,,,,,,,11,,,,,,,,,,23,,,,,17,,,,,103,,,,0,0,0,,,0,,,,,,11,155,0,,,,,,,,,,,,,,,,,,,,,,,,,,,,,,,0,24,38,0,0,0,0
PANOTLA,29024,344,2024,June,0,0,113,24,129,,,,,,,634,617,817,TLAXCALA,0.776009791921665,,,,,,,20,,,,,,,,,,10,,,,,14,,,,,149,,,,0,0,0,,,0,,,,,,13,96,0,,,,,,,,,,,,,,,,,,,,,,,,,,,,,,,0,17,49,0,0,0,0
PANOTLA,29024,345,2024,June,0,0,165,82,307,,,,,,,1300,1250,1806,TLAXCALA,0.719822812846069,,,,,,,23,,,,,,,,,,20,,,,,23,,,,,296,,,,0,0,0,,,0,,,,,,38,172,0,,,,,,,,,,,,,,,,,,,,,,,,,,,,,,,0,50,124,0,0,0,0
PANOTLA,29024,346,2024,June,0,0,146,55,320,,,,,,,1279,1218,1760,TLAXCALA,0.726704545454545,,,,,,,99,,,,,,,,,,31,,,,,51,,,,,251,,,,0,0,0,,,0,,,,,,58,78,0,,,,,,,,,,,,,,,,,,,,,,,,,,,,,,,4,57,129,0,0,0,0
PANOTLA,29024,347,2024,June,0,0,220,58,417,,,,,,,1434,1381,2092,TLAXCALA,0.68546845124283,,,,,,,147,,,,,,,,,,53,,,,,43,,,,,205,,,,0,0,0,,,0,,,,,,40,49,0,,,,,,,,,,,,,,,,,,,,,,,,,,,,,,,0,53,149,0,0,0,0
PAPALOTLA DE XICOHTENCATL,29041,558,2024,June,0,0,115,23,337,,,,,,,1962,1901,2611,TLAXCALA,0.751436231328993,,,,,,,113,,,,,,,,,,41,,,,,187,,,,,414,,,,0,0,0,,,0,,,,,,85,11,0,,,,,,,,,,,,,,,,,,,,,,,,,,,,,,,0,61,575,0,0,0,0
PAPALOTLA DE XICOHTENCATL,29041,559,2024,June,0,0,165,16,326,,,,,,,1477,1420,1897,TLAXCALA,0.77859778597786,,,,,,,29,,,,,,,,,,29,,,,,143,,,,,247,,,,0,0,0,,,0,,,,,,69,4,0,,,,,,,,,,,,,,,,,,,,,,,,,,,,,,,1,56,392,0,0,0,0
PAPALOTLA DE XICOHTENCATL,29041,560,2024,June,0,0,384,24,308,,,,,,,2086,2013,2953,TLAXCALA,0.706400270910938,,,,,,,69,,,,,,,,,,30,,,,,194,,,,,364,,,,0,0,0,,,0,,,,,,166,12,0,,,,,,,,,,,,,,,,,,,,,,,,,,,,,,,0,73,462,0,0,0,0
PAPALOTLA DE XICOHTENCATL,29041,561,2024,June,0,0,426,28,400,,,,,,,1949,1892,2710,TLAXCALA,0.719188191881919,,,,,,,33,,,,,,,,,,43,,,,,117,,,,,328,,,,0,0,0,,,0,,,,,,65,8,0,,,,,,,,,,,,,,,,,,,,,,,,,,,,,,,1,56,444,0,0,0,0
PAPALOTLA DE XICOHTENCATL,29041,562,2024,June,0,0,202,25,369,,,,,,,1728,1675,2452,TLAXCALA,0.704730831973899,,,,,,,58,,,,,,,,,,31,,,,,141,,,,,347,,,,0,0,0,,,0,,,,,,60,14,0,,,,,,,,,,,,,,,,,,,,,,,,,,,,,,,0,53,428,0,0,0,0
PAPALOTLA DE XICOHTENCATL,29041,563,2024,June,0,0,121,18,240,,,,,,,1689,1619,2311,TLAXCALA,0.730852444829078,,,,,,,43,,,,,,,,,,35,,,,,466,,,,,237,,,,0,0,0,,,0,,,,,,57,13,0,,,,,,,,,,,,,,,,,,,,,,,,,,,,,,,0,70,389,0,0,0,0
PAPALOTLA DE XICOHTENCATL,29041,564,2024,June,0,0,78,54,188,,,,,,,1500,1441,2208,TLAXCALA,0.679347826086957,,,,,,,60,,,,,,,,,,18,,,,,267,,,,,380,,,,0,0,0,,,0,,,,,,33,8,0,,,,,,,,,,,,,,,,,,,,,,,,,,,,,,,0,59,355,0,0,0,0
PAPALOTLA DE XICOHTENCATL,29041,565,2024,June,0,0,38,41,120,,,,,,,1122,1064,1727,TLAXCALA,0.64968152866242,,,,,,,22,,,,,,,,,,7,,,,,213,,,,,376,,,,0,0,0,,,0,,,,,,28,9,0,,,,,,,,,,,,,,,,,,,,,,,,,,,,,,,3,55,210,0,0,0,0
PAPALOTLA DE XICOHTENCATL,29041,566,2024,June,0,0,106,23,153,,,,,,,1204,1119,1528,TLAXCALA,0.787958115183246,,,,,,,21,,,,,,,,,,11,,,,,89,,,,,290,,,,0,0,0,,,0,,,,,,85,5,0,,,,,,,,,,,,,,,,,,,,,,,,,,,,,,,0,85,336,0,0,0,0
PAPALOTLA DE XICOHTENCATL,29041,567,2024,June,0,0,78,16,169,,,,,,,1013,934,1532,TLAXCALA,0.661227154046997,,,,,,,29,,,,,,,,,,12,,,,,74,,,,,203,,,,0,0,0,,,0,,,,,,86,8,0,,,,,,,,,,,,,,,,,,,,,,,,,,,,,,,0,79,259,0,0,0,0
PAPALOTLA DE XICOHTENCATL,29041,568,2024,June,0,0,151,53,176,,,,,,,1103,1045,1647,TLAXCALA,0.669702489374621,,,,,,,24,,,,,,,,,,8,,,,,103,,,,,331,,,,0,0,0,,,0,,,,,,37,21,0,,,,,,,,,,,,,,,,,,,,,,,,,,,,,,,0,58,141,0,0,0,0
PAPALOTLA DE XICOHTENCATL,29041,569,2024,June,0,0,121,22,147,,,,,,,752,714,1215,TLAXCALA,0.618930041152263,,,,,,,13,,,,,,,,,,9,,,,,43,,,,,165,,,,0,0,0,,,0,,,,,,24,6,0,,,,,,,,,,,,,,,,,,,,,,,,,,,,,,,0,38,164,0,0,0,0
SAN DAMIAN TEXOLOC,29049,429,2024,June,0,0,16,417,0,,,,,,,1664,1637,2271,TLAXCALA,0.732716864817261,,,,,,,4,,,,,,,,,,386,,,,,7,,,,,676,,,,0,0,0,,,0,,,,,,4,0,0,,,,,,,,,,,,,,,,,,,,,,,,,,,,,,,0,27,127,0,0,0,0
SAN DAMIAN TEXOLOC,29049,430,2024,June,0,0,25,401,0,,,,,,,1983,1952,2630,TLAXCALA,0.753992395437262,,,,,,,8,,,,,,,,,,532,,,,,3,,,,,790,,,,0,0,0,,,0,,,,,,4,0,0,,,,,,,,,,,,,,,,,,,,,,,,,,,,,,,1,30,189,0,0,0,0
SAN FRANCISCO TETLANOHCAN,29050,158,2024,June,0,0,166,383,510,,,,,,,2601,2502,3442,TLAXCALA,0.755665310865776,,,,,,,163,,,,,,,,,,337,,,,,177,,,,,289,,,,0,0,0,,,0,,,,,,73,278,0,,,,,,,,,,,,,,,,,,,,,,,,,,,,,,,2,97,126,0,0,0,0
SAN FRANCISCO TETLANOHCAN,29050,159,2024,June,0,0,143,214,346,,,,,,,1880,1790,2583,TLAXCALA,0.727835849787069,,,,,,,99,,,,,,,,,,235,,,,,139,,,,,220,,,,0,0,0,,,0,,,,,,78,254,0,,,,,,,,,,,,,,,,,,,,,,,,,,,,,,,1,89,62,0,0,0,0
SAN FRANCISCO TETLANOHCAN,29050,160,2024,June,0,0,160,279,425,,,,,,,2313,2202,2984,TLAXCALA,0.775134048257373,,,,,,,106,,,,,,,,,,206,,,,,236,,,,,226,,,,0,0,0,,,0,,,,,,59,335,0,,,,,,,,,,,,,,,,,,,,,,,,,,,,,,,0,111,170,0,0,0,0
SAN JERONIMO ZACUALPAN,29051,432,2024,June,0,0,0,501,0,,,,,,,1218,1203,1445,TLAXCALA,0.842906574394464,,,,,,,2,,,,,,,,,,52,,,,,87,,,,,561,,,,0,0,0,,,0,,,,,,0,0,0,,,,,,,,,,,,,,,,,,,,,,,,,,,,,,,0,15,0,0,0,0,0
SAN JERONIMO ZACUALPAN,29051,433,2024,June,0,0,0,633,0,,,,,,,1542,1513,1831,TLAXCALA,0.842162752594211,,,,,,,2,,,,,,,,,,59,,,,,177,,,,,642,,,,0,0,0,,,0,,,,,,0,0,0,,,,,,,,,,,,,,,,,,,,,,,,,,,,,,,0,29,0,0,0,0,0
SAN JOSE TEACALCO,29052,531,2024,June,0,0,83,234,147,,,,,,,1032,1013,1374,TLAXCALA,0.751091703056769,,,,,,,63,,,,,,,,,,55,,,,,43,,,,,251,,,,0,0,0,,,0,,,,,,48,17,0,,,,,,,,,,,,,,,,,,,,,,,,,,,,,,,0,19,72,0,0,0,0
SAN JOSE TEACALCO,29052,532,2024,June,0,0,24,138,145,,,,,,,600,586,812,TLAXCALA,0.738916256157635,,,,,,,32,,,,,,,,,,42,,,,,12,,,,,119,,,,0,0,0,,,0,,,,,,8,0,0,,,,,,,,,,,,,,,,,,,,,,,,,,,,,,,0,14,66,0,0,0,0
SAN JOSE TEACALCO,29052,533,2024,June,0,0,58,114,71,,,,,,,523,499,665,TLAXCALA,0.786466165413534,,,,,,,17,,,,,,,,,,23,,,,,9,,,,,98,,,,0,0,0,,,0,,,,,,28,13,0,,,,,,,,,,,,,,,,,,,,,,,,,,,,,,,0,24,68,0,0,0,0
SAN JOSE TEACALCO,29052,534,2024,June,0,0,80,132,169,,,,,,,904,885,1242,TLAXCALA,0.727858293075684,,,,,,,77,,,,,,,,,,36,,,,,16,,,,,238,,,,0,0,0,,,0,,,,,,15,6,0,,,,,,,,,,,,,,,,,,,,,,,,,,,,,,,0,19,116,0,0,0,0
SAN JOSE TEACALCO,29052,535,2024,June,0,0,17,59,71,,,,,,,491,473,676,TLAXCALA,0.726331360946746,,,,,,,33,,,,,,,,,,20,,,,,2,,,,,158,,,,0,0,0,,,0,,,,,,15,6,0,,,,,,,,,,,,,,,,,,,,,,,,,,,,,,,0,18,92,0,0,0,0
SAN JUAN HUACTZINCO,29053,395,2024,June,0,0,59,176,5,,,,,,,2659,2573,3269,TLAXCALA,0.813398592841848,,,,,,,823,,,,,,,,,,37,,,,,791,,,,,515,,,,0,0,0,,,0,,,,,,77,79,0,,,,,,,,,,,,,,,,,,,,,,,,,,,,,,,4,82,11,0,0,0,0
SAN JUAN HUACTZINCO,29053,396,2024,June,0,0,44,138,6,,,,,,,2095,2032,2625,TLAXCALA,0.798095238095238,,,,,,,507,,,,,,,,,,10,,,,,721,,,,,466,,,,0,0,0,,,0,,,,,,78,55,0,,,,,,,,,,,,,,,,,,,,,,,,,,,,,,,0,63,7,0,0,0,0
SAN LORENZO AXOCOMANITLA,29054,0,2024,June,0,0,1,0,0,,,,,,,1,1,1,TLAXCALA,1,,,,,,,0,,,,,,,,,,0,,,,,0,,,,,0,,,,0,0,0,,,0,,,,,,0,0,0,,,,,,,,,,,,,,,,,,,,,,,,,,,,,,,0,0,0,0,0,0,0
SAN LORENZO AXOCOMANITLA,29054,586,2024,June,0,0,3,527,0,,,,,,,1879,1810,2240,TLAXCALA,0.838839285714286,,,,,,,2,,,,,,,,,,83,,,,,478,,,,,695,,,,0,0,0,,,0,,,,,,2,3,0,,,,,,,,,,,,,,,,,,,,,,,,,,,,,,,0,69,17,0,0,0,0
SAN LORENZO AXOCOMANITLA,29054,587,2024,June,0,0,2,484,0,,,,,,,1692,1628,2029,TLAXCALA,0.83390832922622,,,,,,,8,,,,,,,,,,53,,,,,529,,,,,529,,,,0,0,0,,,0,,,,,,3,4,0,,,,,,,,,,,,,,,,,,,,,,,,,,,,,,,0,64,16,0,0,0,0
SAN LUCAS TECOPILCO,29055,551,2024,June,0,0,0,0,523,,,,,,,1111,1072,1599,TLAXCALA,0.694809255784866,,,,,,,0,,,,,,,,,,0,,,,,0,,,,,0,,,,0,0,0,,,0,,,,,,0,0,0,,,,,,,,,,,,,,,,,,,,,,,,,,,,,,,0,39,0,549,0,0,0
SAN LUCAS TECOPILCO,29055,552,2024,June,0,0,0,0,290,,,,,,,670,646,1020,TLAXCALA,0.656862745098039,,,,,,,0,,,,,,,,,,0,,,,,0,,,,,0,,,,0,0,0,,,0,,,,,,0,0,0,,,,,,,,,,,,,,,,,,,,,,,,,,,,,,,0,24,0,356,0,0,0
SAN PABLO DEL MONTE,29025,0,2024,June,0,0,0,0,0,,,,,,,1,1,1,TLAXCALA,1,,,,,,,0,,,,,,,,,,0,,,,,0,,,,,0,,,,0,0,0,,,0,,,,,,0,0,0,,,,,,,,,,,,,,,,,,,,,,,,,,,,,,,0,0,1,0,0,0,0
SAN PABLO DEL MONTE,29025,348,2024,June,0,0,12,34,799,,,,,,,2938,2866,3933,TLAXCALA,0.747012458682939,,,,,,,23,,,,,,,,,,166,,,,,318,,,,,661,,,,0,0,0,,,0,,,,,,23,19,0,,,,,,,,,,,,,,,,,,,,,,,,,,,,,,,1,71,811,0,0,0,0
SAN PABLO DEL MONTE,29025,349,2024,June,0,0,2,23,931,,,,,,,3107,3000,4155,TLAXCALA,0.74777376654633,,,,,,,32,,,,,,,,,,108,,,,,497,,,,,555,,,,0,0,0,,,0,,,,,,38,11,0,,,,,,,,,,,,,,,,,,,,,,,,,,,,,,,0,107,803,0,0,0,0
SAN PABLO DEL MONTE,29025,351,2024,June,0,0,16,27,1105,,,,,,,3134,3023,4490,TLAXCALA,0.697995545657016,,,,,,,8,,,,,,,,,,43,,,,,224,,,,,823,,,,0,0,0,,,0,,,,,,28,17,0,,,,,,,,,,,,,,,,,,,,,,,,,,,,,,,0,111,732,0,0,0,0
SAN PABLO DEL MONTE,29025,352,2024,June,0,0,12,36,615,,,,,,,1988,1915,2848,TLAXCALA,0.698033707865169,,,,,,,9,,,,,,,,,,34,,,,,166,,,,,525,,,,0,0,0,,,0,,,,,,16,14,0,,,,,,,,,,,,,,,,,,,,,,,,,,,,,,,0,73,488,0,0,0,0
SAN PABLO DEL MONTE,29025,353,2024,June,0,0,12,37,858,,,,,,,2666,2589,3814,TLAXCALA,0.699003670686943,,,,,,,12,,,,,,,,,,46,,,,,322,,,,,649,,,,0,0,0,,,0,,,,,,9,18,0,,,,,,,,,,,,,,,,,,,,,,,,,,,,,,,0,77,626,0,0,0,0
SAN PABLO DEL MONTE,29025,354,2024,June,0,0,2,15,778,,,,,,,2639,2558,3548,TLAXCALA,0.743799323562571,,,,,,,6,,,,,,,,,,83,,,,,410,,,,,519,,,,0,0,0,,,0,,,,,,25,20,0,,,,,,,,,,,,,,,,,,,,,,,,,,,,,,,0,81,700,0,0,0,0
SAN PABLO DEL MONTE,29025,355,2024,June,0,0,11,30,640,,,,,,,2151,2100,2878,TLAXCALA,0.747394023627519,,,,,,,21,,,,,,,,,,101,,,,,380,,,,,416,,,,0,0,0,,,0,,,,,,8,6,0,,,,,,,,,,,,,,,,,,,,,,,,,,,,,,,0,51,487,0,0,0,0
SAN PABLO DEL MONTE,29025,356,2024,June,0,0,7,51,953,,,,,,,3018,2907,4183,TLAXCALA,0.721491752330863,,,,,,,11,,,,,,,,,,103,,,,,358,,,,,798,,,,0,0,0,,,0,,,,,,10,58,0,,,,,,,,,,,,,,,,,,,,,,,,,,,,,,,0,111,558,0,0,0,0
SAN PABLO DEL MONTE,29025,357,2024,June,0,0,8,32,602,,,,,,,2068,2007,2964,TLAXCALA,0.697705802968961,,,,,,,15,,,,,,,,,,47,,,,,289,,,,,473,,,,0,0,0,,,0,,,,,,10,8,0,,,,,,,,,,,,,,,,,,,,,,,,,,,,,,,0,61,523,0,0,0,0
SAN PABLO DEL MONTE,29025,358,2024,June,0,0,20,33,784,,,,,,,2638,2560,3723,TLAXCALA,0.70856835885039,,,,,,,19,,,,,,,,,,62,,,,,329,,,,,681,,,,0,0,0,,,0,,,,,,12,10,0,,,,,,,,,,,,,,,,,,,,,,,,,,,,,,,1,77,610,0,0,0,0
SAN PABLO DEL MONTE,29025,359,2024,June,0,0,20,16,556,,,,,,,1884,1802,2723,TLAXCALA,0.691883951524054,,,,,,,4,,,,,,,,,,49,,,,,397,,,,,340,,,,0,0,0,,,0,,,,,,11,11,0,,,,,,,,,,,,,,,,,,,,,,,,,,,,,,,0,82,398,0,0,0,0
SAN PABLO DEL MONTE,29025,360,2024,June,0,0,8,16,491,,,,,,,1713,1640,2539,TLAXCALA,0.674675068924774,,,,,,,9,,,,,,,,,,47,,,,,307,,,,,355,,,,0,0,0,,,0,,,,,,9,7,0,,,,,,,,,,,,,,,,,,,,,,,,,,,,,,,2,71,391,0,0,0,0
SAN PABLO DEL MONTE,29025,361,2024,June,0,0,2,60,747,,,,,,,2400,2310,3359,TLAXCALA,0.714498362607919,,,,,,,40,,,,,,,,,,42,,,,,339,,,,,466,,,,0,0,0,,,0,,,,,,8,7,0,,,,,,,,,,,,,,,,,,,,,,,,,,,,,,,1,89,599,0,0,0,0
SAN PABLO DEL MONTE,29025,363,2024,June,0,0,9,71,1076,,,,,,,2952,2748,5036,TLAXCALA,0.586179507545671,,,,,,,4,,,,,,,,,,42,,,,,124,,,,,624,,,,0,0,0,,,0,,,,,,21,15,0,,,,,,,,,,,,,,,,,,,,,,,,,,,,,,,1,203,762,0,0,0,0
SAN PABLO DEL MONTE,29025,364,2024,June,0,0,9,43,775,,,,,,,1849,1729,2953,TLAXCALA,0.62614290551981,,,,,,,6,,,,,,,,,,42,,,,,54,,,,,388,,,,0,0,0,,,0,,,,,,14,6,0,,,,,,,,,,,,,,,,,,,,,,,,,,,,,,,0,120,392,0,0,0,0
SAN PABLO DEL MONTE,29025,622,2024,June,0,0,2,41,480,,,,,,,1649,1585,2483,TLAXCALA,0.664115988723319,,,,,,,29,,,,,,,,,,39,,,,,248,,,,,363,,,,0,0,0,,,0,,,,,,8,8,0,,,,,,,,,,,,,,,,,,,,,,,,,,,,,,,0,64,367,0,0,0,0
SAN PABLO DEL MONTE,29025,623,2024,June,0,0,4,37,458,,,,,,,1584,1521,2474,TLAXCALA,0.640258690379952,,,,,,,32,,,,,,,,,,25,,,,,195,,,,,390,,,,0,0,0,,,0,,,,,,7,10,0,,,,,,,,,,,,,,,,,,,,,,,,,,,,,,,1,62,363,0,0,0,0
SAN PABLO DEL MONTE,29025,637,2024,June,0,0,2,2,120,,,,,,,374,357,626,TLAXCALA,0.597444089456869,,,,,,,1,,,,,,,,,,5,,,,,46,,,,,63,,,,0,0,0,,,0,,,,,,3,6,0,,,,,,,,,,,,,,,,,,,,,,,,,,,,,,,0,17,109,0,0,0,0
SAN PABLO DEL MONTE,29025,638,2024,June,0,0,1,15,338,,,,,,,994,965,1532,TLAXCALA,0.648825065274151,,,,,,,4,,,,,,,,,,40,,,,,111,,,,,201,,,,0,0,0,,,0,,,,,,18,19,0,,,,,,,,,,,,,,,,,,,,,,,,,,,,,,,0,29,218,0,0,0,0
SAN PABLO DEL MONTE,29025,639,2024,June,0,0,1,16,242,,,,,,,869,843,1206,TLAXCALA,0.720563847429519,,,,,,,0,,,,,,,,,,34,,,,,80,,,,,226,,,,0,0,0,,,0,,,,,,5,7,0,,,,,,,,,,,,,,,,,,,,,,,,,,,,,,,0,26,232,0,0,0,0
SAN PABLO DEL MONTE,29025,640,2024,June,0,0,0,2,217,,,,,,,658,641,906,TLAXCALA,0.726269315673289,,,,,,,3,,,,,,,,,,23,,,,,52,,,,,118,,,,0,0,0,,,0,,,,,,10,12,0,,,,,,,,,,,,,,,,,,,,,,,,,,,,,,,0,17,204,0,0,0,0
SAN PABLO DEL MONTE,29025,641,2024,June,0,0,0,5,216,,,,,,,622,601,900,TLAXCALA,0.691111111111111,,,,,,,9,,,,,,,,,,12,,,,,67,,,,,117,,,,0,0,0,,,0,,,,,,7,17,0,,,,,,,,,,,,,,,,,,,,,,,,,,,,,,,0,21,151,0,0,0,0
SANCTORUM DE LAZARO CARDENAS,29020,292,2024,June,0,0,0,3,67,,,,,,,1166,1129,1645,TLAXCALA,0.708814589665654,,,,,,,415,,,,,,,,,,94,,,,,4,,,,,138,,,,0,0,0,,,0,,,,,,0,48,0,,,,,,,,,,,,,,,,,,,,,,,,,,,,,,,0,37,360,0,0,0,0
SANCTORUM DE LAZARO CARDENAS,29020,293,2024,June,0,0,0,0,3,,,,,,,131,129,155,TLAXCALA,0.845161290322581,,,,,,,53,,,,,,,,,,3,,,,,1,,,,,24,,,,0,0,0,,,0,,,,,,0,6,0,,,,,,,,,,,,,,,,,,,,,,,,,,,,,,,0,2,39,0,0,0,0
SANCTORUM DE LAZARO CARDENAS,29020,294,2024,June,0,0,1,6,103,,,,,,,1645,1583,2421,TLAXCALA,0.679471292854193,,,,,,,595,,,,,,,,,,217,,,,,11,,,,,264,,,,0,0,0,,,0,,,,,,0,38,0,,,,,,,,,,,,,,,,,,,,,,,,,,,,,,,0,62,348,0,0,0,0
SANCTORUM DE LAZARO CARDENAS,29020,297,2024,June,0,0,1,4,229,,,,,,,1100,1069,1587,TLAXCALA,0.693131695022054,,,,,,,259,,,,,,,,,,119,,,,,11,,,,,207,,,,0,0,0,,,0,,,,,,0,126,0,,,,,,,,,,,,,,,,,,,,,,,,,,,,,,,0,31,113,0,0,0,0
SANCTORUM DE LAZARO CARDENAS,29020,298,2024,June,0,0,3,4,164,,,,,,,735,721,1054,TLAXCALA,0.697343453510437,,,,,,,186,,,,,,,,,,73,,,,,3,,,,,104,,,,0,0,0,,,0,,,,,,0,98,0,,,,,,,,,,,,,,,,,,,,,,,,,,,,,,,0,14,86,0,0,0,0
SANTA ANA NOPALUCAN,29056,254,2024,June,5,12,415,677,0,,,,,,,2413,2333,3179,TLAXCALA,0.759043724441648,,,,,,,553,,,,,,,,,,517,,,,,5,,,,,149,,,,0,0,0,,,0,,,,,,0,0,0,,,,,,,,,,,,,,,,,,,,,,,,,,,,,,,2,78,0,0,0,0,0
SANTA ANA NOPALUCAN,29056,255,2024,June,4,4,456,634,0,,,,,,,2249,2154,3158,TLAXCALA,0.712159594680177,,,,,,,475,,,,,,,,,,441,,,,,10,,,,,130,,,,0,0,0,,,0,,,,,,0,0,0,,,,,,,,,,,,,,,,,,,,,,,,,,,,,,,0,95,0,0,0,0,0
SANTA APOLONIA TEACALCO,29057,316,2024,June,1,0,542,281,134,,,,,,,1557,1509,1879,TLAXCALA,0.828632251197445,,,,,,,3,,,,,,,,,,27,,,,,1,,,,,256,,,,0,0,0,,,0,,,,,,0,264,0,,,,,,,,,,,,,,,,,,,,,,,,,,,,,,,0,48,0,0,0,0,0
SANTA APOLONIA TEACALCO,29057,317,2024,June,3,0,673,301,167,,,,,,,1755,1704,2079,TLAXCALA,0.844155844155844,,,,,,,4,,,,,,,,,,54,,,,,1,,,,,272,,,,0,0,0,,,0,,,,,,0,229,0,,,,,,,,,,,,,,,,,,,,,,,,,,,,,,,0,51,0,0,0,0,0
SANTA CATARINA AYOMETLA,29058,602,2024,June,0,61,433,139,29,,,,,,,1687,1642,2084,TLAXCALA,0.809500959692898,,,,,,,600,,,,,,,,,,47,,,,,219,,,,,109,,,,0,0,0,,,0,,,,,,0,5,0,,,,,,,,,,,,,,,,,,,,,,,,,,,,,,,1,44,0,0,0,0,0
SANTA CATARINA AYOMETLA,29058,603,2024,June,0,12,688,70,14,,,,,,,1184,1140,1460,TLAXCALA,0.810958904109589,,,,,,,200,,,,,,,,,,21,,,,,56,,,,,68,,,,0,0,0,,,0,,,,,,2,9,0,,,,,,,,,,,,,,,,,,,,,,,,,,,,,,,0,44,0,0,0,0,0
SANTA CATARINA AYOMETLA,29058,604,2024,June,0,102,622,343,49,,,,,,,2361,2280,2900,TLAXCALA,0.814137931034483,,,,,,,645,,,,,,,,,,48,,,,,268,,,,,195,,,,0,0,0,,,0,,,,,,7,1,0,,,,,,,,,,,,,,,,,,,,,,,,,,,,,,,0,81,0,0,0,0,0
SANTA CATARINA AYOMETLA,29058,605,2024,June,0,55,250,77,18,,,,,,,1014,974,1255,TLAXCALA,0.80796812749004,,,,,,,291,,,,,,,,,,38,,,,,155,,,,,86,,,,0,0,0,,,0,,,,,,3,1,0,,,,,,,,,,,,,,,,,,,,,,,,,,,,,,,0,40,0,0,0,0,0
SANTA CRUZ QUILEHTLA,29059,313,2024,June,0,0,94,151,0,,,,,,,1556,1504,2043,TLAXCALA,0.761625061184533,,,,,,,390,,,,,,,,,,0,,,,,3,,,,,278,,,,0,0,0,,,0,,,,,,0,588,0,,,,,,,,,,,,,,,,,,,,,,,,,,,,,,,1,51,0,0,0,0,0
SANTA CRUZ QUILEHTLA,29059,314,2024,June,0,0,47,156,0,,,,,,,1486,1442,2022,TLAXCALA,0.734915924826904,,,,,,,366,,,,,,,,,,0,,,,,1,,,,,339,,,,0,0,0,,,0,,,,,,0,533,0,,,,,,,,,,,,,,,,,,,,,,,,,,,,,,,0,44,0,0,0,0,0
SANTA CRUZ QUILEHTLA,29059,315,2024,June,0,0,17,1119,0,,,,,,,1313,1257,1647,TLAXCALA,0.797207043108682,,,,,,,62,,,,,,,,,,0,,,,,0,,,,,52,,,,0,0,0,,,0,,,,,,0,7,0,,,,,,,,,,,,,,,,,,,,,,,,,,,,,,,0,56,0,0,0,0,0
SANTA CRUZ TLAXCALA,29026,0,2024,June,0,0,0,0,0,,,,,,,1,1,1,TLAXCALA,1,,,,,,,0,,,,,,,,,,0,,,,,0,,,,,1,,,,0,0,0,,,0,,,,,,0,0,0,,,,,,,,,,,,,,,,,,,,,,,,,,,,,,,0,0,0,0,0,0,0
SANTA CRUZ TLAXCALA,29026,365,2024,June,0,0,91,125,98,,,,,,,1795,1732,3101,TLAXCALA,0.578845533698807,,,,,,,210,,,,,,,,,,27,,,,,74,,,,,452,,,,0,0,0,,,0,,,,,,323,8,0,,,,,,,,,,,,,,,,,,,,,,,,,,,,,,,0,63,324,0,0,0,0
SANTA CRUZ TLAXCALA,29026,366,2024,June,0,0,62,79,125,,,,,,,1862,1831,2530,TLAXCALA,0.73596837944664,,,,,,,186,,,,,,,,,,14,,,,,35,,,,,278,,,,0,0,0,,,0,,,,,,773,3,0,,,,,,,,,,,,,,,,,,,,,,,,,,,,,,,0,31,276,0,0,0,0
SANTA CRUZ TLAXCALA,29026,367,2024,June,0,0,60,31,69,,,,,,,1759,1709,2303,TLAXCALA,0.763786365610074,,,,,,,490,,,,,,,,,,13,,,,,75,,,,,358,,,,0,0,0,,,0,,,,,,179,10,0,,,,,,,,,,,,,,,,,,,,,,,,,,,,,,,0,50,424,0,0,0,0
SANTA CRUZ TLAXCALA,29026,368,2024,June,0,0,68,19,50,,,,,,,1686,1637,2187,TLAXCALA,0.770919067215364,,,,,,,450,,,,,,,,,,7,,,,,40,,,,,292,,,,0,0,0,,,0,,,,,,182,3,0,,,,,,,,,,,,,,,,,,,,,,,,,,,,,,,0,49,526,0,0,0,0
SANTA CRUZ TLAXCALA,29026,369,2024,June,0,0,86,35,45,,,,,,,1786,1717,2529,TLAXCALA,0.706207987346777,,,,,,,432,,,,,,,,,,28,,,,,57,,,,,489,,,,0,0,0,,,0,,,,,,146,7,0,,,,,,,,,,,,,,,,,,,,,,,,,,,,,,,0,69,392,0,0,0,0
SANTA CRUZ TLAXCALA,29026,370,2024,June,0,0,30,18,34,,,,,,,960,936,1227,TLAXCALA,0.78239608801956,,,,,,,210,,,,,,,,,,23,,,,,13,,,,,201,,,,0,0,0,,,0,,,,,,162,3,0,,,,,,,,,,,,,,,,,,,,,,,,,,,,,,,0,24,242,0,0,0,0
SANTA CRUZ TLAXCALA,29026,371,2024,June,0,0,57,29,60,,,,,,,2108,2045,2936,TLAXCALA,0.717983651226158,,,,,,,178,,,,,,,,,,17,,,,,21,,,,,525,,,,0,0,0,,,0,,,,,,833,5,0,,,,,,,,,,,,,,,,,,,,,,,,,,,,,,,0,63,320,0,0,0,0
SANTA CRUZ TLAXCALA,29026,609,2024,June,0,0,12,19,56,,,,,,,365,337,782,TLAXCALA,0.466751918158568,,,,,,,12,,,,,,,,,,8,,,,,27,,,,,102,,,,0,0,0,,,0,,,,,,32,4,0,,,,,,,,,,,,,,,,,,,,,,,,,,,,,,,1,27,65,0,0,0,0
SANTA ISABEL XILOXOXTLA,29060,0,2024,June,0,0,1,0,0,,,,,,,2,2,2,TLAXCALA,1,,,,,,,0,,,,,,,,,,1,,,,,0,,,,,0,,,,0,0,0,,,0,,,,,,0,0,0,,,,,,,,,,,,,,,,,,,,,,,,,,,,,,,0,0,0,0,0,0,0
SANTA ISABEL XILOXOXTLA,29060,391,2024,June,0,0,243,42,0,,,,,,,1717,1643,2032,TLAXCALA,0.84498031496063,,,,,,,0,,,,,,,,,,284,,,,,227,,,,,152,,,,0,0,0,,,0,,,,,,299,101,0,,,,,,,,,,,,,,,,,,,,,,,,,,,,,,,0,74,295,0,0,0,0
SANTA ISABEL XILOXOXTLA,29060,392,2024,June,0,0,214,27,0,,,,,,,1411,1336,1689,TLAXCALA,0.835405565423327,,,,,,,0,,,,,,,,,,183,,,,,217,,,,,160,,,,0,0,0,,,0,,,,,,194,140,0,,,,,,,,,,,,,,,,,,,,,,,,,,,,,,,0,75,201,0,0,0,0
TENANCINGO,29027,0,2024,June,0,0,0,0,0,,,,,,,1,1,1,TLAXCALA,1,,,,,,,0,,,,,,,,,,0,,,,,0,,,,,1,,,,0,0,0,,,0,,,,,,0,0,0,,,,,,,,,,,,,,,,,,,,,,,,,,,,,,,0,0,0,0,0,0,0
TENANCINGO,29027,372,2024,June,239,49,20,215,38,,,,,,,931,878,1434,TLAXCALA,0.649232914923292,,,,,,,0,,,,,,,,,,0,,,,,5,,,,,257,,,,0,0,0,,,0,,,,,,19,36,0,,,,,,,,,,,,,,,,,,,,,,,,,,,,,,,0,53,0,0,0,0,0
TENANCINGO,29027,373,2024,June,137,50,21,214,23,,,,,,,821,777,1303,TLAXCALA,0.63008442056792,,,,,,,2,,,,,,,,,,0,,,,,8,,,,,271,,,,0,0,0,,,0,,,,,,10,41,0,,,,,,,,,,,,,,,,,,,,,,,,,,,,,,,0,44,0,0,0,0,0
TENANCINGO,29027,374,2024,June,128,99,17,135,29,,,,,,,671,615,1063,TLAXCALA,0.631232361241769,,,,,,,1,,,,,,,,,,0,,,,,7,,,,,139,,,,0,0,0,,,0,,,,,,33,27,0,,,,,,,,,,,,,,,,,,,,,,,,,,,,,,,0,56,0,0,0,0,0
TENANCINGO,29027,375,2024,June,317,120,30,255,45,,,,,,,1370,1282,2255,TLAXCALA,0.607538802660754,,,,,,,4,,,,,,,,,,0,,,,,18,,,,,332,,,,0,0,0,,,0,,,,,,42,119,0,,,,,,,,,,,,,,,,,,,,,,,,,,,,,,,1,87,0,0,0,0,0
TENANCINGO,29027,376,2024,June,271,86,40,197,28,,,,,,,1066,994,1638,TLAXCALA,0.650793650793651,,,,,,,2,,,,,,,,,,0,,,,,9,,,,,284,,,,0,0,0,,,0,,,,,,14,63,0,,,,,,,,,,,,,,,,,,,,,,,,,,,,,,,0,72,0,0,0,0,0
TENANCINGO,29027,377,2024,June,248,155,57,244,34,,,,,,,1306,1225,2087,TLAXCALA,0.625778629611883,,,,,,,4,,,,,,,,,,0,,,,,22,,,,,366,,,,0,0,0,,,0,,,,,,28,67,0,,,,,,,,,,,,,,,,,,,,,,,,,,,,,,,0,81,0,0,0,0,0
SAN LUIS TEOLOCHOLCO,29028,0,2024,June,0,0,0,0,0,,,,,,,1,1,1,TLAXCALA,1,,,,,,,1,,,,,,,,,,0,,,,,0,,,,,0,,,,0,0,0,,,0,,,,,,0,0,0,,,,,,,,,,,,,,,,,,,,,,,,,,,,,,,0,0,0,0,0,0,0
SAN LUIS TEOLOCHOLCO,29028,378,2024,June,0,0,12,405,107,,,,,,,1487,1433,1933,TLAXCALA,0.769270563890326,,,,,,,300,,,,,,,,,,15,,,,,8,,,,,446,,,,0,0,0,,,0,,,,,,0,6,0,,,,,,,,,,,,,,,,,,,,,,,,,,,,,,,0,54,134,0,0,0,0
SAN LUIS TEOLOCHOLCO,29028,379,2024,June,0,0,23,589,318,,,,,,,2033,1973,2682,TLAXCALA,0.758016405667412,,,,,,,289,,,,,,,,,,10,,,,,30,,,,,500,,,,0,0,0,,,0,,,,,,0,8,0,,,,,,,,,,,,,,,,,,,,,,,,,,,,,,,0,60,206,0,0,0,0
SAN LUIS TEOLOCHOLCO,29028,381,2024,June,0,0,17,461,200,,,,,,,1467,1406,2093,TLAXCALA,0.70090778786431,,,,,,,122,,,,,,,,,,30,,,,,19,,,,,451,,,,0,0,0,,,0,,,,,,0,8,0,,,,,,,,,,,,,,,,,,,,,,,,,,,,,,,0,61,98,0,0,0,0
SAN LUIS TEOLOCHOLCO,29028,382,2024,June,0,0,14,446,110,,,,,,,1324,1281,1716,TLAXCALA,0.771561771561772,,,,,,,238,,,,,,,,,,11,,,,,12,,,,,356,,,,0,0,0,,,0,,,,,,0,2,0,,,,,,,,,,,,,,,,,,,,,,,,,,,,,,,0,43,92,0,0,0,0
SAN LUIS TEOLOCHOLCO,29028,383,2024,June,0,0,35,400,51,,,,,,,1440,1402,1766,TLAXCALA,0.815402038505096,,,,,,,325,,,,,,,,,,28,,,,,17,,,,,437,,,,0,0,0,,,0,,,,,,0,2,0,,,,,,,,,,,,,,,,,,,,,,,,,,,,,,,1,37,107,0,0,0,0
SAN LUIS TEOLOCHOLCO,29028,384,2024,June,0,0,11,495,102,,,,,,,1494,1451,1987,TLAXCALA,0.751887267237041,,,,,,,360,,,,,,,,,,4,,,,,19,,,,,313,,,,0,0,0,,,0,,,,,,0,5,0,,,,,,,,,,,,,,,,,,,,,,,,,,,,,,,0,43,142,0,0,0,0
SAN LUIS TEOLOCHOLCO,29028,385,2024,June,0,0,6,137,40,,,,,,,359,347,416,TLAXCALA,0.862980769230769,,,,,,,31,,,,,,,,,,1,,,,,2,,,,,110,,,,0,0,0,,,0,,,,,,0,1,0,,,,,,,,,,,,,,,,,,,,,,,,,,,,,,,0,12,19,0,0,0,0
SAN LUIS TEOLOCHOLCO,29028,386,2024,June,0,0,11,501,139,,,,,,,1836,1751,2270,TLAXCALA,0.808810572687225,,,,,,,159,,,,,,,,,,25,,,,,26,,,,,628,,,,0,0,0,,,0,,,,,,0,12,0,,,,,,,,,,,,,,,,,,,,,,,,,,,,,,,0,85,250,0,0,0,0
SAN LUIS TEOLOCHOLCO,29028,624,2024,June,0,0,28,472,321,,,,,,,1640,1558,2196,TLAXCALA,0.746812386156648,,,,,,,152,,,,,,,,,,18,,,,,22,,,,,405,,,,0,0,0,,,0,,,,,,0,8,0,,,,,,,,,,,,,,,,,,,,,,,,,,,,,,,0,82,132,0,0,0,0
SAN LUIS TEOLOCHOLCO,29028,625,2024,June,0,0,24,512,416,,,,,,,1709,1649,2375,TLAXCALA,0.719578947368421,,,,,,,90,,,,,,,,,,29,,,,,22,,,,,386,,,,0,0,0,,,0,,,,,,0,11,0,,,,,,,,,,,,,,,,,,,,,,,,,,,,,,,0,60,159,0,0,0,0
TEPETITLA DE LARDIZABAL,29019,284,2024,June,7,7,9,299,301,,,,,,,1211,1172,1620,TLAXCALA,0.747530864197531,,,,,,,231,,,,,,,,,,2,,,,,70,,,,,89,,,,0,0,0,,,0,,,,,,85,72,0,,,,,,,,,,,,,,,,,,,,,,,,,,,,,,,0,39,0,0,0,0,0
TEPETITLA DE LARDIZABAL,29019,285,2024,June,5,4,34,283,218,,,,,,,1043,1002,1435,TLAXCALA,0.726829268292683,,,,,,,177,,,,,,,,,,0,,,,,62,,,,,68,,,,0,0,0,,,0,,,,,,97,54,0,,,,,,,,,,,,,,,,,,,,,,,,,,,,,,,0,41,0,0,0,0,0
TEPETITLA DE LARDIZABAL,29019,286,2024,June,9,24,25,454,369,,,,,,,1637,1595,2268,TLAXCALA,0.721781305114638,,,,,,,328,,,,,,,,,,7,,,,,84,,,,,101,,,,0,0,0,,,0,,,,,,110,84,0,,,,,,,,,,,,,,,,,,,,,,,,,,,,,,,0,42,0,0,0,0,0
TEPETITLA DE LARDIZABAL,29019,287,2024,June,8,35,29,373,300,,,,,,,1543,1478,2217,TLAXCALA,0.695985566080289,,,,,,,343,,,,,,,,,,11,,,,,92,,,,,100,,,,0,0,0,,,0,,,,,,115,72,0,,,,,,,,,,,,,,,,,,,,,,,,,,,,,,,0,65,0,0,0,0,0
TEPETITLA DE LARDIZABAL,29019,289,2024,June,13,13,0,237,147,,,,,,,1283,1239,1786,TLAXCALA,0.718365061590146,,,,,,,95,,,,,,,,,,16,,,,,38,,,,,125,,,,0,0,0,,,0,,,,,,42,513,0,,,,,,,,,,,,,,,,,,,,,,,,,,,,,,,1,43,0,0,0,0,0
TEPETITLA DE LARDIZABAL,29019,290,2024,June,23,17,8,581,617,,,,,,,2356,2259,3158,TLAXCALA,0.746041798606713,,,,,,,297,,,,,,,,,,14,,,,,81,,,,,172,,,,0,0,0,,,0,,,,,,96,353,0,,,,,,,,,,,,,,,,,,,,,,,,,,,,,,,0,97,0,0,0,0,0
TEPETITLA DE LARDIZABAL,29019,291,2024,June,3,3,0,150,70,,,,,,,527,517,710,TLAXCALA,0.742253521126761,,,,,,,91,,,,,,,,,,3,,,,,38,,,,,54,,,,0,0,0,,,0,,,,,,16,89,0,,,,,,,,,,,,,,,,,,,,,,,,,,,,,,,0,10,0,0,0,0,0
TEPETITLA DE LARDIZABAL,29019,632,2024,June,16,19,2,178,100,,,,,,,898,860,1601,TLAXCALA,0.560899437851343,,,,,,,59,,,,,,,,,,9,,,,,39,,,,,225,,,,0,0,0,,,0,,,,,,36,177,0,,,,,,,,,,,,,,,,,,,,,,,,,,,,,,,1,37,0,0,0,0,0
TEPETITLA DE LARDIZABAL,29019,633,2024,June,11,10,5,267,220,,,,,,,1524,1474,2121,TLAXCALA,0.718528995756719,,,,,,,102,,,,,,,,,,28,,,,,35,,,,,115,,,,0,0,0,,,0,,,,,,76,605,0,,,,,,,,,,,,,,,,,,,,,,,,,,,,,,,0,50,0,0,0,0,0
TEPEYANCO,29029,0,2024,June,0,0,0,0,0,,,,,,,1,1,1,TLAXCALA,1,,,,,,,1,,,,,,,,,,0,,,,,0,,,,,0,,,,0,0,0,,,0,,,,,,0,0,0,,,,,,,,,,,,,,,,,,,,,,,,,,,,,,,0,0,0,0,0,0,0
TEPEYANCO,29029,387,2024,June,0,0,67,49,3,,,,,,,1370,1343,1762,TLAXCALA,0.777525539160045,,,,,,,551,,,,,,,,,,391,,,,,51,,,,,133,,,,0,0,0,,,0,,,,,,0,0,0,,,,,,,,,,,,,,,,,,,,,,,,,,,,,,,0,27,98,0,0,0,0
TEPEYANCO,29029,388,2024,June,0,0,46,48,2,,,,,,,1057,1028,1433,TLAXCALA,0.737613398464759,,,,,,,457,,,,,,,,,,210,,,,,37,,,,,127,,,,0,0,0,,,0,,,,,,0,1,0,,,,,,,,,,,,,,,,,,,,,,,,,,,,,,,0,29,100,0,0,0,0
TEPEYANCO,29029,389,2024,June,0,0,38,58,4,,,,,,,447,429,753,TLAXCALA,0.593625498007968,,,,,,,126,,,,,,,,,,33,,,,,31,,,,,83,,,,0,0,0,,,0,,,,,,0,7,0,,,,,,,,,,,,,,,,,,,,,,,,,,,,,,,0,18,49,0,0,0,0
TEPEYANCO,29029,390,2024,June,0,0,138,135,2,,,,,,,733,711,976,TLAXCALA,0.751024590163934,,,,,,,182,,,,,,,,,,70,,,,,27,,,,,87,,,,0,0,0,,,0,,,,,,0,5,0,,,,,,,,,,,,,,,,,,,,,,,,,,,,,,,0,22,65,0,0,0,0
TEPEYANCO,29029,393,2024,June,0,0,73,90,10,,,,,,,729,707,973,TLAXCALA,0.749229188078109,,,,,,,217,,,,,,,,,,101,,,,,18,,,,,96,,,,0,0,0,,,0,,,,,,0,4,0,,,,,,,,,,,,,,,,,,,,,,,,,,,,,,,0,22,98,0,0,0,0
TEPEYANCO,29029,394,2024,June,0,0,595,360,4,,,,,,,1879,1823,2267,TLAXCALA,0.828848698720776,,,,,,,305,,,,,,,,,,67,,,,,75,,,,,223,,,,0,0,0,,,0,,,,,,0,1,0,,,,,,,,,,,,,,,,,,,,,,,,,,,,,,,0,56,193,0,0,0,0
TEPEYANCO,29029,397,2024,June,0,0,64,570,6,,,,,,,1509,1472,1854,TLAXCALA,0.813915857605178,,,,,,,263,,,,,,,,,,120,,,,,30,,,,,361,,,,0,0,0,,,0,,,,,,0,4,0,,,,,,,,,,,,,,,,,,,,,,,,,,,,,,,0,37,54,0,0,0,0
TERRENATE,29030,398,2024,June,8,20,0,243,458,,,,,,,2028,1963,2802,TLAXCALA,0.723768736616702,,,,,,,97,,,,,,,,,,6,,,,,355,,,,,180,,,,0,0,0,,,0,,,,,,0,596,0,,,,,,,,,,,,,,,,,,,,,,,,,,,,,,,0,65,0,0,0,0,0
TERRENATE,29030,399,2024,June,6,12,0,111,347,,,,,,,1326,1282,1783,TLAXCALA,0.743690409422322,,,,,,,71,,,,,,,,,,5,,,,,347,,,,,59,,,,0,0,0,,,0,,,,,,0,324,0,,,,,,,,,,,,,,,,,,,,,,,,,,,,,,,0,44,0,0,0,0,0
TERRENATE,29030,403,2024,June,12,37,0,124,259,,,,,,,971,945,1279,TLAXCALA,0.759186864738077,,,,,,,115,,,,,,,,,,11,,,,,172,,,,,129,,,,0,0,0,,,0,,,,,,0,86,0,,,,,,,,,,,,,,,,,,,,,,,,,,,,,,,0,26,0,0,0,0,0
TERRENATE,29030,404,2024,June,23,67,0,180,446,,,,,,,2092,1999,2751,TLAXCALA,0.76045074518357,,,,,,,96,,,,,,,,,,8,,,,,565,,,,,165,,,,0,0,0,,,0,,,,,,0,449,0,,,,,,,,,,,,,,,,,,,,,,,,,,,,,,,0,93,0,0,0,0,0
TERRENATE,29030,405,2024,June,2,3,0,27,34,,,,,,,226,217,280,TLAXCALA,0.807142857142857,,,,,,,16,,,,,,,,,,1,,,,,62,,,,,20,,,,0,0,0,,,0,,,,,,0,52,0,,,,,,,,,,,,,,,,,,,,,,,,,,,,,,,0,9,0,0,0,0,0
TERRENATE,29030,406,2024,June,5,5,0,106,43,,,,,,,400,392,510,TLAXCALA,0.784313725490196,,,,,,,26,,,,,,,,,,2,,,,,119,,,,,23,,,,0,0,0,,,0,,,,,,0,63,0,,,,,,,,,,,,,,,,,,,,,,,,,,,,,,,0,8,0,0,0,0,0
TERRENATE,29030,407,2024,June,5,24,0,54,143,,,,,,,660,635,806,TLAXCALA,0.818858560794045,,,,,,,67,,,,,,,,,,3,,,,,157,,,,,52,,,,0,0,0,,,0,,,,,,0,130,0,,,,,,,,,,,,,,,,,,,,,,,,,,,,,,,0,25,0,0,0,0,0
TERRENATE,29030,408,2024,June,17,80,0,71,335,,,,,,,1113,1073,1463,TLAXCALA,0.760765550239234,,,,,,,82,,,,,,,,,,6,,,,,299,,,,,58,,,,0,0,0,,,0,,,,,,0,125,0,,,,,,,,,,,,,,,,,,,,,,,,,,,,,,,0,40,0,0,0,0,0
TETLA DE LA SOLIDARIDAD,29031,0,2024,June,0,0,0,0,0,,,,,,,1,1,1,TLAXCALA,1,,,,,,,0,,,,,,,,,,1,,,,,0,,,,,0,,,,0,0,0,,,0,,,,,,0,0,0,,,,,,,,,,,,,,,,,,,,,,,,,,,,,,,0,0,0,0,0,0,0
TETLA DE LA SOLIDARIDAD,29031,409,2024,June,0,0,88,219,16,,,,,,,1220,1169,1673,TLAXCALA,0.72922893006575,,,,,,,0,,,,,,,,,,11,,,,,350,,,,,319,,,,0,0,0,,,0,,,,,,14,56,0,,,,,,,,,,,,,,,,,,,,,,,,,,,,,,,0,51,96,0,0,0,0
TETLA DE LA SOLIDARIDAD,29031,410,2024,June,0,0,28,166,12,,,,,,,1012,970,1386,TLAXCALA,0.73015873015873,,,,,,,0,,,,,,,,,,5,,,,,350,,,,,270,,,,0,0,0,,,0,,,,,,13,17,0,,,,,,,,,,,,,,,,,,,,,,,,,,,,,,,0,42,109,0,0,0,0
TETLA DE LA SOLIDARIDAD,29031,411,2024,June,0,0,70,295,37,,,,,,,2085,2012,3071,TLAXCALA,0.678931943992185,,,,,,,0,,,,,,,,,,44,,,,,580,,,,,558,,,,0,0,0,,,0,,,,,,10,110,0,,,,,,,,,,,,,,,,,,,,,,,,,,,,,,,0,73,308,0,0,0,0
TETLA DE LA SOLIDARIDAD,29031,412,2024,June,0,0,133,324,47,,,,,,,2351,2270,3597,TLAXCALA,0.653600222407562,,,,,,,0,,,,,,,,,,17,,,,,636,,,,,696,,,,0,0,0,,,0,,,,,,12,183,0,,,,,,,,,,,,,,,,,,,,,,,,,,,,,,,0,81,222,0,0,0,0
TETLA DE LA SOLIDARIDAD,29031,413,2024,June,0,0,33,111,17,,,,,,,936,894,1448,TLAXCALA,0.646408839779006,,,,,,,0,,,,,,,,,,7,,,,,302,,,,,272,,,,0,0,0,,,0,,,,,,6,54,0,,,,,,,,,,,,,,,,,,,,,,,,,,,,,,,0,42,92,0,0,0,0
TETLA DE LA SOLIDARIDAD,29031,414,2024,June,0,0,21,101,11,,,,,,,537,523,818,TLAXCALA,0.656479217603912,,,,,,,0,,,,,,,,,,3,,,,,105,,,,,194,,,,0,0,0,,,0,,,,,,4,12,0,,,,,,,,,,,,,,,,,,,,,,,,,,,,,,,0,14,72,0,0,0,0
TETLA DE LA SOLIDARIDAD,29031,415,2024,June,0,0,24,114,9,,,,,,,737,697,1114,TLAXCALA,0.661579892280072,,,,,,,0,,,,,,,,,,13,,,,,114,,,,,247,,,,0,0,0,,,0,,,,,,7,30,0,,,,,,,,,,,,,,,,,,,,,,,,,,,,,,,1,39,139,0,0,0,0
TETLA DE LA SOLIDARIDAD,29031,416,2024,June,0,0,3,287,16,,,,,,,946,889,1248,TLAXCALA,0.75801282051282,,,,,,,0,,,,,,,,,,243,,,,,168,,,,,111,,,,0,0,0,,,0,,,,,,0,24,0,,,,,,,,,,,,,,,,,,,,,,,,,,,,,,,0,57,37,0,0,0,0
TETLA DE LA SOLIDARIDAD,29031,417,2024,June,0,0,0,107,1,,,,,,,297,286,357,TLAXCALA,0.831932773109244,,,,,,,0,,,,,,,,,,72,,,,,56,,,,,45,,,,0,0,0,,,0,,,,,,0,0,0,,,,,,,,,,,,,,,,,,,,,,,,,,,,,,,0,11,5,0,0,0,0
TETLA DE LA SOLIDARIDAD,29031,418,2024,June,0,0,27,107,3,,,,,,,372,361,494,TLAXCALA,0.753036437246964,,,,,,,0,,,,,,,,,,14,,,,,74,,,,,76,,,,0,0,0,,,0,,,,,,3,20,0,,,,,,,,,,,,,,,,,,,,,,,,,,,,,,,0,11,37,0,0,0,0
TETLA DE LA SOLIDARIDAD,29031,419,2024,June,0,0,5,149,1,,,,,,,529,514,705,TLAXCALA,0.750354609929078,,,,,,,0,,,,,,,,,,15,,,,,177,,,,,122,,,,0,0,0,,,0,,,,,,4,10,0,,,,,,,,,,,,,,,,,,,,,,,,,,,,,,,0,15,31,0,0,0,0
TETLA DE LA SOLIDARIDAD,29031,420,2024,June,0,0,10,829,20,,,,,,,1475,1430,2210,TLAXCALA,0.667420814479638,,,,,,,0,,,,,,,,,,6,,,,,254,,,,,190,,,,0,0,0,,,0,,,,,,7,73,0,,,,,,,,,,,,,,,,,,,,,,,,,,,,,,,0,45,41,0,0,0,0
TETLA DE LA SOLIDARIDAD,29031,421,2024,June,0,0,30,796,19,,,,,,,1693,1621,2664,TLAXCALA,0.635510510510511,,,,,,,0,,,,,,,,,,9,,,,,289,,,,,277,,,,0,0,0,,,0,,,,,,6,101,0,,,,,,,,,,,,,,,,,,,,,,,,,,,,,,,1,71,94,0,0,0,0
TETLA DE LA SOLIDARIDAD,29031,423,2024,June,0,0,1,69,1,,,,,,,204,200,257,TLAXCALA,0.793774319066148,,,,,,,0,,,,,,,,,,0,,,,,41,,,,,81,,,,0,0,0,,,0,,,,,,1,0,0,,,,,,,,,,,,,,,,,,,,,,,,,,,,,,,0,4,6,0,0,0,0
TETLA DE LA SOLIDARIDAD,29031,620,2024,June,0,0,51,345,12,,,,,,,1241,1197,1879,TLAXCALA,0.660457690260777,,,,,,,0,,,,,,,,,,13,,,,,213,,,,,412,,,,0,0,0,,,0,,,,,,5,21,0,,,,,,,,,,,,,,,,,,,,,,,,,,,,,,,0,44,125,0,0,0,0
TETLA DE LA SOLIDARIDAD,29031,621,2024,June,0,0,19,348,20,,,,,,,1578,1496,2518,TLAXCALA,0.626687847498014,,,,,,,0,,,,,,,,,,20,,,,,343,,,,,540,,,,0,0,0,,,0,,,,,,18,33,0,,,,,,,,,,,,,,,,,,,,,,,,,,,,,,,1,81,155,0,0,0,0
TETLATLAHUCA,29032,0,2024,June,0,0,0,0,0,,,,,,,1,1,1,TLAXCALA,1,,,,,,,0,,,,,,,,,,0,,,,,0,,,,,1,,,,0,0,0,,,0,,,,,,0,0,0,,,,,,,,,,,,,,,,,,,,,,,,,,,,,,,0,0,0,0,0,0,0
TETLATLAHUCA,29032,424,2024,June,2,1,1,511,0,,,,,,,1183,1165,1635,TLAXCALA,0.723547400611621,,,,,,,8,,,,,,,,,,80,,,,,6,,,,,549,,,,0,0,0,,,0,,,,,,7,0,0,,,,,,,,,,,,,,,,,,,,,,,,,,,,,,,0,18,0,0,0,0,0
TETLATLAHUCA,29032,425,2024,June,3,6,1,836,0,,,,,,,1265,1245,1619,TLAXCALA,0.781346510191476,,,,,,,1,,,,,,,,,,45,,,,,3,,,,,349,,,,0,0,0,,,0,,,,,,1,0,0,,,,,,,,,,,,,,,,,,,,,,,,,,,,,,,0,20,0,0,0,0,0
TETLATLAHUCA,29032,426,2024,June,2,2,0,815,0,,,,,,,1125,1111,1501,TLAXCALA,0.749500333111259,,,,,,,5,,,,,,,,,,42,,,,,2,,,,,242,,,,0,0,0,,,0,,,,,,1,0,0,,,,,,,,,,,,,,,,,,,,,,,,,,,,,,,0,14,0,0,0,0,0
TETLATLAHUCA,29032,427,2024,June,3,8,1,295,0,,,,,,,1449,1410,2028,TLAXCALA,0.714497041420118,,,,,,,13,,,,,,,,,,70,,,,,9,,,,,999,,,,0,0,0,,,0,,,,,,12,0,0,,,,,,,,,,,,,,,,,,,,,,,,,,,,,,,0,39,0,0,0,0,0
TETLATLAHUCA,29032,428,2024,June,1,3,4,183,0,,,,,,,1212,1186,1623,TLAXCALA,0.746765249537893,,,,,,,6,,,,,,,,,,75,,,,,3,,,,,905,,,,0,0,0,,,0,,,,,,6,0,0,,,,,,,,,,,,,,,,,,,,,,,,,,,,,,,0,26,0,0,0,0,0
TETLATLAHUCA,29032,431,2024,June,8,9,2,494,0,,,,,,,950,928,1238,TLAXCALA,0.767366720516963,,,,,,,8,,,,,,,,,,53,,,,,10,,,,,339,,,,0,0,0,,,0,,,,,,5,0,0,,,,,,,,,,,,,,,,,,,,,,,,,,,,,,,0,22,0,0,0,0,0
TETLATLAHUCA,29032,434,2024,June,1,0,2,184,0,,,,,,,540,525,717,TLAXCALA,0.753138075313808,,,,,,,1,,,,,,,,,,165,,,,,3,,,,,168,,,,0,0,0,,,0,,,,,,1,0,0,,,,,,,,,,,,,,,,,,,,,,,,,,,,,,,0,15,0,0,0,0,0
TLAXCALA,29033,0,2024,June,0,0,1,0,1,,,,,,,12,12,12,TLAXCALA,1,,,,,,,0,,,,,,,,,,0,,,,,1,,,,,7,,,,0,0,0,,,0,,,,,,0,0,0,,,,,,,,,,,,,,,,,,,,,,,,,,,,,,,0,0,2,0,0,0,0
TLAXCALA,29033,435,2024,June,0,0,19,27,23,,,,,,,1339,1283,1968,TLAXCALA,0.680386178861789,,,,,,,12,,,,,,,,,,133,,,,,266,,,,,454,,,,0,0,0,,,0,,,,,,13,12,0,,,,,,,,,,,,,,,,,,,,,,,,,,,,,,,1,55,324,0,0,0,0
TLAXCALA,29033,436,2024,June,0,0,38,34,39,,,,,,,1445,1397,2165,TLAXCALA,0.66743648960739,,,,,,,5,,,,,,,,,,108,,,,,281,,,,,603,,,,0,0,0,,,0,,,,,,8,28,0,,,,,,,,,,,,,,,,,,,,,,,,,,,,,,,0,48,253,0,0,0,0
TLAXCALA,29033,437,2024,June,0,0,18,13,15,,,,,,,1100,1052,1505,TLAXCALA,0.730897009966777,,,,,,,15,,,,,,,,,,85,,,,,206,,,,,423,,,,0,0,0,,,0,,,,,,8,10,0,,,,,,,,,,,,,,,,,,,,,,,,,,,,,,,0,48,259,0,0,0,0
TLAXCALA,29033,438,2024,June,0,0,33,55,64,,,,,,,1329,1283,1765,TLAXCALA,0.752974504249292,,,,,,,21,,,,,,,,,,97,,,,,264,,,,,527,,,,0,0,0,,,0,,,,,,15,14,0,,,,,,,,,,,,,,,,,,,,,,,,,,,,,,,0,46,193,0,0,0,0
TLAXCALA,29033,439,2024,June,0,0,55,60,77,,,,,,,1817,1750,2498,TLAXCALA,0.72738190552442,,,,,,,25,,,,,,,,,,136,,,,,289,,,,,692,,,,0,0,0,,,0,,,,,,21,23,0,,,,,,,,,,,,,,,,,,,,,,,,,,,,,,,0,67,372,0,0,0,0
TLAXCALA,29033,440,2024,June,0,0,41,43,40,,,,,,,1478,1423,1985,TLAXCALA,0.744584382871537,,,,,,,27,,,,,,,,,,152,,,,,206,,,,,412,,,,0,0,0,,,0,,,,,,6,13,0,,,,,,,,,,,,,,,,,,,,,,,,,,,,,,,0,55,483,0,0,0,0
TLAXCALA,29033,441,2024,June,0,0,23,22,23,,,,,,,815,800,1145,TLAXCALA,0.7117903930131,,,,,,,6,,,,,,,,,,97,,,,,106,,,,,234,,,,0,0,0,,,0,,,,,,4,12,0,,,,,,,,,,,,,,,,,,,,,,,,,,,,,,,0,15,273,0,0,0,0
TLAXCALA,29033,442,2024,June,0,0,22,17,28,,,,,,,814,781,1156,TLAXCALA,0.704152249134948,,,,,,,6,,,,,,,,,,104,,,,,136,,,,,253,,,,0,0,0,,,0,,,,,,7,9,0,,,,,,,,,,,,,,,,,,,,,,,,,,,,,,,0,33,199,0,0,0,0
TLAXCALA,29033,443,2024,June,0,0,19,8,20,,,,,,,475,457,690,TLAXCALA,0.688405797101449,,,,,,,5,,,,,,,,,,50,,,,,57,,,,,134,,,,0,0,0,,,0,,,,,,2,9,0,,,,,,,,,,,,,,,,,,,,,,,,,,,,,,,0,18,153,0,0,0,0
TLAXCALA,29033,444,2024,June,0,0,73,78,86,,,,,,,2870,2756,4223,TLAXCALA,0.679611650485437,,,,,,,40,,,,,,,,,,307,,,,,393,,,,,1002,,,,0,0,0,,,0,,,,,,18,18,0,,,,,,,,,,,,,,,,,,,,,,,,,,,,,,,7,107,741,0,0,0,0
TLAXCALA,29033,445,2024,June,0,0,29,25,61,,,,,,,1065,1024,1551,TLAXCALA,0.686653771760155,,,,,,,11,,,,,,,,,,98,,,,,201,,,,,369,,,,0,0,0,,,0,,,,,,7,13,0,,,,,,,,,,,,,,,,,,,,,,,,,,,,,,,0,41,210,0,0,0,0
TLAXCALA,29033,446,2024,June,0,0,29,7,16,,,,,,,485,477,668,TLAXCALA,0.726047904191617,,,,,,,5,,,,,,,,,,39,,,,,64,,,,,142,,,,0,0,0,,,0,,,,,,3,2,0,,,,,,,,,,,,,,,,,,,,,,,,,,,,,,,2,6,170,0,0,0,0
TLAXCALA,29033,447,2024,June,0,0,33,9,18,,,,,,,604,583,826,TLAXCALA,0.731234866828087,,,,,,,10,,,,,,,,,,62,,,,,75,,,,,147,,,,0,0,0,,,0,,,,,,3,7,0,,,,,,,,,,,,,,,,,,,,,,,,,,,,,,,0,21,219,0,0,0,0
TLAXCALA,29033,448,2024,June,0,0,58,34,134,,,,,,,1803,1736,2519,TLAXCALA,0.715760222310441,,,,,,,29,,,,,,,,,,162,,,,,413,,,,,521,,,,0,0,0,,,0,,,,,,11,75,0,,,,,,,,,,,,,,,,,,,,,,,,,,,,,,,4,63,299,0,0,0,0
TLAXCALA,29033,449,2024,June,0,0,20,20,39,,,,,,,928,899,1358,TLAXCALA,0.683357879234168,,,,,,,9,,,,,,,,,,141,,,,,154,,,,,275,,,,0,0,0,,,0,,,,,,2,8,0,,,,,,,,,,,,,,,,,,,,,,,,,,,,,,,0,29,231,0,0,0,0
TLAXCALA,29033,450,2024,June,0,0,15,13,17,,,,,,,558,544,800,TLAXCALA,0.6975,,,,,,,6,,,,,,,,,,70,,,,,84,,,,,147,,,,0,0,0,,,0,,,,,,4,2,0,,,,,,,,,,,,,,,,,,,,,,,,,,,,,,,1,13,186,0,0,0,0
TLAXCALA,29033,451,2024,June,0,0,41,40,44,,,,,,,1418,1357,1990,TLAXCALA,0.712562814070352,,,,,,,11,,,,,,,,,,131,,,,,265,,,,,486,,,,0,0,0,,,0,,,,,,11,36,0,,,,,,,,,,,,,,,,,,,,,,,,,,,,,,,0,61,292,0,0,0,0
TLAXCALA,29033,452,2024,June,0,0,44,26,37,,,,,,,1148,1109,1582,TLAXCALA,0.725663716814159,,,,,,,13,,,,,,,,,,97,,,,,171,,,,,375,,,,0,0,0,,,0,,,,,,4,20,0,,,,,,,,,,,,,,,,,,,,,,,,,,,,,,,0,39,322,0,0,0,0
TLAXCALA,29033,454,2024,June,0,0,92,20,15,,,,,,,616,591,841,TLAXCALA,0.732461355529132,,,,,,,8,,,,,,,,,,40,,,,,79,,,,,205,,,,0,0,0,,,0,,,,,,2,9,0,,,,,,,,,,,,,,,,,,,,,,,,,,,,,,,0,25,121,0,0,0,0
TLAXCALA,29033,455,2024,June,0,0,12,15,16,,,,,,,541,521,746,TLAXCALA,0.725201072386059,,,,,,,7,,,,,,,,,,43,,,,,61,,,,,199,,,,0,0,0,,,0,,,,,,4,2,0,,,,,,,,,,,,,,,,,,,,,,,,,,,,,,,1,19,162,0,0,0,0
TLAXCALA,29033,456,2024,June,0,0,78,39,29,,,,,,,1488,1432,2012,TLAXCALA,0.739562624254473,,,,,,,13,,,,,,,,,,146,,,,,199,,,,,464,,,,0,0,0,,,0,,,,,,12,8,0,,,,,,,,,,,,,,,,,,,,,,,,,,,,,,,0,56,444,0,0,0,0
TLAXCALA,29033,457,2024,June,0,0,35,18,22,,,,,,,841,802,1167,TLAXCALA,0.720651242502142,,,,,,,5,,,,,,,,,,65,,,,,125,,,,,276,,,,0,0,0,,,0,,,,,,7,6,0,,,,,,,,,,,,,,,,,,,,,,,,,,,,,,,0,39,243,0,0,0,0
TLAXCALA,29033,459,2024,June,0,0,31,41,55,,,,,,,1478,1416,2129,TLAXCALA,0.694222639736966,,,,,,,13,,,,,,,,,,149,,,,,190,,,,,514,,,,0,0,0,,,0,,,,,,8,25,0,,,,,,,,,,,,,,,,,,,,,,,,,,,,,,,1,61,390,0,0,0,0
TLAXCALA,29033,460,2024,June,0,0,21,30,45,,,,,,,935,898,1395,TLAXCALA,0.670250896057348,,,,,,,7,,,,,,,,,,96,,,,,122,,,,,328,,,,0,0,0,,,0,,,,,,4,10,0,,,,,,,,,,,,,,,,,,,,,,,,,,,,,,,5,32,235,0,0,0,0
TLAXCALA,29033,461,2024,June,0,0,43,42,52,,,,,,,1500,1451,2279,TLAXCALA,0.658183413777973,,,,,,,12,,,,,,,,,,160,,,,,226,,,,,534,,,,0,0,0,,,0,,,,,,14,18,0,,,,,,,,,,,,,,,,,,,,,,,,,,,,,,,3,46,350,0,0,0,0
TLAXCALA,29033,462,2024,June,0,0,36,42,47,,,,,,,1750,1682,2444,TLAXCALA,0.716039279869067,,,,,,,21,,,,,,,,,,202,,,,,223,,,,,559,,,,0,0,0,,,0,,,,,,10,20,0,,,,,,,,,,,,,,,,,,,,,,,,,,,,,,,3,65,522,0,0,0,0
TLAXCALA,29033,463,2024,June,0,0,40,32,46,,,,,,,1277,1218,1863,TLAXCALA,0.685453569511541,,,,,,,16,,,,,,,,,,142,,,,,193,,,,,417,,,,0,0,0,,,0,,,,,,9,12,0,,,,,,,,,,,,,,,,,,,,,,,,,,,,,,,1,58,311,0,0,0,0
TLAXCALA,29033,464,2024,June,0,0,91,80,101,,,,,,,3315,3185,4986,TLAXCALA,0.664861612515042,,,,,,,36,,,,,,,,,,451,,,,,473,,,,,1021,,,,0,0,0,,,0,,,,,,29,51,0,,,,,,,,,,,,,,,,,,,,,,,,,,,,,,,2,128,852,0,0,0,0
TLAXCALA,29033,465,2024,June,0,0,128,98,100,,,,,,,3509,3369,5317,TLAXCALA,0.659958623283807,,,,,,,38,,,,,,,,,,307,,,,,706,,,,,1180,,,,0,0,0,,,0,,,,,,15,74,0,,,,,,,,,,,,,,,,,,,,,,,,,,,,,,,4,136,723,0,0,0,0
TLAXCALA,29033,466,2024,June,0,0,62,71,112,,,,,,,3028,2863,4955,TLAXCALA,0.611099899091827,,,,,,,23,,,,,,,,,,157,,,,,923,,,,,1056,,,,0,0,0,,,0,,,,,,25,77,0,,,,,,,,,,,,,,,,,,,,,,,,,,,,,,,1,164,357,0,0,0,0
TLAXCALA,29033,467,2024,June,0,0,8,21,36,,,,,,,1087,1053,1519,TLAXCALA,0.71560236998025,,,,,,,9,,,,,,,,,,69,,,,,247,,,,,434,,,,0,0,0,,,0,,,,,,8,12,0,,,,,,,,,,,,,,,,,,,,,,,,,,,,,,,0,34,209,0,0,0,0
TLAXCALA,29033,468,2024,June,0,0,39,61,59,,,,,,,1943,1862,2813,TLAXCALA,0.690721649484536,,,,,,,14,,,,,,,,,,171,,,,,518,,,,,624,,,,0,0,0,,,0,,,,,,5,28,0,,,,,,,,,,,,,,,,,,,,,,,,,,,,,,,2,79,343,0,0,0,0
TLAXCALA,29033,469,2024,June,0,0,45,26,69,,,,,,,1272,1214,1792,TLAXCALA,0.709821428571429,,,,,,,12,,,,,,,,,,135,,,,,333,,,,,337,,,,0,0,0,,,0,,,,,,3,13,0,,,,,,,,,,,,,,,,,,,,,,,,,,,,,,,0,58,241,0,0,0,0
TLAXCALA,29033,612,2024,June,0,0,1,5,10,,,,,,,140,132,238,TLAXCALA,0.588235294117647,,,,,,,4,,,,,,,,,,16,,,,,19,,,,,51,,,,0,0,0,,,0,,,,,,0,0,0,,,,,,,,,,,,,,,,,,,,,,,,,,,,,,,1,7,26,0,0,0,0
TLAXCALA,29033,626,2024,June,0,0,62,78,81,,,,,,,2177,2100,3322,TLAXCALA,0.655328115593016,,,,,,,30,,,,,,,,,,180,,,,,343,,,,,771,,,,0,0,0,,,0,,,,,,18,32,0,,,,,,,,,,,,,,,,,,,,,,,,,,,,,,,0,77,505,0,0,0,0
TLAXCALA,29033,627,2024,June,0,0,109,56,61,,,,,,,1861,1798,2773,TLAXCALA,0.671114316624594,,,,,,,91,,,,,,,,,,130,,,,,214,,,,,520,,,,0,0,0,,,0,,,,,,15,158,0,,,,,,,,,,,,,,,,,,,,,,,,,,,,,,,1,62,444,0,0,0,0
TLAXCALA,29033,628,2024,June,0,0,41,36,53,,,,,,,1203,1170,1830,TLAXCALA,0.657377049180328,,,,,,,15,,,,,,,,,,116,,,,,169,,,,,455,,,,0,0,0,,,0,,,,,,7,18,0,,,,,,,,,,,,,,,,,,,,,,,,,,,,,,,0,33,260,0,0,0,0
TLAXCALA,29033,629,2024,June,0,0,48,40,45,,,,,,,1408,1341,2210,TLAXCALA,0.63710407239819,,,,,,,16,,,,,,,,,,142,,,,,206,,,,,485,,,,0,0,0,,,0,,,,,,12,28,0,,,,,,,,,,,,,,,,,,,,,,,,,,,,,,,3,64,319,0,0,0,0
TLAXCALA,29033,630,2024,June,0,0,27,23,36,,,,,,,1240,1160,2061,TLAXCALA,0.601649684619117,,,,,,,6,,,,,,,,,,37,,,,,234,,,,,398,,,,0,0,0,,,0,,,,,,5,231,0,,,,,,,,,,,,,,,,,,,,,,,,,,,,,,,0,80,163,0,0,0,0
TLAXCALA,29033,631,2024,June,0,0,22,24,38,,,,,,,1451,1393,2186,TLAXCALA,0.663769441903019,,,,,,,8,,,,,,,,,,87,,,,,343,,,,,294,,,,0,0,0,,,0,,,,,,5,468,0,,,,,,,,,,,,,,,,,,,,,,,,,,,,,,,0,58,104,0,0,0,0
TLAXCO,29034,0,2024,June,0,0,0,0,0,,,,,,,6,6,7,TLAXCALA,0.857142857142857,,,,,,,0,,,,,,,,,,0,,,,,0,,,,,1,,,,0,0,0,,,0,,,,,,0,0,0,,,,,,,,,,,,,,,,,,,,,,,,,,,,,,,0,0,5,0,0,0,0
TLAXCO,29034,58,2024,June,0,0,0,57,6,,,,,,,191,179,267,TLAXCALA,0.715355805243446,,,,,,,0,,,,,,,,,,1,,,,,21,,,,,80,,,,0,0,0,,,0,,,,,,0,2,0,,,,,,,,,,,,,,,,,,,,,,,,,,,,,,,0,12,12,0,0,0,0
TLAXCO,29034,470,2024,June,0,0,0,181,15,,,,,,,701,671,1098,TLAXCALA,0.638433515482696,,,,,,,0,,,,,,,,,,1,,,,,33,,,,,277,,,,0,0,0,,,0,,,,,,0,3,0,,,,,,,,,,,,,,,,,,,,,,,,,,,,,,,0,30,161,0,0,0,0
TLAXCO,29034,471,2024,June,0,0,0,145,10,,,,,,,952,908,1587,TLAXCALA,0.599873976055451,,,,,,,0,,,,,,,,,,2,,,,,84,,,,,439,,,,0,0,0,,,0,,,,,,0,4,0,,,,,,,,,,,,,,,,,,,,,,,,,,,,,,,0,44,224,0,0,0,0
TLAXCO,29034,472,2024,June,0,0,0,135,8,,,,,,,949,921,1466,TLAXCALA,0.647339699863574,,,,,,,0,,,,,,,,,,4,,,,,68,,,,,536,,,,0,0,0,,,0,,,,,,0,7,0,,,,,,,,,,,,,,,,,,,,,,,,,,,,,,,0,28,163,0,0,0,0
TLAXCO,29034,473,2024,June,0,0,0,139,10,,,,,,,813,792,1200,TLAXCALA,0.6775,,,,,,,0,,,,,,,,,,11,,,,,58,,,,,411,,,,0,0,0,,,0,,,,,,0,8,0,,,,,,,,,,,,,,,,,,,,,,,,,,,,,,,1,20,155,0,0,0,0
TLAXCO,29034,474,2024,June,0,0,0,216,16,,,,,,,1218,1187,2061,TLAXCALA,0.590975254730713,,,,,,,0,,,,,,,,,,4,,,,,87,,,,,628,,,,0,0,0,,,0,,,,,,0,7,0,,,,,,,,,,,,,,,,,,,,,,,,,,,,,,,0,31,229,0,0,0,0
TLAXCO,29034,475,2024,June,0,0,0,120,4,,,,,,,902,888,1296,TLAXCALA,0.695987654320988,,,,,,,0,,,,,,,,,,9,,,,,72,,,,,465,,,,0,0,0,,,0,,,,,,0,3,0,,,,,,,,,,,,,,,,,,,,,,,,,,,,,,,0,14,215,0,0,0,0
TLAXCO,29034,476,2024,June,0,0,0,381,24,,,,,,,2042,1962,3309,TLAXCALA,0.617104865518284,,,,,,,0,,,,,,,,,,8,,,,,140,,,,,1022,,,,0,0,0,,,0,,,,,,0,12,0,,,,,,,,,,,,,,,,,,,,,,,,,,,,,,,0,80,375,0,0,0,0
TLAXCO,29034,477,2024,June,0,0,0,192,4,,,,,,,778,753,1115,TLAXCALA,0.697757847533632,,,,,,,0,,,,,,,,,,4,,,,,47,,,,,334,,,,0,0,0,,,0,,,,,,0,3,0,,,,,,,,,,,,,,,,,,,,,,,,,,,,,,,0,25,169,0,0,0,0
TLAXCO,29034,478,2024,June,0,0,0,93,3,,,,,,,393,374,526,TLAXCALA,0.747148288973384,,,,,,,0,,,,,,,,,,4,,,,,18,,,,,172,,,,0,0,0,,,0,,,,,,0,1,0,,,,,,,,,,,,,,,,,,,,,,,,,,,,,,,0,19,83,0,0,0,0
TLAXCO,29034,479,2024,June,0,0,0,13,7,,,,,,,210,195,344,TLAXCALA,0.61046511627907,,,,,,,0,,,,,,,,,,5,,,,,14,,,,,133,,,,0,0,0,,,0,,,,,,0,1,0,,,,,,,,,,,,,,,,,,,,,,,,,,,,,,,0,15,22,0,0,0,0
TLAXCO,29034,480,2024,June,0,0,0,28,3,,,,,,,153,148,253,TLAXCALA,0.604743083003953,,,,,,,0,,,,,,,,,,2,,,,,12,,,,,84,,,,0,0,0,,,0,,,,,,0,1,0,,,,,,,,,,,,,,,,,,,,,,,,,,,,,,,0,5,18,0,0,0,0
TLAXCO,29034,481,2024,June,0,0,0,141,12,,,,,,,1421,1373,2082,TLAXCALA,0.682516810758886,,,,,,,0,,,,,,,,,,9,,,,,47,,,,,897,,,,0,0,0,,,0,,,,,,0,14,0,,,,,,,,,,,,,,,,,,,,,,,,,,,,,,,0,48,253,0,0,0,0
TLAXCO,29034,482,2024,June,0,0,0,239,16,,,,,,,1222,1175,2022,TLAXCALA,0.60435212660732,,,,,,,0,,,,,,,,,,3,,,,,74,,,,,620,,,,0,0,0,,,0,,,,,,0,4,0,,,,,,,,,,,,,,,,,,,,,,,,,,,,,,,0,47,219,0,0,0,0
TLAXCO,29034,483,2024,June,0,0,0,9,0,,,,,,,81,79,139,TLAXCALA,0.58273381294964,,,,,,,0,,,,,,,,,,2,,,,,1,,,,,50,,,,0,0,0,,,0,,,,,,0,0,0,,,,,,,,,,,,,,,,,,,,,,,,,,,,,,,0,2,17,0,0,0,0
TLAXCO,29034,484,2024,June,0,0,0,177,16,,,,,,,1140,1081,1882,TLAXCALA,0.605738575982997,,,,,,,0,,,,,,,,,,7,,,,,40,,,,,663,,,,0,0,0,,,0,,,,,,0,1,0,,,,,,,,,,,,,,,,,,,,,,,,,,,,,,,0,59,177,0,0,0,0
TLAXCO,29034,485,2024,June,0,0,0,87,4,,,,,,,505,494,758,TLAXCALA,0.66622691292876,,,,,,,0,,,,,,,,,,8,,,,,32,,,,,232,,,,0,0,0,,,0,,,,,,0,1,0,,,,,,,,,,,,,,,,,,,,,,,,,,,,,,,0,11,130,0,0,0,0
TLAXCO,29034,486,2024,June,0,0,0,190,1,,,,,,,447,428,671,TLAXCALA,0.666169895678092,,,,,,,0,,,,,,,,,,2,,,,,13,,,,,129,,,,0,0,0,,,0,,,,,,0,1,0,,,,,,,,,,,,,,,,,,,,,,,,,,,,,,,0,19,92,0,0,0,0
TLAXCO,29034,487,2024,June,0,0,0,0,2,,,,,,,23,21,114,TLAXCALA,0.201754385964912,,,,,,,0,,,,,,,,,,2,,,,,1,,,,,0,,,,0,0,0,,,0,,,,,,0,9,0,,,,,,,,,,,,,,,,,,,,,,,,,,,,,,,0,2,7,0,0,0,0
TLAXCO,29034,488,2024,June,0,0,0,145,8,,,,,,,875,842,1433,TLAXCALA,0.610607117934403,,,,,,,0,,,,,,,,,,6,,,,,62,,,,,538,,,,0,0,0,,,0,,,,,,0,5,0,,,,,,,,,,,,,,,,,,,,,,,,,,,,,,,0,33,78,0,0,0,0
TLAXCO,29034,489,2024,June,0,0,0,34,1,,,,,,,81,81,111,TLAXCALA,0.72972972972973,,,,,,,0,,,,,,,,,,0,,,,,5,,,,,33,,,,0,0,0,,,0,,,,,,0,1,0,,,,,,,,,,,,,,,,,,,,,,,,,,,,,,,0,0,7,0,0,0,0
TLAXCO,29034,490,2024,June,0,0,0,11,1,,,,,,,162,154,206,TLAXCALA,0.786407766990291,,,,,,,0,,,,,,,,,,0,,,,,4,,,,,103,,,,0,0,0,,,0,,,,,,0,0,0,,,,,,,,,,,,,,,,,,,,,,,,,,,,,,,0,8,35,0,0,0,0
TLAXCO,29034,491,2024,June,0,0,0,252,33,,,,,,,1856,1777,2753,TLAXCALA,0.674173628768616,,,,,,,0,,,,,,,,,,11,,,,,86,,,,,922,,,,0,0,0,,,0,,,,,,0,10,0,,,,,,,,,,,,,,,,,,,,,,,,,,,,,,,16,63,463,0,0,0,0
TLAXCO,29034,492,2024,June,0,0,0,35,1,,,,,,,300,289,391,TLAXCALA,0.767263427109974,,,,,,,0,,,,,,,,,,1,,,,,18,,,,,131,,,,0,0,0,,,0,,,,,,0,3,0,,,,,,,,,,,,,,,,,,,,,,,,,,,,,,,0,11,100,0,0,0,0
TLAXCO,29034,493,2024,June,0,0,0,47,5,,,,,,,399,389,545,TLAXCALA,0.732110091743119,,,,,,,0,,,,,,,,,,0,,,,,18,,,,,219,,,,0,0,0,,,0,,,,,,0,0,0,,,,,,,,,,,,,,,,,,,,,,,,,,,,,,,0,10,100,0,0,0,0
TLAXCO,29034,494,2024,June,0,0,0,162,8,,,,,,,579,552,899,TLAXCALA,0.6440489432703,,,,,,,0,,,,,,,,,,21,,,,,46,,,,,261,,,,0,0,0,,,0,,,,,,0,3,0,,,,,,,,,,,,,,,,,,,,,,,,,,,,,,,0,27,51,0,0,0,0
TLAXCO,29034,495,2024,June,0,0,0,69,9,,,,,,,599,584,916,TLAXCALA,0.653930131004367,,,,,,,0,,,,,,,,,,7,,,,,45,,,,,303,,,,0,0,0,,,0,,,,,,0,0,0,,,,,,,,,,,,,,,,,,,,,,,,,,,,,,,0,15,151,0,0,0,0
TLAXCO,29034,496,2024,June,0,0,0,60,4,,,,,,,494,466,706,TLAXCALA,0.69971671388102,,,,,,,0,,,,,,,,,,1,,,,,19,,,,,253,,,,0,0,0,,,0,,,,,,0,1,0,,,,,,,,,,,,,,,,,,,,,,,,,,,,,,,0,28,128,0,0,0,0
TLAXCO,29034,497,2024,June,0,0,0,83,2,,,,,,,400,388,480,TLAXCALA,0.833333333333333,,,,,,,0,,,,,,,,,,2,,,,,39,,,,,119,,,,0,0,0,,,0,,,,,,0,1,0,,,,,,,,,,,,,,,,,,,,,,,,,,,,,,,0,12,142,0,0,0,0
TLAXCO,29034,498,2024,June,0,0,0,26,4,,,,,,,304,285,377,TLAXCALA,0.806366047745358,,,,,,,0,,,,,,,,,,2,,,,,19,,,,,174,,,,0,0,0,,,0,,,,,,0,2,0,,,,,,,,,,,,,,,,,,,,,,,,,,,,,,,0,19,58,0,0,0,0
TLAXCO,29034,499,2024,June,0,0,0,131,1,,,,,,,763,730,1018,TLAXCALA,0.74950884086444,,,,,,,0,,,,,,,,,,1,,,,,65,,,,,329,,,,0,0,0,,,0,,,,,,0,3,0,,,,,,,,,,,,,,,,,,,,,,,,,,,,,,,0,33,200,0,0,0,0
TLAXCO,29034,500,2024,June,0,0,0,73,8,,,,,,,391,379,500,TLAXCALA,0.782,,,,,,,0,,,,,,,,,,2,,,,,61,,,,,78,,,,0,0,0,,,0,,,,,,0,6,0,,,,,,,,,,,,,,,,,,,,,,,,,,,,,,,0,12,151,0,0,0,0
TLAXCO,29034,501,2024,June,0,0,0,238,18,,,,,,,1092,1037,1442,TLAXCALA,0.757281553398058,,,,,,,0,,,,,,,,,,26,,,,,95,,,,,464,,,,0,0,0,,,0,,,,,,0,12,0,,,,,,,,,,,,,,,,,,,,,,,,,,,,,,,0,55,184,0,0,0,0
TLAXCO,29034,502,2024,June,0,0,0,42,2,,,,,,,306,293,369,TLAXCALA,0.829268292682927,,,,,,,0,,,,,,,,,,2,,,,,24,,,,,123,,,,0,0,0,,,0,,,,,,0,2,0,,,,,,,,,,,,,,,,,,,,,,,,,,,,,,,0,13,98,0,0,0,0
TLAXCO,29034,503,2024,June,0,0,0,33,1,,,,,,,121,121,149,TLAXCALA,0.812080536912752,,,,,,,0,,,,,,,,,,1,,,,,12,,,,,56,,,,0,0,0,,,0,,,,,,0,0,0,,,,,,,,,,,,,,,,,,,,,,,,,,,,,,,0,0,18,0,0,0,0
TLAXCO,29034,504,2024,June,0,0,0,19,18,,,,,,,171,165,225,TLAXCALA,0.76,,,,,,,0,,,,,,,,,,9,,,,,12,,,,,85,,,,0,0,0,,,0,,,,,,0,0,0,,,,,,,,,,,,,,,,,,,,,,,,,,,,,,,0,6,22,0,0,0,0
TOCATLAN,29035,0,2024,June,0,0,0,0,0,,,,,,,4,4,2,TLAXCALA,2,,,,,,,0,,,,,,,,,,0,,,,,0,,,,,1,,,,0,0,0,,,0,,,,,,0,1,0,,,,,,,,,,,,,,,,,,,,,,,,,,,,,,,0,0,2,0,0,0,0
TOCATLAN,29035,505,2024,June,0,0,6,222,0,,,,,,,1959,1912,2659,TLAXCALA,0.736743136517488,,,,,,,0,,,,,,,,,,6,,,,,0,,,,,618,,,,0,0,0,,,0,,,,,,2,732,0,,,,,,,,,,,,,,,,,,,,,,,,,,,,,,,1,46,326,0,0,0,0
TOCATLAN,29035,506,2024,June,0,0,2,84,0,,,,,,,1111,1081,1566,TLAXCALA,0.709450830140485,,,,,,,0,,,,,,,,,,3,,,,,0,,,,,449,,,,0,0,0,,,0,,,,,,6,391,0,,,,,,,,,,,,,,,,,,,,,,,,,,,,,,,0,30,146,0,0,0,0
TOCATLAN,29035,507,2024,June,0,0,0,85,0,,,,,,,518,509,672,TLAXCALA,0.770833333333333,,,,,,,0,,,,,,,,,,1,,,,,0,,,,,141,,,,0,0,0,,,0,,,,,,2,179,0,,,,,,,,,,,,,,,,,,,,,,,,,,,,,,,0,9,101,0,0,0,0
TOTOLAC,29036,0,2024,June,0,0,0,0,1,,,,,,,5,5,6,TLAXCALA,0.833333333333333,,,,,,,0,,,,,,,,,,1,,,,,0,,,,,1,,,,0,0,0,,,0,,,,,,1,1,0,,,,,,,,,,,,,,,,,,,,,,,,,,,,,,,0,0,0,0,0,0,0
TOTOLAC,29036,508,2024,June,0,0,19,10,31,,,,,,,684,646,917,TLAXCALA,0.745910577971647,,,,,,,63,,,,,,,,,,50,,,,,80,,,,,204,,,,0,0,0,,,0,,,,,,4,27,0,,,,,,,,,,,,,,,,,,,,,,,,,,,,,,,0,38,158,0,0,0,0
TOTOLAC,29036,509,2024,June,0,0,8,21,32,,,,,,,970,924,1275,TLAXCALA,0.76078431372549,,,,,,,54,,,,,,,,,,79,,,,,76,,,,,355,,,,0,0,0,,,0,,,,,,4,54,0,,,,,,,,,,,,,,,,,,,,,,,,,,,,,,,0,46,241,0,0,0,0
TOTOLAC,29036,510,2024,June,0,0,9,10,26,,,,,,,889,851,1297,TLAXCALA,0.685427910562837,,,,,,,16,,,,,,,,,,78,,,,,57,,,,,319,,,,0,0,0,,,0,,,,,,4,100,0,,,,,,,,,,,,,,,,,,,,,,,,,,,,,,,0,38,232,0,0,0,0
TOTOLAC,29036,511,2024,June,0,0,6,27,33,,,,,,,719,682,1000,TLAXCALA,0.719,,,,,,,52,,,,,,,,,,74,,,,,28,,,,,191,,,,0,0,0,,,0,,,,,,5,106,0,,,,,,,,,,,,,,,,,,,,,,,,,,,,,,,2,35,160,0,0,0,0
TOTOLAC,29036,512,2024,June,0,0,13,37,31,,,,,,,1276,1213,1880,TLAXCALA,0.678723404255319,,,,,,,78,,,,,,,,,,86,,,,,90,,,,,394,,,,0,0,0,,,0,,,,,,12,88,0,,,,,,,,,,,,,,,,,,,,,,,,,,,,,,,0,63,384,0,0,0,0
TOTOLAC,29036,513,2024,June,0,0,14,43,44,,,,,,,1725,1641,2415,TLAXCALA,0.714285714285714,,,,,,,214,,,,,,,,,,160,,,,,101,,,,,468,,,,0,0,0,,,0,,,,,,24,164,0,,,,,,,,,,,,,,,,,,,,,,,,,,,,,,,2,82,409,0,0,0,0
TOTOLAC,29036,514,2024,June,0,0,7,23,36,,,,,,,791,752,1161,TLAXCALA,0.681309216192937,,,,,,,43,,,,,,,,,,70,,,,,53,,,,,332,,,,0,0,0,,,0,,,,,,3,24,0,,,,,,,,,,,,,,,,,,,,,,,,,,,,,,,0,39,161,0,0,0,0
TOTOLAC,29036,515,2024,June,0,0,17,10,34,,,,,,,1574,1528,2197,TLAXCALA,0.716431497496586,,,,,,,18,,,,,,,,,,212,,,,,113,,,,,501,,,,0,0,0,,,0,,,,,,7,32,0,,,,,,,,,,,,,,,,,,,,,,,,,,,,,,,0,46,584,0,0,0,0
TOTOLAC,29036,516,2024,June,0,0,35,9,74,,,,,,,1502,1468,2008,TLAXCALA,0.74800796812749,,,,,,,22,,,,,,,,,,83,,,,,148,,,,,432,,,,0,0,0,,,0,,,,,,11,43,0,,,,,,,,,,,,,,,,,,,,,,,,,,,,,,,0,34,611,0,0,0,0
TOTOLAC,29036,517,2024,June,0,0,30,10,48,,,,,,,1182,1150,1668,TLAXCALA,0.70863309352518,,,,,,,16,,,,,,,,,,97,,,,,158,,,,,360,,,,0,0,0,,,0,,,,,,7,23,0,,,,,,,,,,,,,,,,,,,,,,,,,,,,,,,0,32,401,0,0,0,0
TOTOLAC,29036,518,2024,June,0,0,21,27,55,,,,,,,1283,1248,1805,TLAXCALA,0.710803324099723,,,,,,,26,,,,,,,,,,83,,,,,136,,,,,337,,,,0,0,0,,,0,,,,,,24,63,0,,,,,,,,,,,,,,,,,,,,,,,,,,,,,,,0,35,476,0,0,0,0
TOTOLAC,29036,519,2024,June,0,0,5,12,29,,,,,,,587,568,834,TLAXCALA,0.703836930455636,,,,,,,11,,,,,,,,,,35,,,,,39,,,,,202,,,,0,0,0,,,0,,,,,,5,17,0,,,,,,,,,,,,,,,,,,,,,,,,,,,,,,,0,19,213,0,0,0,0
TZOMPANTEPEC,29038,0,2024,June,0,0,1,0,0,,,,,,,4,4,4,TLAXCALA,1,,,,,,,0,,,,,,,,,,0,,,,,0,,,,,2,,,,0,0,0,,,0,,,,,,1,0,0,,,,,,,,,,,,,,,,,,,,,,,,,,,,,,,0,0,0,0,0,0,0
TZOMPANTEPEC,29038,529,2024,June,0,0,49,106,14,,,,,,,1299,1244,1633,TLAXCALA,0.795468462951623,,,,,,,9,,,,,,,,,,603,,,,,61,,,,,201,,,,0,0,0,,,0,,,,,,170,2,0,,,,,,,,,,,,,,,,,,,,,,,,,,,,,,,0,55,29,0,0,0,0
TZOMPANTEPEC,29038,530,2024,June,0,0,105,91,12,,,,,,,1008,985,1460,TLAXCALA,0.69041095890411,,,,,,,2,,,,,,,,,,289,,,,,76,,,,,177,,,,0,0,0,,,0,,,,,,221,0,0,,,,,,,,,,,,,,,,,,,,,,,,,,,,,,,0,23,12,0,0,0,0
TZOMPANTEPEC,29038,536,2024,June,0,0,28,68,13,,,,,,,637,606,788,TLAXCALA,0.808375634517767,,,,,,,1,,,,,,,,,,208,,,,,38,,,,,196,,,,0,0,0,,,0,,,,,,42,3,0,,,,,,,,,,,,,,,,,,,,,,,,,,,,,,,1,30,9,0,0,0,0
TZOMPANTEPEC,29038,537,2024,June,0,0,11,13,2,,,,,,,223,215,283,TLAXCALA,0.787985865724382,,,,,,,5,,,,,,,,,,76,,,,,4,,,,,36,,,,0,0,0,,,0,,,,,,60,1,0,,,,,,,,,,,,,,,,,,,,,,,,,,,,,,,0,8,7,0,0,0,0
TZOMPANTEPEC,29038,613,2024,June,0,0,44,28,76,,,,,,,1515,1426,2403,TLAXCALA,0.630461922596754,,,,,,,38,,,,,,,,,,412,,,,,142,,,,,253,,,,0,0,0,,,0,,,,,,303,17,0,,,,,,,,,,,,,,,,,,,,,,,,,,,,,,,0,89,113,0,0,0,0
TZOMPANTEPEC,29038,614,2024,June,0,0,68,201,95,,,,,,,1516,1455,2196,TLAXCALA,0.690346083788707,,,,,,,46,,,,,,,,,,241,,,,,172,,,,,261,,,,0,0,0,,,0,,,,,,314,18,0,,,,,,,,,,,,,,,,,,,,,,,,,,,,,,,2,59,39,0,0,0,0
TZOMPANTEPEC,29038,615,2024,June,0,0,33,45,125,,,,,,,1388,1311,2221,TLAXCALA,0.624943719045475,,,,,,,67,,,,,,,,,,268,,,,,140,,,,,276,,,,0,0,0,,,0,,,,,,253,14,0,,,,,,,,,,,,,,,,,,,,,,,,,,,,,,,0,77,90,0,0,0,0
TZOMPANTEPEC,29038,616,2024,June,0,0,30,267,29,,,,,,,1515,1447,2054,TLAXCALA,0.737585199610516,,,,,,,18,,,,,,,,,,308,,,,,163,,,,,248,,,,0,0,0,,,0,,,,,,326,11,0,,,,,,,,,,,,,,,,,,,,,,,,,,,,,,,1,67,47,0,0,0,0
XALOZTOC,29039,0,2024,June,0,0,0,0,0,,,,,,,5,5,5,TLAXCALA,1,,,,,,,2,,,,,,,,,,0,,,,,0,,,,,3,,,,0,0,0,,,0,,,,,,0,0,0,,,,,,,,,,,,,,,,,,,,,,,,,,,,,,,0,0,0,0,0,0,0
XALOZTOC,29039,538,2024,June,32,324,28,291,0,,,,,,,1787,1737,2565,TLAXCALA,0.696686159844055,,,,,,,534,,,,,,,,,,10,,,,,129,,,,,376,,,,0,0,0,,,0,,,,,,0,13,0,,,,,,,,,,,,,,,,,,,,,,,,,,,,,,,0,50,0,0,0,0,0
XALOZTOC,29039,539,2024,June,99,507,32,237,0,,,,,,,1766,1705,2288,TLAXCALA,0.771853146853147,,,,,,,311,,,,,,,,,,3,,,,,168,,,,,333,,,,0,0,0,,,0,,,,,,0,15,0,,,,,,,,,,,,,,,,,,,,,,,,,,,,,,,1,60,0,0,0,0,0
XALOZTOC,29039,540,2024,June,42,734,60,478,0,,,,,,,2561,2511,3712,TLAXCALA,0.689924568965517,,,,,,,363,,,,,,,,,,18,,,,,214,,,,,584,,,,0,0,0,,,0,,,,,,0,18,0,,,,,,,,,,,,,,,,,,,,,,,,,,,,,,,3,47,0,0,0,0,0
XALOZTOC,29039,541,2024,June,71,550,48,318,0,,,,,,,2127,2064,3007,TLAXCALA,0.707349517791819,,,,,,,339,,,,,,,,,,13,,,,,131,,,,,563,,,,0,0,0,,,0,,,,,,0,31,0,,,,,,,,,,,,,,,,,,,,,,,,,,,,,,,1,62,0,0,0,0,0
XALOZTOC,29039,542,2024,June,25,244,71,358,0,,,,,,,1914,1857,2788,TLAXCALA,0.686513629842181,,,,,,,306,,,,,,,,,,4,,,,,360,,,,,452,,,,0,0,0,,,0,,,,,,0,37,0,,,,,,,,,,,,,,,,,,,,,,,,,,,,,,,0,57,0,0,0,0,0
XALOZTOC,29039,543,2024,June,29,433,30,307,0,,,,,,,1677,1618,2348,TLAXCALA,0.714224872231687,,,,,,,204,,,,,,,,,,8,,,,,249,,,,,344,,,,0,0,0,,,0,,,,,,0,14,0,,,,,,,,,,,,,,,,,,,,,,,,,,,,,,,1,58,0,0,0,0,0
XALOZTOC,29039,544,2024,June,19,132,8,82,0,,,,,,,562,552,705,TLAXCALA,0.797163120567376,,,,,,,84,,,,,,,,,,4,,,,,39,,,,,176,,,,0,0,0,,,0,,,,,,0,8,0,,,,,,,,,,,,,,,,,,,,,,,,,,,,,,,0,10,0,0,0,0,0
XALOZTOC,29039,545,2024,June,12,121,12,72,0,,,,,,,494,476,693,TLAXCALA,0.712842712842713,,,,,,,106,,,,,,,,,,0,,,,,40,,,,,101,,,,0,0,0,,,0,,,,,,0,12,0,,,,,,,,,,,,,,,,,,,,,,,,,,,,,,,0,18,0,0,0,0,0
XALOZTOC,29039,546,2024,June,12,87,7,247,0,,,,,,,672,658,863,TLAXCALA,0.778679026651217,,,,,,,103,,,,,,,,,,3,,,,,58,,,,,130,,,,0,0,0,,,0,,,,,,0,11,0,,,,,,,,,,,,,,,,,,,,,,,,,,,,,,,0,14,0,0,0,0,0
XALTOCAN,29040,547,2024,June,70,13,85,169,123,,,,,,,921,893,1291,TLAXCALA,0.713400464756003,,,,,,,0,,,,,,,,,,89,,,,,3,,,,,78,,,,0,0,0,,,0,,,,,,0,263,0,,,,,,,,,,,,,,,,,,,,,,,,,,,,,,,0,28,0,0,0,0,0
XALTOCAN,29040,548,2024,June,87,13,143,143,482,,,,,,,1509,1432,2153,TLAXCALA,0.700882489549466,,,,,,,2,,,,,,,,,,166,,,,,8,,,,,153,,,,0,0,0,,,0,,,,,,8,227,0,,,,,,,,,,,,,,,,,,,,,,,,,,,,,,,1,76,0,0,0,0,0
XALTOCAN,29040,549,2024,June,171,42,51,51,386,,,,,,,1098,1044,1612,TLAXCALA,0.681141439205955,,,,,,,4,,,,,,,,,,29,,,,,1,,,,,131,,,,0,0,0,,,0,,,,,,2,176,0,,,,,,,,,,,,,,,,,,,,,,,,,,,,,,,1,53,0,0,0,0,0
XALTOCAN,29040,550,2024,June,56,44,68,32,249,,,,,,,721,679,999,TLAXCALA,0.721721721721722,,,,,,,1,,,,,,,,,,20,,,,,5,,,,,73,,,,0,0,0,,,0,,,,,,2,129,0,,,,,,,,,,,,,,,,,,,,,,,,,,,,,,,0,42,0,0,0,0,0
XALTOCAN,29040,553,2024,June,28,4,33,4,74,,,,,,,239,239,362,TLAXCALA,0.660220994475138,,,,,,,0,,,,,,,,,,37,,,,,0,,,,,15,,,,0,0,0,,,0,,,,,,0,44,0,,,,,,,,,,,,,,,,,,,,,,,,,,,,,,,0,0,0,0,0,0,0
XALTOCAN,29040,554,2024,June,30,2,14,16,54,,,,,,,177,172,230,TLAXCALA,0.769565217391304,,,,,,,0,,,,,,,,,,5,,,,,0,,,,,19,,,,0,0,0,,,0,,,,,,0,32,0,,,,,,,,,,,,,,,,,,,,,,,,,,,,,,,0,5,0,0,0,0,0
XALTOCAN,29040,555,2024,June,27,34,40,70,128,,,,,,,572,546,748,TLAXCALA,0.764705882352941,,,,,,,0,,,,,,,,,,11,,,,,5,,,,,129,,,,0,0,0,,,0,,,,,,0,102,0,,,,,,,,,,,,,,,,,,,,,,,,,,,,,,,0,26,0,0,0,0,0
XALTOCAN,29040,556,2024,June,26,22,53,69,117,,,,,,,630,606,880,TLAXCALA,0.715909090909091,,,,,,,1,,,,,,,,,,84,,,,,0,,,,,77,,,,0,0,0,,,0,,,,,,5,152,0,,,,,,,,,,,,,,,,,,,,,,,,,,,,,,,0,24,0,0,0,0,0
XALTOCAN,29040,557,2024,June,146,18,27,11,202,,,,,,,604,579,797,TLAXCALA,0.757841907151819,,,,,,,0,,,,,,,,,,7,,,,,3,,,,,55,,,,0,0,0,,,0,,,,,,9,101,0,,,,,,,,,,,,,,,,,,,,,,,,,,,,,,,0,25,0,0,0,0,0
XICOHTZINCO,29042,0,2024,June,0,0,0,0,0,,,,,,,2,2,2,TLAXCALA,1,,,,,,,0,,,,,,,,,,0,,,,,0,,,,,1,,,,0,0,0,,,0,,,,,,0,0,0,,,,,,,,,,,,,,,,,,,,,,,,,,,,,,,0,0,1,0,0,0,0
XICOHTZINCO,29042,570,2024,June,0,0,25,375,84,,,,,,,2146,2081,2974,TLAXCALA,0.721587088096839,,,,,,,316,,,,,,,,,,78,,,,,143,,,,,492,,,,0,0,0,,,280,,,,,,0,1,185,,,,,,,,,,,,,,,,,,,,,,,,,,,,,,,0,65,102,0,0,0,0
XICOHTZINCO,29042,571,2024,June,0,0,12,217,50,,,,,,,1346,1309,1806,TLAXCALA,0.745293466223699,,,,,,,173,,,,,,,,,,25,,,,,88,,,,,215,,,,0,0,0,,,358,,,,,,0,3,108,,,,,,,,,,,,,,,,,,,,,,,,,,,,,,,0,37,60,0,0,0,0
XICOHTZINCO,29042,572,2024,June,0,0,16,218,101,,,,,,,1432,1406,1927,TLAXCALA,0.743124026984951,,,,,,,288,,,,,,,,,,33,,,,,78,,,,,167,,,,0,0,0,,,327,,,,,,0,1,124,,,,,,,,,,,,,,,,,,,,,,,,,,,,,,,0,26,53,0,0,0,0
XICOHTZINCO,29042,573,2024,June,0,0,20,171,32,,,,,,,1451,1406,1995,TLAXCALA,0.727318295739348,,,,,,,232,,,,,,,,,,27,,,,,107,,,,,209,,,,0,0,0,,,281,,,,,,0,5,256,,,,,,,,,,,,,,,,,,,,,,,,,,,,,,,2,43,66,0,0,0,0
XICOHTZINCO,29042,574,2024,June,0,0,52,403,96,,,,,,,2293,2227,3262,TLAXCALA,0.702942979767014,,,,,,,392,,,,,,,,,,75,,,,,137,,,,,304,,,,0,0,0,,,310,,,,,,0,6,361,,,,,,,,,,,,,,,,,,,,,,,,,,,,,,,1,65,91,0,0,0,0
YAUHQUEMEHCAN,29043,0,2024,June,0,0,0,0,0,,,,,,,4,4,4,TLAXCALA,1,,,,,,,1,,,,,,,,,,1,,,,,0,,,,,1,,,,0,0,0,,,0,,,,,,0,0,0,,,,,,,,,,,,,,,,,,,,,,,,,,,,,,,0,0,1,0,0,0,0
YAUHQUEMEHCAN,29043,575,2024,June,0,0,226,131,0,,,,,,,1631,1580,2438,TLAXCALA,0.668990976210008,,,,,,,37,,,,,,,,,,421,,,,,208,,,,,291,,,,0,0,0,,,0,,,,,,15,0,0,,,,,,,,,,,,,,,,,,,,,,,,,,,,,,,0,51,251,0,0,0,0
YAUHQUEMEHCAN,29043,576,2024,June,0,0,265,73,0,,,,,,,1322,1281,1901,TLAXCALA,0.695423461336139,,,,,,,37,,,,,,,,,,312,,,,,124,,,,,278,,,,0,0,0,,,0,,,,,,11,0,0,,,,,,,,,,,,,,,,,,,,,,,,,,,,,,,1,40,181,0,0,0,0
YAUHQUEMEHCAN,29043,577,2024,June,0,0,99,28,0,,,,,,,597,558,809,TLAXCALA,0.737948084054388,,,,,,,51,,,,,,,,,,133,,,,,47,,,,,107,,,,0,0,0,,,0,,,,,,6,0,0,,,,,,,,,,,,,,,,,,,,,,,,,,,,,,,0,39,87,0,0,0,0
YAUHQUEMEHCAN,29043,578,2024,June,0,0,70,67,0,,,,,,,617,599,786,TLAXCALA,0.78498727735369,,,,,,,9,,,,,,,,,,179,,,,,20,,,,,110,,,,0,0,0,,,0,,,,,,6,0,0,,,,,,,,,,,,,,,,,,,,,,,,,,,,,,,0,18,138,0,0,0,0
YAUHQUEMEHCAN,29043,579,2024,June,0,0,78,80,0,,,,,,,993,970,1401,TLAXCALA,0.708779443254818,,,,,,,15,,,,,,,,,,393,,,,,36,,,,,170,,,,0,0,0,,,0,,,,,,28,0,0,,,,,,,,,,,,,,,,,,,,,,,,,,,,,,,0,23,170,0,0,0,0
YAUHQUEMEHCAN,29043,580,2024,June,0,0,84,121,0,,,,,,,1580,1519,2829,TLAXCALA,0.558501237186285,,,,,,,42,,,,,,,,,,285,,,,,250,,,,,391,,,,0,0,0,,,0,,,,,,18,0,0,,,,,,,,,,,,,,,,,,,,,,,,,,,,,,,0,61,328,0,0,0,0
YAUHQUEMEHCAN,29043,581,2024,June,0,0,128,230,0,,,,,,,2292,2192,4039,TLAXCALA,0.56746719485021,,,,,,,78,,,,,,,,,,372,,,,,249,,,,,667,,,,0,0,0,,,0,,,,,,41,0,0,,,,,,,,,,,,,,,,,,,,,,,,,,,,,,,2,98,427,0,0,0,0
YAUHQUEMEHCAN,29043,583,2024,June,0,0,123,192,0,,,,,,,1996,1933,3414,TLAXCALA,0.58465143526655,,,,,,,75,,,,,,,,,,366,,,,,242,,,,,533,,,,0,0,0,,,0,,,,,,28,0,0,,,,,,,,,,,,,,,,,,,,,,,,,,,,,,,0,63,374,0,0,0,0
YAUHQUEMEHCAN,29043,584,2024,June,0,0,27,109,0,,,,,,,943,899,1609,TLAXCALA,0.586078309509012,,,,,,,18,,,,,,,,,,122,,,,,63,,,,,381,,,,0,0,0,,,0,,,,,,7,0,0,,,,,,,,,,,,,,,,,,,,,,,,,,,,,,,0,44,172,0,0,0,0
YAUHQUEMEHCAN,29043,585,2024,June,0,0,130,329,0,,,,,,,2236,2163,3171,TLAXCALA,0.705140334279407,,,,,,,33,,,,,,,,,,265,,,,,253,,,,,500,,,,0,0,0,,,0,,,,,,23,0,0,,,,,,,,,,,,,,,,,,,,,,,,,,,,,,,0,73,630,0,0,0,0
YAUHQUEMEHCAN,29043,617,2024,June,0,0,33,9,0,,,,,,,329,319,454,TLAXCALA,0.724669603524229,,,,,,,24,,,,,,,,,,35,,,,,15,,,,,79,,,,0,0,0,,,0,,,,,,14,0,0,,,,,,,,,,,,,,,,,,,,,,,,,,,,,,,0,10,110,0,0,0,0
YAUHQUEMEHCAN,29043,642,2024,June,0,0,84,190,0,,,,,,,983,938,1496,TLAXCALA,0.657085561497326,,,,,,,7,,,,,,,,,,211,,,,,181,,,,,144,,,,0,0,0,,,0,,,,,,14,0,0,,,,,,,,,,,,,,,,,,,,,,,,,,,,,,,0,45,107,0,0,0,0
YAUHQUEMEHCAN,29043,643,2024,June,0,0,46,118,0,,,,,,,1066,1019,1782,TLAXCALA,0.598204264870932,,,,,,,17,,,,,,,,,,208,,,,,166,,,,,220,,,,0,0,0,,,0,,,,,,15,0,0,,,,,,,,,,,,,,,,,,,,,,,,,,,,,,,1,46,229,0,0,0,0
YAUHQUEMEHCAN,29043,644,2024,June,0,0,48,245,0,,,,,,,1310,1265,2086,TLAXCALA,0.627996164908917,,,,,,,25,,,,,,,,,,193,,,,,230,,,,,260,,,,0,0,0,,,0,,,,,,28,0,0,,,,,,,,,,,,,,,,,,,,,,,,,,,,,,,0,45,236,0,0,0,0
ZACATELCO,29044,588,2024,June,0,0,2,153,31,,,,,,,1055,969,1374,TLAXCALA,0.76783114992722,,,,,,,151,,,,,,,,,,196,,,,,25,,,,,202,,,,0,0,0,,,0,,,,,,18,52,0,,,,,,,,,,,,,,,,,,,,,,,,,,,,,,,0,86,139,0,0,0,0
ZACATELCO,29044,589,2024,June,0,0,9,250,41,,,,,,,1757,1653,2416,TLAXCALA,0.727235099337748,,,,,,,227,,,,,,,,,,420,,,,,78,,,,,231,,,,0,0,0,,,0,,,,,,56,42,0,,,,,,,,,,,,,,,,,,,,,,,,,,,,,,,1,103,299,0,0,0,0
ZACATELCO,29044,590,2024,June,0,0,9,485,80,,,,,,,2802,2656,3855,TLAXCALA,0.726848249027237,,,,,,,304,,,,,,,,,,635,,,,,137,,,,,380,,,,0,0,0,,,0,,,,,,111,140,0,,,,,,,,,,,,,,,,,,,,,,,,,,,,,,,1,145,375,0,0,0,0
ZACATELCO,29044,591,2024,June,0,0,4,241,46,,,,,,,1948,1864,2682,TLAXCALA,0.726323639075317,,,,,,,254,,,,,,,,,,552,,,,,56,,,,,314,,,,0,0,0,,,0,,,,,,44,66,0,,,,,,,,,,,,,,,,,,,,,,,,,,,,,,,0,84,287,0,0,0,0
ZACATELCO,29044,592,2024,June,0,0,12,511,52,,,,,,,2914,2725,4029,TLAXCALA,0.723256391164061,,,,,,,409,,,,,,,,,,697,,,,,85,,,,,376,,,,0,0,0,,,0,,,,,,56,158,0,,,,,,,,,,,,,,,,,,,,,,,,,,,,,,,1,188,369,0,0,0,0
ZACATELCO,29044,593,2024,June,0,0,0,222,29,,,,,,,1810,1700,2487,TLAXCALA,0.72778447929232,,,,,,,306,,,,,,,,,,435,,,,,28,,,,,238,,,,0,0,0,,,0,,,,,,27,117,0,,,,,,,,,,,,,,,,,,,,,,,,,,,,,,,0,110,298,0,0,0,0
ZACATELCO,29044,594,2024,June,0,0,3,305,48,,,,,,,1835,1742,2522,TLAXCALA,0.727597145122918,,,,,,,155,,,,,,,,,,552,,,,,56,,,,,235,,,,0,0,0,,,0,,,,,,74,81,0,,,,,,,,,,,,,,,,,,,,,,,,,,,,,,,1,92,233,0,0,0,0
ZACATELCO,29044,595,2024,June,0,0,2,271,52,,,,,,,1791,1683,2385,TLAXCALA,0.750943396226415,,,,,,,193,,,,,,,,,,511,,,,,39,,,,,278,,,,0,0,0,,,0,,,,,,45,107,0,,,,,,,,,,,,,,,,,,,,,,,,,,,,,,,0,108,185,0,0,0,0
ZACATELCO,29044,596,2024,June,0,0,4,144,22,,,,,,,1094,1042,1377,TLAXCALA,0.794480755265069,,,,,,,99,,,,,,,,,,347,,,,,18,,,,,107,,,,0,0,0,,,0,,,,,,20,155,0,,,,,,,,,,,,,,,,,,,,,,,,,,,,,,,1,51,126,0,0,0,0
ZACATELCO,29044,597,2024,June,0,0,0,240,30,,,,,,,1468,1347,1875,TLAXCALA,0.782933333333333,,,,,,,100,,,,,,,,,,400,,,,,37,,,,,155,,,,0,0,0,,,0,,,,,,10,213,0,,,,,,,,,,,,,,,,,,,,,,,,,,,,,,,1,120,162,0,0,0,0
ZACATELCO,29044,598,2024,June,0,0,8,195,73,,,,,,,1738,1654,2358,TLAXCALA,0.737065309584394,,,,,,,186,,,,,,,,,,502,,,,,50,,,,,226,,,,0,0,0,,,0,,,,,,23,171,0,,,,,,,,,,,,,,,,,,,,,,,,,,,,,,,0,84,220,0,0,0,0
ZACATELCO,29044,599,2024,June,0,0,3,281,100,,,,,,,2209,2105,3079,TLAXCALA,0.717440727508932,,,,,,,208,,,,,,,,,,695,,,,,46,,,,,299,,,,0,0,0,,,0,,,,,,45,178,0,,,,,,,,,,,,,,,,,,,,,,,,,,,,,,,0,104,250,0,0,0,0
ZACATELCO,29044,600,2024,June,0,0,2,471,56,,,,,,,2820,2700,3650,TLAXCALA,0.772602739726028,,,,,,,302,,,,,,,,,,981,,,,,40,,,,,362,,,,0,0,0,,,0,,,,,,47,124,0,,,,,,,,,,,,,,,,,,,,,,,,,,,,,,,0,120,315,0,0,0,0
ZACATELCO,29044,601,2024,June,0,0,1,347,53,,,,,,,2170,2101,2893,TLAXCALA,0.750086415485655,,,,,,,179,,,,,,,,,,791,,,,,31,,,,,343,,,,0,0,0,,,0,,,,,,30,173,0,,,,,,,,,,,,,,,,,,,,,,,,,,,,,,,0,69,153,0,0,0,0
ZITLALTEPEC DE TRINIDAD SANCHEZ SANTOS,29037,520,2024,June,18,13,0,210,6,,,,,,,1156,1098,1580,TLAXCALA,0.731645569620253,,,,,,,10,,,,,,,,,,1,,,,,476,,,,,359,,,,0,0,0,,,0,,,,,,5,0,0,,,,,,,,,,,,,,,,,,,,,,,,,,,,,,,0,58,0,0,0,0,0
ZITLALTEPEC DE TRINIDAD SANCHEZ SANTOS,29037,521,2024,June,17,3,0,180,7,,,,,,,806,767,1127,TLAXCALA,0.715173025732032,,,,,,,4,,,,,,,,,,1,,,,,319,,,,,233,,,,0,0,0,,,0,,,,,,3,0,0,,,,,,,,,,,,,,,,,,,,,,,,,,,,,,,1,38,0,0,0,0,0
ZITLALTEPEC DE TRINIDAD SANCHEZ SANTOS,29037,522,2024,June,29,3,0,186,14,,,,,,,962,917,1363,TLAXCALA,0.705796038151137,,,,,,,4,,,,,,,,,,3,,,,,347,,,,,321,,,,0,0,0,,,0,,,,,,10,0,0,,,,,,,,,,,,,,,,,,,,,,,,,,,,,,,0,45,0,0,0,0,0
ZITLALTEPEC DE TRINIDAD SANCHEZ SANTOS,29037,523,2024,June,21,4,0,133,6,,,,,,,891,845,1272,TLAXCALA,0.700471698113208,,,,,,,3,,,,,,,,,,2,,,,,422,,,,,252,,,,0,0,0,,,0,,,,,,2,0,0,,,,,,,,,,,,,,,,,,,,,,,,,,,,,,,0,46,0,0,0,0,0
ZITLALTEPEC DE TRINIDAD SANCHEZ SANTOS,29037,524,2024,June,24,9,0,87,10,,,,,,,492,453,637,TLAXCALA,0.772370486656201,,,,,,,21,,,,,,,,,,4,,,,,132,,,,,154,,,,0,0,0,,,0,,,,,,12,0,0,,,,,,,,,,,,,,,,,,,,,,,,,,,,,,,13,26,0,0,0,0,0
ZITLALTEPEC DE TRINIDAD SANCHEZ SANTOS,29037,525,2024,June,16,7,0,87,47,,,,,,,798,773,983,TLAXCALA,0.811800610376399,,,,,,,4,,,,,,,,,,2,,,,,223,,,,,380,,,,0,0,0,,,0,,,,,,7,0,0,,,,,,,,,,,,,,,,,,,,,,,,,,,,,,,0,25,0,0,0,0,0
ZITLALTEPEC DE TRINIDAD SANCHEZ SANTOS,29037,526,2024,June,0,2,0,30,2,,,,,,,81,75,174,TLAXCALA,0.46551724137931,,,,,,,1,,,,,,,,,,0,,,,,19,,,,,21,,,,0,0,0,,,0,,,,,,0,0,0,,,,,,,,,,,,,,,,,,,,,,,,,,,,,,,0,6,0,0,0,0,0
